name_sat,x,y,z,t,firing,detected_by_GS,nom_station
SAT_P1_S1,-6919534.226442,344676.107198,18076.531460,0.000000,0,false,
SAT_P1_S1,-6920838.389731,182200.984817,260295.172207,40.000000,0,false,
SAT_P1_S1,-6909861.216030,19349.449721,502012.520860,80.000000,0,false,
SAT_P1_S1,-6886625.405834,-143638.775435,742763.192986,120.000000,0,false,
SAT_P1_S1,-6851175.794071,-306523.523302,982083.690579,160.000000,0,false,
SAT_P1_S1,-6803579.263951,-469064.518679,1219513.304208,200.000000,0,false,
SAT_P1_S1,-6743924.619569,-631021.715835,1454595.009686,240.000000,0,false,
SAT_P1_S1,-6672322.394436,-792155.634203,1686876.352951,280.000000,0,false,
SAT_P1_S1,-6588904.625678,-952227.694792,1915910.327486,320.000000,0,false,
SAT_P1_S1,-6493824.626204,-1111000.559124,2141256.249209,360.000000,0,false,
SAT_P1_S1,-6387256.704702,-1268238.464926,2362480.615166,400.000000,0,false,
SAT_P1_S1,-6269395.762888,-1423707.554137,2579157.930000,440.000000,0,false,
SAT_P1_S1,-6140456.959573,-1577176.206121,2790871.537023,480.000000,0,false,
SAT_P1_S1,-6000675.295722,-1728415.367105,2997214.424785,520.000000,0,false,
SAT_P1_S1,-5850305.154087,-1877198.871343,3197790.005572,560.000000,0,false,
SAT_P1_S1,-5689619.795184,-2023303.755998,3392212.867126,600.000000,0,false,
SAT_P1_S1,-5518910.839331,-2166510.576772,3580109.509310,640.000000,0,false,
SAT_P1_S1,-5338487.752496,-2306603.727274,3761119.071402,680.000000,0,false,
SAT_P1_S1,-5148677.216007,-2443371.729259,3934893.990649,720.000000,0,false,
SAT_P1_S1,-4949822.516197,-2576607.530339,4101100.656086,760.000000,0,false,
SAT_P1_S1,-4742282.920091,-2706108.800534,4259420.042076,800.000000,0,false,
SAT_P1_S1,-4526433.004474,-2831678.215547,4409548.300486,840.000000,0,false,
SAT_P1_S1,-4302661.959442,-2953123.732580,4551197.321267,880.000000,0,false,
SAT_P1_S1,-4071372.879907,-3070258.864313,4684095.270480,920.000000,0,false,
SAT_P1_S1,-3832982.036603,-3182902.949940,4807987.102897,960.000000,0,false,
SAT_P1_S1,-3587918.114177,-3290881.409389,4922635.028144,1000.000000,0,false,
SAT_P1_S1,-3336621.426476,-3394025.988668,5027818.941892,1040.000000,0,false,
SAT_P1_S1,-3079543.128353,-3492175.010436,5123336.843718,1080.000000,0,false,
SAT_P1_S1,-2817144.429638,-3585173.631953,5209005.245443,1120.000000,0,false,
SAT_P1_S1,-2549895.729548,-3672874.044960,5284659.467743,1160.000000,0,false,
SAT_P1_S1,-2278275.786237,-3755135.706460,5350153.962772,1200.000000,0,false,
SAT_P1_S1,-2002770.864251,-3831825.557830,5405362.595850,1240.000000,0,false,
SAT_P1_S1,-1723873.864713,-3902818.228373,5450178.881283,1280.000000,0,false,
SAT_P1_S1,-1442083.441492,-3967996.220785,5484516.169037,1320.000000,0,false,
SAT_P1_S1,-1157903.111739,-4027250.093699,5508307.803370,1360.000000,0,false,
SAT_P1_S1,-871840.371425,-4080478.657815,5521507.276953,1400.000000,0,false,
SAT_P1_S1,-584405.796560,-4127589.141892,5524088.318797,1440.000000,0,false,
SAT_P1_S1,-296112.127104,-4168497.326188,5516044.911742,1480.000000,0,false,
SAT_P1_S1,-7473.372424,-4203127.710398,5497391.335715,1520.000000,0,false,
SAT_P1_S1,280996.097432,-4231413.656748,5468162.151091,1560.000000,0,false,
SAT_P1_S1,568782.457258,-4253297.514448,5428412.134290,1600.000000,0,false,
SAT_P1_S1,855373.331386,-4268730.732093,5378216.173807,1640.000000,0,false,
SAT_P1_S1,1140258.697280,-4277673.977300,5317669.152001,1680.000000,0,false,
SAT_P1_S1,1422931.786287,-4280097.267442,5246885.818151,1720.000000,0,false,
SAT_P1_S1,1702889.977937,-4275980.022775,5166000.538831,1760.000000,0,false,
SAT_P1_S1,1979635.690503,-4265311.161940,5075167.081177,1800.000000,0,false,
SAT_P1_S1,2252677.269676,-4248089.180848,4974558.352393,1840.000000,0,false,
SAT_P1_S1,2521529.867169,-4224322.211821,4864366.093698,1880.000000,0,false,
SAT_P1_S1,2785716.303545,-4194028.060442,4744800.527192,1920.000000,0,false,
SAT_P1_S1,3044767.925316,-4157234.236051,4616089.974690,1960.000000,0,false,
SAT_P1_S1,3298225.466154,-4113977.994194,4478480.470211,2000.000000,0,false,
SAT_P1_S1,3545639.878780,-4064306.342189,4332235.311093,2040.000000,0,false,
SAT_P1_S1,3786573.135416,-4008276.002899,4177634.542830,2080.000000,0,false,
SAT_P1_S1,4020599.040689,-3945953.413112,4014974.466632,2120.000000,0,false,
SAT_P1_S1,4247304.016885,-3877414.686928,3844567.089334,2160.000000,0,false,
SAT_P1_S1,4466287.856073,-3802745.556153,3666739.533873,2200.000000,0,false,
SAT_P1_S1,4677164.446445,-3722041.292494,3481833.415388,2240.000000,0,false,
SAT_P1_S1,4879562.491414,-3635406.629251,3290204.201373,2280.000000,0,false,
SAT_P1_S1,5073126.223312,-3542955.686722,3092220.560980,2320.000000,0,false,
SAT_P1_S1,5257516.018820,-3444811.820764,2888263.626441,2360.000000,0,false,
SAT_P1_S1,5432409.039913,-3341107.504119,2678726.274829,2400.000000,0,false,
SAT_P1_S1,5597499.841458,-3231984.186496,2464012.377017,2440.000000,0,false,
SAT_P1_S1,5752500.936830,-3117592.132599,2244536.016603,2480.000000,0,false,
SAT_P1_S1,5897143.315565,-2998090.237133,2020720.680866,2520.000000,0,false,
SAT_P1_S1,6031176.936631,-2873645.829320,1792998.433837,2560.000000,0,false,
SAT_P1_S1,6154371.222774,-2744434.481924,1561809.083413,2600.000000,0,false,
SAT_P1_S1,6266515.483958,-2610639.787657,1327599.318364,2640.000000,0,false,
SAT_P1_S1,6367419.264357,-2472453.098190,1090821.813207,2680.000000,0,false,
SAT_P1_S1,6456912.720415,-2330073.287238,851934.346352,2720.000000,0,false,
SAT_P1_S1,6534846.932319,-2183706.481357,611398.891497,2760.000000,0,false,
SAT_P1_S1,6601094.157815,-2033565.772993,369680.699852,2800.000000,0,false,
SAT_P1_S1,6655548.038774,-1879870.917625,127247.373825,2840.000000,0,false,
SAT_P1_S1,6698123.791329,-1722848.025777,-115432.063128,2880.000000,0,false,
SAT_P1_S1,6728758.385158,-1562729.253527,-357888.097193,2920.000000,0,false,
SAT_P1_S1,6747410.569057,-1399752.445687,-599651.663181,2960.000000,0,false,
SAT_P1_S1,6754060.938048,-1234160.795291,-840255.075643,3000.000000,0,false,
SAT_P1_S1,6748711.948130,-1066202.487975,-1079232.959487,3040.000000,0,false,
SAT_P1_S1,6731387.873668,-896130.333562,-1316123.173720,3080.000000,0,false,
SAT_P1_S1,6702134.704372,-724201.386190,-1550467.723805,3120.000000,0,false,
SAT_P1_S1,6661020.011238,-550676.557569,-1781813.665984,3160.000000,0,false,
SAT_P1_S1,6608132.814103,-375820.229746,-2009714.006791,3200.000000,0,false,
SAT_P1_S1,6543583.368321,-199899.855785,-2233728.581092,3240.000000,0,false,
SAT_P1_S1,6467502.864641,-23185.545417,-2453424.907831,3280.000000,0,false,
SAT_P1_S1,6380043.173945,154050.340221,-2668379.041455,3320.000000,0,false,
SAT_P1_S1,6281376.519051,331533.607046,-2878176.402360,3360.000000,0,false,
SAT_P1_S1,6171695.094751,508988.648134,-3082412.577924,3400.000000,0,false,
SAT_P1_S1,6051210.646080,686138.867358,-3280694.099069,3440.000000,0,false,
SAT_P1_S1,5920154.036561,862707.106709,-3472639.204217,3480.000000,0,false,
SAT_P1_S1,5778774.814183,1038416.075760,-3657878.591461,3520.000000,0,false,
SAT_P1_S1,5627340.637747,1212988.778387,-3836056.095924,3560.000000,0,false,
SAT_P1_S1,5466136.754865,1386148.942317,-4006829.375238,3600.000000,0,false,
SAT_P1_S1,5295465.439282,1557621.449698,-4169870.563286,3640.000000,0,false,
SAT_P1_S1,5115645.387876,1727132.764491,-4324866.885870,3680.000000,0,false,
SAT_P1_S1,4927011.077834,1894411.354062,-4471521.234069,3720.000000,0,false,
SAT_P1_S1,4729912.107578,2059188.110981,-4609552.711908,3760.000000,0,false,
SAT_P1_S1,4524712.548393,2221196.780582,-4738697.176458,3800.000000,0,false,
SAT_P1_S1,4311790.244328,2380174.376020,-4858707.720217,3840.000000,0,false,
SAT_P1_S1,4091536.054941,2535861.581457,-4969355.092873,3880.000000,0,false,
SAT_P1_S1,3864353.146182,2688003.167175,-5070428.137744,3920.000000,0,false,
SAT_P1_S1,3630656.234758,2836348.396432,-5161734.176158,3960.000000,0,false,
SAT_P1_S1,3390870.810225,2980651.419789,-5243099.344405,4000.000000,0,false,
SAT_P1_S1,3145432.339339,3120671.662422,-5314368.891753,4040.000000,0,false,
SAT_P1_S1,2894785.472060,3256174.216559,-5375407.463136,4080.000000,0,false,
SAT_P1_S1,2639383.254995,3386930.240569,-5426099.371150,4120.000000,0,false,
SAT_P1_S1,2379686.271142,3512717.307420,-5466348.748697,4160.000000,0,false,
SAT_P1_S1,2116161.819745,3633319.779933,-5496079.730257,4200.000000,0,false,
SAT_P1_S1,1849283.079275,3748529.176199,-5515236.590398,4240.000000,0,false,
SAT_P1_S1,1579528.258037,3858144.520397,-5523783.835363,4280.000000,0,false,
SAT_P1_S1,1307379.735369,3961972.675808,-5521706.244839,4320.000000,0,false,
SAT_P1_S1,1033323.201367,4059828.674744,-5509008.886032,4360.000000,0,false,
SAT_P1_S1,757846.805297,4151536.061305,-5485717.124762,4400.000000,0,false,
SAT_P1_S1,481440.293305,4236927.203165,-5451876.569562,4440.000000,0,false,
SAT_P1_S1,204594.132128,4315843.571529,-5407552.945812,4480.000000,0,false,
SAT_P1_S1,-72201.342435,4388136.049769,-5352831.994549,4520.000000,0,false,
SAT_P1_S1,-348456.788675,4453665.218335,-5287819.312469,4560.000000,0,false,
SAT_P1_S1,-623684.715348,4512301.621737,-5212640.149958,4600.000000,0,false,
SAT_P1_S1,-897400.333122,4563926.015094,-5127439.163406,4640.000000,0,false,
SAT_P1_S1,-1169122.401494,4608429.609929,-5032380.145954,4680.000000,0,false,
SAT_P1_S1,-1438374.070601,4645714.334736,-4927645.755980,4720.000000,0,false,
SAT_P1_S1,-1704683.709789,4675693.030945,-4813437.151292,4760.000000,0,false,
SAT_P1_S1,-1967585.727990,4698289.646838,-4689973.603475,4800.000000,0,false,
SAT_P1_S1,-2226621.385995,4713439.442507,-4557492.108599,4840.000000,0,false,
SAT_P1_S1,-2481339.596879,4721089.164727,-4416246.946921,4880.000000,0,false,
SAT_P1_S1,-2731297.704987,4721197.193948,-4266509.199865,4920.000000,0,false,
SAT_P1_S1,-2976062.251271,4713733.676422,-4108566.237043,4960.000000,0,false,
SAT_P1_S1,-3215209.734402,4698680.662467,-3942721.194476,5000.000000,0,false,
SAT_P1_S1,-3448327.357330,4676032.234785,-3769292.430234,5040.000000,0,false,
SAT_P1_S1,-3675013.720496,4645794.547971,-3588612.883334,5080.000000,0,false,
SAT_P1_S1,-3894879.533012,4607985.926264,-3401029.477436,5120.000000,0,false,
SAT_P1_S1,-4107548.295782,4562636.918059,-3206902.470619,5160.000000,0,false,
SAT_P1_S1,-4312656.955330,4509790.325784,-3006604.775691,5200.000000,0,false,
SAT_P1_S1,-4509856.527064,4449501.207734,-2800521.248545,5240.000000,0,false,
SAT_P1_S1,-4698812.706322,4381836.871885,-2589047.959233,5280.000000,0,false,
SAT_P1_S1,-4879206.481023,4306876.878186,-2372591.457986,5320.000000,0,false,
SAT_P1_S1,-5050734.667348,4224712.967521,-2151567.983150,5360.000000,0,false,
SAT_P1_S1,-5213110.429186,4135448.981363,-1926402.655370,5400.000000,0,false,
SAT_P1_S1,-5366063.793216,4039200.785963,-1697528.668271,5440.000000,0,false,
SAT_P1_S1,-5509342.118748,3936096.158233,-1465386.448598,5480.000000,0,false,
SAT_P1_S1,-5642710.519017,3826274.639875,-1230422.797509,5520.000000,0,false,
SAT_P1_S1,-5765952.250156,3709887.370166,-993090.017498,5560.000000,0,false,
SAT_P1_S1,-5878869.092033,3587096.915718,-753845.033473,5600.000000,0,false,
SAT_P1_S1,-5981281.700139,3458077.084796,-513148.506301,5640.000000,0,false,
SAT_P1_S1,-6073029.835589,3323012.659646,-271463.917627,5680.000000,0,false,
SAT_P1_S1,-6153972.647908,3182099.172480,-29256.671879,5720.000000,0,false,
SAT_P1_S1,-6223988.892196,3035542.638406,213006.815584,5760.000000,0,false,
SAT_P1_S1,-6282977.098632,2883559.265394,454860.029709,5800.000000,0,false,
SAT_P1_S1,-6330855.691887,2726375.138947,695837.266098,5840.000000,0,false,
SAT_P1_S1,-6367563.089585,2564225.896170,935474.539569,5880.000000,0,false,
SAT_P1_S1,-6393057.802778,2397356.401985,1173310.489502,5920.000000,0,false,
SAT_P1_S1,-6407318.424752,2226020.372361,1408887.276020,5960.000000,0,false,
SAT_P1_S1,-6410343.600046,2050479.988839,1641751.469270,6000.000000,0,false,
SAT_P1_S1,-6402151.993150,1871005.514918,1871454.931133,6040.000000,0,false,
SAT_P1_S1,-6382782.198366,1687874.885212,2097555.686388,6080.000000,0,false,
SAT_P1_S1,-6352292.595842,1501373.276378,2319618.773740,6120.000000,0,false,
SAT_P1_S1,-6310761.173261,1311792.664304,2537217.082643,6160.000000,0,false,
SAT_P1_S1,-6258285.343614,1119431.377094,2749932.183579,6200.000000,0,false,
SAT_P1_S1,-6194981.737304,924593.639491,2957355.142205,6240.000000,0,false,
SAT_P1_S1,-6120985.859949,727589.076793,3159087.281440,6280.000000,0,false,
SAT_P1_S1,-6036451.823628,528732.239446,3354740.955121,6320.000000,0,false,
SAT_P1_S1,-5941552.009895,328342.104906,3543940.290104,6360.000000,0,false,
SAT_P1_S1,-5836476.693942,126741.571860,3726321.897376,6400.000000,0,false,
SAT_P1_S1,-5721433.627276,-75743.054518,3901535.550698,6440.000000,0,false,
SAT_P1_S1,-5596647.607560,-278782.583561,4069244.847571,6480.000000,0,false,
SAT_P1_S1,-5462360.058965,-482045.463171,4229127.864016,6520.000000,0,false,
SAT_P1_S1,-5318828.516287,-685198.313766,4380877.739135,6560.000000,0,false,
SAT_P1_S1,-5166326.104216,-887906.467343,4524203.243564,6600.000000,0,false,
SAT_P1_S1,-5005141.017813,-1089834.506124,4658829.329424,6640.000000,0,false,
SAT_P1_S1,-4835575.967866,-1290646.809930,4784497.647457,6680.000000,0,false,
SAT_P1_S1,-4657947.598236,-1490008.102609,4900967.024262,6720.000000,0,false,
SAT_P1_S1,-4472585.872211,-1687583.998032,5008013.897554,6760.000000,0,false,
SAT_P1_S1,-4279833.451229,-1883041.550558,5105432.730679,6800.000000,0,false,
SAT_P1_S1,-4080045.085842,-2076049.813291,5193036.423909,6840.000000,0,false,
SAT_P1_S1,-3873586.937140,-2266280.381924,5270656.639977,6880.000000,0,false,
SAT_P1_S1,-3660835.889097,-2453407.939904,5338144.103033,6920.000000,0,false,
SAT_P1_S1,-3442178.877389,-2637110.809880,5395368.894632,6960.000000,0,false,
SAT_P1_S1,-3218012.185359,-2817071.499512,5442220.698376,7000.000000,0,false,
SAT_P1_S1,-2988740.720294,-2992977.235482,5478608.995006,7040.000000,0,false,
SAT_P1_S1,-2754777.278462,-3164520.493864,5504463.222899,7080.000000,0,false,
SAT_P1_S1,-2516541.815391,-3331399.538182,5519732.928438,7120.000000,0,false,
SAT_P1_S1,-2274460.714597,-3493318.956392,5524387.891426,7160.000000,0,false,
SAT_P1_S1,-2028965.996159,-3649990.149923,5518418.130071,7200.000000,0,false,
SAT_P1_S1,-1780494.572977,-3801131.857938,5501833.956997,7240.000000,0,false,
SAT_P1_S1,-1529487.480826,-3946470.663325,5474665.972419,7280.000000,0,false,
SAT_P1_S1,-1276389.103692,-4085741.483899,5436965.014011,7320.000000,0,false,
SAT_P1_S1,-1021646.392607,-4218688.046961,5388802.060052,7360.000000,0,false,
SAT_P1_S1,-765708.085352,-4345063.364315,5330268.110165,7400.000000,0,false,
SAT_P1_S1,-509023.934154,-4464630.221811,5261474.064339,7440.000000,0,false,
SAT_P1_S1,-252043.917744,-4577161.615316,5182550.507697,7480.000000,0,false,
SAT_P1_S1,4782.544515,-4682441.181436,5093647.467707,7520.000000,0,false,
SAT_P1_S1,261007.367963,-4780263.641913,4994934.171042,7560.000000,0,false,
SAT_P1_S1,516184.583009,-4870435.221863,4886598.744827,7600.000000,0,false,
SAT_P1_S1,769871.108383,-4952774.040174,4768847.870413,7640.000000,0,false,
SAT_P1_S1,1021627.520149,-5027110.485313,4641906.402386,7680.000000,0,false,
SAT_P1_S1,1271018.817984,-5093287.597958,4506016.975168,7720.000000,0,false,
SAT_P1_S1,1517615.184616,-5151161.445912,4361439.584898,7760.000000,0,false,
SAT_P1_S1,1760992.727448,-5200601.402963,4208451.061262,7800.000000,0,false,
SAT_P1_S1,2000734.219314,-5241490.487211,4047344.583902,7840.000000,0,false,
SAT_P1_S1,2236429.829109,-5273725.654819,3878429.139460,7880.000000,0,false,
SAT_P1_S1,2467677.834556,-5297218.064387,3702028.942239,7920.000000,0,false,
SAT_P1_S1,2694085.316183,-5311893.308034,3518482.816003,7960.000000,0,false,
SAT_P1_S1,2915268.842587,-5317691.632262,3328143.554684,8000.000000,0,false,
SAT_P1_S1,3130855.154508,-5314568.168246,3131377.277416,8040.000000,0,false,
SAT_P1_S1,3340481.803174,-5302493.079454,2928562.715233,8080.000000,0,false,
SAT_P1_S1,3543797.773863,-5281451.691685,2720090.476124,8120.000000,0,false,
SAT_P1_S1,3740464.105616,-5251444.632049,2506362.308404,8160.000000,0,false,
SAT_P1_S1,3930154.481813,-5212487.922032,2287790.324622,8200.000000,0,false,
SAT_P1_S1,4112555.785055,-5164613.029210,2064796.197878,8240.000000,0,false,
SAT_P1_S1,4287368.628393,-5107866.891564,1837810.336708,8280.000000,0,false,
SAT_P1_S1,4454307.880503,-5042311.938749,1607271.050497,8320.000000,0,false,
SAT_P1_S1,4613103.171246,-4968026.095776,1373623.701710,8360.000000,0,false,
SAT_P1_S1,4763499.303672,-4885102.672144,1137319.806478,8400.000000,0,false,
SAT_P1_S1,4905256.703219,-4793650.309089,898816.157596,8440.000000,0,false,
SAT_P1_S1,5038151.818144,-4693792.868801,658573.920182,8480.000000,0,false,
SAT_P1_S1,5161977.479787,-4585669.287803,417057.717723,8520.000000,0,false,
SAT_P1_S1,5276543.219899,-4469433.390845,174734.708671,8560.000000,0,false,
SAT_P1_S1,5381675.568539,-4345253.687099,-67926.342040,8600.000000,0,false,
SAT_P1_S1,5477218.351773,-4213313.167832,-310455.992259,8640.000000,0,false,
SAT_P1_S1,5563032.896219,-4073809.022900,-552385.058463,8680.000000,0,false,
SAT_P1_S1,5638998.207528,-3926952.335709,-793245.550849,8720.000000,0,false,
SAT_P1_S1,5705011.149007,-3772967.782189,-1032571.602995,8760.000000,0,false,
SAT_P1_S1,5760986.566005,-3612093.284151,-1269900.400005,8800.000000,0,false,
SAT_P1_S1,5806857.358346,-3444579.627276,-1504773.094504,8840.000000,0,false,
SAT_P1_S1,5842574.518233,-3270690.053942,-1736735.713477,8880.000000,0,false,
SAT_P1_S1,5868107.161263,-3090699.849992,-1965340.059444,8920.000000,0,false,
SAT_P1_S1,5883442.533939,-2904895.916943,-2190144.599613,8960.000000,0,false,
SAT_P1_S1,5888585.891952,-2713576.260123,-2410715.319232,9000.000000,0,false,
SAT_P1_S1,5883560.441831,-2517049.519539,-2626626.577194,9040.000000,0,false,
SAT_P1_S1,5868407.219422,-2315634.458258,-2837461.939163,9080.000000,0,false,
SAT_P1_S1,5843184.927076,-2109659.429676,-3042814.984266,9120.000000,0,false,
SAT_P1_S1,5807969.726784,-1899461.821571,-3242290.083648,9160.000000,0,false,
SAT_P1_S1,5762855.017991,-1685387.489336,-3435503.162637,9200.000000,0,false,
SAT_P1_S1,5707951.224404,-1467790.189963,-3622082.456022,9240.000000,0,false,
SAT_P1_S1,5643385.484124,-1247030.974008,-3801669.204819,9280.000000,0,false,
SAT_P1_S1,5569301.321050,-1023477.567080,-3973918.330366,9320.000000,0,false,
SAT_P1_S1,5485858.329274,-797503.755610,-4138499.099167,9360.000000,0,false,
SAT_P1_S1,5393231.807796,-569488.750330,-4295095.748589,9400.000000,0,false,
SAT_P1_S1,5291612.355655,-339816.539447,-4443408.069166,9440.000000,0,false,
SAT_P1_S1,5181205.443371,-108875.233121,-4583151.955531,9480.000000,0,false,
SAT_P1_S1,5062230.987638,122943.595272,-4714059.944610,9520.000000,0,false,
SAT_P1_S1,4934922.915567,355245.570790,-4835881.728181,9560.000000,0,false,
SAT_P1_S1,4799528.620490,587634.196987,-4948384.563857,9600.000000,0,false,
SAT_P1_S1,4656308.489766,819711.524639,-5051353.720246,9640.000000,0,false,
SAT_P1_S1,4505535.385236,1051078.830737,-5144592.867497,9680.000000,0,false,
SAT_P1_S1,4347494.101875,1281337.296286,-5227924.424964,9720.000000,0,false,
SAT_P1_S1,4182480.801975,1510088.683499,-5301189.863444,9760.000000,0,false,
SAT_P1_S1,4010802.447287,1736936.015578,-5364249.985250,9800.000000,0,false,
SAT_P1_S1,3832776.248612,1961484.260928,-5416985.201725,9840.000000,0,false,
SAT_P1_S1,3648729.052174,2183341.006756,-5459295.719057,9880.000000,0,false,
SAT_P1_S1,3458996.721799,2402117.132825,-5491101.696757,9920.000000,0,false,
SAT_P1_S1,3263923.541647,2617427.488198,-5512343.404618,9960.000000,0,false,
SAT_P1_S1,3063861.590371,2828891.563474,-5522981.325449,10000.000000,0,false,
SAT_P1_S1,2859170.099921,3036134.149591,-5522996.207363,10040.000000,0,false,
SAT_P1_S1,2650214.806673,3238785.991402,-5512389.080633,10080.000000,0,false,
SAT_P1_S1,2437367.310321,3436484.446977,-5491181.264150,10120.000000,0,false,
SAT_P1_S1,2221004.433870,3628874.143369,-5459414.346659,10160.000000,0,false,
SAT_P1_S1,2001507.529412,3815607.581706,-5417150.046348,10200.000000,0,false,
SAT_P1_S1,1779261.831676,3996345.774649,-5364470.123180,10240.000000,0,false,
SAT_P1_S1,1554655.788509,4170758.859933,-5301476.224328,10280.000000,0,false,
SAT_P1_S1,1328080.391703,4338526.702281,-5228289.696403,10320.000000,0,false,
SAT_P1_S1,1099928.502252,4499339.470691,-5145051.347018,10360.000000,0,false,
SAT_P1_S1,870594.177034,4652898.208258,-5051921.178316,10400.000000,0,false,
SAT_P1_S1,640472.005010,4798915.412753,-4949078.116956,10440.000000,0,false,
SAT_P1_S1,409956.439832,4937115.585561,-4836719.689250,10480.000000,0,false,
SAT_P1_S1,179441.119472,5067235.728025,-4715061.613842,10520.000000,0,false,
SAT_P1_S1,-50681.789204,5189025.875258,-4584337.431125,10560.000000,0,false,
SAT_P1_S1,-280022.254163,5302249.592628,-4444798.069203,10600.000000,0,false,
SAT_P1_S1,-508193.033161,5406684.440309,-4296711.369190,10640.000000,0,false,
SAT_P1_S1,-734810.322057,5502122.411038,-4140361.573226,10680.000000,0,false,
SAT_P1_S1,-959494.396922,5588370.363832,-3976048.795671,10720.000000,0,false,
SAT_P1_S1,-1181870.248464,5665250.461440,-3804088.486156,10760.000000,0,false,
SAT_P1_S1,-1401568.199863,5732600.502642,-3624810.798836,10800.000000,0,false,
SAT_P1_S1,-1618224.517115,5790274.284121,-3438559.978310,10840.000000,0,false,
SAT_P1_S1,-1831482.009214,5838141.938372,-3245693.718468,10880.000000,0,false,
SAT_P1_S1,-2040990.613378,5876090.233322,-3046582.487286,10920.000000,0,false,
SAT_P1_S1,-2246407.961304,5904022.830181,-2841608.819375,10960.000000,0,false,
SAT_P1_S1,-2447399.934225,5921860.521973,-2631166.589267,11000.000000,0,false,
SAT_P1_S1,-2643641.214570,5929541.479617,-2415660.281444,11040.000000,0,false,
SAT_P1_S1,-2834815.813986,5927021.446924,-2195504.226622,11080.000000,0,false,
SAT_P1_S1,-3020617.570076,5914273.853202,-1971121.786198,11120.000000,0,false,
SAT_P1_S1,-3200750.649959,5891289.974758,-1742944.561559,11160.000000,0,false,
SAT_P1_S1,-3374930.030660,5858079.034621,-1511411.562193,11200.000000,0,false,
SAT_P1_S1,-3542881.950566,5814668.258152,-1276968.356080,11240.000000,0,false,
SAT_P1_S1,-3704344.336775,5761102.888722,-1040066.202261,11280.000000,0,false,
SAT_P1_S1,-3859067.223417,5697446.189418,-801161.172916,11320.000000,0,false,
SAT_P1_S1,-4006813.165130,5623779.440590,-560713.269328,11360.000000,0,false,
SAT_P1_S1,-4147357.569840,5540201.812021,-319185.511115,11400.000000,0,false,
SAT_P1_S1,-4280489.043782,5446830.261047,-77043.030485,11440.000000,0,false,
SAT_P1_S1,-4406009.711517,5343799.395931,165247.839505,11480.000000,0,false,
SAT_P1_S1,-4523735.499662,5231261.291671,407220.480070,11520.000000,0,false,
SAT_P1_S1,-4633496.381509,5109385.258324,648408.900483,11560.000000,0,false,
SAT_P1_S1,-4735136.600181,4978357.583139,888348.649586,11600.000000,0,false,
SAT_P1_S1,-4828514.890436,4838381.272671,1126577.723502,11640.000000,0,false,
SAT_P1_S1,-4913504.654818,4689675.743057,1362637.465122,11680.000000,0,false,
SAT_P1_S1,-4989994.073918,4532476.429998,1596073.455405,11720.000000,0,false,
SAT_P1_S1,-5057886.247881,4367034.442367,1826436.395569,11760.000000,0,false,
SAT_P1_S1,-5117099.290423,4193616.156210,2053282.981867,11800.000000,0,false,
SAT_P1_S1,-5167566.384078,4012502.773066,2276176.760669,11840.000000,0,false,
SAT_P1_S1,-5209235.803099,3823989.845518,2494688.967007,11880.000000,0,false,
SAT_P1_S1,-5242070.928223,3628386.790825,2708399.354677,11920.000000,0,false,
SAT_P1_S1,-5266050.262093,3426016.401892,2916897.019576,11960.000000,0,false,
SAT_P1_S1,-5281167.336607,3217214.266470,3119781.169710,12000.000000,0,false,
SAT_P1_S1,-5287430.649480,3002328.208478,3316661.896292,12040.000000,0,false,
SAT_P1_S1,-5284863.575328,2781717.705447,3507160.923885,12080.000000,0,false,
SAT_P1_S1,-5273504.239050,2555753.276054,3690912.329987,12120.000000,0,false,
SAT_P1_S1,-5253405.350990,2324815.841368,3867563.229324,12160.000000,0,false,
SAT_P1_S1,-5224634.025055,2089296.071267,4036774.435712,12200.000000,0,false,
SAT_P1_S1,-5187271.604714,1849593.731072,4198221.116286,12240.000000,0,false,
SAT_P1_S1,-5141413.445877,1606117.002808,4351593.402179,12280.000000,0,false,
SAT_P1_S1,-5087168.633458,1359281.765364,4496596.940889,12320.000000,0,false,
SAT_P1_S1,-5024659.744759,1109510.900921,4632953.461005,12360.000000,0,false,
SAT_P1_S1,-4954022.564069,857233.569780,4760401.289405,12400.000000,0,false,
SAT_P1_S1,-4875405.783642,602884.477895,4878695.839706,12440.000000,0,false,
SAT_P1_S1,-4788970.671164,346903.131362,4987610.053908,12480.000000,0,false,
SAT_P1_S1,-4694890.725578,89733.082393,5086934.817072,12520.000000,0,false,
SAT_P1_S1,-4593351.344843,-168178.827802,5176479.366589,12560.000000,0,false,
SAT_P1_S1,-4484549.464976,-426383.234432,5256071.654907,12600.000000,0,false,
SAT_P1_S1,-4368693.131391,-684429.031661,5325558.628278,12640.000000,0,false,
SAT_P1_S1,-4246001.127297,-941864.145746,5384806.539295,12680.000000,0,false,
SAT_P1_S1,-4116702.559786,-1198236.322134,5433701.200559,12720.000000,0,false,
SAT_P1_S1,-3981036.426654,-1453093.910376,5472148.192654,12760.000000,0,false,
SAT_P1_S1,-3839251.165555,-1705986.649666,5500073.029969,12800.000000,0,false,
SAT_P1_S1,-3691604.204871,-1956466.459104,5517421.308720,12840.000000,0,false,
SAT_P1_S1,-3538361.526400,-2204088.233329,5524158.848826,12880.000000,0,false,
SAT_P1_S1,-3379797.157771,-2448410.618054,5520271.719866,12920.000000,0,false,
SAT_P1_S1,-3216192.692414,-2688996.792730,5505766.279493,12960.000000,0,false,
SAT_P1_S1,-3047836.804385,-2925415.251992,5480669.182088,13000.000000,0,false,
SAT_P1_S1,-2875024.745684,-3157240.577395,5445027.337741,13040.000000,0,false,
SAT_P1_S1,-2698057.829603,-3384054.193573,5398907.821239,13080.000000,0,false,
SAT_P1_S1,-2517242.910783,-3605445.119657,5342397.751003,13120.000000,0,false,
SAT_P1_S1,-2332891.876469,-3821010.728202,5275604.163057,13160.000000,0,false,
SAT_P1_S1,-2145321.126045,-4030357.485067,5198653.835360,13200.000000,0,false,
SAT_P1_S1,-1954851.014535,-4233101.648972,5111693.019957,13240.000000,0,false,
SAT_P1_S1,-1761805.335481,-4428869.999231,5014887.217174,13280.000000,0,false,
SAT_P1_S1,-1566510.781388,-4617300.540018,4908420.884931,13320.000000,0,false,
SAT_P1_S1,-1369296.401041,-4798043.179461,4792497.104862,13360.000000,0,false,
SAT_P1_S1,-1170493.052462,-4970760.387826,4667337.207159,13400.000000,0,false,
SAT_P1_S1,-970432.858611,-5135127.855524,4533180.376463,13440.000000,0,false,
SAT_P1_S1,-769448.670268,-5290835.159889,4390283.249889,13480.000000,0,false,
SAT_P1_S1,-567873.507718,-5437586.340332,4238919.408828,13520.000000,0,false,
SAT_P1_S1,-366040.015936,-5575100.495530,4079378.880583,13560.000000,0,false,
SAT_P1_S1,-164279.920952,-5703112.364521,3911967.610887,13600.000000,0,false,
SAT_P1_S1,37076.514279,-5821372.870145,3737006.891954,13640.000000,0,false,
SAT_P1_S1,237701.029565,-5929649.620455,3554832.749839,13680.000000,0,false,
SAT_P1_S1,437267.903168,-6027727.388626,3365795.305139,13720.000000,0,false,
SAT_P1_S1,635454.482560,-6115408.596847,3170258.125365,13760.000000,0,false,
SAT_P1_S1,831941.707347,-6192513.753889,2968597.540036,13800.000000,0,false,
SAT_P1_S1,1026414.625397,-6258881.800976,2761201.889417,13840.000000,0,false,
SAT_P1_S1,1218562.900657,-6314370.507780,2548470.801283,13880.000000,0,false,
SAT_P1_S1,1408081.315599,-6358856.806958,2330814.420348,13920.000000,0,false,
SAT_P1_S1,1594670.258680,-6392237.081439,2108652.612307,13960.000000,0,false,
SAT_P1_S1,1778036.199636,-6414427.408457,1882414.142947,14000.000000,0,false,
SAT_P1_S1,1957892.159244,-6425363.790135,1652535.843979,14040.000000,0,false,
SAT_P1_S1,2133958.175468,-6425002.384682,1419461.772371,14080.000000,0,false,
SAT_P1_S1,2305961.731411,-6413319.599695,1183642.319873,14120.000000,0,false,
SAT_P1_S1,2473638.183824,-6390312.207438,945533.327565,14160.000000,0,false,
SAT_P1_S1,2636731.179491,-6355997.428382,705595.187763,14200.000000,0,false,
SAT_P1_S1,2794993.050212,-6310412.957397,464291.930129,14240.000000,0,false,
SAT_P1_S1,2948185.182259,-6253616.932505,222090.298727,14280.000000,0,false,
SAT_P1_S1,3096078.371007,-6185687.869916,-20541.176754,14320.000000,0,false,
SAT_P1_S1,3238453.172724,-6106724.595688,-263133.110778,14360.000000,0,false,
SAT_P1_S1,3375100.228000,-6016846.119769,-505216.193698,14400.000000,0,false,
SAT_P1_S1,3505820.536555,-5916191.400845,-746322.129387,14440.000000,0,false,
SAT_P1_S1,3630425.751069,-5804919.165563,-985984.561768,14480.000000,0,false,
SAT_P1_S1,3748738.438216,-5683207.652845,-1223740.003919,14520.000000,0,false,
SAT_P1_S1,3860592.309464,-5551254.309366,-1459128.755734,14560.000000,0,false,
SAT_P1_S1,3965832.425677,-5409275.439325,-1691695.811674,14600.000000,0,false,
SAT_P1_S1,4064315.393598,-5257505.837057,-1920991.762744,14640.000000,0,false,
SAT_P1_S1,4155909.562061,-5096198.417258,-2146573.693348,14680.000000,0,false,
SAT_P1_S1,4240495.135510,-4925623.719867,-2368006.042153,14720.000000,0,false,
SAT_P1_S1,4317964.301469,-4746069.435800,-2584861.458418,14760.000000,0,false,
SAT_P1_S1,4388221.340243,-4557839.905767,-2796721.642393,14800.000000,0,false,
SAT_P1_S1,4451182.701122,-4361255.573092,-3003178.160090,14840.000000,0,false,
SAT_P1_S1,4506777.044278,-4156652.395223,-3203833.227051,14880.000000,0,false,
SAT_P1_S1,4554945.265708,-3944381.232540,-3398300.470645,14920.000000,0,false,
SAT_P1_S1,4595640.526072,-3724807.238967,-3586205.682273,14960.000000,0,false,
SAT_P1_S1,4628828.246257,-3498309.216521,-3767187.533984,15000.000000,0,false,
SAT_P1_S1,4654486.037276,-3265278.894577,-3940898.239085,15040.000000,0,false,
SAT_P1_S1,4672603.673933,-3026120.258616,-4107004.222817,15080.000000,0,false,
SAT_P1_S1,4683183.027939,-2781248.828337,-4265186.753141,15120.000000,0,false,
SAT_P1_S1,4686237.973444,-2531090.913303,-4415142.531577,15160.000000,0,false,
SAT_P1_S1,4681794.268957,-2276082.845923,-4556584.248157,15200.000000,0,false,
SAT_P1_S1,4669889.438630,-2016670.206976,-4689241.119978,15240.000000,0,false,
SAT_P1_S1,4650572.663879,-1753307.052444,-4812859.422208,15280.000000,0,false,
SAT_P1_S1,4623904.584642,-1486455.080546,-4927202.919270,15320.000000,0,false,
SAT_P1_S1,4589957.129113,-1216582.813660,-5032053.302069,15360.000000,0,false,
SAT_P1_S1,4548813.332470,-944164.770405,-5127210.595960,15400.000000,0,false,
SAT_P1_S1,4500567.127477,-669680.621687,-5212493.520977,15440.000000,0,false,
SAT_P1_S1,4445323.108893,-393614.337588,-5287739.802416,15480.000000,0,false,
SAT_P1_S1,4383196.288830,-116453.329736,-5352806.450324,15520.000000,0,false,
SAT_P1_S1,4314311.864622,161312.403459,-5407570.030954,15560.000000,0,false,
SAT_P1_S1,4238804.962876,439191.135276,-5451926.888024,15600.000000,0,false,
SAT_P1_S1,4156820.325742,716690.284209,-5485793.276064,15640.000000,0,false,
SAT_P1_S1,4068512.051088,993317.269269,-5509105.529199,15680.000000,0,false,
SAT_P1_S1,3974043.299026,1268580.376754,-5521820.170021,15720.000000,0,false,
SAT_P1_S1,3873585.982671,1541989.620787,-5523913.972514,15760.000000,0,false,
SAT_P1_S1,3767320.445110,1813057.601186,-5515383.983032,15800.000000,0,false,
SAT_P1_S1,3655435.141765,2081300.363214,-5496247.525147,15840.000000,0,false,
SAT_P1_S1,3538126.337869,2346238.260236,-5466542.200998,15880.000000,0,false,
SAT_P1_S1,3415597.736339,2607396.793717,-5426325.772314,15920.000000,0,false,
SAT_P1_S1,3288060.137167,2864307.459258,-5375676.059940,15960.000000,0,false,
SAT_P1_S1,3155731.088583,3116508.584601,-5314690.806285,16000.000000,0,false,
SAT_P1_S1,3018834.526506,3363546.160129,-5243487.496893,16040.000000,0,false,
SAT_P1_S1,2877600.399151,3604974.647961,-5162203.131083,16080.000000,0,false,
SAT_P1_S1,2732264.285307,3840357.778758,-5070993.956897,16120.000000,0,false,
SAT_P1_S1,2583067.020801,4069269.349043,-4970035.194434,16160.000000,0,false,
SAT_P1_S1,2430254.329398,4291294.011579,-4859520.739813,16200.000000,0,false,
SAT_P1_S1,2274076.400765,4506028.000143,-4739662.752554,16240.000000,0,false,
SAT_P1_S1,2114787.512253,4713079.884892,-4610691.290528,16280.000000,0,false,
SAT_P1_S1,1952645.631465,4912071.300874,-4472853.888189,16320.000000,0,false,
SAT_P1_S1,1787912.013477,5102637.649158,-4326415.096211,16360.000000,0,false,
SAT_P1_S1,1620850.790876,5284428.766645,-4171655.979315,16400.000000,0,false,
SAT_P1_S1,1451728.564622,5457109.585945,-4008873.591754,16440.000000,0,false,
SAT_P1_S1,1280814.003870,5620360.804278,-3838380.448610,16480.000000,0,false,
SAT_P1_S1,1108377.426577,5773879.476921,-3660503.923975,16520.000000,0,false,
SAT_P1_S1,934690.377269,5917379.581599,-3475585.616685,16560.000000,0,false,
SAT_P1_S1,760025.218506,6050592.594464,-3283980.721045,16600.000000,0,false,
SAT_P1_S1,584654.714151,6173268.016454,-3086057.351311,16640.000000,0,false,
SAT_P1_S1,408851.613845,6285173.851584,-2882195.833648,16680.000000,0,false,
SAT_P1_S1,232888.239465,6386097.051939,-2672787.973425,16720.000000,0,false,
SAT_P1_S1,57036.077517,6475843.956043,-2458236.313733,16760.000000,0,false,
SAT_P1_S1,-118434.621661,6554240.709463,-2238953.382395,16800.000000,0,false,
SAT_P1_S1,-293255.250812,6621133.554316,-2015360.870158,16840.000000,0,false,
SAT_P1_S1,-467159.237085,6676389.177200,-1787888.839742,16880.000000,0,false,
SAT_P1_S1,-639882.434033,6719894.998348,-1556974.901536,16920.000000,0,false,
SAT_P1_S1,-811163.506438,6751559.414542,-1323063.372331,16960.000000,0,false,
SAT_P1_S1,-980744.308274,6771311.990460,-1086604.416245,17000.000000,0,false,
SAT_P1_S1,-1148370.257357,6779103.628684,-848053.175108,17040.000000,0,false,
SAT_P1_S1,-1313790.708937,6774906.745976,-607868.895453,17080.000000,0,false,
SAT_P1_S1,-1476759.315067,6758715.341578,-366514.031188,17120.000000,0,false,
SAT_P1_S1,-1637034.377519,6730545.021284,-124453.336012,17160.000000,0,false,
SAT_P1_S1,-1794379.198901,6690433.035101,117847.040258,17200.000000,0,false,
SAT_P1_S1,-1948562.423723,6638438.243622,359920.468083,17240.000000,0,false,
SAT_P1_S1,-2099358.363059,6574641.024842,601300.753616,17280.000000,0,false,
SAT_P1_S1,-2246547.308488,6499143.136990,841523.053603,17320.000000,0,false,
SAT_P1_S1,-2389915.843261,6412067.567796,1080124.789080,17360.000000,0,false,
SAT_P1_S1,-2529257.145416,6313558.360031,1316646.553769,17400.000000,0,false,
SAT_P1_S1,-2664371.245434,6203780.290162,1550633.006287,17440.000000,0,false,
SAT_P1_S1,-2795065.301003,6082918.609838,1781633.758705,17480.000000,0,false,
SAT_P1_S1,-2921153.850764,5951178.720214,2009204.253317,17520.000000,0,false,
SAT_P1_S1,-3042459.049045,5808785.800559,2232906.621605,17560.000000,0,false,
SAT_P1_S1,-3158810.880515,5655984.387813,2452310.523570,17600.000000,0,false,
SAT_P1_S1,-3270047.367988,5493037.936027,2666993.974940,17640.000000,0,false,
SAT_P1_S1,-3376014.784673,5320228.382774,2876544.168704,17680.000000,0,false,
SAT_P1_S1,-3476567.824449,5137855.622813,3080558.257984,17720.000000,0,false,
SAT_P1_S1,-3571569.758543,4946236.947038,3278644.118563,17760.000000,0,false,
SAT_P1_S1,-3660892.601507,4745706.500560,3470421.105379,17800.000000,0,false,
SAT_P1_S1,-3744417.254127,4536614.684143,3655520.781013,17840.000000,0,false,
SAT_P1_S1,-3822033.622422,4319327.516598,3833587.608945,17880.000000,0,false,
SAT_P1_S1,-3893640.723062,4094225.968592,4004279.620990,17920.000000,0,false,
SAT_P1_S1,-3959146.792243,3861705.290550,4167269.074279,17960.000000,0,false,
SAT_P1_S1,-4018469.390962,3622174.329064,4322243.089826,18000.000000,0,false,
SAT_P1_S1,-4071535.435107,3376054.743864,4468904.201207,18040.000000,0,false,
SAT_P1_S1,-4118281.273402,3123780.278404,4606970.932896,18080.000000,0,false,
SAT_P1_S1,-4158652.725801,2865795.979233,4736178.321487,18120.000000,0,false,
SAT_P1_S1,-4192605.117719,2602557.405040,4856278.414808,18160.000000,0,false,
SAT_P1_S1,-4220103.286688,2334529.809456,4967040.721512,18200.000000,0,false,
SAT_P1_S1,-4241121.575041,2062187.307823,5068252.625952,18240.000000,0,false,
SAT_P1_S1,-4255643.827929,1786012.043102,5159719.789784,18280.000000,0,false,
SAT_P1_S1,-4263663.394315,1506493.351882,5241266.537017,18320.000000,0,false,
SAT_P1_S1,-4265183.049443,1224126.871993,5312736.127464,18360.000000,0,false,
SAT_P1_S1,-4260214.967089,939413.685092,5373991.066144,18400.000000,0,false,
SAT_P1_S1,-4248780.667625,652859.436647,5424913.363821,18440.000000,0,false,
SAT_P1_S1,-4230910.949229,364973.447867,5465404.754744,18480.000000,0,false,
SAT_P1_S1,-4206645.799565,76267.820018,5495386.867571,18520.000000,0,false,
SAT_P1_S1,-4176034.306319,-212743.465800,5514801.372627,18560.000000,0,false,
SAT_P1_S1,-4139134.584760,-501545.449246,5523610.128313,18600.000000,0,false,
SAT_P1_S1,-4096013.660953,-789623.099136,5521795.247560,18640.000000,0,false,
SAT_P1_S1,-4046747.333893,-1076462.227111,5509359.114075,18680.000000,0,false,
SAT_P1_S1,-3991420.067546,-1361550.395680,5486324.413171,18720.000000,0,false,
SAT_P1_S1,-3930124.854794,-1644377.832567,5452734.103459,18760.000000,0,false,
SAT_P1_S1,-3862963.062799,-1924438.336295,5408651.338967,18800.000000,0,false,
SAT_P1_S1,-3790044.267314,-2201230.177904,5354159.352691,18840.000000,0,false,
SAT_P1_S1,-3711486.093583,-2474257.004698,5289361.326025,18880.000000,0,false,
SAT_P1_S1,-3627414.062031,-2743028.742335,5214380.241099,18920.000000,0,false,
SAT_P1_S1,-3537961.362522,-3007062.460828,5129358.609648,18960.000000,0,false,
SAT_P1_S1,-3443268.676132,-3265883.254371,5034458.244433,19000.000000,0,false,
SAT_P1_S1,-3343483.974536,-3519025.107833,4929859.976154,19040.000000,0,false,
SAT_P1_S1,-3238762.306071,-3766031.744407,4815763.327378,19080.000000,0,false,
SAT_P1_S1,-3129265.566263,-4006457.450837,4692386.140546,19120.000000,0,false,
SAT_P1_S1,-3015162.266918,-4239867.895181,4559964.181247,19160.000000,0,false,
SAT_P1_S1,-2896627.318329,-4465840.951136,4418750.738060,19200.000000,0,false,
SAT_P1_S1,-2773841.777003,-4683967.473807,4269016.148907,19240.000000,0,false,
SAT_P1_S1,-2646992.575957,-4893852.047599,4111047.280435,19280.000000,0,false,
SAT_P1_S1,-2516272.278414,-5095113.747139,3945147.020111,19320.000000,0,false,
SAT_P1_S1,-2381878.807932,-5287386.863878,3771633.713405,19360.000000,0,false,
SAT_P1_S1,-2244015.166465,-5470321.592955,3590840.561525,19400.000000,0,false,
SAT_P1_S1,-2102889.143723,-5643584.692464,3403114.986794,19440.000000,0,false,
SAT_P1_S1,-1958713.028550,-5806860.138460,3208817.983333,19480.000000,0,false,
SAT_P1_S1,-1811703.322090,-5959849.770071,3008323.452433,19520.000000,0,false,
SAT_P1_S1,-1662080.407249,-6102273.813143,2802017.451167,19560.000000,0,false,
SAT_P1_S1,-1510068.245671,-6233871.451894,2590297.468632,19600.000000,0,false,
SAT_P1_S1,-1355894.059510,-6354401.350223,2373571.662577,19640.000000,0,false,
SAT_P1_S1,-1199788.006259,-6463642.126856,2152258.069083,19680.000000,0,false,
SAT_P1_S1,-1041982.846027,-6561392.778765,1926783.785184,19720.000000,0,false,
SAT_P1_S1,-882713.606750,-6647473.080770,1697584.135346,19760.000000,0,false,
SAT_P1_S1,-722217.253851,-6721723.988664,1465101.833101,19800.000000,0,false,
SAT_P1_S1,-560732.346732,-6784007.947002,1229786.107220,19840.000000,0,false,
SAT_P1_S1,-398498.687816,-6834209.138271,992091.805186,19880.000000,0,false,
SAT_P1_S1,-235756.981718,-6872233.752537,752478.504149,19920.000000,0,false,
SAT_P1_S1,-72748.484940,-6898010.186502,511409.597340,19960.000000,0,false,
SAT_P1_S1,90285.343881,-6911489.180145,269351.372050,20000.000000,0,false,
SAT_P1_S1,253103.194428,-6912643.906055,26772.080165,20040.000000,0,false,
SAT_P1_S1,415464.254942,-6901470.043840,-215858.994499,20080.000000,0,false,
SAT_P1_S1,577128.560363,-6877985.834931,-458072.469105,20120.000000,0,false,
SAT_P1_S1,737857.338305,-6842231.974599,-699399.799374,20160.000000,0,false,
SAT_P1_S1,897413.352086,-6794271.564806,-939374.208778,20200.000000,0,false,
SAT_P1_S1,1055561.242183,-6734189.998697,-1177531.616267,20240.000000,0,false,
SAT_P1_S1,1212067.861757,-6662094.790231,-1413411.554649,20280.000000,0,false,
SAT_P1_S1,1366702.605462,-6578115.344912,-1646558.077138,20320.000000,0,false,
SAT_P1_S1,1519237.736163,-6482402.703460,-1876520.655775,20360.000000,0,false,
SAT_P1_S1,1669448.713065,-6375129.290212,-2102855.074910,20400.000000,0,false,
SAT_P1_S1,1817114.505176,-6256488.562058,-2325124.300317,20440.000000,0,false,
SAT_P1_S1,1962017.897580,-6126694.597738,-2542899.330652,20480.000000,0,false,
SAT_P1_S1,2103945.800855,-5985981.716023,-2755760.042389,20520.000000,0,false,
SAT_P1_S1,2242689.551834,-5834604.022818,-2963296.014001,20560.000000,0,false,
SAT_P1_S1,2378045.199930,-5672834.906891,-3165107.319328,20600.000000,0,false,
SAT_P1_S1,2509813.785078,-5500966.496680,-3360805.296851,20640.000000,0,false,
SAT_P1_S1,2637801.617004,-5319309.107380,-3550013.307000,20680.000000,0,false,
SAT_P1_S1,2761820.552889,-5128190.676763,-3732367.473147,20720.000000,0,false,
SAT_P1_S1,2881688.227596,-4927956.070538,-3907517.342305,20760.000000,0,false,
SAT_P1_S1,2997228.307577,-4718966.447899,-4075126.561349,20800.000000,0,false,
SAT_P1_S1,3108270.727856,-4501598.577824,-4234873.512963,20840.000000,0,false,
SAT_P1_S1,3214651.913665,-4276244.123034,-4386451.912725,20880.000000,0,false,
SAT_P1_S1,3316214.985217,-4043308.890121,-4529571.364400,20920.000000,0,false,
SAT_P1_S1,3412809.959198,-3803212.069007,-4663957.891355,20960.000000,0,false,
SAT_P1_S1,3504293.959667,-3556385.485486,-4789354.461621,21000.000000,0,false,
SAT_P1_S1,3590531.394598,-3303272.795588,-4905521.445780,21040.000000,0,false,
SAT_P1_S1,3671394.116560,-3044328.648429,-5012237.031958,21080.000000,0,false,
SAT_P1_S1,3746761.602431,-2780017.881268,-5109297.646579,21120.000000,0,false,
SAT_P1_S1,3816521.113554,-2510814.674014,-5196518.326595,21160.000000,0,false,
SAT_P1_S1,3880567.836682,-2237201.685918,-5273733.043583,21200.000000,0,false,
SAT_P1_S1,3938805.014644,-1959669.177998,-5340794.991320,21240.000000,0,false,
SAT_P1_S1,3991144.083999,-1678714.134576,-5397576.860320,21280.000000,0,false,
SAT_P1_S1,4037504.816699,-1394839.384742,-5443971.095282,21320.000000,0,false,
SAT_P1_S1,4077815.388748,-1108552.673013,-5479890.028453,21360.000000,0,false,
SAT_P1_S1,4112012.495364,-820365.762593,-5505266.053954,21400.000000,0,false,
SAT_P1_S1,4140041.443170,-530793.522069,-5520051.746641,21440.000000,0,false,
SAT_P1_S1,4161856.225799,-240353.008769,-5524219.934995,21480.000000,0,false,
SAT_P1_S1,4177419.580571,50437.450329,-5517763.725004,21520.000000,0,false,
SAT_P1_S1,4186703.043928,341059.175718,-5500696.498780,21560.000000,0,false,
SAT_P1_S1,4189687.023074,630994.045108,-5473051.911549,21600.000000,0,false,
SAT_P1_S1,4186360.825159,919725.405684,-5434883.808978,21640.000000,0,false,
SAT_P1_S1,4176722.668386,1206738.987171,-5386266.097361,21680.000000,0,false,
SAT_P1_S1,4160779.718452,1491523.800426,-5327292.625453,21720.000000,0,false,
SAT_P1_S1,4138548.102837,1773573.041088,-5258077.013979,21760.000000,0,false,
SAT_P1_S1,4110052.907511,2052384.980588,-5178752.440430,21800.000000,0,false,
SAT_P1_S1,4075328.158009,2327463.848022,-5089471.381860,21840.000000,0,false,
SAT_P1_S1,4034416.803377,2598320.710295,-4990405.339587,21880.000000,0,false,
SAT_P1_S1,3987370.713297,2864474.353451,-4881744.559261,21920.000000,0,false,
SAT_P1_S1,3934250.605563,3125452.124710,-4763697.641299,21960.000000,0,false,
SAT_P1_S1,3875125.994945,3380790.776379,-4636491.158393,22000.000000,0,false,
SAT_P1_S1,3810075.138796,3630037.300579,-4500369.248658,22040.000000,0,false,
SAT_P1_S1,3739184.960441,3872749.741500,-4355593.161423,22080.000000,0,false,
SAT_P1_S1,3662550.951886,4108497.978713,-4202440.759687,22120.000000,0,false,
SAT_P1_S1,3580277.068558,4336864.494256,-4041205.994824,22160.000000,0,false,
SAT_P1_S1,3492475.633477,4557445.138603,-3872198.374496,22200.000000,0,false,
SAT_P1_S1,3399267.224204,4769849.866518,-3695742.393730,22240.000000,0,false,
SAT_P1_S1,3300780.504354,4973703.408448,-3512176.885976,22280.000000,0,false,
SAT_P1_S1,3197152.100173,5168645.970069,-3321854.411867,22320.000000,0,false,
SAT_P1_S1,3088526.443216,5354333.891494,-3125140.593871,22360.000000,0,false,
SAT_P1_S1,2975055.597193,5530440.267558,-2922413.421154,22400.000000,0,false,
SAT_P1_S1,2856899.068216,5696655.532385,-2714062.524338,22440.000000,0,false,
SAT_P1_S1,2734223.612175,5852688.032567,-2500488.435002,22480.000000,0,false,
SAT_P1_S1,2607203.047485,5998264.601351,-2282101.838907,22520.000000,0,false,
SAT_P1_S1,2476018.012199,6133131.018387,-2059322.764072,22560.000000,0,false,
SAT_P1_S1,2340855.732961,6257052.479232,-1832579.772130,22600.000000,0,false,
SAT_P1_S1,2201909.787530,6369814.040543,-1602309.135093,22640.000000,0,false,
SAT_P1_S1,2059379.848209,6471221.011378,-1368953.987441,22680.000000,0,false,
SAT_P1_S1,1913471.409922,6561099.288101,-1132963.460814,22720.000000,0,false,
SAT_P1_S1,1764395.510178,6639295.655232,-894791.807508,22760.000000,0,false,
SAT_P1_S1,1612368.451784,6705678.080800,-654897.521621,22800.000000,0,false,
SAT_P1_S1,1457611.514470,6760135.958766,-413742.450774,22840.000000,0,false,
SAT_P1_S1,1300350.632883,6802580.237339,-171790.884836,22880.000000,0,false,
SAT_P1_S1,1140816.099964,6832943.601343,70491.337310,22920.000000,0,false,
SAT_P1_S1,979242.248912,6851180.581967,312637.734937,22960.000000,0,false,
SAT_P1_S1,815867.127991,6857267.613725,554182.090777,23000.000000,0,false,
SAT_P1_S1,650932.166493,6851203.041929,794659.355706,23040.000000,0,false,
SAT_P1_S1,484681.836827,6833007.113808,1033606.552691,23080.000000,0,false,
SAT_P1_S1,317363.316446,6802721.971631,1270563.678970,23120.000000,0,false,
SAT_P1_S1,149226.127914,6760411.502063,1505074.598528,23160.000000,0,false,
SAT_P1_S1,-19478.218728,6706161.202413,1736687.929906,23200.000000,0,false,
SAT_P1_S1,-188496.588525,6640078.019912,1964957.927995,23240.000000,0,false,
SAT_P1_S1,-357574.591664,6562290.129972,2189445.353583,23280.000000,0,false,
SAT_P1_S1,-526456.955450,6472946.656612,2409718.322571,23320.000000,0,false,
SAT_P1_S1,-694887.899625,6372217.358195,2625353.141483,23360.000000,0,false,
SAT_P1_S1,-862611.515146,6260292.309214,2835935.137003,23400.000000,0,false,
SAT_P1_S1,-1029372.141626,6137381.531829,3041059.460274,23440.000000,0,false,
SAT_P1_S1,-1194914.740872,6003714.514446,3240331.843485,23480.000000,0,false,
SAT_P1_S1,-1358985.273542,5859539.792931,3433369.365092,23520.000000,0,false,
SAT_P1_S1,-1521331.073847,5705124.462412,3619801.180357,23560.000000,0,false,
SAT_P1_S1,-1681701.218258,5540753.648808,3799269.218333,23600.000000,0,false,
SAT_P1_S1,-1839846.890302,5366729.942817,3971428.847591,23640.000000,0,false,
SAT_P1_S1,-1995521.747263,5183372.826164,4135949.526129,23680.000000,0,false,
SAT_P1_S1,-2148482.291198,4991018.107831,4292515.443648,23720.000000,0,false,
SAT_P1_S1,-2298488.218877,4790017.247513,4440826.084831,23760.000000,0,false,
SAT_P1_S1,-2445302.782065,4580736.707866,4580596.796143,23800.000000,0,false,
SAT_P1_S1,-2588693.142681,4363557.283811,4711559.320179,23840.000000,0,false,
SAT_P1_S1,-2728430.729708,4138873.404356,4833462.304134,23880.000000,0,false,
SAT_P1_S1,-2864291.585545,3907092.404691,4946071.765231,23920.000000,0,false,
SAT_P1_S1,-2996056.704031,3668633.770312,5049171.515794,23960.000000,0,false,
SAT_P1_S1,-3123512.372188,3423928.372785,5142563.569240,24000.000000,0,false,
SAT_P1_S1,-3246450.523259,3173417.711522,5226068.541257,24040.000000,0,false,
SAT_P1_S1,-3364669.047173,2917553.087373,5299525.952322,24080.000000,0,false,
SAT_P1_S1,-3477972.109534,2656794.782761,5362794.520919,24120.000000,0,false,
SAT_P1_S1,-3586170.474645,2391611.243277,5415752.440184,24160.000000,0,false,
SAT_P1_S1,-3689081.812621,2122478.235782,5458297.603793,24200.000000,0,false,
SAT_P1_S1,-3786530.989077,1849877.991924,5490347.781616,24240.000000,0,false,
SAT_P1_S1,-3878350.349187,1574298.345042,5511840.762922,24280.000000,0,false,
SAT_P1_S1,-3964380.011890,1296231.873496,5522734.491943,24320.000000,0,false,
SAT_P1_S1,-4044468.155489,1016175.040177,5523007.168088,24360.000000,0,false,
SAT_P1_S1,-4118471.247640,734627.292228,5512657.237077,24400.000000,0,false,
SAT_P1_S1,-4186254.322379,452090.198989,5491703.433133,24440.000000,0,false,
SAT_P1_S1,-4247691.231050,169066.567096,5460184.756059,24480.000000,0,false,
SAT_P1_S1,-4302664.877476,-113940.443019,5418160.405450,24520.000000,0,false,
SAT_P1_S1,-4351067.436858,-396428.202117,5365709.670440,24560.000000,0,false,
SAT_P1_S1,-4392800.577402,-677895.497657,5302931.799629,24600.000000,0,false,
SAT_P1_S1,-4427775.697569,-957843.418145,5229945.868199,24640.000000,0,false,
SAT_P1_S1,-4455914.096421,-1235776.234624,5146890.538225,24680.000000,0,false,
SAT_P1_S1,-4477147.155121,-1511202.278504,5053923.811999,24720.000000,0,false,
SAT_P1_S1,-4491416.522785,-1783634.815737,4951222.769844,24760.000000,0,false,
SAT_P1_S1,-4498674.276196,-2052592.914603,4838983.255007,24800.000000,0,false,
SAT_P1_S1,-4498883.054155,-2317602.297876,4717419.510759,24840.000000,0,false,
SAT_P1_S1,-4492016.180273,-2578196.186289,4586763.784911,24880.000000,0,false,
SAT_P1_S1,-4478057.794174,-2833916.140869,4447265.924145,24920.000000,0,false,
SAT_P1_S1,-4457002.967746,-3084312.890565,4299192.934351,24960.000000,0,false,
SAT_P1_S1,-4428857.744427,-3328947.117388,4142828.441055,25000.000000,0,false,
SAT_P1_S1,-4393639.234024,-3567390.256852,3978472.193948,25040.000000,0,false,
SAT_P1_S1,-4351375.666062,-3799225.273900,3806439.509690,25080.000000,0,false,
SAT_P1_S1,-4302106.420500,-4024047.411128,3627060.679255,25120.000000,0,false,
SAT_P1_S1,-4245882.033964,-4241464.910037,3440680.338145,25160.000000,0,false,
SAT_P1_S1,-4182764.201183,-4451099.722626,3247656.817369,25200.000000,0,false,
SAT_P1_S1,-4112825.785494,-4652588.224163,3048361.488052,25240.000000,0,false,
SAT_P1_S1,-4036150.753862,-4845581.847261,2843178.030220,25280.000000,0,false,
SAT_P1_S1,-3952834.116700,-5029747.711649,2632501.694769,25320.000000,0,false,
SAT_P1_S1,-3862981.865616,-5204769.243042,2416738.553236,25360.000000,0,false,
SAT_P1_S1,-3766710.878299,-5370346.750327,2196304.711722,25400.000000,0,false,
SAT_P1_S1,-3664148.794420,-5526197.955849,1971625.497652,25440.000000,0,false,
SAT_P1_S1,-3555433.874109,-5672058.496801,1743134.626834,25480.000000,0,false,
SAT_P1_S1,-3440714.856918,-5807682.421884,1511273.362595,25520.000000,0,false,
SAT_P1_S1,-3320150.801967,-5932842.651911,1276489.658245,25560.000000,0,false,
SAT_P1_S1,-3193910.854537,-6047331.327211,1039237.253463,25600.000000,0,false,
SAT_P1_S1,-3062174.056157,-6150960.206999,799974.793010,25640.000000,0,false,
SAT_P1_S1,-2925129.111515,-6243561.001237,559164.917487,25680.000000,0,false,
SAT_P1_S1,-2782974.133553,-6324985.652554,317273.346204,25720.000000,0,false,
SAT_P1_S1,-2635916.364657,-6395106.567559,74767.951582,25760.000000,0,false,
SAT_P1_S1,-2484171.887993,-6453816.827324,-167882.170790,25800.000000,0,false,
SAT_P1_S1,-2327965.339542,-6501030.396971,-410207.632702,25840.000000,0,false,
SAT_P1_S1,-2167529.563966,-6536682.207119,-651739.689538,25880.000000,0,false,
SAT_P1_S1,-2003105.269507,-6560728.229503,-892011.173061,25920.000000,0,false,
SAT_P1_S1,-1834940.677848,-6573145.536698,-1130557.420279,25960.000000,0,false,
SAT_P1_S1,-1663291.149159,-6573932.299410,-1366917.197960,26000.000000,0,false,
SAT_P1_S1,-1488418.788902,-6563107.723501,-1600633.614155,26040.000000,0,false,
SAT_P1_S1,-1310592.042054,-6540711.949683,-1831255.020124,26080.000000,0,false,
SAT_P1_S1,-1130085.284594,-6506805.947994,-2058335.906446,26120.000000,0,false,
SAT_P1_S1,-947178.404806,-6461471.371449,-2281437.783421,26160.000000,0,false,
SAT_P1_S1,-762156.347754,-6404810.274602,-2500130.026983,26200.000000,0,false,
SAT_P1_S1,-575308.681274,-6336944.904772,-2713990.726635,26240.000000,0,false,
SAT_P1_S1,-386929.140103,-6258017.416049,-2922607.509528,26280.000000,0,false,
SAT_P1_S1,-197315.163503,-6168189.537970,-3125578.336677,26320.000000,0,false,
SAT_P1_S1,-6767.424673,-6067642.198067,-3322512.271647,26360.000000,0,false,
SAT_P1_S1,184410.644658,-5956575.130084,-3513030.234019,26400.000000,0,false,
SAT_P1_S1,375913.331034,-5835206.490186,-3696765.745525,26440.000000,0,false,
SAT_P1_S1,567433.128566,-5703772.354931,-3873365.610144,26480.000000,0,false,
SAT_P1_S1,758661.229715,-5562526.225020,-4042490.582646,26520.000000,0,false,
SAT_P1_S1,949288.018431,-5411738.525064,-4203816.020767,26560.000000,0,false,
SAT_P1_S1,1139003.568775,-5251696.054481,-4357032.498264,26600.000000,0,false,
SAT_P1_S1,1327498.141841,-5082701.397922,-4501846.374152,26640.000000,0,false,
SAT_P1_S1,1514462.684845,-4905072.313564,-4637980.332018,26680.000000,0,false,
SAT_P1_S1,1699589.335716,-4719141.126352,-4765173.908246,26720.000000,0,false,
SAT_P1_S1,1882571.925947,-4525254.099389,-4883183.985120,26760.000000,0,false,
SAT_P1_S1,2063106.468790,-4323770.707333,-4991785.189132,26800.000000,0,false,
SAT_P1_S1,2240891.660004,-4115062.981121,-5090770.323165,26840.000000,0,false,
SAT_P1_S1,2415629.372350,-3899514.800934,-5179950.740298,26880.000000,0,false,
SAT_P1_S1,2587025.141248,-3677521.169668,-5259156.673711,26920.000000,0,false,
SAT_P1_S1,2754788.642583,-3449487.465207,-5328237.522782,26960.000000,0,false,
SAT_P1_S1,2918634.172310,-3215828.692315,-5387062.119244,27000.000000,0,false,
SAT_P1_S1,3078281.133773,-2976968.749365,-5435518.989876,27040.000000,0,false,
SAT_P1_S1,3233454.490682,-2733339.630125,-5473516.516830,27080.000000,0,false,
SAT_P1_S1,3383885.226396,-2485380.639052,-5500983.091176,27120.000000,0,false,
SAT_P1_S1,3529310.806546,-2233537.613118,-5517867.252019,27160.000000,0,false,
SAT_P1_S1,3669475.629123,-1978262.122222,-5524137.774772,27200.000000,0,false,
SAT_P1_S1,3804131.456997,-1720010.659044,-5519783.709040,27240.000000,0,false,
SAT_P1_S1,3933037.844971,-1459243.824242,-5504814.383792,27280.000000,0,false,
SAT_P1_S1,4055962.577025,-1196425.517965,-5479259.404918,27320.000000,0,false,
SAT_P1_S1,4172682.093574,-932022.129128,-5443168.615962,27360.000000,0,false,
SAT_P1_S1,4282981.859595,-666501.693389,-5396611.945881,27400.000000,0,false,
SAT_P1_S1,4386656.778062,-400333.085683,-5339679.308260,27440.000000,0,false,
SAT_P1_S1,4483511.572270,-133985.197821,-5272480.430905,27480.000000,0,false,
SAT_P1_S1,4573361.153934,132073.878405,-5195144.649137,27520.000000,0,false,
SAT_P1_S1,4656030.967499,397377.664974,-5107820.650638,27560.000000,0,false,
SAT_P1_S1,4731357.329818,661462.106219,-5010676.195715,27600.000000,0,false,
SAT_P1_S1,4799187.783561,923866.369689,-4903897.836078,27640.000000,0,false,
SAT_P1_S1,4859381.403018,1184133.640789,-4787690.561126,27680.000000,0,false,
SAT_P1_S1,4911809.070607,1441811.912148,-4662277.393000,27720.000000,0,false,
SAT_P1_S1,4956353.781128,1696454.761366,-4527899.000297,27760.000000,0,false,
SAT_P1_S1,4992910.913092,1947622.125348,-4384813.255991,27800.000000,0,false,
SAT_P1_S1,5021388.470624,2194881.056782,-4233294.753535,27840.000000,0,false,
SAT_P1_S1,5041707.305511,2437806.468874,-4073634.288796,27880.000000,0,false,
SAT_P1_S1,5053801.341461,2675981.876712,-3906138.327971,27920.000000,0,false,
SAT_P1_S1,5057617.798567,2909000.132403,-3731128.461161,27960.000000,0,false,
SAT_P1_S1,5053117.314219,3136464.109024,-3548940.754183,28000.000000,0,false,
SAT_P1_S1,5040274.114506,3357987.397013,-3359925.132840,28040.000000,0,false,
SAT_P1_S1,5019076.147824,3573194.977135,-3164444.722879,28080.000000,0,false,
SAT_P1_S1,4989525.187243,3781723.865901,-2962875.157395,28120.000000,0,false,
SAT_P1_S1,4951636.898251,3983223.729691,-2755603.851789,28160.000000,0,false,
SAT_P1_S1,4905440.892425,4177357.481959,-2543029.260332,28200.000000,0,false,
SAT_P1_S1,4850980.788471,4363801.877249,-2325560.129174,28240.000000,0,false,
SAT_P1_S1,4788314.212192,4542248.050900,-2103614.706492,28280.000000,0,false,
SAT_P1_S1,4717512.755199,4712402.021057,-1877619.922298,28320.000000,0,false,
SAT_P1_S1,4638661.958614,4873985.197732,-1648010.580513,28360.000000,0,false,
SAT_P1_S1,4551861.251205,5026734.852460,-1415228.519047,28400.000000,0,false,
SAT_P1_S1,4457223.852031,5170404.544615,-1179721.753200,28440.000000,0,false,
SAT_P1_S1,4354876.645715,5304764.516303,-941943.604535,28480.000000,0,false,
SAT_P1_S1,4244960.051587,5429602.079106,-702351.823051,28520.000000,0,false,
SAT_P1_S1,4127627.885941,5544721.989719,-461407.704454,28560.000000,0,false,
SAT_P1_S1,4003047.120896,5649946.705222,-219575.176720,28600.000000,0,false,
SAT_P1_S1,3871397.685063,5745116.680396,22680.099782,28640.000000,0,false,
SAT_P1_S1,3732872.222396,5830090.614477,264891.643518,28680.000000,0,false,
SAT_P1_S1,3587675.819789,5904745.651719,506593.064167,28720.000000,0,false,
SAT_P1_S1,3436025.702220,5968977.531988,747318.973148,28760.000000,0,false,
SAT_P1_S1,3278150.911633,6022700.716061,986605.891761,28800.000000,0,false,
SAT_P1_S1,3114291.987043,6065848.510257,1223993.155911,28840.000000,0,false,
SAT_P1_S1,2944700.596409,6098373.110270,1459023.809865,28880.000000,0,false,
SAT_P1_S1,2769639.134840,6120245.590501,1691245.490835,28920.000000,0,false,
SAT_P1_S1,2589380.340643,6131455.915268,1920211.305727,28960.000000,0,false,
SAT_P1_S1,2404206.875465,6132012.893365,2145480.697997,29000.000000,0,false,
SAT_P1_S1,2214410.881198,6121944.083050,2366620.294288,29040.000000,0,false,
SAT_P1_S1,2020293.517530,6101295.661531,2583204.736059,29080.000000,0,false,
SAT_P1_S1,1822164.492926,6070132.288900,2794817.504807,29120.000000,0,false,
SAT_P1_S1,1620341.589837,6028536.965125,3001051.738484,29160.000000,0,false,
SAT_P1_S1,1415150.128773,5976610.747967,3201510.992616,29200.000000,0,false,
SAT_P1_S1,1206922.455844,5914472.531984,3395810.011581,29240.000000,0,false,
SAT_P1_S1,995997.403769,5842258.774031,3583575.472676,29280.000000,0,false,
SAT_P1_S1,782719.737614,5760123.177149,3764446.699043,29320.000000,0,false,
SAT_P1_S1,567439.586605,5668236.330775,3938076.337109,29360.000000,0,false,
SAT_P1_S1,350511.866935,5566785.332423,4104131.012220,29400.000000,0,false,
SAT_P1_S1,132295.701725,5455973.416663,4262291.976090,29440.000000,0,false,
SAT_P1_S1,-86846.172162,5336019.514301,4412255.694785,29480.000000,0,false,
SAT_P1_S1,-306548.007776,5207157.770468,4553734.396060,29520.000000,0,false,
SAT_P1_S1,-526441.646046,5069637.089755,4686456.613348,29560.000000,0,false,
SAT_P1_S1,-746157.124462,4923720.638921,4810167.687779,29600.000000,0,false,
SAT_P1_S1,-965323.287159,4769685.331139,4924630.236966,29640.000000,0,false,
SAT_P1_S1,-1183568.396686,4607821.277297,5029624.578430,29680.000000,0,false,
SAT_P1_S1,-1400520.749759,4438431.228036,5124949.129102,29720.000000,0,false,
SAT_P1_S1,-1615809.298853,4261830.030827,5210420.802926,29760.000000,0,false,
SAT_P1_S1,-1829064.271934,4078344.043627,5285875.349620,29800.000000,0,false,
SAT_P1_S1,-2039917.791882,3888310.496991,5351167.628365,29840.000000,0,false,
SAT_P1_S1,-2248004.502231,3692076.903998,5406171.906189,29880.000000,0,false,
SAT_P1_S1,-2452962.195174,3490000.426768,5450782.100142,29920.000000,0,false,
SAT_P1_S1,-2654432.430981,3282447.224288,5484911.972147,29960.000000,0,false,
SAT_P1_S1,-2852061.153907,3069791.784454,5508495.283816,30000.000000,0,false,
SAT_P1_S1,-3045499.314670,2852416.256579,5521485.934991,30040.000000,0,false,
SAT_P1_S1,-3234403.500081,2630709.789461,5523858.090780,30080.000000,0,false,
SAT_P1_S1,-3418436.517236,2405067.808267,5515606.186063,30120.000000,0,false,
SAT_P1_S1,-3597268.001058,2175891.324230,5496744.957947,30160.000000,0,false,
SAT_P1_S1,-3770575.012971,1943586.231963,5467309.434548,30200.000000,0,false,
SAT_P1_S1,-3938042.624508,1708562.596907,5427354.876123,30240.000000,0,false,
SAT_P1_S1,-4099364.481920,1471233.934676,5376956.666368,30280.000000,0,false,
SAT_P1_S1,-4254243.366584,1232016.490389,5316210.175962,30320.000000,0,false,
SAT_P1_S1,-4402391.767128,991328.528061,5245230.623161,30360.000000,0,false,
SAT_P1_S1,-4543532.418927,749589.609672,5164152.869838,30400.000000,0,false,
SAT_P1_S1,-4677398.807175,507219.859474,5073131.146001,30440.000000,0,false,
SAT_P1_S1,-4803735.700364,264639.253232,4972338.803932,30480.000000,0,false,
SAT_P1_S1,-4922299.655082,22266.894800,4861968.011068,30520.000000,0,false,
SAT_P1_S1,-5032859.493367,-219479.702287,4742229.398474,30560.000000,0,false,
SAT_P1_S1,-5135196.760174,-460185.330615,4613351.670945,30600.000000,0,false,
SAT_P1_S1,-5229106.182740,-699437.801765,4475581.201007,30640.000000,0,false,
SAT_P1_S1,-5314396.135625,-936828.654494,4329181.612260,30680.000000,0,false,
SAT_P1_S1,-5390889.006459,-1171953.854206,4174433.252247,30720.000000,0,false,
SAT_P1_S1,-5458421.601950,-1404414.486477,4011632.691284,30760.000000,0,false,
SAT_P1_S1,-5516845.527081,-1633817.444742,3841092.180619,30800.000000,0,false,
SAT_P1_S1,-5566027.530752,-1859776.105739,3663139.069930,30840.000000,0,false,
SAT_P1_S1,-5605849.813399,-2081910.988383,3478115.184753,30880.000000,0,false,
SAT_P1_S1,-5636210.318296,-2299850.403388,3286376.178863,30920.000000,0,false,
SAT_P1_S1,-5657023.031003,-2513231.100562,3088290.879003,30960.000000,0,false,
SAT_P1_S1,-5668218.221061,-2721698.889202,2884240.581981,31000.000000,0,false,
SAT_P1_S1,-5669742.617992,-2924909.230393,2674618.299486,31040.000000,0,false,
SAT_P1_S1,-5661559.625424,-3122527.833297,2459828.020801,31080.000000,0,false,
SAT_P1_S1,-5643649.479556,-3314231.227029,2240283.930957,31120.000000,0,false,
SAT_P1_S1,-5616009.364259,-3499707.302294,2016409.602987,31160.000000,0,false,
SAT_P1_S1,-5578653.490362,-3678655.829178,1788637.166964,31200.000000,0,false,
SAT_P1_S1,-5531613.165302,-3850788.966254,1557406.467520,31240.000000,0,false,
SAT_P1_S1,-5474936.858903,-4015831.762581,1323164.214243,31280.000000,0,false,
SAT_P1_S1,-5408690.142892,-4173522.577697,1086363.082093,31320.000000,0,false,
SAT_P1_S1,-5332955.669037,-4323613.519213,847460.824677,31360.000000,0,false,
SAT_P1_S1,-5247833.106005,-4465870.850994,606919.370124,31400.000000,0,false,
SAT_P1_S1,-5153439.031418,-4600075.364635,365203.904627,31440.000000,0,false,
SAT_P1_S1,-5049906.777287,-4726022.709854,122781.947813,31480.000000,0,false,
SAT_P1_S1,-4937386.250343,-4843523.702838,-119877.576885,31520.000000,0,false,
SAT_P1_S1,-4816043.752184,-4952404.632954,-362305.272662,31560.000000,0,false,
SAT_P1_S1,-4686061.738034,-5052507.511378,-604032.201953,31600.000000,0,false,
SAT_P1_S1,-4547638.506642,-5143690.257225,-844590.821348,31640.000000,0,false,
SAT_P1_S1,-4400987.923852,-5225826.908110,-1083515.907428,31680.000000,0,false,
SAT_P1_S1,-4246339.088607,-5298807.778181,-1320345.482273,31720.000000,0,false,
SAT_P1_S1,-4083935.960366,-5362539.570992,-1554621.726198,31760.000000,0,false,
SAT_P1_S1,-3914036.953742,-5416945.456566,-1785891.879909,31800.000000,0,false,
SAT_P1_S1,-3736914.522451,-5461965.138358,-2013709.140133,31840.000000,0,false,
SAT_P1_S1,-3552854.738986,-5497554.915469,-2237633.547633,31880.000000,0,false,
SAT_P1_S1,-3362156.774121,-5523687.624610,-2457232.838103,31920.000000,0,false,
SAT_P1_S1,-3165132.408070,-5540352.619869,-2672083.291718,31960.000000,0,false,
SAT_P1_S1,-2962105.508942,-5547555.715303,-2881770.564600,32000.000000,0,false,
SAT_P1_S1,-2753411.480100,-5545319.085672,-3085890.494787,32040.000000,0,false,
SAT_P1_S1,-2539396.678305,-5533681.123057,-3284049.877466,32080.000000,0,false,
SAT_P1_S1,-2320417.815428,-5512696.273202,-3475867.220588,32120.000000,0,false,
SAT_P1_S1,-2096841.359429,-5482434.877961,-3660973.492802,32160.000000,0,false,
SAT_P1_S1,-1869042.901939,-5442982.958022,-3839012.826331,32200.000000,0,false,
SAT_P1_S1,-1637406.487987,-5394441.930296,-4009643.171376,32240.000000,0,false,
SAT_P1_S1,-1402323.968660,-5336928.367961,-4172536.956138,32280.000000,0,false,
SAT_P1_S1,-1164194.323472,-5270573.708367,-4327381.704165,32320.000000,0,false,
SAT_P1_S1,-923422.969757,-5195523.925747,-4473880.609298,32360.000000,0,false,
SAT_P1_S1,-680421.060205,-5111939.177565,-4611753.075428,32400.000000,0,false,
SAT_P1_S1,-435604.777251,-5019993.451198,-4740735.240260,32440.000000,0,false,
SAT_P1_S1,-189394.628181,-4919874.217856,-4860580.486786,32480.000000,0,false,
SAT_P1_S1,57785.293036,-4811781.979311,-4971059.852828,32520.000000,0,false,
SAT_P1_S1,305508.029599,-4695929.865427,-5071962.459576,32560.000000,0,false,
SAT_P1_S1,553344.496974,-4572543.206304,-5163095.902306,32600.000000,0,false,
SAT_P1_S1,800864.223783,-4441859.077976,-5244286.596912,32640.000000,0,false,
SAT_P1_S1,1047636.094279,-4304125.821573,-5315380.078101,32680.000000,0,false,
SAT_P1_S1,1293229.094634,-4159602.554780,-5376241.269939,32720.000000,0,false,
SAT_P1_S1,1537213.064049,-4008558.697290,-5426754.751777,32760.000000,0,false,
SAT_P1_S1,1779159.441618,-3851273.458627,-5466824.958639,32800.000000,0,false,
SAT_P1_S1,2018642.009076,-3688035.282732,-5496376.309897,32840.000000,0,false,
SAT_P1_S1,2255237.636626,-3519141.337087,-5515353.363016,32880.000000,0,false,
SAT_P1_S1,2488527.025322,-3344896.968446,-5523720.906505,32920.000000,0,false,
SAT_P1_S1,2718095.437397,-3165615.143891,-5521464.004173,32960.000000,0,false,
SAT_P1_S1,2943533.419085,-2981615.881553,-5508587.999127,33000.000000,0,false,
SAT_P1_S1,3164437.524984,-2793225.688223,-5485118.503143,33040.000000,0,false,
SAT_P1_S1,3380411.044548,-2600777.008983,-5451101.377538,33080.000000,0,false,
SAT_P1_S1,3591064.685401,-2404607.615313,-5406602.591185,33120.000000,0,false,
SAT_P1_S1,3796017.274901,-2205060.033366,-5351708.113045,33160.000000,0,false,
SAT_P1_S1,3994896.448510,-2002480.959127,-5286523.757584,33200.000000,0,false,
SAT_P1_S1,4187339.327696,-1797220.667441,-5211174.992735,33240.000000,0,false,
SAT_P1_S1,4372993.172948,-1589632.413299,-5125806.697315,33280.000000,0,false,
SAT_P1_S1,4551516.026531,-1380071.831437,-5030582.886286,33320.000000,0,false,
SAT_P1_S1,4722577.362716,-1168896.343362,-4925686.427697,33360.000000,0,false,
SAT_P1_S1,4885858.722829,-956464.564768,-4811318.725934,33400.000000,0,false,
SAT_P1_S1,5041054.274595,-743135.687587,-4687699.296465,33440.000000,0,false,
SAT_P1_S1,5187871.419963,-529268.893050,-4555065.390890,33480.000000,0,false,
SAT_P1_S1,5326031.361911,-315222.753906,-4413671.556844,33520.000000,0,false,
SAT_P1_S1,5455269.641771,-101354.641877,-4263789.160257,33560.000000,0,false,
SAT_P1_S1,5575336.646118,111979.861204,-4105705.868284,33600.000000,0,false,
SAT_P1_S1,5685998.106303,324427.546142,-3939725.113769,33640.000000,0,false,
SAT_P1_S1,5787035.606475,535638.150316,-3766165.556413,33680.000000,0,false,
SAT_P1_S1,5878247.000374,745264.929054,-3585360.459607,33720.000000,0,false,
SAT_P1_S1,5959446.829336,952965.218222,-3397657.060625,33760.000000,0,false,
SAT_P1_S1,6030466.736878,1158400.988814,-3203415.930220,33800.000000,0,false,
SAT_P1_S1,6091155.840434,1361239.395340,-3003010.291036,33840.000000,0,false,
SAT_P1_S1,6141381.057364,1561153.309609,-2796825.302982,33880.000000,0,false,
SAT_P1_S1,6181027.404225,1757821.845689,-2585257.324615,33920.000000,0,false,
SAT_P1_S1,6209998.296493,1950930.881819,-2368713.165001,33960.000000,0,false,
SAT_P1_S1,6228215.816476,2140173.569415,-2147609.313570,34000.000000,0,false,
SAT_P1_S1,6235620.858494,2325250.806939,-1922371.107264,34040.000000,0,false,
SAT_P1_S1,6232173.339743,2505871.722916,-1693431.925836,34080.000000,0,false,
SAT_P1_S1,6217852.339494,2681754.136029,-1461232.350068,34120.000000,0,false,
SAT_P1_S1,6192656.193401,2852624.991983,-1226219.304733,34160.000000,0,false,
SAT_P1_S1,6156602.541004,3018220.777436,-988845.185888,34200.000000,0,false,
SAT_P1_S1,6109728.355027,3178287.922412,-749566.981359,34240.000000,0,false,
SAT_P1_S1,6052089.972984,3332583.198227,-508845.391539,34280.000000,0,false,
SAT_P1_S1,5983763.014048,3480874.060830,-267143.925134,34320.000000,0,false,
SAT_P1_S1,5904842.291905,3622938.987275,-24927.996695,34360.000000,0,false,
SAT_P1_S1,5815441.718671,3758567.803334,217335.974914,34400.000000,0,false,
SAT_P1_S1,5715694.154678,3887561.982868,459181.475804,34440.000000,0,false,
SAT_P1_S1,5605751.207618,4009734.914289,700142.804488,34480.000000,0,false,
SAT_P1_S1,5485782.999493,4124912.148046,939755.978878,34520.000000,0,false,
SAT_P1_S1,5355977.929016,4232931.643074,1177559.643298,34560.000000,0,false,
SAT_P1_S1,5216542.400354,4333643.990775,1413095.970368,34600.000000,0,false,
SAT_P1_S1,5067700.430648,4426912.558602,1645911.549131,34640.000000,0,false,
SAT_P1_S1,4909693.320979,4512613.675160,1875558.271507,34680.000000,0,false,
SAT_P1_S1,4742779.255854,4590636.768779,2101594.207696,34720.000000,0,false,
SAT_P1_S1,4567232.864752,4660884.474022,2323584.462746,34760.000000,0,false,
SAT_P1_S1,4383344.743778,4723272.705821,2541102.013870,34800.000000,0,false,
SAT_P1_S1,4191420.960784,4777730.722265,2753728.535928,34840.000000,0,false,
SAT_P1_S1,3991782.561578,4824201.190358,2961055.219551,34880.000000,0,false,
SAT_P1_S1,3784764.988685,4862640.169476,3162683.541234,34920.000000,0,false,
SAT_P1_S1,3570717.498526,4893017.094848,3358226.021770,34960.000000,0,false,
SAT_P1_S1,3350002.573954,4915314.757721,3547306.971094,35000.000000,0,false,
SAT_P1_S1,3122995.298867,4929529.250004,3729563.203346,35040.000000,0,false,
SAT_P1_S1,2890082.702878,4935669.873971,3904644.715884,35080.000000,0,false,
SAT_P1_S1,2651663.086766,4933759.034234,4072215.344422,35120.000000,0,false,
SAT_P1_S1,2408145.346058,4923832.135645,4231953.410364,35160.000000,0,false,
SAT_P1_S1,2159948.277507,4905937.462124,4383552.340174,35200.000000,0,false,
SAT_P1_S1,1907499.817043,4880135.964709,4526721.202966,35240.000000,0,false,
SAT_P1_S1,1651236.319799,4846501.113759,4661185.278459,35280.000000,0,false,
SAT_P1_S1,1391601.797149,4805118.694158,4786686.565430,35320.000000,0,false,
SAT_P1_S1,1129047.146497,4756086.594474,4902984.267338,35360.000000,0,false,
SAT_P1_S1,864029.364341,4699514.562110,5009855.227736,35400.000000,0,false,
SAT_P1_S1,597010.748914,4635523.942819,5107094.332354,35440.000000,0,false,
SAT_P1_S1,328458.100442,4564247.427063,5194514.899003,35480.000000,0,false,
SAT_P1_S1,58841.918347,4485828.791797,5271949.042324,35520.000000,0,false,
SAT_P1_S1,-211364.428963,4400422.554294,5339247.929923,35560.000000,0,false,
SAT_P1_S1,-481685.515941,4308193.689646,5396282.079704,35600.000000,0,false,
SAT_P1_S1,-751644.686191,4209317.311894,5442941.601415,35640.000000,0,false,
SAT_P1_S1,-1020764.878830,4103978.338578,5479136.396221,35680.000000,0,false,
SAT_P1_S1,-1288569.455846,3992371.135938,5504796.311421,35720.000000,0,false,
SAT_P1_S1,-1554583.032883,3874699.164168,5519871.274924,35760.000000,0,false,
SAT_P1_S1,-1818332.314723,3751174.639663,5524331.430658,35800.000000,0,false,
SAT_P1_S1,-2079346.923223,3622018.141665,5518167.179829,35840.000000,0,false,
SAT_P1_S1,-2337160.227268,3487458.216015,5501389.196756,35880.000000,0,false,
SAT_P1_S1,-2591310.175423,3347730.997125,5474028.445186,35920.000000,0,false,
SAT_P1_S1,-2841340.120995,3203079.798193,5436136.128392,35960.000000,0,false,
SAT_P1_S1,-3086799.643929,3053754.697154,5387783.608665,36000.000000,0,false,
SAT_P1_S2,-193004.116130,-4164835.033007,5533170.957937,0.000000,0,false,
SAT_P1_S2,97929.559139,-4176247.053022,5527076.125042,40.000000,0,false,
SAT_P1_S2,388628.501716,-4181407.319055,5510386.013135,80.000000,0,false,
SAT_P1_S2,678575.986430,-4180303.002110,5483132.476871,120.000000,0,false,
SAT_P1_S2,967256.740928,-4172930.096173,5445367.513060,160.000000,0,false,
SAT_P1_S2,1254157.856462,-4159293.443909,5397163.169837,200.000000,0,false,
SAT_P1_S2,1538769.695100,-4139406.753433,5338611.420721,240.000000,0,false,
SAT_P1_S2,1820586.788077,-4113292.592322,5269823.985957,280.000000,0,false,
SAT_P1_S2,2099108.730505,-4080982.375896,5190932.123767,320.000000,0,false,
SAT_P1_S2,2373841.077697,-4042516.368487,5102086.416063,360.000000,0,false,
SAT_P1_S2,2644296.230347,-3997943.667481,5003456.510096,400.000000,0,false,
SAT_P1_S2,2909994.294982,-3947322.127335,4895230.761291,440.000000,0,false,
SAT_P1_S2,3170463.953613,-3890718.334919,4777615.921825,480.000000,0,false,
SAT_P1_S2,3425243.318271,-3828207.548991,4650836.762172,520.000000,0,false,
SAT_P1_S2,3673880.762382,-3759873.622394,4515135.651576,560.000000,0,false,
SAT_P1_S2,3915935.731435,-3685808.906891,4370772.097729,600.000000,0,false,
SAT_P1_S2,4150979.547229,-3606114.157357,4218022.266701,640.000000,0,false,
SAT_P1_S2,4378596.212292,-3520898.445092,4057178.495418,680.000000,0,false,
SAT_P1_S2,4598383.141788,-3430279.007043,3888548.709040,720.000000,0,false,
SAT_P1_S2,4809951.899898,-3334381.111767,3712455.842120,760.000000,0,false,
SAT_P1_S2,5012928.920617,-3233337.921000,3529237.238037,800.000000,0,false,
SAT_P1_S2,5206956.192517,-3127290.330046,3339244.007872,840.000000,0,false,
SAT_P1_S2,5391691.901603,-3016386.788814,3142840.353237,880.000000,0,false,
SAT_P1_S2,5566811.050408,-2900783.114300,2940402.865596,920.000000,0,false,
SAT_P1_S2,5732006.075672,-2780642.309660,2732319.819076,960.000000,0,false,
SAT_P1_S2,5886987.425060,-2656134.367539,2518990.434024,1000.000000,0,false,
SAT_P1_S2,6031484.041629,-2527436.023724,2300824.076714,1040.000000,0,false,
SAT_P1_S2,6165243.891332,-2394730.549028,2078239.489950,1080.000000,0,false,
SAT_P1_S2,6288034.430498,-2258207.509996,1851663.980560,1120.000000,0,false,
SAT_P1_S2,6399643.024773,-2118062.516766,1621532.587641,1160.000000,0,false,
SAT_P1_S2,6499877.322110,-1974496.956949,1388287.231089,1200.000000,0,false,
SAT_P1_S2,6588565.608321,-1827717.725893,1152375.850096,1240.000000,0,false,
SAT_P1_S2,6665557.160365,-1677936.960017,914251.538093,1280.000000,0,false,
SAT_P1_S2,6730722.466647,-1525371.729228,674371.642415,1320.000000,0,false,
SAT_P1_S2,6783953.456965,-1370243.737377,433196.868103,1360.000000,0,false,
SAT_P1_S2,6825163.704650,-1212779.017765,191190.376387,1400.000000,0,false,
SAT_P1_S2,6854288.568505,-1053207.614944,-51183.125975,1440.000000,0,false,
SAT_P1_S2,6871285.273648,-891763.256782,-293458.299338,1480.000000,0,false,
SAT_P1_S2,6876132.955908,-728683.020585,-535170.084316,1520.000000,0,false,
SAT_P1_S2,6868832.701606,-564206.999786,-775854.612762,1560.000000,0,false,
SAT_P1_S2,6849407.532472,-398577.964390,-1015050.114050,1600.000000,0,false,
SAT_P1_S2,6817902.267052,-232041.001638,-1252297.817213,1640.000000,0,false,
SAT_P1_S2,6774383.444532,-64843.171556,-1487142.842992,1680.000000,0,false,
SAT_P1_S2,6718939.169285,102766.850495,-1719135.090681,1720.000000,0,false,
SAT_P1_S2,6651678.903660,270539.132321,-1947830.108410,1760.000000,0,false,
SAT_P1_S2,6572733.211553,438222.846180,-2172789.948235,1800.000000,0,false,
SAT_P1_S2,6482253.485315,605566.632282,-2393584.012000,1840.000000,0,false,
SAT_P1_S2,6380411.674697,772318.963100,-2609789.890295,1880.000000,0,false,
SAT_P1_S2,6267399.880021,938228.508224,-2820994.158867,1920.000000,0,false,
SAT_P1_S2,6143429.963775,1103044.499587,-3026793.168579,1960.000000,0,false,
SAT_P1_S2,6008733.140666,1266517.097469,-3226793.819330,2000.000000,0,false,
SAT_P1_S2,5863559.514938,1428397.755285,-3420614.306329,2040.000000,0,false,
SAT_P1_S2,5708177.569684,1588439.578891,-3607884.832891,2080.000000,0,false,
SAT_P1_S2,5542873.630005,1746397.685167,-3788248.300654,2120.000000,0,false,
SAT_P1_S2,5367951.329246,1902029.564499,-3961360.990636,2160.000000,0,false,
SAT_P1_S2,5183731.036792,2055095.436868,-4126893.209866,2200.000000,0,false,
SAT_P1_S2,4990549.187378,2205358.591167,-4284529.871677,2240.000000,0,false,
SAT_P1_S2,4788757.676465,2352585.737467,-4433971.093703,2280.000000,0,false,
SAT_P1_S2,4578723.195664,2496547.350967,-4574932.750195,2320.000000,0,false,
SAT_P1_S2,4360826.540065,2637018.005858,-4707146.984338,2360.000000,0,false,
SAT_P1_S2,4135461.888115,2773776.701473,-4830362.683037,2400.000000,0,false,
SAT_P1_S2,3903036.077457,2906607.191081,-4944345.933985,2440.000000,0,false,
SAT_P1_S2,3663967.890987,3035298.318440,-5048880.475794,2480.000000,0,false,
SAT_P1_S2,3418687.258810,3159644.316076,-5143768.052498,2520.000000,0,false,
SAT_P1_S2,3167634.482700,3279445.116205,-5228828.769858,2560.000000,0,false,
SAT_P1_S2,2911259.454484,3394506.661676,-5303901.428596,2600.000000,0,false,
SAT_P1_S2,2650020.848898,3504641.204592,-5368843.812211,2640.000000,0,false,
SAT_P1_S2,2384385.298498,3609667.589442,-5423532.927153,2680.000000,0,false,
SAT_P1_S2,2114826.560252,3709411.532647,-5467865.213621,2720.000000,0,false,
SAT_P1_S2,1841824.688206,3803705.913049,-5501756.750379,2760.000000,0,false,
SAT_P1_S2,1565865.194265,3892391.048722,-5525143.415873,2800.000000,0,false,
SAT_P1_S2,1287438.167746,3975314.928036,-5537980.953969,2840.000000,0,false,
SAT_P1_S2,1007037.433284,4052333.481092,-5540245.082050,2880.000000,0,false,
SAT_P1_S2,725159.683946,4123310.826308,-5531931.536058,2920.000000,0,false,
SAT_P1_S2,442303.613066,4188119.501021,-5513056.071654,2960.000000,0,false,
SAT_P1_S2,158969.042405,4246640.675351,-5483654.419621,3000.000000,0,false,
SAT_P1_S2,-124343.945076,4298764.386471,-5443782.246162,3040.000000,0,false,
SAT_P1_S2,-407135.873923,4344389.742935,-5393515.051126,3080.000000,0,false,
SAT_P1_S2,-688908.745712,4383425.114717,-5332948.024598,3120.000000,0,false,
SAT_P1_S2,-969166.904316,4415788.329583,-5262195.890080,3160.000000,0,false,
SAT_P1_S2,-1247417.894655,4441406.840642,-5181392.690476,3200.000000,0,false,
SAT_P1_S2,-1523173.316598,4460217.883520,-5090691.540090,3240.000000,0,false,
SAT_P1_S2,-1795949.676655,4472168.642236,-4990264.366059,3280.000000,0,false,
SAT_P1_S2,-2065269.233090,4477216.413463,-4880301.627922,3320.000000,0,false,
SAT_P1_S2,-2330660.818599,4475328.690853,-4761011.923047,3360.000000,0,false,
SAT_P1_S2,-2591660.665601,4466483.304962,-4632621.640317,3400.000000,0,false,
SAT_P1_S2,-2847813.220260,4450668.529482,-4495374.554984,3440.000000,0,false,
SAT_P1_S2,-3098671.937967,4427883.168105,-4349531.386073,3480.000000,0,false,
SAT_P1_S2,-3343800.058969,4398136.618683,-4195369.313453,3520.000000,0,false,
SAT_P1_S2,-3582771.376020,4361448.933101,-4033181.473961,3560.000000,0,false,
SAT_P1_S2,-3815171.003538,4317850.889213,-3863276.453815,3600.000000,0,false,
SAT_P1_S2,-4040596.098413,4267384.003751,-3685977.707675,3640.000000,0,false,
SAT_P1_S2,-4258656.565170,4210100.533165,-3501622.951862,3680.000000,0,false,
SAT_P1_S2,-4468975.761648,4146063.488442,-3310563.558421,3720.000000,0,false,
SAT_P1_S2,-4671191.175245,4075346.617964,-3113163.904361,3760.000000,0,false,
SAT_P1_S2,-4864955.062445,3998034.363811,-2909800.687242,3800.000000,0,false,
SAT_P1_S2,-5049935.064856,3914221.800956,-2700862.214281,3840.000000,0,false,
SAT_P1_S2,-5225814.821996,3824014.577380,-2486747.679340,3880.000000,0,false,
SAT_P1_S2,-5392294.567297,3727528.846002,-2267866.422465,3920.000000,0,false,
SAT_P1_S2,-5549091.619071,3624891.114043,-2044637.119187,3960.000000,0,false,
SAT_P1_S2,-5695940.916739,3516238.138235,-1817486.995550,4000.000000,0,false,
SAT_P1_S2,-5832595.503969,3401716.779986,-1586851.005095,4040.000000,0,false,
SAT_P1_S2,-5958826.968367,3281483.837691,-1353170.986806,4080.000000,0,false,
SAT_P1_S2,-6074425.833655,3155705.853383,-1116894.803951,4120.000000,0,false,
SAT_P1_S2,-6179201.929586,3024558.908071,-878475.471568,4160.000000,0,false,
SAT_P1_S2,-6272984.761011,2888228.419091,-638370.279944,4200.000000,0,false,
SAT_P1_S2,-6355623.776497,2746908.886344,-397039.895773,4240.000000,0,false,
SAT_P1_S2,-6426988.603492,2600803.623148,-154947.456410,4280.000000,0,false,
SAT_P1_S2,-6486969.285545,2450124.492781,87442.332693,4320.000000,0,false,
SAT_P1_S2,-6535476.459315,2295091.615944,329664.110022,4360.000000,0,false,
SAT_P1_S2,-6572441.473913,2135933.057157,571252.769203,4400.000000,0,false,
SAT_P1_S2,-6597816.471164,1972884.495730,811744.369786,4440.000000,0,false,
SAT_P1_S2,-6611574.457432,1806188.893174,1050677.046885,4480.000000,0,false,
SAT_P1_S2,-6613709.351122,1636096.153085,1287591.916422,4520.000000,0,false,
SAT_P1_S2,-6604235.883779,1462862.728456,1522033.969978,4560.000000,0,false,
SAT_P1_S2,-6583189.569266,1286751.255612,1753552.965219,4600.000000,0,false,
SAT_P1_S2,-6550626.600973,1108030.161220,1981704.309033,4640.000000,0,false,
SAT_P1_S2,-6506623.700515,926973.257327,2206049.924470,4680.000000,0,false,
SAT_P1_S2,-6451277.914083,743859.323074,2426159.099649,4720.000000,0,false,
SAT_P1_S2,-6384706.386504,558971.678463,2641609.326296,4760.000000,0,false,
SAT_P1_S2,-6307046.139284,372597.755882,2851987.134121,4800.000000,0,false,
SAT_P1_S2,-6218453.742934,185028.652294,3056888.882878,4840.000000,0,false,
SAT_P1_S2,-6119104.959267,-3441.326229,3255921.535568,4880.000000,0,false,
SAT_P1_S2,-6009194.395420,-192515.119247,3448703.424204,4920.000000,0,false,
SAT_P1_S2,-5888935.099690,-381893.378308,3634864.984825,4960.000000,0,false,
SAT_P1_S2,-5758558.110250,-571274.936751,3814049.456536,5000.000000,0,false,
SAT_P1_S2,-5618311.973560,-760357.284438,3985913.554075,5040.000000,0,false,
SAT_P1_S2,-5468462.261817,-948837.047347,4150128.128861,5080.000000,0,false,
SAT_P1_S2,-5309291.077040,-1136410.469652,4306378.808728,5120.000000,0,false,
SAT_P1_S2,-5141096.431191,-1322773.895480,4454366.551568,5160.000000,0,false,
SAT_P1_S2,-4964191.701307,-1507624.255251,4593808.226281,5200.000000,0,false,
SAT_P1_S2,-4778905.020014,-1690659.552393,4724437.139824,5240.000000,0,false,
SAT_P1_S2,-4585578.652659,-1871579.351950,4846003.539534,5280.000000,0,false,
SAT_P1_S2,-4384568.336637,-2050085.262874,4958275.066572,5320.000000,0,false,
SAT_P1_S2,-4176242.601661,-2225881.420134,5061037.177935,5360.000000,0,false,
SAT_P1_S2,-3960982.094222,-2398674.973595,5154093.558486,5400.000000,0,false,
SAT_P1_S2,-3739178.891598,-2568176.576096,5237266.505456,5440.000000,0,false,
SAT_P1_S2,-3511235.725540,-2734100.842855,5310397.204918,5480.000000,0,false,
SAT_P1_S2,-3277565.269732,-2896166.834160,5373346.051498,5520.000000,0,false,
SAT_P1_S2,-3038589.383395,-3054098.527167,5425992.907904,5560.000000,0,false,
SAT_P1_S2,-2794738.340019,-3207625.277058,5468237.320802,5600.000000,0,false,
SAT_P1_S2,-2546450.038815,-3356482.266902,5499998.690473,5640.000000,0,false,
SAT_P1_S2,-2294169.213872,-3500410.959003,5521216.418245,5680.000000,0,false,
SAT_P1_S2,-2038346.653811,-3639159.557373,5531850.050819,5720.000000,0,false,
SAT_P1_S2,-1779438.380000,-3772483.428130,5531879.326244,5760.000000,0,false,
SAT_P1_S2,-1517904.827030,-3900145.520568,5521304.198706,5800.000000,0,false,
SAT_P1_S2,-1254210.035109,-4021916.796857,5500144.857452,5840.000000,0,false,
SAT_P1_S2,-988820.827451,-4137576.643801,5468441.691556,5880.000000,0,false,
SAT_P1_S2,-722205.984229,-4246913.263875,5426255.204461,5920.000000,0,false,
SAT_P1_S2,-454835.415521,-4349724.057726,5373665.894126,5960.000000,0,false,
SAT_P1_S2,-187179.339842,-4445816.016041,5310774.123872,6000.000000,0,false,
SAT_P1_S2,80292.533451,-4535006.105823,5237699.965328,6040.000000,0,false,
SAT_P1_S2,347111.837838,-4617121.583825,5154582.922600,6080.000000,0,false,
SAT_P1_S2,612812.359774,-4692000.362872,5061581.709917,6120.000000,0,false,
SAT_P1_S2,876930.855594,-4759491.345153,4958873.963371,6160.000000,0,false,
SAT_P1_S2,1139007.859011,-4819454.734541,4846655.911640,6200.000000,0,false,
SAT_P1_S2,1398588.480133,-4871762.325253,4725142.002661,6240.000000,0,false,
SAT_P1_S2,1655223.199449,-4916297.787337,4594564.508308,6280.000000,0,false,
SAT_P1_S2,1908468.658565,-4952956.965219,4455173.124965,6320.000000,0,false,
SAT_P1_S2,2157888.427992,-4981648.104254,4307234.485314,6360.000000,0,false,
SAT_P1_S2,2403053.766313,-5002292.072460,4151031.650608,6400.000000,0,false,
SAT_P1_S2,2643544.372572,-5014822.590453,3986863.597608,6440.000000,0,false,
SAT_P1_S2,2878949.122112,-5019186.425964,3815044.657045,6480.000000,0,false,
SAT_P1_S2,3108866.777103,-5015343.554896,3635903.912502,6520.000000,0,false,
SAT_P1_S2,3332906.680799,-5003267.302768,3449784.570657,6560.000000,0,false,
SAT_P1_S2,3550689.447248,-4982944.488900,3257043.321318,6600.000000,0,false,
SAT_P1_S2,3761847.633824,-4954375.555632,3058049.675696,6640.000000,0,false,
SAT_P1_S2,3966026.348257,-4917574.598316,2853185.220226,6680.000000,0,false,
SAT_P1_S2,4162883.878980,-4872569.453684,2642842.907691,6720.000000,0,false,
SAT_P1_S2,4352092.289079,-4819401.737373,2427426.300928,6760.000000,0,false,
SAT_P1_S2,4533337.976535,-4758126.851172,2207348.792542,6800.000000,0,false,
SAT_P1_S2,4706322.199158,-4688813.956676,1983032.799182,6840.000000,0,false,
SAT_P1_S2,4870761.583457,-4611545.936860,1754908.942366,6880.000000,0,false,
SAT_P1_S2,5026388.631896,-4526419.363215,1523415.225976,6920.000000,0,false,
SAT_P1_S2,5172952.147417,-4433544.382289,1288996.171823,6960.000000,0,false,
SAT_P1_S2,5310217.639820,-4333044.590503,1052101.947240,7000.000000,0,false,
SAT_P1_S2,5437967.725940,-4225056.911386,813187.492627,7040.000000,0,false,
SAT_P1_S2,5556002.482534,-4109731.430864,572711.629466,7080.000000,0,false,
SAT_P1_S2,5664139.749553,-3987231.197246,331136.159694,7120.000000,0,false,
SAT_P1_S2,5762215.400827,-3857731.997427,88924.958620,7160.000000,0,false,
SAT_P1_S2,5850083.607269,-3721422.129156,-153456.933702,7200.000000,0,false,
SAT_P1_S2,5927617.071618,-3578502.155798,-395544.221890,7240.000000,0,false,
SAT_P1_S2,5994707.140618,-3429184.572122,-636872.274040,7280.000000,0,false,
SAT_P1_S2,6051263.972719,-3273693.516746,-876978.027961,7320.000000,0,false,
SAT_P1_S2,6097216.639552,-3112264.436989,-1115400.899915,7360.000000,0,false,
SAT_P1_S2,6132513.181433,-2945143.728974,-1351683.683507,7400.000000,0,false,
SAT_P1_S2,6157120.614601,-2772588.350636,-1585373.438024,7440.000000,0,false,
SAT_P1_S2,6171024.918381,-2594865.422953,-1816022.369165,7480.000000,0,false,
SAT_P1_S2,6174231.024532,-2412251.832600,-2043188.703874,7520.000000,0,false,
SAT_P1_S2,6166762.699982,-2225033.780021,-2266437.537279,7560.000000,0,false,
SAT_P1_S2,6148662.412721,-2033506.318937,-2485341.667061,7600.000000,0,false,
SAT_P1_S2,6119991.198839,-1837972.897706,-2699482.417142,7640.000000,0,false,
SAT_P1_S2,6080828.475917,-1638744.873472,-2908450.439784,7680.000000,0,false,
SAT_P1_S2,6031271.807911,-1436141.008156,-3111846.488660,7720.000000,0,false,
SAT_P1_S2,5971436.640577,-1230486.951076,-3309282.171086,7760.000000,0,false,
SAT_P1_S2,5901456.036849,-1022114.718152,-3500380.690668,7800.000000,0,false,
SAT_P1_S2,5821480.391244,-811362.163073,-3684777.568862,7840.000000,0,false,
SAT_P1_S2,5731677.019629,-598572.407569,-3862121.298760,7880.000000,0,false,
SAT_P1_S2,5632229.823443,-384093.294297,-4032074.016529,7920.000000,0,false,
SAT_P1_S2,5523338.891332,-168276.817099,-4194312.132579,7960.000000,0,false,
SAT_P1_S2,5405220.068138,48521.454880,-4348526.926639,8000.000000,0,false,
SAT_P1_S2,5278104.488734,265942.960343,-4494425.105092,8040.000000,0,false,
SAT_P1_S2,5142238.102750,483626.733803,-4631729.338042,8080.000000,0,false,
SAT_P1_S2,4997881.211359,701209.995318,-4760178.789715,8120.000000,0,false,
SAT_P1_S2,4845307.920659,918328.746849,-4879529.569549,8160.000000,0,false,
SAT_P1_S2,4684805.591396,1134618.370829,-4989555.162459,8200.000000,0,false,
SAT_P1_S2,4516674.301690,1349714.229019,-5090046.849702,8240.000000,0,false,
SAT_P1_S2,4341226.274306,1563252.265092,-5180814.083967,8280.000000,0,false,
SAT_P1_S2,4158785.277804,1774869.603215,-5261684.817654,8320.000000,0,false,
SAT_P1_S2,3969686.014664,1984205.147478,-5332505.799480,8360.000000,0,false,
SAT_P1_S2,3774273.518224,2190900.187130,-5393142.862195,8400.000000,0,false,
SAT_P1_S2,3572902.544293,2394599.001682,-5443481.183612,8440.000000,0,false,
SAT_P1_S2,3365936.881264,2594949.445977,-5483425.437217,8480.000000,0,false,
SAT_P1_S2,3153748.724503,2791603.552008,-5512899.990241,8520.000000,0,false,
SAT_P1_S2,2936718.012151,2984218.124366,-5531849.040835,8560.000000,0,false,
SAT_P1_S2,2715231.749962,3172455.325828,-5540236.713152,8600.000000,0,false,
SAT_P1_S2,2489683.322516,3355983.252541,-5538047.107593,8640.000000,0,false,
SAT_P1_S2,2260471.804266,3534476.510677,-5525284.329905,8680.000000,0,false,
SAT_P1_S2,2028001.281884,3707616.803376,-5501972.518079,8720.000000,0,false,
SAT_P1_S2,1792680.140023,3875093.476461,-5468155.773213,8760.000000,0,false,
SAT_P1_S2,1554920.351317,4036604.067131,-5423898.074521,8800.000000,0,false,
SAT_P1_S2,1315136.776393,4191854.851774,-5369283.179633,8840.000000,0,false,
SAT_P1_S2,1073746.452264,4340561.382164,-5304414.480452,8880.000000,0,false,
SAT_P1_S2,831167.880855,4482449.008338,-5229414.822962,8920.000000,0,false,
SAT_P1_S2,587820.314186,4617253.378482,-5144426.278353,8960.000000,0,false,
SAT_P1_S2,344123.041005,4744720.933899,-5049609.887964,9000.000000,0,false,
SAT_P1_S2,100494.680192,4864609.417193,-4945145.404848,9040.000000,0,false,
SAT_P1_S2,-142647.528200,4976688.340991,-4831230.971286,9080.000000,0,false,
SAT_P1_S2,-384888.435680,5080739.416197,-4708082.730699,9120.000000,0,false,
SAT_P1_S2,-625815.682217,5176557.012593,-4575934.464322,9160.000000,0,false,
SAT_P1_S2,-865020.395950,5263948.583884,-4435037.168763,9200.000000,0,false,
SAT_P1_S2,-1102097.881661,5342735.061818,-4285658.592417,9240.000000,0,false,
SAT_P1_S2,-1336648.300931,5412751.226986,-4128082.736603,9280.000000,0,false,
SAT_P1_S2,-1568277.346907,5473846.078403,-3962609.341306,9320.000000,0,false,
SAT_P1_S2,-1796596.912238,5525883.204797,-3789553.360087,9360.000000,0,false,
SAT_P1_S2,-2021225.730307,5568741.052580,-3609244.339955,9400.000000,0,false,
SAT_P1_S2,-2241790.015325,5602313.234668,-3422025.825781,9440.000000,0,false,
SAT_P1_S2,-2457924.090446,5626508.808914,-3228254.729533,9480.000000,0,false,
SAT_P1_S2,-2669270.998025,5641252.522475,-3028300.666764,9520.000000,0,false,
SAT_P1_S2,-2875483.088347,5646485.017940,-2822545.260483,9560.000000,0,false,
SAT_P1_S2,-3076222.597522,5642163.023392,-2611381.425226,9600.000000,0,false,
SAT_P1_S2,-3271162.225140,5628259.551081,-2395212.645978,9640.000000,0,false,
SAT_P1_S2,-3459985.678359,5604764.036402,-2174452.216326,9680.000000,0,false,
SAT_P1_S2,-3642388.183025,5571682.414471,-1949522.434308,9720.000000,0,false,
SAT_P1_S2,-3818077.004343,5529037.232760,-1720853.813160,9760.000000,0,false,
SAT_P1_S2,-3986771.937862,5476867.706998,-1488884.253226,9800.000000,0,false,
SAT_P1_S2,-4148205.766518,5415229.734475,-1254058.194942,9840.000000,0,false,
SAT_P1_S2,-4302124.690919,5344195.871500,-1016825.753961,9880.000000,0,false,
SAT_P1_S2,-4448288.750353,5263855.298902,-777641.845636,9920.000000,0,false,
SAT_P1_S2,-4586472.235588,5174313.779709,-536965.302296,9960.000000,0,false,
SAT_P1_S2,-4716464.006467,5075693.498020,-295257.963540,10000.000000,0,false,
SAT_P1_S2,-4838067.833117,4968132.932898,-52983.773138,10040.000000,0,false,
SAT_P1_S2,-4951102.702132,4851786.690665,189392.132745,10080.000000,0,false,
SAT_P1_S2,-5055403.083174,4726825.295589,431404.340191,10120.000000,0,false,
SAT_P1_S2,-5150819.152557,4593434.937500,672588.071514,10160.000000,0,false,
SAT_P1_S2,-5237216.994719,4451817.196568,912480.097946,10200.000000,0,false,
SAT_P1_S2,-5314478.803806,4302188.768324,1150619.649952,10240.000000,0,false,
SAT_P1_S2,-5382503.024023,4144781.131277,1386549.319313,10280.000000,0,false,
SAT_P1_S2,-5441204.429556,3979840.155157,1619815.953434,10320.000000,0,false,
SAT_P1_S2,-5490514.231420,3807625.738649,1849971.542303,10360.000000,0,false,
SAT_P1_S2,-5530380.131693,3628411.394648,2076574.097345,10400.000000,0,false,
SAT_P1_S2,-5560766.333540,3442483.802327,2299188.510353,10440.000000,0,false,
SAT_P1_S2,-5581653.516760,3250142.330630,2517387.396496,10480.000000,0,false,
SAT_P1_S2,-5593038.804848,3051698.551279,2730751.929419,10520.000000,0,false,
SAT_P1_S2,-5594935.727756,2847475.746131,2938872.667882,10560.000000,0,false,
SAT_P1_S2,-5587374.063744,2637808.332248,3141350.326720,10600.000000,0,false,
SAT_P1_S2,-5570399.723880,2423041.313486,3337796.553452,10640.000000,0,false,
SAT_P1_S2,-5544074.598476,2203529.703976,3527834.679917,10680.000000,0,false,
SAT_P1_S2,-5508476.364602,1979637.927698,3711100.443002,10720.000000,0,false,
SAT_P1_S2,-5463698.253057,1751739.195679,3887242.670161,10760.000000,0,false,
SAT_P1_S2,-5409848.798492,1520214.870776,4055923.943315,10800.000000,0,false,
SAT_P1_S2,-5347051.598583,1285453.832234,4216821.255706,10840.000000,0,false,
SAT_P1_S2,-5275445.016068,1047851.814448,4369626.617591,10880.000000,0,false,
SAT_P1_S2,-5195181.826153,807810.718140,4514047.613213,10920.000000,0,false,
SAT_P1_S2,-5106428.901647,565737.937961,4649807.962442,10960.000000,0,false,
SAT_P1_S2,-5009366.852099,322045.665269,4776648.038998,11000.000000,0,false,
SAT_P1_S2,-4904189.642378,77150.184313,4894325.353906,11040.000000,0,false,
SAT_P1_S2,-4791104.178467,-168528.840999,5002614.993615,11080.000000,0,false,
SAT_P1_S2,-4670329.883791,-414569.087191,5101310.033537,11120.000000,0,false,
SAT_P1_S2,-4542098.289042,-660546.295021,5190221.947444,11160.000000,0,false,
SAT_P1_S2,-4406652.571122,-906034.999831,5269180.949229,11200.000000,0,false,
SAT_P1_S2,-4264247.052513,-1150609.268947,5338036.278041,11240.000000,0,false,
SAT_P1_S2,-4115146.739128,-1393843.437043,5396656.498639,11280.000000,0,false,
SAT_P1_S2,-3959626.819864,-1635312.848622,5444929.746099,11320.000000,0,false,
SAT_P1_S2,-3797972.144877,-1874594.595205,5482763.921323,11360.000000,0,false,
SAT_P1_S2,-3630476.689107,-2111268.251334,5510086.847329,11400.000000,0,false,
SAT_P1_S2,-3457443.020233,-2344916.615000,5526846.410693,11440.000000,0,false,
SAT_P1_S2,-3279181.773458,-2575126.450733,5533010.689216,11480.000000,0,false,
SAT_P1_S2,-3096011.052237,-2801489.203495,5528567.955356,11520.000000,0,false,
SAT_P1_S2,-2908255.875095,-3023601.727151,5513526.716285,11560.000000,0,false,
SAT_P1_S2,-2716247.603048,-3241067.005413,5487915.704528,11600.000000,0,false,
SAT_P1_S2,-2520323.355364,-3453494.859966,5451783.822672,11640.000000,0,false,
SAT_P1_S2,-2320825.413707,-3660502.642119,5405200.039231,11680.000000,0,false,
SAT_P1_S2,-2118100.626172,-3861715.920729,5348253.258348,11720.000000,0,false,
SAT_P1_S2,-1912499.824129,-4056769.179045,5281052.187429,11760.000000,0,false,
SAT_P1_S2,-1704377.218596,-4245306.477907,5203725.132626,11800.000000,0,false,
SAT_P1_S2,-1494089.780774,-4426982.093536,5116419.734013,11840.000000,0,false,
SAT_P1_S2,-1281996.649994,-4601461.174749,5019302.723121,11880.000000,0,false,
SAT_P1_S2,-1068458.525390,-4768420.376047,4912559.620803,11920.000000,0,false,
SAT_P1_S2,-853837.056888,-4927548.462553,4796394.389619,11960.000000,0,false,
SAT_P1_S2,-638494.235514,-5078546.896173,4671029.048694,12000.000000,0,false,
SAT_P1_S2,-422791.788392,-5221130.423717,4536703.273351,12040.000000,0,false,
SAT_P1_S2,-207090.580336,-5355027.666377,4393673.981183,12080.000000,0,false,
SAT_P1_S2,8249.997733,-5479981.609604,4242214.805793,12120.000000,0,false,
SAT_P1_S2,222872.622611,-5595750.136386,4082615.603437,12160.000000,0,false,
SAT_P1_S2,436422.632879,-5702106.526647,3915181.913725,12200.000000,0,false,
SAT_P1_S2,648548.616347,-5798839.921696,3740234.381791,12240.000000,0,false,
SAT_P1_S2,858902.988679,-5885755.748886,3558108.141511,12280.000000,0,false,
SAT_P1_S2,1067142.565164,-5962676.129151,3369152.176276,12320.000000,0,false,
SAT_P1_S2,1272929.126582,-6029440.291255,3173728.675117,12360.000000,0,false,
SAT_P1_S2,1475929.969973,-6085904.917794,2972212.337191,12400.000000,0,false,
SAT_P1_S2,1675818.447064,-6131944.435598,2764989.632862,12440.000000,0,false,
SAT_P1_S2,1872274.495811,-6167451.335086,2552458.080809,12480.000000,0,false,
SAT_P1_S2,2064985.160062,-6192336.434834,2335025.482895,12520.000000,0,false,
SAT_P1_S2,2253645.088443,-6206529.098408,2113109.133613,12560.000000,0,false,
SAT_P1_S2,2437957.017847,-6209977.414579,1887135.007652,12600.000000,0,false,
SAT_P1_S2,2617632.250447,-6202648.369104,1657536.937473,12640.000000,0,false,
SAT_P1_S2,2792391.122823,-6184528.008988,1424755.783430,12680.000000,0,false,
SAT_P1_S2,2961963.421780,-6155621.467532,1189238.551566,12720.000000,0,false,
SAT_P1_S2,3126088.811003,-6115953.039881,951437.529080,12760.000000,0,false,
SAT_P1_S2,3284517.234802,-6065566.206112,711809.399795,12800.000000,0,false,
SAT_P1_S2,3437009.295505,-6004523.606326,470814.348399,12840.000000,0,false,
SAT_P1_S2,3583336.601382,-5932906.964345,228915.156219,12880.000000,0,false,
SAT_P1_S2,3723282.098932,-5850816.985321,-13423.707199,12920.000000,0,false,
SAT_P1_S2,3856640.403143,-5758373.254459,-255736.991619,12960.000000,0,false,
SAT_P1_S2,3983218.080926,-5655714.057849,-497559.577969,13000.000000,0,false,
SAT_P1_S2,4102833.896966,-5542996.138613,-738427.393053,13040.000000,0,false,
SAT_P1_S2,4215319.070570,-5420394.482583,-977878.314050,13080.000000,0,false,
SAT_P1_S2,4320517.496114,-5288102.040793,-1215453.074430,13120.000000,0,false,
SAT_P1_S2,4418285.927535,-5146329.405532,-1450696.158167,13160.000000,0,false,
SAT_P1_S2,4508494.136090,-4995304.449254,-1683156.684713,13200.000000,0,false,
SAT_P1_S2,4591025.061180,-4835271.952189,-1912389.288290,13240.000000,0,false,
SAT_P1_S2,4665774.954331,-4666493.221505,-2137954.989251,13280.000000,0,false,
SAT_P1_S2,4732653.426130,-4489245.590097,-2359422.029947,13320.000000,0,false,
SAT_P1_S2,4791583.528157,-4303821.960421,-2576366.710290,13360.000000,0,false,
SAT_P1_S2,4842501.799834,-4110530.304578,-2788374.203718,13400.000000,0,false,
SAT_P1_S2,4885358.282163,-3909693.129323,-2995039.348218,13440.000000,0,false,
SAT_P1_S2,4920116.496243,-3701646.905615,-3195967.408763,13480.000000,0,false,
SAT_P1_S2,4946753.407425,-3486741.481595,-3390774.821198,13520.000000,0,false,
SAT_P1_S2,4965259.396494,-3265339.499939,-3579089.927782,13560.000000,0,false,
SAT_P1_S2,4975638.176204,-3037815.765281,-3760553.668403,13600.000000,0,false,
SAT_P1_S2,4977906.665679,-2804556.570079,-3934820.234541,13640.000000,0,false,
SAT_P1_S2,4972094.894872,-2565959.048194,-4101557.723418,13680.000000,0,false,
SAT_P1_S2,4958245.869174,-2322430.487332,-4260448.756206,13720.000000,0,false,
SAT_P1_S2,4936415.402937,-2074387.620644,-4411191.056201,13760.000000,0,false,
SAT_P1_S2,4906671.931500,-1822255.900256,-4553497.995476,13800.000000,0,false,
SAT_P1_S2,4869096.324860,-1566468.765232,-4687099.128352,13840.000000,0,false,
SAT_P1_S2,4823781.704346,-1307466.906763,-4811740.711499,13880.000000,0,false,
SAT_P1_S2,4770833.160178,-1045697.480907,-4927186.122602,13920.000000,0,false,
SAT_P1_S2,4710367.520222,-781613.344652,-5033216.303559,13960.000000,0,false,
SAT_P1_S2,4642513.089136,-515672.274057,-5129630.160597,14000.000000,0,false,
SAT_P1_S2,4567409.363736,-248336.173256,-5216244.921591,14040.000000,0,false,
SAT_P1_S2,4485206.723477,19929.723726,-5292896.447405,14080.000000,0,false,
SAT_P1_S2,4396066.115574,288657.654463,-5359439.517525,14120.000000,0,false,
SAT_P1_S2,4300158.755500,557378.127663,-5415748.111278,14160.000000,0,false,
SAT_P1_S2,4197665.785905,825620.728848,-5461715.621473,14200.000000,0,false,
SAT_P1_S2,4088777.904417,1092914.932777,-5497255.012501,14240.000000,0,false,
SAT_P1_S2,3973695.029249,1358790.907094,-5522298.995658,14280.000000,0,false,
SAT_P1_S2,3852625.934936,1622780.324591,-5536800.151137,14320.000000,0,false,
SAT_P1_S2,3725787.871219,1884417.168931,-5540731.003157,14360.000000,0,false,
SAT_P1_S2,3593406.171080,2143238.538913,-5534084.058236,14400.000000,0,false,
SAT_P1_S2,3455713.865638,2398785.457336,-5516871.831139,14440.000000,0,false,
SAT_P1_S2,3312951.307524,2650603.683068,-5489126.859565,14480.000000,0,false,
SAT_P1_S2,3165365.723842,2898244.493100,-5450901.594777,14520.000000,0,false,
SAT_P1_S2,3013210.816660,3141265.482405,-5402268.336082,14560.000000,0,false,
SAT_P1_S2,2856746.337253,3379231.346187,-5343319.101191,14600.000000,0,false,
SAT_P1_S2,2696237.659298,3611714.661368,-5274165.472477,14640.000000,0,false,
SAT_P1_S2,2531955.339897,3838296.648139,-5194938.394824,14680.000000,0,false,
SAT_P1_S2,2364174.671681,4058567.915582,-5105787.931624,14720.000000,0,false,
SAT_P1_S2,2193175.238492,4272129.205651,-5006883.002436,14760.000000,0,false,
SAT_P1_S2,2019240.482979,4478592.143269,-4898411.116841,14800.000000,0,false,
SAT_P1_S2,1842657.235547,4677579.925808,-4780578.005882,14840.000000,0,false,
SAT_P1_S2,1663715.258650,4868728.020993,-4653607.255978,14880.000000,0,false,
SAT_P1_S2,1482706.794025,5051684.859783,-4517739.922691,14920.000000,0,false,
SAT_P1_S2,1299926.100170,5226112.502920,-4373234.097429,14960.000000,0,false,
SAT_P1_S2,1115668.985781,5391687.273682,-4220364.430884,15000.000000,0,false,
SAT_P1_S2,930232.342180,5548100.374387,-4059421.626926,15040.000000,0,false,
SAT_P1_S2,743913.680685,5695058.508892,-3890711.926314,15080.000000,0,false,
SAT_P1_S2,557010.669290,5832284.474250,-3714556.554226,15120.000000,0,false,
SAT_P1_S2,369820.655486,5959517.660075,-3531291.084779,15160.000000,0,false,
SAT_P1_S2,182640.208899,6076514.600931,-3341264.840311,15200.000000,0,false,
SAT_P1_S2,-4235.341930,6183049.470988,-3144840.236885,15240.000000,0,false,
SAT_P1_S2,-190512.366895,6278914.537941,-2942392.100216,15280.000000,0,false,
SAT_P1_S2,-375899.387064,6363920.577120,-2734306.952181,15320.000000,0,false,
SAT_P1_S2,-560107.521997,6437897.272638,-2520982.283541,15360.000000,0,false,
SAT_P1_S2,-742850.930095,6500693.621544,-2302825.823261,15400.000000,0,false,
SAT_P1_S2,-923847.242199,6552178.223256,-2080254.745641,15440.000000,0,false,
SAT_P1_S2,-1102817.988300,6592239.578287,-1853694.879625,15480.000000,0,false,
SAT_P1_S2,-1279489.018685,6620786.370903,-1623579.906050,15520.000000,0,false,
SAT_P1_S2,-1453590.918161,6637747.701306,-1390350.528305,15560.000000,0,false,
SAT_P1_S2,-1624859.407303,6643073.263930,-1154453.623901,15600.000000,0,false,
SAT_P1_S2,-1793035.737333,6636733.494345,-916341.380911,15640.000000,0,false,
SAT_P1_S2,-1957867.085271,6618719.714914,-676470.426051,15680.000000,0,false,
SAT_P1_S2,-2119106.936726,6589044.233001,-435300.938887,15720.000000,0,false,
SAT_P1_S2,-2276515.437651,6547740.310828,-193295.739723,15760.000000,0,false,
SAT_P1_S2,-2429859.758983,6494862.199945,49080.611820,15800.000000,0,false,
SAT_P1_S2,-2578914.440698,6430485.092002,291362.734406,15840.000000,0,false,
SAT_P1_S2,-2723461.715596,6354705.017370,533085.342585,15880.000000,0,false,
SAT_P1_S2,-2863291.813952,6267638.691615,773784.164134,15920.000000,0,false,
SAT_P1_S2,-2998203.260138,6169423.339354,1012996.856177,15960.000000,0,false,
SAT_P1_S2,-3128003.166853,6060216.514012,1250263.918163,16000.000000,0,false,
SAT_P1_S2,-3252507.475788,5940195.791345,1485129.590838,16040.000000,0,false,
SAT_P1_S2,-3371541.199495,5809558.468733,1717142.748737,16080.000000,0,false,
SAT_P1_S2,-3484938.653707,5668521.244299,1945857.783979,16120.000000,0,false,
SAT_P1_S2,-3592543.665270,5517319.842873,2170835.476047,16160.000000,0,false,
SAT_P1_S2,-3694209.752830,5356208.591752,2391643.840968,16200.000000,0,false,
SAT_P1_S2,-3789800.293911,5185459.966994,2607858.966789,16240.000000,0,false,
SAT_P1_S2,-3879188.694923,5005364.138734,2819065.843523,16280.000000,0,false,
SAT_P1_S2,-3962258.539550,4816228.478118,3024859.171689,16320.000000,0,false,
SAT_P1_S2,-4038903.675142,4618376.956087,3224844.125341,16360.000000,0,false,
SAT_P1_S2,-4109028.337952,4412149.605078,3418637.125159,16400.000000,0,false,
SAT_P1_S2,-4172547.241878,4197901.912273,3605866.580180,16440.000000,0,false,
SAT_P1_S2,-4229385.642489,3976004.179975,3786173.596983,16480.000000,0,false,
SAT_P1_S2,-4279479.377655,3746840.851925,3959212.657368,16520.000000,0,false,
SAT_P1_S2,-4322774.903989,3510809.826393,4124652.279662,16560.000000,0,false,
SAT_P1_S2,-4359229.340352,3268321.770007,4282175.672154,16600.000000,0,false,
SAT_P1_S2,-4388810.435657,3019799.351204,4431481.304505,16640.000000,0,false,
SAT_P1_S2,-4411496.553466,2765676.484700,4572283.477588,16680.000000,0,false,
SAT_P1_S2,-4427276.642082,2506397.561565,4704312.861806,16720.000000,0,false,
SAT_P1_S2,-4436150.188589,2242416.657128,4827317.004492,16760.000000,0,false,
SAT_P1_S2,-4438127.146696,1974196.718813,4941060.791656,16800.000000,0,false,
SAT_P1_S2,-4433227.844034,1702208.736524,5045326.869662,16840.000000,0,false,
SAT_P1_S2,-4421482.889898,1426930.908771,5139916.048456,16880.000000,0,false,
SAT_P1_S2,-4402933.095227,1148847.813330,5224647.698262,16920.000000,0,false,
SAT_P1_S2,-4377629.317135,868449.532806,5299360.044000,16960.000000,0,false,
SAT_P1_S2,-4345632.326395,586230.791841,5363910.463002,17000.000000,0,false,
SAT_P1_S2,-4307012.672533,302690.089933,5418175.759068,17040.000000,0,false,
SAT_P1_S2,-4261850.526048,18328.821253,5462052.388999,17080.000000,0,false,
SAT_P1_S2,-4210235.498674,-266349.610196,5495456.639597,17120.000000,0,false,
SAT_P1_S2,-4152266.456855,-550840.679960,5518324.774231,17160.000000,0,false,
SAT_P1_S2,-4088051.348402,-834639.634632,5530613.173571,17200.000000,0,false,
SAT_P1_S2,-4017707.011524,-1117242.384574,5532298.430654,17240.000000,0,false,
SAT_P1_S2,-3941358.922699,-1398146.401199,5523377.345271,17280.000000,0,false,
SAT_P1_S2,-3859140.999438,-1676851.608347,5503866.963229,17320.000000,0,false,
SAT_P1_S2,-3771195.367743,-1952861.277606,5473804.548142,17360.000000,0,false,
SAT_P1_S2,-3677672.114969,-2225682.913229,5433247.507486,17400.000000,0,false,
SAT_P1_S2,-3578729.028362,-2494829.128971,5382273.274301,17440.000000,0,false,
SAT_P1_S2,-3474531.336437,-2759818.523924,5320979.169180,17480.000000,0,false,
SAT_P1_S2,-3365251.463312,-3020176.559938,5249482.256573,17520.000000,0,false,
SAT_P1_S2,-3251068.723871,-3275436.401089,5167919.089673,17560.000000,0,false,
SAT_P1_S2,-3132169.040358,-3525139.756423,5076445.461713,17600.000000,0,false,
SAT_P1_S2,-3008744.659317,-3768837.716043,4975236.133178,17640.000000,0,false,
SAT_P1_S2,-2880993.852707,-4006091.568051,4864484.510483,17680.000000,0,false,
SAT_P1_S2,-2749120.605715,-4236473.589301,4744402.277896,17720.000000,0,false,
SAT_P1_S2,-2613334.301166,-4459567.823959,4615219.000054,17760.000000,0,false,
SAT_P1_S2,-2473849.414555,-4674970.866439,4477181.718053,17800.000000,0,false,
SAT_P1_S2,-2330885.199117,-4882292.618126,4330554.504214,17840.000000,0,false,
SAT_P1_S2,-2184665.329413,-5081156.978910,4175617.925242,17880.000000,0,false,
SAT_P1_S2,-2035417.585230,-5271202.574426,4012668.547718,17920.000000,0,false,
SAT_P1_S2,-1883373.510644,-5452083.442073,3842018.381256,17960.000000,0,false,
SAT_P1_S2,-1728768.067323,-5623469.680395,3663994.286204,18000.000000,0,false,
SAT_P1_S2,-1571839.280758,-5785048.064094,3478937.345951,18040.000000,0,false,
SAT_P1_S2,-1412827.887847,-5936522.648221,3287202.221722,18080.000000,0,false,
SAT_P1_S2,-1251976.991456,-6077615.373675,3089156.500665,18120.000000,0,false,
SAT_P1_S2,-1089531.688209,-6208066.562782,2885179.966271,18160.000000,0,false,
SAT_P1_S2,-925738.707629,-6327635.425353,2675663.872454,18200.000000,0,false,
SAT_P1_S2,-760846.052485,-6436100.544065,2461010.200436,18240.000000,0,false,
SAT_P1_S2,-595102.633908,-6533260.310440,2241630.883950,18280.000000,0,false,
SAT_P1_S2,-428757.905056,-6618933.307290,2017947.008121,18320.000000,0,false,
SAT_P1_S2,-262061.495130,-6692958.660855,1790387.990777,18360.000000,0,false,
SAT_P1_S2,-95262.847652,-6755196.392263,1559390.758430,18400.000000,0,false,
SAT_P1_S2,71389.140289,-6805527.718519,1325398.902202,18440.000000,0,false,
SAT_P1_S2,237646.486289,-6843855.235025,1088861.790068,18480.000000,0,false,
SAT_P1_S2,403262.477318,-6870103.157536,850233.702247,18520.000000,0,false,
SAT_P1_S2,567992.028499,-6884217.485566,609972.937790,18560.000000,0,false,
SAT_P1_S2,731592.035104,-6886166.111269,368540.913832,18600.000000,0,false,
SAT_P1_S2,893821.719556,-6875938.875621,126401.257234,18640.000000,0,false,
SAT_P1_S2,1054442.975525,-6853547.603284,-115981.106706,18680.000000,0,false,
SAT_P1_S2,1213220.709120,-6819026.133753,-358140.864455,18720.000000,0,false,
SAT_P1_S2,1369923.164251,-6772430.211480,-599613.229907,18760.000000,0,false,
SAT_P1_S2,1524322.246005,-6713837.387877,-839934.853631,18800.000000,0,false,
SAT_P1_S2,1676193.838767,-6643346.896477,-1078644.727851,18840.000000,0,false,
SAT_P1_S2,1825318.114598,-6561079.469006,-1315285.085712,18880.000000,0,false,
SAT_P1_S2,1971479.828440,-6467177.093373,-1549402.288637,18920.000000,0,false,
SAT_P1_S2,2114468.606956,-6361802.738491,-1780547.705031,18960.000000,0,false,
SAT_P1_S2,2254079.238213,-6245140.078645,-2008278.583690,19000.000000,0,false,
SAT_P1_S2,2390111.948578,-6117393.168005,-2232158.911581,19040.000000,0,false,
SAT_P1_S2,2522372.651367,-5978785.994251,-2451760.245084,19080.000000,0,false,
SAT_P1_S2,2650673.210354,-5829562.100614,-2666662.540128,19120.000000,0,false,
SAT_P1_S2,2774831.686049,-5669984.129063,-2876454.962179,19160.000000,0,false,
SAT_P1_S2,2894672.564998,-5500333.320283,-3080736.668777,19200.000000,0,false,
SAT_P1_S2,3010026.974207,-5320908.971264,-3279117.566094,19240.000000,0,false,
SAT_P1_S2,3120732.892619,-5132027.877885,-3471219.050653,19280.000000,0,false,
SAT_P1_S2,3226635.365435,-4934023.779038,-3656674.741396,19320.000000,0,false,
SAT_P1_S2,3327586.667569,-4727246.692512,-3835131.143302,19360.000000,0,false,
SAT_P1_S2,3423446.476383,-4512062.268318,-4006248.305264,19400.000000,0,false,
SAT_P1_S2,3514082.038775,-4288851.128539,-4169700.455992,19440.000000,0,false,
SAT_P1_S2,3599368.319478,-4058008.170146,-4325176.602498,19480.000000,0,false,
SAT_P1_S2,3679188.129079,-3819941.835505,-4472381.087684,19520.000000,0,false,
SAT_P1_S2,3753432.244943,-3575073.367419,-4611034.121837,19560.000000,0,false,
SAT_P1_S2,3821999.541011,-3323836.071669,-4740872.306445,19600.000000,0,false,
SAT_P1_S2,3884797.101409,-3066674.555485,-4861649.120271,19640.000000,0,false,
SAT_P1_S2,3941740.284874,-2804043.892540,-4973135.327692,19680.000000,0,false,
SAT_P1_S2,3992752.830527,-2536408.844494,-5075119.416011,19720.000000,0,false,
SAT_P1_S2,4037766.936230,-2264243.034903,-5167407.980792,19760.000000,0,false,
SAT_P1_S2,4076723.320003,-1988028.109082,-5249826.068872,19800.000000,0,false,
SAT_P1_S2,4109571.266111,-1708252.877788,-5322217.480919,19840.000000,0,false,
SAT_P1_S2,4136268.673385,-1425412.456010,-5384445.055667,19880.000000,0,false,
SAT_P1_S2,4156782.115343,-1140007.404513,-5436390.947843,19920.000000,0,false,
SAT_P1_S2,4171086.834979,-852542.834131,-5477956.799282,19960.000000,0,false,
SAT_P1_S2,4179166.759965,-563527.520727,-5509063.913774,20000.000000,0,false,
SAT_P1_S2,4181014.516365,-273473.018881,-5529653.407270,20040.000000,0,false,
SAT_P1_S2,4176631.422743,17107.232010,-5539686.309493,20080.000000,0,false,
SAT_P1_S2,4166027.464845,307698.803097,-5539143.616834,20120.000000,0,false,
SAT_P1_S2,4149221.265501,597787.171420,-5528026.315840,20160.000000,0,false,
SAT_P1_S2,4126240.068600,886858.611720,-5506355.402213,20200.000000,0,false,
SAT_P1_S2,4097119.708095,1174401.085968,-5474171.856969,20240.000000,0,false,
SAT_P1_S2,4061904.522055,1459905.138803,-5431536.527184,20280.000000,0,false,
SAT_P1_S2,4020647.319500,1742864.780496,-5378530.053481,20320.000000,0,false,
SAT_P1_S2,3973409.309094,2022778.372089,-5315252.724527,20360.000000,0,false,
SAT_P1_S2,3920260.029286,2299149.508077,-5241824.310892,20400.000000,0,false,
SAT_P1_S2,3861277.256291,2571487.885189,-5158383.846685,20440.000000,0,false,
SAT_P1_S2,3796546.902778,2839310.164372,-5065089.376612,20480.000000,0,false,
SAT_P1_S2,3726162.924023,3102140.835122,-4962117.691062,20520.000000,0,false,
SAT_P1_S2,3650227.223916,3359513.074520,-4849664.038956,20560.000000,0,false,
SAT_P1_S2,3568849.492158,3610969.556122,-4727941.726749,20600.000000,0,false,
SAT_P1_S2,3482147.090768,3856063.281647,-4597181.762524,20640.000000,0,false,
SAT_P1_S2,3390244.913032,4094358.389317,-4457632.442106,20680.000000,0,false,
SAT_P1_S2,3293275.229085,4325430.938103,-4309558.897096,20720.000000,0,false,
SAT_P1_S2,3191377.515523,4548869.665372,-4153242.602182,20760.000000,0,false,
SAT_P1_S2,3084698.283438,4764276.734753,-3988980.861264,20800.000000,0,false,
SAT_P1_S2,2973390.918152,4971268.488434,-3817086.290050,20840.000000,0,false,
SAT_P1_S2,2857615.477054,5169476.136508,-3637886.226181,20880.000000,0,false,
SAT_P1_S2,2737538.478950,5358546.425905,-3451722.111574,20920.000000,0,false,
SAT_P1_S2,2613332.707663,5538142.314463,-3258948.876839,20960.000000,0,false,
SAT_P1_S2,2485176.992345,5707943.606882,-3059934.279877,21000.000000,0,false,
SAT_P1_S2,2353255.973126,5867647.546349,-2855058.211181,21040.000000,0,false,
SAT_P1_S2,2217759.856644,6016969.377004,-2644711.972462,21080.000000,0,false,
SAT_P1_S2,2078884.172117,6155642.902027,-2429297.542497,21120.000000,0,false,
SAT_P1_S2,1936829.524271,6283421.022553,-2209226.826104,21160.000000,0,false,
SAT_P1_S2,1791801.300865,6400076.147491,-1984920.836265,21200.000000,0,false,
SAT_P1_S2,1644009.408395,6505400.659560,-1756808.900346,21240.000000,0,false,
SAT_P1_S2,1493667.988103,6599207.317177,-1525327.832120,21280.000000,0,false,
SAT_P1_S2,1340995.123999,6681329.607448,-1290921.086439,21320.000000,0,false,
SAT_P1_S2,1186212.541625,6751622.046161,-1054037.896655,21360.000000,0,false,
SAT_P1_S2,1029545.304513,6809960.453530,-815132.403024,21400.000000,0,false,
SAT_P1_S2,871221.515411,6856242.230976,-574662.779951,21440.000000,0,false,
SAT_P1_S2,711471.998365,6890386.531262,-333090.341076,21480.000000,0,false,
SAT_P1_S2,550529.975991,6912334.391924,-90878.637488,21520.000000,0,false,
SAT_P1_S2,388630.753322,6922048.876231,151507.439282,21560.000000,0,false,
SAT_P1_S2,226011.389772,6919515.150552,393602.565800,21600.000000,0,false,
SAT_P1_S2,62910.367762,6904740.501847,634941.894509,21640.000000,0,false,
SAT_P1_S2,-100432.743283,6877754.313866,875061.962365,21680.000000,0,false,
SAT_P1_S2,-263777.626399,6838608.034472,1113501.600893,21720.000000,0,false,
SAT_P1_S2,-426883.558904,6787375.118438,1349802.844029,21760.000000,0,false,
SAT_P1_S2,-589509.759557,6724150.811209,1583511.822072,21800.000000,0,false,
SAT_P1_S2,-751415.734753,6649052.004600,1814179.655794,21840.000000,0,false,
SAT_P1_S2,-912361.628457,6562217.013518,2041363.341121,21880.000000,0,false,
SAT_P1_S2,-1072108.569431,6463805.300975,2264626.616886,21920.000000,0,false,
SAT_P1_S2,-1230419.015197,6353997.147766,2483540.813106,21960.000000,0,false,
SAT_P1_S2,-1387057.096085,6232993.296647,2697685.687080,22000.000000,0,false,
SAT_P1_S2,-1541788.961341,6101014.597892,2906650.253208,22040.000000,0,false,
SAT_P1_S2,-1694383.111017,5958301.552166,3110033.569290,22080.000000,0,false,
SAT_P1_S2,-1844610.724698,5805113.820713,3307445.501827,22120.000000,0,false,
SAT_P1_S2,-1992245.991946,5641729.748895,3498507.483064,22160.000000,0,false,
SAT_P1_S2,-2137066.435777,5468445.833638,3682853.237136,22200.000000,0,false,
SAT_P1_S2,-2278853.225085,5285576.146033,3860129.469988,22240.000000,0,false,
SAT_P1_S2,-2417391.482694,5093451.724915,4029996.533194,22280.000000,0,false,
SAT_P1_S2,-2552470.598072,4892419.969992,4192129.077448,22320.000000,0,false,
SAT_P1_S2,-2683884.539583,4682844.023941,4346216.686850,22360.000000,0,false,
SAT_P1_S2,-2811432.130285,4465102.032409,4491964.425977,22400.000000,0,false,
SAT_P1_S2,-2934917.351263,4239586.476987,4629093.416788,22440.000000,0,false,
SAT_P1_S2,-3054149.626445,4006703.443717,4757341.360603,22480.000000,0,false,
SAT_P1_S2,-3168944.106679,3766871.877657,4876463.036537,22520.000000,0,false,
SAT_P1_S2,-3279121.936313,3520522.802915,4986230.750087,22560.000000,0,false,
SAT_P1_S2,-3384510.513055,3268098.522651,5086434.748058,22600.000000,0,false,
SAT_P1_S2,-3484943.754592,3010051.818153,5176883.620875,22640.000000,0,false,
SAT_P1_S2,-3580262.363582,2746845.140971,5257404.680085,22680.000000,0,false,
SAT_P1_S2,-3670314.034747,2478949.730547,5327844.223122,22720.000000,0,false,
SAT_P1_S2,-3754953.702436,2206844.780391,5388067.838497,22760.000000,0,false,
SAT_P1_S2,-3834043.765435,1931016.572421,5437960.652549,22800.000000,0,false,
SAT_P1_S2,-3907454.297036,1651957.601014,5477427.532029,22840.000000,0,false,
SAT_P1_S2,-3975063.238652,1370165.685290,5506393.239672,22880.000000,0,false,
SAT_P1_S2,-4036756.593783,1086143.080439,5524802.567049,22920.000000,0,false,
SAT_P1_S2,-4092428.636647,800395.598420,5532620.465911,22960.000000,0,false,
SAT_P1_S2,-4141982.073533,513431.703244,5529832.088365,23000.000000,0,false,
SAT_P1_S2,-4185328.199024,225761.604254,5516442.796480,23040.000000,0,false,
SAT_P1_S2,-4222387.069683,-62103.637646,5492478.174582,23080.000000,0,false,
SAT_P1_S2,-4253087.655916,-349653.016171,5457983.986600,23120.000000,0,false,
SAT_P1_S2,-4277367.973222,-636376.482667,5413026.083910,23160.000000,0,false,
SAT_P1_S2,-4295175.203844,-921765.848602,5357690.277565,23200.000000,0,false,
SAT_P1_S2,-4306465.827617,-1205315.687840,5292082.199472,23240.000000,0,false,
SAT_P1_S2,-4311205.751735,-1486524.235326,5216327.139997,23280.000000,0,false,
SAT_P1_S2,-4309370.361725,-1764894.274651,5130569.762891,23320.000000,0,false,
SAT_P1_S2,-4300944.628069,-2039934.023676,5034973.870856,23360.000000,0,false,
SAT_P1_S2,-4285923.180035,-2311158.013737,4929722.107697,23400.000000,0,false,
SAT_P1_S2,-4264310.361183,-2578087.953387,4815015.618654,23440.000000,0,false,
SAT_P1_S2,-4236120.263494,-2840253.575341,4691073.665910,23480.000000,0,false,
SAT_P1_S2,-4201376.758511,-3097193.475707,4558133.221090,23520.000000,0,false,
SAT_P1_S2,-4160113.541736,-3348455.952452,4416448.554160,23560.000000,0,false,
SAT_P1_S2,-4112374.120665,-3593599.802473,4266290.740081,23600.000000,0,false,
SAT_P1_S2,-4058211.792704,-3832195.103697,4107947.136920,23640.000000,0,false,
SAT_P1_S2,-3997689.638923,-4063823.994823,3941720.865800,23680.000000,0,false,
SAT_P1_S2,-3930880.488472,-4288081.428847,3767930.241415,23720.000000,0,false,
SAT_P1_S2,-3857866.859082,-4504575.891821,3586908.163808,23760.000000,0,false,
SAT_P1_S2,-3778740.883164,-4712930.099214,3399001.481006,23800.000000,0,false,
SAT_P1_S2,-3693604.237400,-4912781.688273,3204570.340571,23840.000000,0,false,
SAT_P1_S2,-3602568.067042,-5103783.893885,3003987.522923,23880.000000,0,false,
SAT_P1_S2,-3505752.831734,-5285606.127429,2797637.688850,23920.000000,0,false,
SAT_P1_S2,-3403288.199625,-5457934.595829,2585916.662559,23960.000000,0,false,
SAT_P1_S2,-3295312.905484,-5620472.871851,2369230.670080,24000.000000,0,false,
SAT_P1_S2,-3181974.589582,-5772942.423206,2147995.553601,24040.000000,0,false,
SAT_P1_S2,-3063429.614545,-5915083.096736,1922635.960708,24080.000000,0,false,
SAT_P1_S2,-2939842.874594,-6046653.582182,1693584.520045,24120.000000,0,false,
SAT_P1_S2,-2811387.610501,-6167431.876274,1461281.014030,24160.000000,0,false,
SAT_P1_S2,-2678245.176453,-6277215.650497,1226171.513444,24200.000000,0,false,
SAT_P1_S2,-2540604.794350,-6375822.586831,988707.499740,24240.000000,0,false,
SAT_P1_S2,-2398663.316648,-6463090.715710,749344.990852,24280.000000,0,false,
SAT_P1_S2,-2252624.961888,-6538878.695298,508543.646708,24320.000000,0,false,
SAT_P1_S2,-2102701.031381,-6603066.032853,266765.866967,24360.000000,0,false,
SAT_P1_S2,-1949109.612057,-6655553.266251,24475.882500,24400.000000,0,false,
SAT_P1_S2,-1792075.276684,-6696262.135631,-217861.154984,24440.000000,0,false,
SAT_P1_S2,-1631828.777558,-6725135.728692,-459780.083437,24480.000000,0,false,
SAT_P1_S2,-1468606.690832,-6742138.477065,-700816.648001,24520.000000,0,false,
SAT_P1_S2,-1302651.087159,-6747256.218033,-940508.407514,24560.000000,0,false,
SAT_P1_S2,-1134209.178353,-6740496.181882,-1178395.641321,24600.000000,0,false,
SAT_P1_S2,-963532.953829,-6721886.927716,-1414022.245814,24640.000000,0,false,
SAT_P1_S2,-790878.805751,-6691478.224189,-1646936.619238,24680.000000,0,false,
SAT_P1_S2,-616507.149005,-6649340.906219,-1876692.537852,24720.000000,0,false,
SAT_P1_S2,-440682.042369,-6595566.734842,-2102850.025609,24760.000000,0,false,
SAT_P1_S2,-263670.791495,-6530268.147960,-2324976.196524,24800.000000,0,false,
SAT_P1_S2,-85743.546540,-6453577.979526,-2542646.082189,24840.000000,0,false,
SAT_P1_S2,92827.096363,-6365649.190112,-2755443.449622,24880.000000,0,false,
SAT_P1_S2,271766.504138,-6266654.537087,-2962961.598009,24920.000000,0,false,
SAT_P1_S2,450798.418340,-6156786.194026,-3164804.126133,24960.000000,0,false,
SAT_P1_S2,629645.370725,-6036255.336992,-3360585.678506,25000.000000,0,false,
SAT_P1_S2,808029.102409,-5905291.728540,-3549932.682029,25040.000000,0,false,
SAT_P1_S2,985670.984913,-5764143.285575,-3732484.064603,25080.000000,0,false,
SAT_P1_S2,1162292.443077,-5613075.512124,-3907891.901868,25120.000000,0,false,
SAT_P1_S2,1337615.379420,-5452371.007820,-4075822.082624,25160.000000,0,false,
SAT_P1_S2,1511362.601933,-5282328.913449,-4235954.933966,25200.000000,0,false,
SAT_P1_S2,1683258.248629,-5103264.323052,-4387985.809875,25240.000000,0,false,
SAT_P1_S2,1853028.208435,-4915507.659798,-4531625.640571,25280.000000,0,false,
SAT_P1_S2,2020400.544035,-4719404.040469,-4666601.459809,25320.000000,0,false,
SAT_P1_S2,2185105.920681,-4515312.650882,-4792656.924829,25360.000000,0,false,
SAT_P1_S2,2346878.016875,-4303606.047386,-4909552.760937,25400.000000,0,false,
SAT_P1_S2,2505453.933380,-4084669.443930,-5017067.176812,25440.000000,0,false,
SAT_P1_S2,2660574.607876,-3858900.018939,-5114996.275195,25480.000000,0,false,
SAT_P1_S2,2811985.221624,-3626706.186530,-5203154.417125,25520.000000,0,false,
SAT_P1_S2,2959435.594089,-3388506.844956,-5281374.539532,25560.000000,0,false,
SAT_P1_S2,3102680.573359,-3144730.612129,-5349508.440471,25600.000000,0,false,
SAT_P1_S2,3241480.433563,-2895815.067437,-5407427.055255,25640.000000,0,false,
SAT_P1_S2,3375601.272538,-2642205.992631,-5455020.711552,25680.000000,0,false,
SAT_P1_S2,3504815.364657,-2384356.538767,-5492199.270524,25720.000000,0,false,
SAT_P1_S2,3628901.547542,-2122726.448419,-5518892.315599,25760.000000,0,false,
SAT_P1_S2,3747645.593030,-1857781.244929,-5535049.283071,25800.000000,0,false,
SAT_P1_S2,3860840.565636,-1589991.413517,-5540639.550593,25840.000000,0,false,
SAT_P1_S2,3968287.166460,-1319831.572548,-5535652.479858,25880.000000,0,false,
SAT_P1_S2,4069794.077984,-1047779.643347,-5520097.436441,25920.000000,0,false,
SAT_P1_S2,4165178.322865,-774316.026849,-5494003.806890,25960.000000,0,false,
SAT_P1_S2,4254265.575776,-499922.761744,-5457420.925331,26000.000000,0,false,
SAT_P1_S2,4336890.471983,-225082.682476,-5410417.972605,26040.000000,0,false,
SAT_P1_S2,4412896.923903,49721.410361,-5353083.868273,26080.000000,0,false,
SAT_P1_S2,4482138.420173,324007.586320,-5285527.114752,26120.000000,0,false,
SAT_P1_S2,4544478.312451,597295.616154,-5207875.606399,26160.000000,0,false,
SAT_P1_S2,4599790.079093,869107.798368,-5120276.390407,26200.000000,0,false,
SAT_P1_S2,4647957.584307,1138969.781905,-5022895.402290,26240.000000,0,false,
SAT_P1_S2,4688875.351789,1406411.385166,-4915917.199252,26280.000000,0,false,
SAT_P1_S2,4722448.801808,1670967.405936,-4799544.632594,26320.000000,0,false,
SAT_P1_S2,4748594.447570,1932178.424080,-4673998.453750,26360.000000,0,false,
SAT_P1_S2,4767240.128366,2189591.598253,-4539516.947704,26400.000000,0,false,
SAT_P1_S2,4778325.208681,2442761.457617,-4396355.507503,26440.000000,0,false,
SAT_P1_S2,4781800.751420,2691250.674286,-4244786.168005,26480.000000,0,false,
SAT_P1_S2,4777629.671138,2934630.822105,-4085097.103577,26520.000000,0,false,
SAT_P1_S2,4765786.887521,3172483.132198,-3917592.108777,26560.000000,0,false,
SAT_P1_S2,4746259.482808,3404399.245228,-3742590.066530,26600.000000,0,false,
SAT_P1_S2,4719046.766877,3629981.903274,-3560424.320632,26640.000000,0,false,
SAT_P1_S2,4684160.380004,3848845.655294,-3371442.068831,26680.000000,0,false,
SAT_P1_S2,4641624.369698,4060617.540402,-3176003.720003,26720.000000,0,false,
SAT_P1_S2,4591475.238685,4264937.741797,-2974482.217242,26760.000000,0,false,
SAT_P1_S2,4533761.961701,4461460.206860,-2767262.328056,26800.000000,0,false,
SAT_P1_S2,4468545.988925,4649853.249488,-2554739.914609,26840.000000,0,false,
SAT_P1_S2,4395901.256536,4829800.151616,-2337321.198900,26880.000000,0,false,
SAT_P1_S2,4315914.151446,5000999.714557,-2115421.990209,26920.000000,0,false,
SAT_P1_S2,4228683.424653,5163166.758234,-1889466.871530,26960.000000,0,false,
SAT_P1_S2,4134320.136795,5316032.638818,-1659888.402458,27000.000000,0,false,
SAT_P1_S2,4032947.558751,5459345.721985,-1427126.285913,27040.000000,0,false,
SAT_P1_S2,3924701.041708,5592871.810811,-1191626.517550,27080.000000,0,false,
SAT_P1_S2,3809727.860806,5716394.537538,-953840.518733,27120.000000,0,false,
SAT_P1_S2,3688187.050160,5829715.743898,-714224.260161,27160.000000,0,false,
SAT_P1_S2,3560249.233459,5932655.853362,-473237.379481,27200.000000,0,false,
SAT_P1_S2,3426096.368671,6025054.115163,-231342.272073,27240.000000,0,false,
SAT_P1_S2,3285921.518744,6106768.882029,10996.810766,27280.000000,0,false,
SAT_P1_S2,3139928.593839,6177677.842473,253314.671607,27320.000000,0,false,
SAT_P1_S2,2988332.065744,6237678.202331,495146.078926,27360.000000,0,false,
SAT_P1_S2,2831356.654718,6286686.812606,736026.677554,27400.000000,0,false,
SAT_P1_S2,2669237.001881,6324640.268914,975493.897025,27440.000000,0,false,
SAT_P1_S2,2502217.342839,6351495.010263,1213087.856857,27480.000000,0,false,
SAT_P1_S2,2330551.147110,6367227.345659,1448352.262836,27520.000000,0,false,
SAT_P1_S2,2154500.718755,6371833.405202,1680835.295171,27560.000000,0,false,
SAT_P1_S2,1974336.818860,6365329.126593,1910090.489411,27600.000000,0,false,
SAT_P1_S2,1790338.253821,6347750.178647,2135677.610281,27640.000000,0,false,
SAT_P1_S2,1602791.445258,6319151.833801,2357163.506060,27680.000000,0,false,
SAT_P1_S2,1411989.982265,6279608.799842,2574122.947937,27720.000000,0,false,
SAT_P1_S2,1218234.164785,6229215.041235,2786139.463318,27760.000000,0,false,
SAT_P1_S2,1021830.541217,6168083.596162,2992806.163117,27800.000000,0,false,
SAT_P1_S2,823091.402891,6096346.250945,3193726.511130,27840.000000,0,false,
SAT_P1_S2,622334.288417,6014153.261883,3388515.101009,27880.000000,0,false,
SAT_P1_S2,419881.471781,5921673.031411,3576798.407595,27920.000000,0,false,
SAT_P1_S2,216059.438514,5819091.737791,3758215.505780,27960.000000,0,false,
SAT_P1_S2,11198.352738,5706612.918540,3932418.752565,28000.000000,0,false,
SAT_P1_S2,-194368.482234,5584457.032403,4099074.445191,28040.000000,0,false,
SAT_P1_S2,-400305.165574,5452861.027761,4257863.469464,28080.000000,0,false,
SAT_P1_S2,-606273.746059,5312077.852037,4408481.896018,28120.000000,0,false,
SAT_P1_S2,-811934.777422,5162375.901231,4550641.525682,28160.000000,0,false,
SAT_P1_S2,-1016947.868439,5004038.510398,4684070.438408,28200.000000,0,false,
SAT_P1_S2,-1220972.241110,4837363.395694,4808513.498462,28240.000000,0,false,
SAT_P1_S2,-1423667.288697,4662662.078103,4923732.826704,28280.000000,0,false,
SAT_P1_S2,-1624693.132411,4480259.273584,5029508.227210,28320.000000,0,false,
SAT_P1_S2,-1823711.181780,4290492.272585,5125637.589698,28360.000000,0,false,
SAT_P1_S2,-2020384.703233,4093710.332521,5211937.289695,28400.000000,0,false,
SAT_P1_S2,-2214379.382034,3890274.025851,5288242.527959,28440.000000,0,false,
SAT_P1_S2,-2405363.877678,3680554.536992,5354407.603279,28480.000000,0,false,
SAT_P1_S2,-2593010.391047,3464933.004406,5410306.209030,28520.000000,0,false,
SAT_P1_S2,-2776995.227423,3243799.819705,5455831.671138,28560.000000,0,false,
SAT_P1_S2,-2956999.348387,3017553.908808,5490897.137454,28600.000000,0,false,
SAT_P1_S2,-3132708.917496,2786601.998314,5515435.725950,28640.000000,0,false,
SAT_P1_S2,-3303815.850757,2551357.882991,5529400.655453,28680.000000,0,false,
SAT_P1_S2,-3470018.372723,2312241.699686,5532765.363688,28720.000000,0,false,
SAT_P1_S2,-3631021.522126,2069679.144680,5525523.503659,28760.000000,0,false,
SAT_P1_S2,-3786537.681801,1824100.724025,5507688.967547,28800.000000,0,false,
SAT_P1_S2,-3936287.097993,1575940.993342,5479295.867258,28840.000000,0,false,
SAT_P1_S2,-4079998.383465,1325637.790213,5440398.467938,28880.000000,0,false,
SAT_P1_S2,-4217409.000615,1073631.461049,5391071.072054,28920.000000,0,false,
SAT_P1_S2,-4348265.740193,820364.089171,5331407.876371,28960.000000,0,false,
SAT_P1_S2,-4472325.212431,566278.732691,5261522.826820,29000.000000,0,false,
SAT_P1_S2,-4589354.304325,311818.655168,5181549.408429,29040.000000,0,false,
SAT_P1_S2,-4699130.599487,57426.545310,5091640.364050,29080.000000,0,false,
SAT_P1_S2,-4801442.829913,-196456.240355,4991967.443212,29120.000000,0,false,
SAT_P1_S2,-4896091.297417,-449390.444292,4882721.089277,29160.000000,0,false,
SAT_P1_S2,-4982888.268054,-700939.666530,4764110.082440,29200.000000,0,false,
SAT_P1_S2,-5061658.346609,-950671.117858,4636361.144611,29240.000000,0,false,
SAT_P1_S2,-5132238.852347,-1198156.368932,4499718.528369,29280.000000,0,false,
SAT_P1_S2,-5194480.199672,-1442972.093696,4354443.595237,29320.000000,0,false,
SAT_P1_S2,-5248246.182088,-1684700.794338,4200814.284888,29360.000000,0,false,
SAT_P1_S2,-5293414.295594,-1922931.522173,4039124.610880,29400.000000,0,false,
SAT_P1_S2,-5329876.035677,-2157260.588710,3869684.116705,29440.000000,0,false,
SAT_P1_S2,-5357537.162426,-2387292.260309,3692817.292497,29480.000000,0,false,
SAT_P1_S2,-5376317.929888,-2612639.432035,3508862.952862,29520.000000,0,false,
SAT_P1_S2,-5386153.300397,-2832924.289593,3318173.591253,29560.000000,0,false,
SAT_P1_S2,-5386993.167243,-3047778.968060,3121114.728614,29600.000000,0,false,
SAT_P1_S2,-5378802.523191,-3256846.178338,2918064.215297,29640.000000,0,false,
SAT_P1_S2,-5361561.568292,-3459779.800155,2709411.482135,29680.000000,0,false,
SAT_P1_S2,-5335265.854643,-3656245.480399,2495556.811406,29720.000000,0,false,
SAT_P1_S2,-5299926.379421,-3845921.202331,2276910.564303,29760.000000,0,false,
SAT_P1_S2,-5255569.638893,-4028497.820677,2053892.383732,29800.000000,0,false,
SAT_P1_S2,-5202237.650275,-4203679.569623,1826930.375182,29840.000000,0,false,
SAT_P1_S2,-5139987.965511,-4371184.560634,1596460.277487,29880.000000,0,false,
SAT_P1_S2,-5068893.682260,-4530745.272021,1362924.627792,29920.000000,0,false,
SAT_P1_S2,-4989043.340260,-4682108.947140,1126771.876963,29960.000000,0,false,
SAT_P1_S2,-4900540.854677,-4825038.012504,888455.519691,30000.000000,0,false,
SAT_P1_S2,-4803505.412508,-4959310.462695,648433.208253,30040.000000,0,false,
SAT_P1_S2,-4698071.329778,-5084720.205320,407165.854915,30080.000000,0,false,
SAT_P1_S2,-4584387.868188,-5201077.361790,165116.726818,30120.000000,0,false,
SAT_P1_S2,-4462619.030510,-5308208.544314,-77249.463032,30160.000000,0,false,
SAT_P1_S2,-4332943.357182,-5405957.130958,-319467.464056,30200.000000,0,false,
SAT_P1_S2,-4195553.669190,-5494183.479034,-561072.398755,30240.000000,0,false,
SAT_P1_S2,-4050656.751187,-5572765.073108,-801600.676143,30280.000000,0,false,
SAT_P1_S2,-3898473.065905,-5641596.698982,-1040590.894400,30320.000000,0,false,
SAT_P1_S2,-3739236.418114,-5700590.562612,-1277584.743957,30360.000000,0,false,
SAT_P1_S2,-3573193.585954,-5749676.362161,-1512127.898250,30400.000000,0,false,
SAT_P1_S2,-3400603.924348,-5788801.322873,-1743770.894342,30440.000000,0,false,
SAT_P1_S2,-3221738.959327,-5817930.221530,-1972070.007087,30480.000000,0,false,
SAT_P1_S2,-3036881.978752,-5837045.405934,-2196588.115687,30520.000000,0,false,
SAT_P1_S2,-2846327.537552,-5846146.688966,-2416895.535381,30560.000000,0,false,
SAT_P1_S2,-2650380.990661,-5845251.282577,-2632570.847156,30600.000000,0,false,
SAT_P1_S2,-2449357.997983,-5834393.692347,-2843201.709828,30640.000000,0,false,
SAT_P1_S2,-2243584.003784,-5813625.568946,-3048385.647548,30680.000000,0,false,
SAT_P1_S2,-2033393.692364,-5783015.514673,-3247730.807954,30720.000000,0,false,
SAT_P1_S2,-1819130.430545,-5742648.869214,-3440856.701274,30760.000000,0,false,
SAT_P1_S2,-1601145.710005,-5692627.501364,-3627394.931443,30800.000000,0,false,
SAT_P1_S2,-1379798.562970,-5633069.540477,-3806989.884506,30840.000000,0,false,
SAT_P1_S2,-1155454.947653,-5564109.043204,-3979299.372064,30880.000000,0,false,
SAT_P1_S2,-928487.152820,-5485895.703061,-4143995.279056,30920.000000,0,false,
SAT_P1_S2,-699273.177505,-5398594.508206,-4300764.172202,30960.000000,0,false,
SAT_P1_S2,-468196.101156,-5302385.364501,-4449307.868394,31000.000000,0,false,
SAT_P1_S2,-235643.444235,-5197462.692521,-4589343.970122,31040.000000,0,false,
SAT_P1_S2,-2006.525058,-5084035.024961,-4720606.386415,31080.000000,0,false,
SAT_P1_S2,232320.184304,-4962324.611091,-4842845.842597,31120.000000,0,false,
SAT_P1_S2,466939.725487,-4832566.914138,-4955830.292301,31160.000000,0,false,
SAT_P1_S2,701453.312884,-4695010.159418,-5059345.348498,31200.000000,0,false,
SAT_P1_S2,935461.002094,-4549914.856048,-5153194.677850,31240.000000,0,false,
SAT_P1_S2,1168562.362205,-4397553.292366,-5237200.352656,31280.000000,0,false,
SAT_P1_S2,1400357.147911,-4238209.005436,-5311203.156514,31320.000000,0,false,
SAT_P1_S2,1630445.974985,-4072176.242574,-5375062.863372,31360.000000,0,false,
SAT_P1_S2,1858431.001749,-3899759.435610,-5428658.511765,31400.000000,0,false,
SAT_P1_S2,2083916.603635,-3721272.639056,-5471888.616241,31440.000000,0,false,
SAT_P1_S2,2306510.040945,-3537038.927753,-5504671.311450,31480.000000,0,false,
SAT_P1_S2,2525822.133564,-3347389.836281,-5526944.519419,31520.000000,0,false,
SAT_P1_S2,2741467.930669,-3152664.766760,-5538666.059893,31560.000000,0,false,
SAT_P1_S2,2953067.368653,-2953210.383071,-5539813.714086,31600.000000,0,false,
SAT_P1_S2,3160245.922283,-2749379.995208,-5530385.250216,31640.000000,0,false,
SAT_P1_S2,3362635.259488,-2541532.949488,-5510398.435696,31680.000000,0,false,
SAT_P1_S2,3559873.900872,-2330034.029191,-5479891.041563,31720.000000,0,false,
SAT_P1_S2,3751607.833249,-2115252.797992,-5438920.726614,31760.000000,0,false,
SAT_P1_S2,3937491.148723,-1897562.980711,-5387564.958984,31800.000000,0,false,
SAT_P1_S2,4117186.663297,-1677341.828573,-5325920.881612,31840.000000,0,false,
SAT_P1_S2,4290366.534978,-1454969.480989,-5254105.151334,31880.000000,0,false,
SAT_P1_S2,4456712.859733,-1230828.322100,-5172253.730473,31920.000000,0,false,
SAT_P1_S2,4615918.249494,-1005302.333221,-5080521.636027,31960.000000,0,false,
SAT_P1_S2,4767686.410177,-778776.447717,-4979082.669042,32000.000000,0,false,
SAT_P1_S2,4911732.730231,-551635.913390,-4868129.138468,32040.000000,0,false,
SAT_P1_S2,5047784.796299,-324265.640236,-4747871.484019,32080.000000,0,false,
SAT_P1_S2,5175582.920218,-97049.558465,-4618537.897985,32120.000000,0,false,
SAT_P1_S2,5294880.662143,129630.017727,-4480373.928141,32160.000000,0,false,
SAT_P1_S2,5405445.323564,355393.025421,-4333642.034460,32200.000000,0,false,
SAT_P1_S2,5507058.406938,579862.281478,-4178621.103399,32240.000000,0,false,
SAT_P1_S2,5599516.059421,802664.105752,-4015605.934326,32280.000000,0,false,
SAT_P1_S2,5682629.523919,1023428.939197,-3844906.718393,32320.000000,0,false,
SAT_P1_S2,5756225.563726,1241791.953541,-3666848.484467,32360.000000,0,false,
SAT_P1_S2,5820146.796786,1457393.651501,-3481770.459475,32400.000000,0,false,
SAT_P1_S2,5874252.087295,1669880.460535,-3290025.467761,32440.000000,0,false,
SAT_P1_S2,5918416.883272,1878905.320917,-3091979.273524,32480.000000,0,false,
SAT_P1_S2,5952533.517243,2084128.257036,-2888009.893275,32520.000000,0,false,
SAT_P1_S2,5976511.469246,2285216.933744,-2678506.876959,32560.000000,0,false,
SAT_P1_S2,5990277.617543,2481847.206468,-2463870.571281,32600.000000,0,false,
SAT_P1_S2,5993776.492640,2673703.669245,-2244511.374491,32640.000000,0,false,
SAT_P1_S2,5986970.419205,2860480.155643,-2020848.932548,32680.000000,0,false,
SAT_P1_S2,5969839.663704,3041880.236755,-1793311.332389,32720.000000,0,false,
SAT_P1_S2,5942382.566372,3217617.707574,-1562334.283482,32760.000000,0,false,
SAT_P1_S2,5904615.623039,3387417.046627,-1328360.275438,32800.000000,0,false,
SAT_P1_S2,5856573.517889,3551013.845297,-1091837.718137,32840.000000,0,false,
SAT_P1_S2,5798309.127261,3708155.218386,-853220.070243,32880.000000,0,false,
SAT_P1_S2,5729893.522154,3858600.210089,-612964.964750,32920.000000,0,false,
SAT_P1_S2,5651415.932901,4002120.173605,-371533.325183,32960.000000,0,false,
SAT_P1_S2,5562983.602882,4138499.087003,-129388.454460,33000.000000,0,false,
SAT_P1_S2,5464721.702771,4267533.895767,113004.858042,33040.000000,0,false,
SAT_P1_S2,5356773.175327,4389034.816696,355181.247321,33080.000000,0,false,
SAT_P1_S2,5239298.538750,4502825.608445,596675.682628,33120.000000,0,false,
SAT_P1_S2,5112475.647090,4608743.810184,837024.377551,33160.000000,0,false,
SAT_P1_S2,4976499.432200,4706640.968958,1075765.701169,33200.000000,0,false,
SAT_P1_S2,4831581.643114,4796382.867735,1312441.089789,33240.000000,0,false,
SAT_P1_S2,4677950.478468,4877849.662361,1546595.943248,33280.000000,0,false,
SAT_P1_S2,4515850.221042,4950936.021803,1777780.517481,33320.000000,0,false,
SAT_P1_S2,4345540.855319,5015551.254318,2005550.809734,33360.000000,0,false,
SAT_P1_S2,4167297.638729,5071619.391704,2229469.428691,33400.000000,0,false,
SAT_P1_S2,3981410.632549,5119079.231896,2449106.443357,33440.000000,0,false,
SAT_P1_S2,3788184.207825,5157884.357776,2664040.216732,33480.000000,0,false,
SAT_P1_S2,3587936.548402,5188003.155544,2873858.231750,33520.000000,0,false,
SAT_P1_S2,3380999.126127,5209418.801435,3078157.894422,33560.000000,0,false,
SAT_P1_S2,3167716.093879,5222129.158280,3276547.290402,33600.000000,0,false,
SAT_P1_S2,2948443.726248,5226146.724897,3468645.949692,33640.000000,0,false,
SAT_P1_S2,2723549.809129,5221498.533147,3654085.580476,33680.000000,0,false,
SAT_P1_S2,2493413.006199,5208226.012106,3832510.770126,33720.000000,0,false,
SAT_P1_S2,2258422.200428,5186384.820324,4003579.654614,33760.000000,0,false,
SAT_P1_S2,2018975.824597,5156044.671293,4166964.572423,33800.000000,0,false,
SAT_P1_S2,1775481.190738,5117289.167855,4322352.712429,33840.000000,0,false,
SAT_P1_S2,1528353.764470,5070215.540073,4469446.678395,33880.000000,0,false,
SAT_P1_S2,1278016.443517,5014934.401626,4607965.051617,33920.000000,0,false,
SAT_P1_S2,1024898.827093,4951569.489633,4737642.922657,33960.000000,0,false,
SAT_P1_S2,769436.467762,4880257.381542,4858232.390425,34000.000000,0,false,
SAT_P1_S2,512070.112421,4801147.182250,4969503.015672,34040.000000,0,false,
SAT_P1_S2,253244.932972,4714400.185609,5071242.232484,34080.000000,0,false,
SAT_P1_S2,-6590.247035,4620189.533949,5163255.738975,34120.000000,0,false,
SAT_P1_S2,-266983.724350,4518699.891464,5245367.880933,34160.000000,0,false,
SAT_P1_S2,-527481.705229,4410127.038445,5317421.938354,34200.000000,0,false,
SAT_P1_S2,-787629.091951,4294677.482128,5379280.406290,34240.000000,0,false,
SAT_P1_S2,-1046970.269995,4172568.071021,5430825.258214,34280.000000,0,false,
SAT_P1_S2,-1305049.900836,4044025.583087,5471958.162213,34320.000000,0,false,
SAT_P1_S2,-1561413.711882,3909286.292158,5502600.648090,34360.000000,0,false,
SAT_P1_S2,-1815609.288350,3768595.526043,5522694.243994,34400.000000,0,false,
SAT_P1_S2,-2067186.871182,3622207.235958,5532200.607675,34440.000000,0,false,
SAT_P1_S2,-2315700.152712,3470383.554131,5531101.619932,34480.000000,0,false,
SAT_P1_S2,-2560707.056868,3313394.285028,5519399.367671,34520.000000,0,false,
SAT_P1_S2,-2801770.532085,3151516.454229,5497116.178800,34560.000000,0,false,
SAT_P1_S2,-3038459.338167,2985033.821108,5464294.587341,34600.000000,0,false,
SAT_P1_S2,-3270348.819644,2814236.381110,5420997.253650,34640.000000,0,false,
SAT_P1_S2,-3497021.666684,2639419.855962,5367306.838516,34680.000000,0,false,
SAT_P1_S2,-3718068.675879,2460885.185650,5303325.855175,34720.000000,0,false,
SAT_P1_S2,-3933089.517856,2278938.031984,5229176.515076,34760.000000,0,false,
SAT_P1_S2,-4141693.450817,2093888.240585,5145000.466707,34800.000000,0,false,
SAT_P1_S2,-4343500.038692,1906049.316409,5050958.529909,34840.000000,0,false,
SAT_P1_S2,-4538139.865433,1715737.905377,4947230.411906,34880.000000,0,false,
SAT_P1_S2,-4725255.223971,1523273.265999,4834014.373133,34920.000000,0,false,
SAT_P1_S2,-4904500.774636,1328976.736662,4711526.846390,34960.000000,0,false,
SAT_P1_S2,-5075544.188300,1133171.203539,4580002.025980,35000.000000,0,false,
SAT_P1_S2,-5238066.794074,936180.577596,4439691.450099,35040.000000,0,false,
SAT_P1_S2,-5391764.203664,738329.272863,4290863.549525,35080.000000,0,false,
SAT_P1_S2,-5536346.854408,539941.663060,4133803.099133,35120.000000,0,false,
SAT_P1_S2,-5671540.601014,341341.567853,3968810.716996,35160.000000,0,false,
SAT_P1_S2,-5797087.261366,142851.727971,3796202.302256,35200.000000,0,false,
SAT_P1_S2,-5912745.127241,-55206.714083,3616308.439259,35240.000000,0,false,
SAT_P1_S2,-6018289.439839,-252514.729879,3429473.766194,35280.000000,0,false,
SAT_P1_S2,-6113512.855875,-448755.916855,3236056.325665,35320.000000,0,false,
SAT_P1_S2,-6198225.920547,-643617.004676,3036426.909089,35360.000000,0,false,
SAT_P1_S2,-6272257.430715,-836788.354619,2830968.325226,35400.000000,0,false,
SAT_P1_S2,-6335454.802439,-1027964.452094,2620074.665007,35440.000000,0,false,
SAT_P1_S2,-6387684.426023,-1216844.392101,2404150.552686,35480.000000,0,false,
SAT_P1_S2,-6428831.969046,-1403132.355395,2183610.362768,35520.000000,0,false,
SAT_P1_S2,-6458802.626699,-1586538.069534,1958877.410977,35560.000000,0,false,
SAT_P1_S2,-6477521.340010,-1766777.259758,1730383.127133,35600.000000,0,false,
SAT_P1_S2,-6484933.010621,-1943572.094767,1498566.221836,35640.000000,0,false,
SAT_P1_S2,-6481002.674482,-2116651.617329,1263871.837448,35680.000000,0,false,
SAT_P1_S2,-6465715.551870,-2285752.143243,1026750.656745,35720.000000,0,false,
SAT_P1_S2,-6439077.160538,-2450617.666389,787658.034947,35760.000000,0,false,
SAT_P1_S2,-6401113.354227,-2611000.243673,547053.106564,35800.000000,0,false,
SAT_P1_S2,-6351870.312696,-2766660.358043,305397.885983,35840.000000,0,false,
SAT_P1_S2,-6291414.482483,-2917367.261013,63156.361162,35880.000000,0,false,
SAT_P1_S2,-6219832.498682,-3062899.306621,-179206.415172,35920.000000,0,false,
SAT_P1_S2,-6137231.108219,-3203044.283864,-421225.233137,35960.000000,0,false,
SAT_P1_S2,-6043736.964175,-3337599.693164,-662435.639701,36000.000000,0,false,
SAT_P1_S3,6919534.226442,-344676.107198,-18076.531460,0.000000,0,false,
SAT_P1_S3,6920838.381224,-182200.929697,-260295.199109,40.000000,0,false,
SAT_P1_S3,6909861.170365,-19349.238688,-502012.624428,80.000000,0,false,
SAT_P1_S3,6886625.282313,143639.227687,-742763.417667,120.000000,0,false,
SAT_P1_S3,6851175.546037,306524.285919,-982084.078435,160.000000,0,false,
SAT_P1_S3,6803578.842762,469065.645114,-1219513.899415,200.000000,0,false,
SAT_P1_S3,6743923.975872,631023.245141,-1454595.863534,240.000000,0,false,
SAT_P1_S3,6672321.476555,792157.593003,-1686877.528663,280.000000,0,false,
SAT_P1_S3,6588903.375380,952230.099526,-1915911.903772,320.000000,0,false,
SAT_P1_S3,6493822.972578,1111003.417933,-2141258.320977,360.000000,0,false,
SAT_P1_S3,6387254.557077,1268241.778923,-2362483.290891,400.000000,0,false,
SAT_P1_S3,6269393.003766,1423711.318692,-2579161.327338,440.000000,0,false,
SAT_P1_S3,6140453.438853,1577180.411145,-2790875.774659,480.000000,0,false,
SAT_P1_S3,6000670.827196,1728419.997000,-2997219.612504,520.000000,0,false,
SAT_P1_S3,5850299.514809,1877203.904632,-3197796.233051,560.000000,0,false,
SAT_P1_S3,5689612.727966,2023309.164790,-3392220.192390,600.000000,0,false,
SAT_P1_S3,5518902.058361,2166516.326381,-3580117.948276,640.000000,0,false,
SAT_P1_S3,5338476.951781,2306609.776421,-3761128.590243,680.000000,0,false,
SAT_P1_S3,5148664.079341,2443378.030435,-3934904.500403,720.000000,0,false,
SAT_P1_S3,4949806.727959,2576614.030564,-4101112.010751,760.000000,0,false,
SAT_P1_S3,4742264.175019,2706115.442196,-4259432.039988,800.000000,0,false,
SAT_P1_S3,4526411.020897,2831684.939811,-4409560.692983,840.000000,0,false,
SAT_P1_S3,4302636.485202,2953130.478917,-4551209.818491,880.000000,0,false,
SAT_P1_S3,4071343.684177,3070265.564326,-4684107.540343,920.000000,0,false,
SAT_P1_S3,3832948.913189,3182909.526696,-4807998.781124,960.000000,0,false,
SAT_P1_S3,3587880.901630,3290887.786952,-4922645.746072,1000.000000,0,false,
SAT_P1_S3,3336579.990608,3394032.083185,-5027828.324588,1040.000000,0,false,
SAT_P1_S3,3079497.367326,3492180.730050,-5123344.522816,1080.000000,0,false,
SAT_P1_S3,2817094.251431,3585178.858403,-5209010.841361,1120.000000,0,false,
SAT_P1_S3,2549841.064310,3672878.640552,-5284662.609582,1160.000000,0,false,
SAT_P1_S3,2278216.580118,3755139.503282,-5350154.278725,1200.000000,0,false,
SAT_P1_S3,2002707.073080,3831828.344689,-5405359.697309,1240.000000,0,false,
SAT_P1_S3,1723805.470459,3902819.763321,-5450172.381714,1280.000000,0,false,
SAT_P1_S3,1442010.454993,3967996.228645,-5484505.677608,1320.000000,0,false,
SAT_P1_S3,1157825.581408,4027248.270999,-5508292.926815,1360.000000,0,false,
SAT_P1_S3,871758.389371,4080474.670884,-5521487.609835,1400.000000,0,false,
SAT_P1_S3,584319.503075,4127582.629868,-5524063.438530,1440.000000,0,false,
SAT_P1_S3,296021.725585,4168487.921711,-5516014.398398,1480.000000,0,false,
SAT_P1_S3,7379.130284,4203115.037984,-5497354.759655,1520.000000,0,false,
SAT_P1_S3,-281093.844782,4231397.350426,-5468119.087485,1560.000000,0,false,
SAT_P1_S3,-568883.307048,4253277.237270,-5428362.180306,1600.000000,0,false,
SAT_P1_S3,-855476.820130,4268706.189189,-5378158.957514,1640.000000,0,false,
SAT_P1_S3,-1140364.309902,4277644.934058,-5317604.349378,1680.000000,0,false,
SAT_P1_S3,-1423038.969427,4280063.540159,-5246813.135258,1720.000000,0,false,
SAT_P1_S3,-1702998.154474,4275941.496617,-5165919.730937,1760.000000,0,false,
SAT_P1_S3,-1979744.274426,4265267.785911,-5075077.943613,1800.000000,0,false,
SAT_P1_S3,-2252785.683351,4248040.967846,-4974460.718763,1840.000000,0,false,
SAT_P1_S3,-2521637.560890,4224269.250731,-4864259.850097,1880.000000,0,false,
SAT_P1_S3,-2785822.765654,4193970.492763,-4744685.583658,1920.000000,0,false,
SAT_P1_S3,-3044872.697712,4157172.259450,-4615966.270811,1960.000000,0,false,
SAT_P1_S3,-3298328.145568,4113911.843368,-4478347.955149,2000.000000,0,false,
SAT_P1_S3,-3545740.110909,4064236.265446,-4332093.920305,2040.000000,0,false,
SAT_P1_S3,-3786670.612488,4008202.256246,-4177484.197181,2080.000000,0,false,
SAT_P1_S3,-4020693.483725,3945876.235568,-4014815.051356,2120.000000,0,false,
SAT_P1_S3,-4247395.172599,3877334.302800,-3844398.464797,2160.000000,0,false,
SAT_P1_S3,-4466375.474935,3802662.159383,-3666561.528199,2200.000000,0,false,
SAT_P1_S3,-4677248.267066,3721955.040672,-3481645.828311,2240.000000,0,false,
SAT_P1_S3,-4879642.229714,3635317.647233,-3290006.819438,2280.000000,0,false,
SAT_P1_S3,-5073201.537767,3542864.049108,-3092013.152098,2320.000000,0,false,
SAT_P1_S3,-5257586.508801,3444717.565817,-2888045.965851,2360.000000,0,false,
SAT_P1_S3,-5432474.227815,3341010.632995,-2678498.156208,2400.000000,0,false,
SAT_P1_S3,-5597559.170914,3231884.672203,-2463773.630701,2440.000000,0,false,
SAT_P1_S3,-5752553.795189,3117489.944219,-2244286.538921,2480.000000,0,false,
SAT_P1_S3,-5897189.023598,2997985.336777,-2020460.436932,2520.000000,0,false,
SAT_P1_S3,-6031214.779843,2873538.194394,-1792727.478609,2560.000000,0,false,
SAT_P1_S3,-6154400.458624,2744324.109212,-1561527.565202,2600.000000,0,false,
SAT_P1_S3,-6266535.346740,2610526.693364,-1327307.476612,2640.000000,0,false,
SAT_P1_S3,-6367428.994568,2472337.331111,-1090519.983955,2680.000000,0,false,
SAT_P1_S3,-6456911.566473,2329954.923549,-851622.952111,2720.000000,0,false,
SAT_P1_S3,-6534834.188331,2183585.635279,-611078.439096,2760.000000,0,false,
SAT_P1_S3,-6601069.166794,2033442.591359,-369351.768717,2800.000000,0,false,
SAT_P1_S3,-6655510.204428,1879745.576468,-126910.604367,2840.000000,0,false,
SAT_P1_S3,-6698072.595511,1722720.730311,115775.978158,2880.000000,0,false,
SAT_P1_S3,-6728693.359915,1562600.222757,358238.424479,2920.000000,0,false,
SAT_P1_S3,-6747331.314909,1399621.913607,600007.634082,2960.000000,0,false,
SAT_P1_S3,-6753967.109116,1234029.002381,840615.891413,3000.000000,0,false,
SAT_P1_S3,-6748603.251604,1066069.677298,1079597.794639,3040.000000,0,false,
SAT_P1_S3,-6731264.095817,895996.755245,1316491.177872,3080.000000,0,false,
SAT_P1_S3,-6701995.684369,724067.287509,1550838.023498,3120.000000,0,false,
SAT_P1_S3,-6660865.666352,550542.186917,1782185.367816,3160.000000,0,false,
SAT_P1_S3,-6607963.131287,375685.833655,2010086.198517,3200.000000,0,false,
SAT_P1_S3,-6543398.391840,199765.675511,2234100.333192,3240.000000,0,false,
SAT_P1_S3,-6467302.714528,23051.820748,2453795.279326,3280.000000,0,false,
SAT_P1_S3,-6379828.031043,-154183.373715,2668747.083646,3320.000000,0,false,
SAT_P1_S3,-6281146.652131,-331665.715914,2878541.175143,3360.000000,0,false,
SAT_P1_S3,-6171450.851060,-509119.601786,3082773.157375,3400.000000,0,false,
SAT_P1_S3,-6050952.451390,-686268.439209,3281049.590753,3440.000000,0,false,
SAT_P1_S3,-5919882.403233,-862835.073813,3472988.758875,3480.000000,0,false,
SAT_P1_S3,-5778490.304663,-1038542.217982,3658221.402194,3520.000000,0,false,
SAT_P1_S3,-5627043.874931,-1213112.877735,3836391.413821,3560.000000,0,false,
SAT_P1_S3,-5465828.400993,-1386270.780779,4007156.508997,3600.000000,0,false,
SAT_P1_S3,-5295146.187736,-1557740.808472,4170188.883387,3640.000000,0,false,
SAT_P1_S3,-5115315.979053,-1727249.425262,4325175.838510,3680.000000,0,false,
SAT_P1_S3,-4926672.268810,-1894525.096929,4471820.329011,3720.000000,0,false,
SAT_P1_S3,-4729564.687494,-2059298.718248,4609841.533267,3760.000000,0,false,
SAT_P1_S3,-4524357.321737,-2221304.034518,4738975.369225,3800.000000,0,false,
SAT_P1_S3,-4311428.021078,-2380278.060957,4858974.982203,3840.000000,0,false,
SAT_P1_S3,-4091167.668790,-2535961.491332,4969611.183428,3880.000000,0,false,
SAT_P1_S3,-3863979.437545,-2688099.104740,5070672.859046,3920.000000,0,false,
SAT_P1_S3,-3630278.053077,-2836440.179896,5161967.371567,3960.000000,0,false,
SAT_P1_S3,-3390489.035843,-2980738.900409,5243320.919547,4000.000000,0,false,
SAT_P1_S3,-3145047.868588,-3120754.728176,5314578.802401,4040.000000,0,false,
SAT_P1_S3,-2894399.224015,-3256252.803529,5375605.724177,4080.000000,0,false,
SAT_P1_S3,-2638996.148886,-3387004.328853,5426286.035072,4120.000000,0,false,
SAT_P1_S3,-2379299.235696,-3512786.938265,5466523.927429,4160.000000,0,false,
SAT_P1_S3,-2115775.780691,-3633385.055224,5496243.587594,4200.000000,0,false,
SAT_P1_S3,-1848898.942644,-3748590.252661,5515389.328364,4240.000000,0,false,
SAT_P1_S3,-1579146.912089,-3858201.623651,5523925.716508,4280.000000,0,false,
SAT_P1_S3,-1307002.037104,-3962026.097468,5521837.588013,4320.000000,0,false,
SAT_P1_S3,-1032949.966410,-4059878.771006,5509130.067129,4360.000000,0,false,
SAT_P1_S3,-757478.795281,-4151583.239958,5485828.562708,4400.000000,0,false,
SAT_P1_S3,-481078.203075,-4236971.911678,5451978.713851,4440.000000,0,false,
SAT_P1_S3,-204238.590287,-4315886.297095,5407646.285637,4480.000000,0,false,
SAT_P1_S3,72549.782659,-4388177.296268,5352917.034039,4520.000000,0,false,
SAT_P1_S3,348797.649939,-4453705.496221,5287896.565415,4560.000000,0,false,
SAT_P1_S3,624017.591113,-4512341.452082,5212710.153697,4600.000000,0,false,
SAT_P1_S3,897724.888429,-4563965.906556,5127502.455581,4640.000000,0,false,
SAT_P1_S3,1169438.364675,-4608470.060593,5032437.275162,4680.000000,0,false,
SAT_P1_S3,1438681.224533,-4645755.809627,4927697.262091,4720.000000,0,false,
SAT_P1_S3,1704981.882591,-4675735.958928,4813483.568798,4760.000000,0,false,
SAT_P1_S3,1967874.780786,-4698334.418625,4690015.466777,4800.000000,0,false,
SAT_P1_S3,2226901.200897,-4713486.398873,4557529.944605,4840.000000,0,false,
SAT_P1_S3,2481610.074153,-4721138.617010,4416281.301324,4880.000000,0,false,
SAT_P1_S3,2731558.756961,-4721249.424283,4266540.639565,4920.000000,0,false,
SAT_P1_S3,2976313.803628,-4713788.950124,4108595.362565,4960.000000,0,false,
SAT_P1_S3,3215451.729420,-4698739.240798,3942748.650644,5000.000000,0,false,
SAT_P1_S3,3448559.752632,-4676094.367632,3769318.893715,5040.000000,0,false,
SAT_P1_S3,3675236.508253,-4645860.504957,3588639.084795,5080.000000,0,false,
SAT_P1_S3,3895092.745146,-4608055.993063,3401056.187650,5120.000000,0,false,
SAT_P1_S3,4107752.020748,-4562711.407212,3206930.496879,5160.000000,0,false,
SAT_P1_S3,4312851.367332,-4509869.600974,3006634.966564,5200.000000,0,false,
SAT_P1_S3,4510041.893424,-4449585.672541,2800554.466705,5240.000000,0,false,
SAT_P1_S3,4698989.410924,-4381926.982036,2589085.073454,5280.000000,0,false,
SAT_P1_S3,4879375.020344,-4306973.121677,2372633.311783,5320.000000,0,false,
SAT_P1_S3,5050895.657960,-4224815.859038,2151615.374698,5360.000000,0,false,
SAT_P1_S3,5213264.607159,-4135559.053100,1926456.318550,5400.000000,0,false,
SAT_P1_S3,5366211.995835,-4039318.562889,1697589.246528,5440.000000,0,false,
SAT_P1_S3,5509485.291670,-3936222.160846,1465454.488372,5480.000000,0,false,
SAT_P1_S3,5642849.694999,-3826409.364335,1230498.732672,5520.000000,0,false,
SAT_P1_S3,5766088.535707,-3710031.277959,993174.162189,5560.000000,0,false,
SAT_P1_S3,5879003.649637,-3587250.424687,753937.580667,5600.000000,0,false,
SAT_P1_S3,5981415.706261,-3458240.543828,513249.522925,5640.000000,0,false,
SAT_P1_S3,6073164.484013,-3323186.359231,271573.356066,5680.000000,0,false,
SAT_P1_S3,6154109.114523,-3182283.329293,29374.374404,5720.000000,0,false,
SAT_P1_S3,6224128.322852,-3035737.395613,-212881.107367,5760.000000,0,false,
SAT_P1_S3,6283120.620896,-2883764.707403,-454726.663264,5800.000000,0,false,
SAT_P1_S3,6331004.388423,-2726591.281903,-695696.672168,5840.000000,0,false,
SAT_P1_S3,6367718.008511,-2564452.700847,-935327.223237,5880.000000,0,false,
SAT_P1_S3,6393219.931288,-2397593.766111,-1173157.023780,5920.000000,0,false,
SAT_P1_S3,6407488.688236,-2226268.135442,-1408728.296730,5960.000000,0,false,
SAT_P1_S3,6410522.859165,-2050737.937407,-1641587.668452,6000.000000,0,false,
SAT_P1_S3,6402341.022244,-1871273.377930,-1871287.050253,6040.000000,0,false,
SAT_P1_S3,6382981.704868,-1688152.346818,-2097384.514466,6080.000000,0,false,
SAT_P1_S3,6352503.206718,-1501659.974930,-2319445.140004,6120.000000,0,false,
SAT_P1_S3,6310983.435414,-1312088.196069,-2537041.851244,6160.000000,0,false,
SAT_P1_S3,6258519.722987,-1119735.300859,-2749756.244688,6200.000000,0,false,
SAT_P1_S3,6195228.589984,-924905.471489,-2957179.394028,6240.000000,0,false,
SAT_P1_S3,6121245.459167,-727908.302905,-3158912.626890,6280.000000,0,false,
SAT_P1_S3,6036724.341633,-529058.313805,-3354568.282962,6320.000000,0,false,
SAT_P1_S3,5941837.525489,-328674.453759,-3543770.465322,6360.000000,0,false,
SAT_P1_S3,5836775.224380,-127079.600809,-3726155.762987,6400.000000,0,false,
SAT_P1_S3,5721745.116699,75399.964021,-3901373.913039,6440.000000,0,false,
SAT_P1_S3,5596971.953839,278435.070988,-4069088.479621,6480.000000,0,false,
SAT_P1_S3,5462697.101991,481694.191969,-4228977.491534,6520.000000,0,false,
SAT_P1_S3,5319178.049324,684843.973265,-4380734.042376,6560.000000,0,false,
SAT_P1_S3,5166687.879399,887549.772617,-4524066.854880,6600.000000,0,false,
SAT_P1_S3,5005514.737709,1089476.201039,-4658700.827698,6640.000000,0,false,
SAT_P1_S3,4835961.307946,1290287.668665,-4784377.574882,6680.000000,0,false,
SAT_P1_S3,4658344.189850,1489648.927641,-4900855.874739,6720.000000,0,false,
SAT_P1_S3,4472993.298144,1687225.618883,-5007912.117126,6760.000000,0,false,
SAT_P1_S3,4280251.255268,1882684.821884,-5105340.729245,6800.000000,0,false,
SAT_P1_S3,4080472.751576,2075695.603918,-5192954.556951,6840.000000,0,false,
SAT_P1_S3,3874023.878655,2265929.563070,-5270585.198678,6880.000000,0,false,
SAT_P1_S3,3661281.450630,2453061.372408,-5338083.310050,6920.000000,0,false,
SAT_P1_S3,3442632.334329,2636769.333194,-5395318.902502,6960.000000,0,false,
SAT_P1_S3,3218472.760834,2816735.922504,-5442181.600113,7000.000000,0,false,
SAT_P1_S3,2989207.570553,2992648.315614,-5478580.798538,7040.000000,0,false,
SAT_P1_S3,2755249.513860,3164198.932734,-5504445.867367,7080.000000,0,false,
SAT_P1_S3,2517018.512304,3331085.973824,-5519726.288633,7120.000000,0,false,
SAT_P1_S3,2274940.909095,3493013.940902,-5524391.750554,7160.000000,0,false,
SAT_P1_S3,2029448.707352,3649694.149704,-5518432.197545,7200.000000,0,false,
SAT_P1_S3,1780978.808537,3800845.244804,-5501857.861355,7240.000000,0,false,
SAT_P1_S3,1529972.259493,3946193.725844,-5474699.288078,7280.000000,0,false,
SAT_P1_S3,1276873.460788,4085474.418750,-5437007.252150,7320.000000,0,false,
SAT_P1_S3,1022129.389795,4218430.965521,-5388852.678808,7360.000000,0,false,
SAT_P1_S3,766188.824154,4344816.305303,-5330326.534032,7400.000000,0,false,
SAT_P1_S3,509501.557845,4464393.146361,-5261539.675406,7440.000000,0,false,
SAT_P1_S3,252517.616602,4576934.413303,-5182622.651953,7480.000000,0,false,
SAT_P1_S3,-4313.527054,4682223.679617,-5093725.464336,7520.000000,0,false,
SAT_P1_S3,-260543.736001,4780055.605398,-4995017.309530,7560.000000,0,false,
SAT_P1_S3,-515726.985635,4870236.382018,-4886686.313516,7600.000000,0,false,
SAT_P1_S3,-769420.144340,4952584.088606,-4768939.142932,7640.000000,0,false,
SAT_P1_S3,-1021183.742592,5026929.091320,-4642000.649572,7680.000000,0,false,
SAT_P1_S3,-1270582.739923,5093114.418044,-4506113.467979,7720.000000,0,false,
SAT_P1_S3,-1517187.282274,5150996.105514,-4361537.569289,7760.000000,0,false,
SAT_P1_S3,-1760573.445881,5200443.514790,-4208549.770834,7800.000000,0,false,
SAT_P1_S3,-2000323.973240,5241339.635013,-4047443.219617,7840.000000,0,false,
SAT_P1_S3,-2236029.006041,5273581.397303,-3878526.869830,7880.000000,0,false,
SAT_P1_S3,-2467286.794214,5297079.935533,-3702124.903333,7920.000000,0,false,
SAT_P1_S3,-2693704.383538,5311760.796695,-3518576.095466,7960.000000,0,false,
SAT_P1_S3,-2914898.303457,5317564.185287,-3328233.200278,8000.000000,0,false,
SAT_P1_S3,-3130495.235868,5314445.162853,-3131462.286212,8040.000000,0,false,
SAT_P1_S3,-3340132.656669,5302373.810952,-2928642.038520,8080.000000,0,false,
SAT_P1_S3,-3543459.457286,5281335.366044,-2720163.032739,8120.000000,0,false,
SAT_P1_S3,-3740136.560647,5251330.351083,-2506426.994613,8160.000000,0,false,
SAT_P1_S3,-3929837.531758,5212374.706928,-2287846.049710,8200.000000,0,false,
SAT_P1_S3,-4112249.111495,5164499.806634,-2064841.897431,8240.000000,0,false,
SAT_P1_S3,-4287071.770731,5107752.514292,-1837845.004006,8280.000000,0,false,
SAT_P1_S3,-4454020.235699,5042195.203671,-1607293.764310,8320.000000,0,false,
SAT_P1_S3,-4612823.978092,4967905.737025,-1373633.639900,8360.000000,0,false,
SAT_P1_S3,-4763227.664566,4884977.401362,-1137316.276627,8400.000000,0,false,
SAT_P1_S3,-4904991.584443,4793518.822025,-898798.608414,8440.000000,0,false,
SAT_P1_S3,-5037892.075128,4693653.876053,-658541.955049,8480.000000,0,false,
SAT_P1_S3,-5161721.883928,4585521.543758,-417011.102676,8520.000000,0,false,
SAT_P1_S3,-5276290.469979,4469275.700744,-174673.368889,8560.000000,0,false,
SAT_P1_S3,-5381424.325153,4345084.936631,68002.323760,8600.000000,0,false,
SAT_P1_S3,-5476967.240375,4213132.320545,310546.385128,8640.000000,0,false,
SAT_P1_S3,-5562780.522443,4073615.128240,552489.493265,8680.000000,0,false,
SAT_P1_S3,-5638743.172206,3926744.537900,793363.528720,8720.000000,0,false,
SAT_P1_S3,-5704752.050684,3772745.316410,1032702.506189,8760.000000,0,false,
SAT_P1_S3,-5760722.036183,3611855.500617,1270043.501051,8800.000000,0,false,
SAT_P1_S3,-5806586.052270,3444325.978627,1504927.564403,8840.000000,0,false,
SAT_P1_S3,-5842295.136458,3270420.105944,1736900.631103,8880.000000,0,false,
SAT_P1_S3,-5867818.463627,3090413.286465,1965514.419297,8920.000000,0,false,
SAT_P1_S3,-5883143.322848,2904592.522941,2190327.313844,8960.000000,0,false,
SAT_P1_S3,-5888275.044478,2713255.937398,2410905.228747,9000.000000,0,false,
SAT_P1_S3,-5883236.903244,2516712.275051,2626822.456085,9040.000000,0,false,
SAT_P1_S3,-5868070.024886,2315280.407695,2837662.509041,9080.000000,0,false,
SAT_P1_S3,-5842833.221000,2109288.798943,3043018.929528,9120.000000,0,false,
SAT_P1_S3,-5807602.756979,1899074.932145,3242496.061582,9160.000000,0,false,
SAT_P1_S3,-5762472.157334,1684984.758932,3435709.824102,9200.000000,0,false,
SAT_P1_S3,-5707551.952422,1467372.114980,3622288.450512,9240.000000,0,false,
SAT_P1_S3,-5642969.382358,1246598.119556,3801873.191478,9280.000000,0,false,
SAT_P1_S3,-5568868.068947,1023030.560690,3974118.987195,9320.000000,0,false,
SAT_P1_S3,-5485407.684563,797043.275714,4138695.124622,9360.000000,0,false,
SAT_P1_S3,-5392763.623139,569015.530565,4295285.880696,9400.000000,0,false,
SAT_P1_S3,-5291126.548202,339331.359891,4443591.075522,9440.000000,0,false,
SAT_P1_S3,-5180702.001166,108378.923143,4583326.644627,9480.000000,0,false,
SAT_P1_S3,-5061709.962135,-123450.153283,4714225.162831,9520.000000,0,false,
SAT_P1_S3,-4934384.396318,-355761.441890,4836036.342923,9560.000000,0,false,
SAT_P1_S3,-4798972.763847,-588158.384368,4948527.484878,9600.000000,0,false,
SAT_P1_S3,-4655735.507636,-820242.966764,5051483.888696,9640.000000,0,false,
SAT_P1_S3,-4504945.544193,-1051616.398945,5144709.252693,9680.000000,0,false,
SAT_P1_S3,-4346887.759901,-1281879.796380,5228026.057660,9720.000000,0,false,
SAT_P1_S3,-4181858.406440,-1510634.861785,5301275.835984,9760.000000,0,false,
SAT_P1_S3,-4010164.552991,-1737484.568148,5364319.471854,9800.000000,0,false,
SAT_P1_S3,-3832123.509213,-1962033.844139,5417037.454356,9840.000000,0,false,
SAT_P1_S3,-3648062.227846,-2183890.255159,5459330.084768,9880.000000,0,false,
SAT_P1_S3,-3458316.686594,-2402664.676815,5491117.634450,9920.000000,0,false,
SAT_P1_S3,-3263231.266012,-2617971.968231,5512340.475777,9960.000000,0,false,
SAT_P1_S3,-3063158.141696,-2829431.651956,5522959.209750,10000.000000,0,false,
SAT_P1_S3,-2858456.642173,-3036668.573970,5522954.719638,10040.000000,0,false,
SAT_P1_S3,-2649492.581091,-3239313.549389,5512328.163805,10080.000000,0,false,
SAT_P1_S3,-2436637.624592,-3437004.019436,5491100.989202,10120.000000,0,false,
SAT_P1_S3,-2220268.634003,-3629384.694777,5459314.885789,10160.000000,0,false,
SAT_P1_S3,-2000767.000733,-3816108.179804,5417031.692638,10200.000000,0,false,
SAT_P1_S3,-1778517.976444,-3996835.585508,5364333.265910,10240.000000,0,false,
SAT_P1_S3,-1553910.010477,-4171237.145987,5301321.334192,10280.000000,0,false,
SAT_P1_S3,-1327334.096744,-4338992.838090,5228117.342850,10320.000000,0,false,
SAT_P1_S3,-1099183.080467,-4499792.933241,5144862.174085,10360.000000,0,false,
SAT_P1_S3,-869850.998610,-4653338.583037,5051715.908120,10400.000000,0,false,
SAT_P1_S3,-639732.411344,-4799342.385547,4948857.535149,10440.000000,0,false,
SAT_P1_S3,-409221.733259,-4937528.928956,4836484.623980,10480.000000,0,false,
SAT_P1_S3,-178712.566005,-5067635.307556,4714812.945128,10520.000000,0,false,
SAT_P1_S3,51402.965528,-5189411.629454,4584076.068270,10560.000000,0,false,
SAT_P1_S3,280734.870085,-5302621.535946,4444524.955402,10600.000000,0,false,
SAT_P1_S3,508895.944116,-5407042.667306,4296427.488093,10640.000000,0,false,
SAT_P1_S3,735502.422880,-5502467.085776,4140067.939913,10680.000000,0,false,
SAT_P1_S3,960174.618598,-5588701.727422,3975746.467726,10720.000000,0,false,
SAT_P1_S3,1182537.555390,-5665568.811009,3803778.549511,10760.000000,0,false,
SAT_P1_S3,1402221.589942,-5732906.208814,3624494.384688,10800.000000,0,false,
SAT_P1_S3,1618863.021415,-5790567.789471,3438238.263541,10840.000000,0,false,
SAT_P1_S3,1832104.694848,-5838423.757806,3245367.924332,10880.000000,0,false,
SAT_P1_S3,2041596.596348,-5876360.992091,3046253.900485,10920.000000,0,false,
SAT_P1_S3,2246996.416031,-5904283.262178,2841278.780386,10960.000000,0,false,
SAT_P1_S3,2447970.111957,-5922111.496284,2630836.495400,11000.000000,0,false,
SAT_P1_S3,2644192.459141,-5929784.005804,2415331.572374,11040.000000,0,false,
SAT_P1_S3,2835347.577787,-5927256.669827,2195178.359297,11080.000000,0,false,
SAT_P1_S3,3021129.437101,-5914503.074707,1970800.225131,11120.000000,0,false,
SAT_P1_S3,3201242.346187,-5891514.632827,1742628.743913,11160.000000,0,false,
SAT_P1_S3,3375401.442989,-5858300.706314,1511102.874369,11200.000000,0,false,
SAT_P1_S3,3543333.142042,-5814888.656800,1276668.108814,11240.000000,0,false,
SAT_P1_S3,3704775.548666,-5761323.834251,1039775.596876,11280.000000,0,false,
SAT_P1_S3,3859478.880076,-5697669.595694,800881.280241,11320.000000,0,false,
SAT_P1_S3,4007205.853069,-5624007.263500,560445.004353,11360.000000,0,false,
SAT_P1_S3,4147732.036624,-5540436.036926,318929.622034,11400.000000,0,false,
SAT_P1_S3,4280846.178054,-5447072.866690,76800.089996,11440.000000,0,false,
SAT_P1_S3,4406350.520652,-5344052.319150,-165477.437018,11480.000000,0,false,
SAT_P1_S3,4524061.112406,-5231526.432115,-407436.511820,11520.000000,0,false,
SAT_P1_S3,4633808.022451,-5109664.443308,-648611.310450,11560.000000,0,false,
SAT_P1_S3,4735435.586316,-4978652.565118,-888537.538078,11600.000000,0,false,
SAT_P1_S3,4828802.615861,-4838693.710955,-1126753.336622,11640.000000,0,false,
SAT_P1_S3,4913782.573077,-4690007.180309,-1362800.185666,11680.000000,0,false,
SAT_P1_S3,4990263.704171,-4532828.300807,-1596223.792743,11720.000000,0,false,
SAT_P1_S3,5058149.154665,-4367408.047715,-1826574.976788,11760.000000,0,false,
SAT_P1_S3,5117357.086648,-4194012.663411,-2053410.548309,11800.000000,0,false,
SAT_P1_S3,5167820.732992,-4012923.215042,-2276294.166147,11840.000000,0,false,
SAT_P1_S3,5209488.401686,-3824435.101309,-2494797.173550,11880.000000,0,false,
SAT_P1_S3,5242323.504294,-3628857.584441,-2708499.430363,11920.000000,0,false,
SAT_P1_S3,5266304.536630,-3426513.273714,-2916990.123075,11960.000000,0,false,
SAT_P1_S3,5281425.020136,-3217737.577729,-3119868.546341,12000.000000,0,false,
SAT_P1_S3,5287693.415052,-3002878.131579,-3316744.861568,12040.000000,0,false,
SAT_P1_S3,5285133.030686,-2782294.217445,-3507240.844093,12080.000000,0,false,
SAT_P1_S3,5273781.934361,-2556356.181614,-3690990.617962,12120.000000,0,false,
SAT_P1_S3,5253692.749684,-2325444.769929,-3867641.320518,12160.000000,0,false,
SAT_P1_S3,5224932.505486,-2089950.497003,-4036853.778761,12200.000000,0,false,
SAT_P1_S3,5187582.448791,-1850272.984480,-4198303.154845,12240.000000,0,false,
SAT_P1_S3,5141737.826216,-1606820.278319,-4351679.556639,12280.000000,0,false,
SAT_P1_S3,5087507.631320,-1360008.146467,-4496688.608732,12320.000000,0,false,
SAT_P1_S3,5025014.339860,-1110259.364768,-4633052.000991,12360.000000,0,false,
SAT_P1_S3,4954393.656030,-858003.000636,-4760508.032332,12400.000000,0,false,
SAT_P1_S3,4875794.202870,-603673.674074,-4878812.092021,12440.000000,0,false,
SAT_P1_S3,4789377.169880,-347710.799609,-4987737.088694,12480.000000,0,false,
SAT_P1_S3,4695315.996935,-90557.839097,-5087073.890721,12520.000000,0,false,
SAT_P1_S3,4593796.017886,167338.462809,-5176631.715092,12560.000000,0,false,
SAT_P1_S3,4485014.078166,425528.847195,-5256238.469490,12600.000000,0,false,
SAT_P1_S3,4369178.135340,683562.314404,-5325741.057533,12640.000000,0,false,
SAT_P1_S3,4246506.865250,940986.900491,-5385005.670463,12680.000000,0,false,
SAT_P1_S3,4117229.276139,1197350.454627,-5433918.066300,12720.000000,0,false,
SAT_P1_S3,3981584.234609,1452201.422395,-5472383.732221,12760.000000,0,false,
SAT_P1_S3,3839820.045256,1705089.626720,-5500328.081985,12800.000000,0,false,
SAT_P1_S3,3692194.005952,1955567.054748,-5517696.607197,12840.000000,0,false,
SAT_P1_S3,3538971.945971,2203188.642108,-5524454.984096,12880.000000,0,false,
SAT_P1_S3,3380427.745885,2447513.050680,-5520589.131873,12920.000000,0,false,
SAT_P1_S3,3216842.853846,2688103.448465,-5506105.244856,12960.000000,0,false,
SAT_P1_S3,3048505.814369,2924528.299489,-5481029.822182,13000.000000,0,false,
SAT_P1_S3,2875711.764511,3156362.132708,-5445409.622784,13040.000000,0,false,
SAT_P1_S3,2698761.906340,3383186.297162,-5399311.560948,13080.000000,0,false,
SAT_P1_S3,2517963.007569,3604589.727795,-5342822.617581,13120.000000,0,false,
SAT_P1_S3,2333626.880014,3820169.698672,-5276049.695036,13160.000000,0,false,
SAT_P1_S3,2146069.851194,4029532.558661,-5199119.428944,13200.000000,0,false,
SAT_P1_S3,1955612.226633,4232294.448690,-5112177.954010,13240.000000,0,false,
SAT_P1_S3,1762577.754012,4428082.016860,-5015390.648034,13280.000000,0,false,
SAT_P1_S3,1567293.098653,4616533.143651,-4908941.873460,13320.000000,0,false,
SAT_P1_S3,1370087.290268,4797297.608800,-4793034.623393,13360.000000,0,false,
SAT_P1_S3,1171291.173515,4970037.753930,-4667890.147286,13400.000000,0,false,
SAT_P1_S3,971236.869042,5134429.150798,-4533747.570753,13440.000000,0,false,
SAT_P1_S3,770257.223908,5290161.240259,-4390863.461505,13480.000000,0,false,
SAT_P1_S3,568685.261590,5436937.935479,-4239511.349975,13520.000000,0,false,
SAT_P1_S3,366853.632143,5574478.205078,-4079981.216331,13560.000000,0,false,
SAT_P1_S3,165094.066146,5702516.659499,-3912578.963780,13600.000000,0,false,
SAT_P1_S3,-36263.167312,5820804.118973,-3737625.864601,13640.000000,0,false,
SAT_P1_S3,-236889.807244,5929108.069880,-3555457.909991,13680.000000,0,false,
SAT_P1_S3,-436460.133074,6027213.181901,-3366425.198145,13720.000000,0,false,
SAT_P1_S3,-634651.495896,6114921.767044,-3170891.269028,13760.000000,0,false,
SAT_P1_S3,-831144.839899,6192054.198737,-2969232.408665,13800.000000,0,false,
SAT_P1_S3,-1025625.214613,6258449.288015,-2761836.921534,13840.000000,0,false,
SAT_P1_S3,-1217782.280267,6313964.644588,-2549104.387268,13880.000000,0,false,
SAT_P1_S3,-1407310.807185,6358477.044822,-2331444.915142,13920.000000,0,false,
SAT_P1_S3,-1593911.157571,6391882.695174,-2109278.339494,13960.000000,0,false,
SAT_P1_S3,-1777289.759639,6414097.480415,-1883033.403143,14000.000000,0,false,
SAT_P1_S3,-1957159.575428,6425057.213615,-1653146.938255,14040.000000,0,false,
SAT_P1_S3,-2133240.557364,6424717.830511,-1420063.014767,14080.000000,0,false,
SAT_P1_S3,-2305260.084759,6413055.528940,-1184232.069070,14120.000000,0,false,
SAT_P1_S3,-2472953.388609,6390066.871923,-946110.015838,14160.000000,0,false,
SAT_P1_S3,-2636063.974810,6355768.884282,-706157.349913,14200.000000,0,false,
SAT_P1_S3,-2794344.034759,6310199.117755,-464838.236756,14240.000000,0,false,
SAT_P1_S3,-2947554.800781,6253415.569093,-222619.574913,14280.000000,0,false,
SAT_P1_S3,-3095466.924013,6185496.667181,20029.930561,14320.000000,0,false,
SAT_P1_S3,-3237860.820627,6106541.179029,262640.708526,14360.000000,0,false,
SAT_P1_S3,-3374526.991532,6016668.065093,504743.262007,14400.000000,0,false,
SAT_P1_S3,-3505266.314501,5916016.280840,745869.107010,14440.000000,0,false,
SAT_P1_S3,-3629890.323285,5804744.554017,985551.708388,14480.000000,0,false,
SAT_P1_S3,-3748221.484488,5683031.161798,1223327.410753,14520.000000,0,false,
SAT_P1_S3,-3860093.413298,5551073.597217,1458736.356867,14560.000000,0,false,
SAT_P1_S3,-3965351.077327,5409088.216534,1691323.396990,14600.000000,0,false,
SAT_P1_S3,-4063850.997500,5257309.886596,1920638.988436,14640.000000,0,false,
SAT_P1_S3,-4155461.417280,5095991.575889,2146240.082228,14680.000000,0,false,
SAT_P1_S3,-4240062.437890,4925403.897635,2367690.987546,14720.000000,0,false,
SAT_P1_S3,-4317546.133838,4745834.621290,2584564.220530,14760.000000,0,false,
SAT_P1_S3,-4387816.668902,4557588.179507,2796441.345867,14800.000000,0,false,
SAT_P1_S3,-4450790.396348,4360985.152430,3002913.801234,14840.000000,0,false,
SAT_P1_S3,-4506395.870136,4156361.633802,3203583.666929,14880.000000,0,false,
SAT_P1_S3,-4554573.906843,3944068.661796,3398064.447577,14920.000000,0,false,
SAT_P1_S3,-4595277.602530,3724471.587035,3585981.820047,14960.000000,0,false,
SAT_P1_S3,-4628472.321220,3497949.410771,3766974.348141,15000.000000,0,false,
SAT_P1_S3,-4654135.653350,3264894.090679,3940694.162320,15040.000000,0,false,
SAT_P1_S3,-4672257.365821,3025709.833780,4106807.619501,15080.000000,0,false,
SAT_P1_S3,-4682839.360633,2780812.393202,4264995.954490,15120.000000,0,false,
SAT_P1_S3,-4685895.558674,2530628.300654,4414955.856393,15160.000000,0,false,
SAT_P1_S3,-4681451.782103,2275594.093989,4556400.027020,15200.000000,0,false,
SAT_P1_S3,-4669545.635808,2016155.546884,4689057.718100,15240.000000,0,false,
SAT_P1_S3,-4650226.365287,1752766.873994,4812675.233068,15280.000000,0,false,
SAT_P1_S3,-4623554.689460,1485889.921775,4927016.385372,15320.000000,0,false,
SAT_P1_S3,-4589602.608836,1215993.343926,5031862.913651,15360.000000,0,false,
SAT_P1_S3,-4548453.211807,943551.772447,5127014.875759,15400.000000,0,false,
SAT_P1_S3,-4500200.496559,669044.993781,5212291.038449,15440.000000,0,false,
SAT_P1_S3,-4444949.122781,392957.092993,5287529.174374,15480.000000,0,false,
SAT_P1_S3,-4382814.166972,115775.598170,5352586.340910,15520.000000,0,false,
SAT_P1_S3,-4313920.890694,-162009.370283,5407339.150079,15560.000000,0,false,
SAT_P1_S3,-4238404.481019,-439905.963626,5451683.987602,15600.000000,0,false,
SAT_P1_S3,-4156409.768713,-717421.469583,5485537.181625,15640.000000,0,false,
SAT_P1_S3,-4068090.936991,-994063.179767,5508835.137594,15680.000000,0,false,
SAT_P1_S3,-3973611.241198,-1269339.259275,5521534.464104,15720.000000,0,false,
SAT_P1_S3,-3873142.723401,-1542759.615148,5523612.068398,15760.000000,0,false,
SAT_P1_S3,-3766865.851419,-1813836.760543,5515065.132703,15800.000000,0,false,
SAT_P1_S3,-3654969.220058,-2082086.677759,5495911.143436,15840.000000,0,false,
SAT_P1_S3,-3537649.217470,-2347029.679779,5466187.853224,15880.000000,0,false,
SAT_P1_S3,-3415109.679511,-2608191.259952,5425953.199138,15920.000000,0,false,
SAT_P1_S3,-3287561.529864,-2865102.929945,5375285.174633,15960.000000,0,false,
SAT_P1_S3,-3155222.422362,-3117303.054684,5314281.679988,16000.000000,0,false,
SAT_P1_S3,-3018316.398752,-3364337.690090,5243060.370632,16040.000000,0,false,
SAT_P1_S3,-2877073.499782,-3605761.382463,5161758.406907,16080.000000,0,false,
SAT_P1_S3,-2731729.382760,-3841137.963238,5070532.187591,16120.000000,0,false,
SAT_P1_S3,-2582524.952572,-4070041.342915,4969557.077765,16160.000000,0,false,
SAT_P1_S3,-2429705.976355,-4292056.285174,4859027.085203,16200.000000,0,false,
SAT_P1_S3,-2273522.688474,-4506779.153097,4739154.490917,16240.000000,0,false,
SAT_P1_S3,-2114229.392376,-4713818.640960,4610169.448293,16280.000000,0,false,
SAT_P1_S3,-1952084.071290,-4912796.509883,4472319.573710,16320.000000,0,false,
SAT_P1_S3,-1787347.999146,-5103348.308948,4325869.510374,16360.000000,0,false,
SAT_P1_S3,-1620285.309584,-5285124.012285,4171100.385023,16400.000000,0,false,
SAT_P1_S3,-1451162.604512,-5457788.702909,4008309.314067,16440.000000,0,false,
SAT_P1_S3,-1280248.542964,-5621023.212480,3837808.848147,16480.000000,0,false,
SAT_P1_S3,-1107813.428408,-5774524.726334,3659926.382607,16520.000000,0,false,
SAT_P1_S3,-934128.792628,-5918007.351193,3475003.531579,16560.000000,0,false,
SAT_P1_S3,-759466.981857,-6051202.669513,3283395.483334,16600.000000,0,false,
SAT_P1_S3,-584100.750457,-6173860.298494,3085470.351116,16640.000000,0,false,
SAT_P1_S3,-408302.842792,-6285748.351391,2881608.455599,16680.000000,0,false,
SAT_P1_S3,-232345.580109,-6386653.886107,2672201.595058,16720.000000,0,false,
SAT_P1_S3,-56500.455208,-6476383.351411,2457652.311012,16760.000000,0,false,
SAT_P1_S3,118962.274636,-6554762.982263,2238373.119140,16800.000000,0,false,
SAT_P1_S3,293773.990082,-6621639.142360,2014785.714481,16840.000000,0,false,
SAT_P1_S3,467668.108715,-6676878.633950,1787320.157760,16880.000000,0,false,
SAT_P1_S3,640380.480328,-6720369.004943,1556414.054706,16920.000000,0,false,
SAT_P1_S3,811649.776440,-6752018.826219,1322511.721597,16960.000000,0,false,
SAT_P1_S3,981217.873541,-6771757.828479,1086063.300423,17000.000000,0,false,
SAT_P1_S3,1148830.230685,-6779537.110083,847523.898980,17040.000000,0,false,
SAT_P1_S3,1314236.262519,-6775329.266963,607352.702527,17080.000000,0,false,
SAT_P1_S3,1477189.700745,-6759128.471891,366012.077507,17120.000000,0,false,
SAT_P1_S3,1637448.944522,-6730950.499492,123966.667174,17160.000000,0,false,
SAT_P1_S3,1794777.405496,-6690832.727475,-118317.516492,17200.000000,0,false,
SAT_P1_S3,1948943.850878,-6638834.137931,-360374.000373,17240.000000,0,false,
SAT_P1_S3,2099722.718913,-6575035.197084,-601736.762621,17280.000000,0,false,
SAT_P1_S3,2246894.428645,-6499537.717072,-841941.142053,17320.000000,0,false,
SAT_P1_S3,2390245.686076,-6412464.713432,-1080524.742293,17360.000000,0,false,
SAT_P1_S3,2529569.775193,-6313960.200832,-1317028.333126,17400.000000,0,false,
SAT_P1_S3,2664666.829544,-6204188.932373,-1550996.740320,17440.000000,0,false,
SAT_P1_S3,2795344.093139,-6083336.102501,-1781979.727514,17480.000000,0,false,
SAT_P1_S3,2921416.181908,-5951607.044803,-2009532.874234,17520.000000,0,false,
SAT_P1_S3,3042705.334557,-5809226.899999,-2233218.442822,17560.000000,0,false,
SAT_P1_S3,3159041.612120,-5656440.144807,-2452606.212976,17600.000000,0,false,
SAT_P1_S3,3270263.125227,-5493510.194624,-2667274.320335,17640.000000,0,false,
SAT_P1_S3,3376216.234562,-5320718.929851,-2876810.073821,17680.000000,0,false,
SAT_P1_S3,3476755.730920,-5138366.181853,-3080810.747222,17720.000000,0,false,
SAT_P1_S3,3571744.994230,-4946769.175810,-3278884.343723,17760.000000,0,false,
SAT_P1_S3,3661056.146475,-4746261.956118,-3470650.344587,17800.000000,0,false,
SAT_P1_S3,3744570.209373,-4537194.815259,-3655740.450078,17840.000000,0,false,
SAT_P1_S3,3822177.207744,-4319933.633063,-3833799.259338,17880.000000,0,false,
SAT_P1_S3,3893776.270195,-4094859.208058,-4004484.933080,17920.000000,0,false,
SAT_P1_S3,3959275.733599,-3862366.592751,-4167469.844185,17960.000000,0,false,
SAT_P1_S3,4018593.224417,-3622864.388743,-4322441.191737,18000.000000,0,false,
SAT_P1_S3,4071655.716194,-3376774.011043,-4469101.574302,18040.000000,0,false,
SAT_P1_S3,4118399.576700,-3124528.933420,-4607169.536037,18080.000000,0,false,
SAT_P1_S3,4158770.623659,-2866573.934858,-4736380.104896,18120.000000,0,false,
SAT_P1_S3,4192724.173220,-2603364.333196,-4856485.305562,18160.000000,0,false,
SAT_P1_S3,4220225.015383,-2335365.137181,-4967254.577024,18200.000000,0,false,
SAT_P1_S3,4241247.444377,-2063050.251180,-5068475.228422,18240.000000,0,false,
SAT_P1_S3,4255775.254402,-1786901.634912,-5159952.840004,18280.000000,0,false,
SAT_P1_S3,4263801.717382,-1507408.449525,-5241511.622413,18320.000000,0,false,
SAT_P1_S3,4265329.540846,-1225066.187741,-5312994.731861,18360.000000,0,false,
SAT_P1_S3,4260370.824608,-940375.797113,-5374264.563269,18400.000000,0,false,
SAT_P1_S3,4248947.030559,-653842.804559,-5425203.038306,18440.000000,0,false,
SAT_P1_S3,4231088.892419,-365976.415868,-5465711.797270,18480.000000,0,false,
SAT_P1_S3,4206836.328527,-77288.615005,-5495712.372025,18520.000000,0,false,
SAT_P1_S3,4176238.365951,211706.732393,-5515146.349971,18560.000000,0,false,
SAT_P1_S3,4139353.041860,500494.784129,-5523975.486686,18600.000000,0,false,
SAT_P1_S3,4096247.284688,788560.626072,-5522181.768616,18640.000000,0,false,
SAT_P1_S3,4046996.788054,1075390.177862,-5509767.443078,18680.000000,0,false,
SAT_P1_S3,3991685.897214,1360471.099426,-5486755.041460,18720.000000,0,false,
SAT_P1_S3,3930407.492134,1643293.695724,-5453187.374279,18760.000000,0,false,
SAT_P1_S3,3863262.797978,1923351.819185,-5409127.407057,18800.000000,0,false,
SAT_P1_S3,3790361.256561,2200143.770039,-5354658.192582,18840.000000,0,false,
SAT_P1_S3,3711820.361019,2473173.196684,-5289882.731600,18880.000000,0,false,
SAT_P1_S3,3627765.483872,2741949.989099,-5214923.800366,18920.000000,0,false,
SAT_P1_S3,3538329.685236,3005991.157052,-5129923.726448,18960.000000,0,false,
SAT_P1_S3,3443653.515979,3264821.703503,-5035044.134271,19000.000000,0,false,
SAT_P1_S3,3343884.831840,3517975.503856,-4930465.683404,19040.000000,0,false,
SAT_P1_S3,3239178.584835,3764996.160095,-4816387.750274,19080.000000,0,false,
SAT_P1_S3,3129696.575758,4005437.817721,-4693028.030823,19120.000000,0,false,
SAT_P1_S3,3015607.243773,4238866.002179,-4560622.173611,19160.000000,0,false,
SAT_P1_S3,2897085.429703,4464858.428472,-4419423.352723,19200.000000,0,false,
SAT_P1_S3,2774312.126380,4683005.780783,-4269701.798611,19240.000000,0,false,
SAT_P1_S3,2647474.217978,4892912.468326,-4111744.291121,19280.000000,0,false,
SAT_P1_S3,2516764.221980,5094197.377358,-3945853.635896,19320.000000,0,false,
SAT_P1_S3,2382380.039354,5286494.625245,-3772348.132508,19360.000000,0,false,
SAT_P1_S3,2244524.651071,5469454.219317,-3591560.941414,19400.000000,0,false,
SAT_P1_S3,2103405.838717,5642742.739689,-3403839.468288,19440.000000,0,false,
SAT_P1_S3,1959235.895134,5806043.997055,-3209544.715007,19480.000000,0,false,
SAT_P1_S3,1812231.321576,5959059.649446,-3009050.591545,19520.000000,0,false,
SAT_P1_S3,1662612.513986,6101509.771201,-2802743.192521,19560.000000,0,false,
SAT_P1_S3,1510603.444458,6233133.396500,-2591020.049918,19600.000000,0,false,
SAT_P1_S3,1356431.346474,6353689.063405,-2374289.376536,19640.000000,0,false,
SAT_P1_S3,1200326.389190,6462955.294903,-2152969.274661,19680.000000,0,false,
SAT_P1_S3,1042521.332594,6560730.989307,-1927486.898140,19720.000000,0,false,
SAT_P1_S3,883251.201516,6646835.850881,-1698277.632121,19760.000000,0,false,
SAT_P1_S3,722752.947305,6721110.752246,-1465784.238749,19800.000000,0,false,
SAT_P1_S3,561265.107135,6783418.041047,-1230455.985577,19840.000000,0,false,
SAT_P1_S3,399027.460552,6833641.799195,-992747.758337,19880.000000,0,false,
SAT_P1_S3,236280.687646,6871688.087010,-753119.167149,19920.000000,0,false,
SAT_P1_S3,73266.031557,6897485.183705,-512033.651045,19960.000000,0,false,
SAT_P1_S3,-89775.053649,6910983.676522,-269957.549124,20000.000000,0,false,
SAT_P1_S3,-252601.246197,6912156.584120,-27359.182031,20040.000000,0,false,
SAT_P1_S3,-414971.702935,6900999.437176,215292.075594,20080.000000,0,false,
SAT_P1_S3,-576646.406999,6877530.298980,457526.728718,20120.000000,0,false,
SAT_P1_S3,-737386.512802,6841789.723000,698876.094878,20160.000000,0,false,
SAT_P1_S3,-896954.691553,6793840.674532,938873.237578,20200.000000,0,false,
SAT_P1_S3,-1055115.479405,6733768.448969,1177053.900461,20240.000000,0,false,
SAT_P1_S3,-1211635.619003,6661680.514594,1412957.432584,20280.000000,0,false,
SAT_P1_S3,-1366284.391785,6577706.246993,1646127.700633,20320.000000,0,false,
SAT_P1_S3,-1518833.954337,6481996.713411,1876113.997797,20360.000000,0,false,
SAT_P1_S3,-1669059.666826,6374724.375999,2102471.938826,20400.000000,0,false,
SAT_P1_S3,-1816740.410107,6256082.739592,2324764.333400,20440.000000,0,false,
SAT_P1_S3,-1961658.894076,6126285.951870,2542562.039870,20480.000000,0,false,
SAT_P1_S3,-2103601.963739,5985568.388804,2755444.806700,20520.000000,0,false,
SAT_P1_S3,-2242360.904097,5834184.238865,2963002.102717,20560.000000,0,false,
SAT_P1_S3,-2377731.712664,5672406.947366,3164833.893226,20600.000000,0,false,
SAT_P1_S3,-2509515.379918,5500528.700210,3360551.413852,20640.000000,0,false,
SAT_P1_S3,-2637518.162849,5318859.873886,3549777.921949,20680.000000,0,false,
SAT_P1_S3,-2761551.845931,5127728.440190,3732149.416597,20720.000000,0,false,
SAT_P1_S3,-2881433.986417,4927479.327165,3907315.321751,20760.000000,0,false,
SAT_P1_S3,-2996988.155353,4718473.758656,4074939.146692,20800.000000,0,false,
SAT_P1_S3,-3108044.186505,4501088.599952,4234699.139820,20840.000000,0,false,
SAT_P1_S3,-3214438.404741,4275715.654415,4386288.896401,20880.000000,0,false,
SAT_P1_S3,-3316013.823901,4042760.885224,4529417.904893,20920.000000,0,false,
SAT_P1_S3,-3412620.368620,3802643.687242,4663812.106516,20960.000000,0,false,
SAT_P1_S3,-3504115.073858,3555796.102089,4789214.403880,21000.000000,0,false,
SAT_P1_S3,-3590362.275207,3302662.017388,4905385.136258,21040.000000,0,false,
SAT_P1_S3,-3671233.778543,3043696.336084,5012102.505368,21080.000000,0,false,
SAT_P1_S3,-3746609.024027,2779364.133520,5109162.971758,21120.000000,0,false,
SAT_P1_S3,-3816375.259815,2510139.821151,5196381.643078,21160.000000,0,false,
SAT_P1_S3,-3880427.690298,2236506.284030,5273592.605701,21200.000000,0,false,
SAT_P1_S3,-3938669.584923,1958953.975291,5340649.179383,21240.000000,0,false,
SAT_P1_S3,-3991012.421440,1677980.050415,5397424.197579,21280.000000,0,false,
SAT_P1_S3,-4037376.003542,1394087.472289,5443810.229713,21320.000000,0,false,
SAT_P1_S3,-4077688.560177,1107784.109222,5479719.755831,21360.000000,0,false,
SAT_P1_S3,-4111886.831838,819581.825975,5505085.300443,21400.000000,0,false,
SAT_P1_S3,-4139916.162625,529995.577334,5519859.551134,21440.000000,0,false,
SAT_P1_S3,-4161730.604846,239542.509171,5524015.471318,21480.000000,0,false,
SAT_P1_S3,-4177292.952416,-51258.970900,5517546.292458,21520.000000,0,false,
SAT_P1_S3,-4186574.809108,-341890.103530,5500465.530796,21560.000000,0,false,
SAT_P1_S3,-4189556.647714,-631832.692010,5472806.968224,21600.000000,0,false,
SAT_P1_S3,-4186227.850775,-920570.018231,5434624.585186,21640.000000,0,false,
SAT_P1_S3,-4176586.731206,-1207587.753433,5385992.444160,21680.000000,0,false,
SAT_P1_S3,-4160640.548265,-1492374.866837,5327004.544073,21720.000000,0,false,
SAT_P1_S3,-4138405.537351,-1774424.534033,5257774.670038,21760.000000,0,false,
SAT_P1_S3,-4109906.912455,-2053235.034185,5178436.185218,21800.000000,0,false,
SAT_P1_S3,-4075178.822414,-2328310.633131,5089141.740609,21840.000000,0,false,
SAT_P1_S3,-4034264.350186,-2599162.465653,4990063.019610,21880.000000,0,false,
SAT_P1_S3,-3987215.480591,-2865309.406514,4881390.420050,21920.000000,0,false,
SAT_P1_S3,-3934093.049694,-3126278.920325,4763332.692756,21960.000000,0,false,
SAT_P1_S3,-3874966.679464,-3381607.894706,4636116.541507,22000.000000,0,false,
SAT_P1_S3,-3809914.716026,-3630843.467989,4499986.207442,22040.000000,0,false,
SAT_P1_S3,-3739024.178476,-3873543.853908,4355203.046926,22080.000000,0,false,
SAT_P1_S3,-3662390.635566,-4109279.106016,4202045.002347,22120.000000,0,false,
SAT_P1_S3,-3580118.114427,-4337631.891887,4040806.094549,22160.000000,0,false,
SAT_P1_S3,-3492318.997238,-4558198.249892,3871795.882645,22200.000000,0,false,
SAT_P1_S3,-3399113.898120,-4770588.316780,3695338.883664,22240.000000,0,false,
SAT_P1_S3,-3300631.520215,-4974427.019229,3511773.954056,22280.000000,0,false,
SAT_P1_S3,-3197008.505212,-5169354.747264,3321453.647381,22320.000000,0,false,
SAT_P1_S3,-3088389.290943,-5355028.029550,3124743.565897,22360.000000,0,false,
SAT_P1_S3,-2974925.943832,-5531120.160572,2922021.671280,22400.000000,0,false,
SAT_P1_S3,-2856777.949595,-5697321.758616,2713677.537949,22440.000000,0,false,
SAT_P1_S3,-2734112.037051,-5853341.354367,2500111.630998,22480.000000,0,false,
SAT_P1_S3,-2607101.971694,-5998905.927048,2281734.540346,22520.000000,0,false,
SAT_P1_S3,-2475928.333800,-6133761.393487,2058966.190985,22560.000000,0,false,
SAT_P1_S3,-2340778.282439,-6257673.057256,1832235.031103,22600.000000,0,false,
SAT_P1_S3,-2201845.317697,-6370426.044762,1601977.210007,22640.000000,0,false,
SAT_P1_S3,-2059329.046465,-6471825.736968,1368635.751528,22680.000000,0,false,
SAT_P1_S3,-1913434.896966,-6561698.069750,1132659.677551,22720.000000,0,false,
SAT_P1_S3,-1764373.851323,-6639889.861619,894503.142793,22760.000000,0,false,
SAT_P1_S3,-1612362.166128,-6706269.103309,654624.554837,22800.000000,0,false,
SAT_P1_S3,-1457621.077959,-6760725.192925,413485.680306,22840.000000,0,false,
SAT_P1_S3,-1300376.496068,-6803169.112409,171550.742789,22880.000000,0,false,
SAT_P1_S3,-1140858.687500,-6833533.571316,-70714.484789,22920.000000,0,false,
SAT_P1_S3,-979301.962298,-6851773.148445,-312843.589377,22960.000000,0,false,
SAT_P1_S3,-815944.345739,-6857864.362174,-554370.428966,23000.000000,0,false,
SAT_P1_S3,-651027.229787,-6851805.639182,-794830.046543,23040.000000,0,false,
SAT_P1_S3,-484795.038275,-6833617.329891,-1033759.575182,23080.000000,0,false,
SAT_P1_S3,-317494.877053,-6803341.647845,-1270699.142438,23120.000000,0,false,
SAT_P1_S3,-149376.180009,-6761042.553329,-1505192.762870,23160.000000,0,false,
SAT_P1_S3,19309.649770,-6706805.589403,-1736789.220234,23200.000000,0,false,
SAT_P1_S3,188309.600848,-6640737.703356,-1965042.942756,23240.000000,0,false,
SAT_P1_S3,357369.413898,-6562967.066151,-2189514.871271,23280.000000,0,false,
SAT_P1_S3,526233.952213,-6473642.745846,-2409773.295499,23320.000000,0,false,
SAT_P1_S3,694647.568982,-6372934.419393,-2625394.686745,23360.000000,0,false,
SAT_P1_S3,862354.478515,-6261032.046654,-2835964.516636,23400.000000,0,false,
SAT_P1_S3,1029099.129200,-6138145.493134,-3041078.053950,23440.000000,0,false,
SAT_P1_S3,1194626.574670,-6004504.101422,-3240341.133289,23480.000000,0,false,
SAT_P1_S3,1358682.847359,-5860356.235976,-3433370.906636,23520.000000,0,false,
SAT_P1_S3,1521015.337851,-5705968.831027,-3619796.590028,23560.000000,0,false,
SAT_P1_S3,1681373.168954,-5541626.879735,-3799260.172337,23600.000000,0,false,
SAT_P1_S3,1839507.561469,-5367632.836034,-3971417.071730,23640.000000,0,false,
SAT_P1_S3,1995172.209543,-5184306.069579,-4135936.803765,23680.000000,0,false,
SAT_P1_S3,2148123.650901,-4991982.257397,-4292503.606855,23720.000000,0,false,
SAT_P1_S3,2298121.628140,-4791012.739853,-4440817.027588,23760.000000,0,false,
SAT_P1_S3,2444929.444352,-4581763.846225,-4580592.470813,23800.000000,0,false,
SAT_P1_S3,2588314.321615,-4364616.215552,-4711561.732664,23840.000000,0,false,
SAT_P1_S3,2728047.764342,-4139964.123759,-4833473.522513,23880.000000,0,false,
SAT_P1_S3,2863905.887139,-3908214.712146,-4946093.889119,23920.000000,0,false,
SAT_P1_S3,2995669.758585,-3669787.253622,-5049206.658366,23960.000000,0,false,
SAT_P1_S3,3123125.741340,-3425112.399677,-5142613.840198,24000.000000,0,false,
SAT_P1_S3,3246065.821893,-3174631.401363,-5226135.993425,24040.000000,0,false,
SAT_P1_S3,3364287.926651,-2918795.307283,-5299612.544239,24080.000000,0,false,
SAT_P1_S3,3477596.236903,-2658064.151697,-5362902.078775,24120.000000,0,false,
SAT_P1_S3,3585801.516534,-2392906.149629,-5415882.633364,24160.000000,0,false,
SAT_P1_S3,3688721.420350,-2123796.866432,-5458451.929186,24200.000000,0,false,
SAT_P1_S3,3786180.769588,-1851218.344504,-5490527.526766,24240.000000,0,false,
SAT_P1_S3,3878011.860705,-1575658.266669,-5512047.013978,24280.000000,0,false,
SAT_P1_S3,3964054.752653,-1297609.088037,-5522968.131679,24320.000000,0,false,
SAT_P1_S3,4044157.537293,-1017567.161148,-5523268.851950,24360.000000,0,false,
SAT_P1_S3,4118176.597485,-736031.853859,-5512947.414212,24400.000000,0,false,
SAT_P1_S3,4185976.870055,-453504.667384,-5492022.343557,24440.000000,0,false,
SAT_P1_S3,4247432.119425,-170488.358992,-5460532.460215,24480.000000,0,false,
SAT_P1_S3,4302425.141523,112513.954486,-5418536.769643,24520.000000,0,false,
SAT_P1_S3,4350848.001897,394999.679621,-5366114.377177,24560.000000,0,false,
SAT_P1_S3,4392602.257372,676467.629338,-5303364.358288,24600.000000,0,false,
SAT_P1_S3,4427599.168148,956418.906363,-5230405.593392,24640.000000,0,false,
SAT_P1_S3,4455759.885312,1234357.779436,-5147376.551216,24680.000000,0,false,
SAT_P1_S3,4477015.627257,1509792.555666,-5054435.037088,24720.000000,0,false,
SAT_P1_S3,4491307.865078,1782236.452237,-4951757.930723,24760.000000,0,false,
SAT_P1_S3,4498588.508536,2051208.463838,-4839540.904319,24800.000000,0,false,
SAT_P1_S3,4498820.006516,2316234.208710,-4717998.018811,24840.000000,0,false,
SAT_P1_S3,4491975.504616,2576846.779203,-4587361.369741,24880.000000,0,false,
SAT_P1_S3,4478038.967830,2832587.583176,-4447880.671116,24920.000000,0,false,
SAT_P1_S3,4457005.281659,3083007.167244,-4299822.798494,24960.000000,0,false,
SAT_P1_S3,4428880.327905,3327666.019152,-4143471.288322,25000.000000,0,false,
SAT_P1_S3,4393681.053717,3566135.361656,-3979125.812244,25040.000000,0,false,
SAT_P1_S3,4351435.551086,3797997.948140,-3807101.643781,25080.000000,0,false,
SAT_P1_S3,4302183.076602,4022848.806273,-3627729.052689,25120.000000,0,false,
SAT_P1_S3,4245974.052670,4240295.960267,-3441352.667168,25160.000000,0,false,
SAT_P1_S3,4182870.084794,4449961.154618,-3248330.837788,25200.000000,0,false,
SAT_P1_S3,4112943.944691,4651480.543731,-3049034.956364,25240.000000,0,false,
SAT_P1_S3,4036279.524748,4844505.342186,-2843848.740409,25280.000000,0,false,
SAT_P1_S3,3952971.773828,5028702.448728,-2633167.491188,25320.000000,0,false,
SAT_P1_S3,3863126.634049,5203755.065099,-2417397.341146,25360.000000,0,false,
SAT_P1_S3,3766860.971176,5369363.299043,-2196954.486854,25400.000000,0,false,
SAT_P1_S3,3664302.414955,5525244.658888,-1972264.347465,25440.000000,0,false,
SAT_P1_S3,3555589.248319,5671134.592512,-1743760.752800,25480.000000,0,false,
SAT_P1_S3,3440870.254370,5806786.974176,-1511885.092661,25520.000000,0,false,
SAT_P1_S3,3320304.538449,5931974.546141,-1277085.447089,25560.000000,0,false,
SAT_P1_S3,3194061.322413,6046489.310086,-1039815.697836,25600.000000,0,false,
SAT_P1_S3,3062319.725668,6150142.894248,-800534.628150,25640.000000,0,false,
SAT_P1_S3,2925268.547047,6242766.919197,-559705.017971,25680.000000,0,false,
SAT_P1_S3,2783105.995660,6324213.261281,-317792.719785,25720.000000,0,false,
SAT_P1_S3,2636039.402179,6394354.273737,-75265.727527,25760.000000,0,false,
SAT_P1_S3,2484284.938299,6453083.013503,167406.749761,25800.000000,0,false,
SAT_P1_S3,2328067.306834,6500313.403622,409755.221036,25840.000000,0,false,
SAT_P1_S3,2167619.410197,6535980.336326,651310.843803,25880.000000,0,false,
SAT_P1_S3,2003182.003664,6560039.735385,891606.352081,25920.000000,0,false,
SAT_P1_S3,1835003.346815,6572468.609812,1130176.980648,25960.000000,0,false,
SAT_P1_S3,1663338.850004,6573265.086943,1366561.382827,26000.000000,0,false,
SAT_P1_S3,1488450.662051,6562448.295387,1600302.538771,26040.000000,0,false,
SAT_P1_S3,1310607.289138,6540058.317472,1830948.656056,26080.000000,0,false,
SAT_P1_S3,1130083.184228,6506156.071817,2058054.064177,26120.000000,0,false,
SAT_P1_S3,947158.323159,6460823.146497,2281180.092144,26160.000000,0,false,
SAT_P1_S3,762117.766209,6404161.577968,2499895.926584,26200.000000,0,false,
SAT_P1_S3,575251.209876,6336293.605895,2713779.459137,26240.000000,0,false,
SAT_P1_S3,386852.534352,6257361.431243,2922418.130554,26280.000000,0,false,
SAT_P1_S3,197219.332537,6167526.868223,3125409.728816,26320.000000,0,false,
SAT_P1_S3,6652.430153,6066970.956697,3322363.163415,26360.000000,0,false,
SAT_P1_S3,-184544.592883,5955893.590398,3512899.232930,26400.000000,0,false,
SAT_P1_S3,-376065.890728,5834513.083249,3696651.356126,26440.000000,0,false,
SAT_P1_S3,-567603.842284,5703065.687782,3873266.263920,26480.000000,0,false,
SAT_P1_S3,-758849.544594,5561805.082711,4042404.660913,26520.000000,0,false,
SAT_P1_S3,-949493.307469,5411001.860518,4203741.871416,26560.000000,0,false,
SAT_P1_S3,-1139225.147325,5250943.006637,4356968.462566,26600.000000,0,false,
SAT_P1_S3,-1327735.282567,5081931.253703,4501790.779864,26640.000000,0,false,
SAT_P1_S3,-1514714.628161,4904284.514916,4637931.507472,26680.000000,0,false,
SAT_P1_S3,-1699855.290372,4718335.255098,4765130.173801,26720.000000,0,false,
SAT_P1_S3,-1882851.064088,4524429.852826,4883143.634973,26760.000000,0,false,
SAT_P1_S3,-2063397.923306,4322927.926222,4991746.508434,26800.000000,0,false,
SAT_P1_S3,-2241194.511088,4114201.639258,5090731.573395,26840.000000,0,false,
SAT_P1_S3,-2415942.636813,3898635.011916,5179910.160739,26880.000000,0,false,
SAT_P1_S3,-2587347.776470,3676623.228045,5259112.523637,26920.000000,0,false,
SAT_P1_S3,-2755119.540647,3448571.846495,5328188.089887,26960.000000,0,false,
SAT_P1_S3,-2918972.166886,3214896.074948,5387005.757740,27000.000000,0,false,
SAT_P1_S3,-3078625.001534,2976020.004664,5435454.133095,27040.000000,0,false,
SAT_P1_S3,-3233802.970653,2732375.829822,5473441.721236,27080.000000,0,false,
SAT_P1_S3,-3384237.037850,2484403.050267,5500897.069554,27120.000000,0,false,
SAT_P1_S3,-3529664.661173,2232547.672399,5517768.884456,27160.000000,0,false,
SAT_P1_S3,-3669830.259771,1977261.422647,5524026.143960,27200.000000,0,false,
SAT_P1_S3,-3804485.643565,1719000.928555,5519658.123152,27240.000000,0,false,
SAT_P1_S3,-3933390.432747,1458226.893712,5504674.380154,27280.000000,0,false,
SAT_P1_S3,-4056312.491000,1195403.294759,5479104.748447,27320.000000,0,false,
SAT_P1_S3,-4173028.339938,930996.563213,5442999.274286,27360.000000,0,false,
SAT_P1_S3,-4283323.552197,665474.765835,5396428.104987,27400.000000,0,false,
SAT_P1_S3,-4386993.134128,399306.784880,5339481.342030,27440.000000,0,false,
SAT_P1_S3,-4483841.916575,132961.504623,5272268.884754,27480.000000,0,false,
SAT_P1_S3,-4573684.946526,-133092.995893,5194920.256404,27520.000000,0,false,
SAT_P1_S3,-4656347.799710,-398390.267488,5107584.304951,27560.000000,0,false,
SAT_P1_S3,-4731666.944697,-662466.291800,5010428.956997,27600.000000,0,false,
SAT_P1_S3,-4799490.076761,-924860.287681,4903640.911383,27640.000000,0,false,
SAT_P1_S3,-4859676.429957,-1185115.508844,4787425.291871,27680.000000,0,false,
SAT_P1_S3,-4912097.063606,-1442780.031838,4662005.255591,27720.000000,0,false,
SAT_P1_S3,-4956635.143010,-1697407.538054,4527621.578224,27760.000000,0,false,
SAT_P1_S3,-4993186.232763,-1948558.092120,4384532.235635,27800.000000,0,false,
SAT_P1_S3,-5021658.527705,-2195798.897802,4233011.908617,27840.000000,0,false,
SAT_P1_S3,-5041973.062644,-2438705.041225,4073351.452520,27880.000000,0,false,
SAT_P1_S3,-5054063.940965,-2676860.228358,3905857.373517,27920.000000,0,false,
SAT_P1_S3,-5057878.526455,-2909857.505618,3730851.255343,27960.000000,0,false,
SAT_P1_S3,-5053377.602123,-3137299.954673,3548669.148185,28000.000000,0,false,
SAT_P1_S3,-5040535.507999,-3358801.369595,3359660.928634,28040.000000,0,false,
SAT_P1_S3,-5019340.280767,-3573986.928369,3164189.648829,28080.000000,0,false,
SAT_P1_S3,-4989793.787101,-3782493.852045,2962630.870531,28120.000000,0,false,
SAT_P1_S3,-4951911.751640,-3983971.995819,2755371.912661,28160.000000,0,false,
SAT_P1_S3,-4905723.841839,-4178084.461913,2542811.133669,28200.000000,0,false,
SAT_P1_S3,-4851273.706762,-4364508.179648,2325357.171261,28240.000000,0,false,
SAT_P1_S3,-4788618.984932,-4542934.452680,2103428.157882,28280.000000,0,false,
SAT_P1_S3,-4717831.277291,-4713069.469993,1877450.911295,28320.000000,0,false,
SAT_P1_S3,-4638996.105855,-4874634.799602,1647860.111033,28360.000000,0,false,
SAT_P1_S3,-4552212.877706,-5027367.881667,1415097.471200,28400.000000,0,false,
SAT_P1_S3,-4457594.778483,-5171022.448013,1179610.878512,28440.000000,0,false,
SAT_P1_S3,-4355268.637056,-5305368.908517,941853.515042,28480.000000,0,false,
SAT_P1_S3,-4245374.803798,-5430194.741862,702282.986429,28520.000000,0,false,
SAT_P1_S3,-4128066.984543,-5545304.837867,461360.430232,28560.000000,0,false,
SAT_P1_S3,-4003512.039739,-5650521.791258,219549.617021,28600.000000,0,false,
SAT_P1_S3,-3871889.758380,-5745686.161514,-22683.954417,28640.000000,0,false,
SAT_P1_S3,-3733392.626720,-5830656.724028,-264873.963451,28680.000000,0,false,
SAT_P1_S3,-3588225.586386,-5905310.702838,-506554.173684,28720.000000,0,false,
SAT_P1_S3,-3436605.699154,-5969543.877331,-747259.346959,28760.000000,0,false,
SAT_P1_S3,-3278761.855820,-6023270.741545,-986526.146741,28800.000000,0,false,
SAT_P1_S3,-3114934.441529,-6066424.605334,-1223894.043318,28840.000000,0,false,
SAT_P1_S3,-2945374.974896,-6098957.650583,-1458906.210126,28880.000000,0,false,
SAT_P1_S3,-2770345.718636,-6120840.938622,-1691110.409158,28920.000000,0,false,
SAT_P1_S3,-2590119.275834,-6132064.396265,-1920059.869620,28960.000000,0,false,
SAT_P1_S3,-2404978.185861,-6132636.805524,-2145314.163151,29000.000000,0,false,
SAT_P1_S3,-2215214.471937,-6122585.699079,-2366440.051657,29040.000000,0,false,
SAT_P1_S3,-2021129.167415,-6101957.217301,-2583012.319139,29080.000000,0,false,
SAT_P1_S3,-1823031.850094,-6070815.980787,-2794614.596920,29120.000000,0,false,
SAT_P1_S3,-1621240.146523,-6029244.905236,-3000840.166313,29160.000000,0,false,
SAT_P1_S3,-1416079.218164,-5977344.968270,-3201292.731599,29200.000000,0,false,
SAT_P1_S3,-1207881.233191,-5915234.944012,-3395587.170582,29240.000000,0,false,
SAT_P1_S3,-996984.833813,-5843051.134525,-3583350.274497,29280.000000,0,false,
SAT_P1_S3,-783734.598520,-5760947.089713,-3764221.470985,29320.000000,0,false,
SAT_P1_S3,-568480.463110,-5669093.199605,-3937853.474345,29360.000000,0,false,
SAT_P1_S3,-351577.161843,-5567676.355253,-4103912.953445,29400.000000,0,false,
SAT_P1_S3,-133383.648265,-5456899.556254,-4262081.162459,29440.000000,0,false,
SAT_P1_S3,85737.491625,-5336981.485440,-4412054.536162,29480.000000,0,false,
SAT_P1_S3,305420.634330,-5208156.047634,-4553545.246680,29520.000000,0,false,
SAT_P1_S3,525297.720630,-5070671.897793,-4686281.739947,29560.000000,0,false,
SAT_P1_S3,744998.861968,-4924791.982235,-4810009.268517,29600.000000,0,false,
SAT_P1_S3,964152.953673,-4770793.006279,-4924490.351481,29640.000000,0,false,
SAT_P1_S3,1182388.293893,-4608964.877703,-5029505.199482,29680.000000,0,false,
SAT_P1_S3,1399333.204210,-4439610.175585,-5124852.141206,29720.000000,0,false,
SAT_P1_S3,1614616.656155,-4263043.577684,-5210348.000298,29760.000000,0,false,
SAT_P1_S3,1827868.893711,-4079591.261357,-5285828.424359,29800.000000,0,false,
SAT_P1_S3,2038722.056406,-3889590.288109,-5351148.178674,29840.000000,0,false,
SAT_P1_S3,2246810.808446,-3693387.992743,-5406181.427606,29880.000000,0,false,
SAT_P1_S3,2451772.969608,-3491341.372412,-5450821.995416,29920.000000,0,false,
SAT_P1_S3,2653250.120186,-3283816.394035,-5484983.509791,29960.000000,0,false,
SAT_P1_S3,2850888.224553,-3071187.358304,-5508599.588942,30000.000000,0,false,
SAT_P1_S3,3044338.247709,-2853836.232542,-5521623.973119,30040.000000,0,false,
SAT_P1_S3,3233256.762056,-2632151.971244,-5524030.612955,30080.000000,0,false,
SAT_P1_S3,3417306.542587,-2406529.822270,-5515813.710908,30120.000000,0,false,
SAT_P1_S3,3596157.163400,-2177370.631612,-5496987.740115,30160.000000,0,false,
SAT_P1_S3,3769485.606914,-1945080.159412,-5467587.463215,30200.000000,0,false,
SAT_P1_S3,3936976.836493,-1710068.363518,-5427667.862612,30240.000000,0,false,
SAT_P1_S3,4098324.361850,-1472748.675346,-5377304.033478,30280.000000,0,false,
SAT_P1_S3,4253230.814721,-1233537.293128,-5316591.079323,30320.000000,0,false,
SAT_P1_S3,4401408.509930,-992852.458620,-5245643.954700,30360.000000,0,false,
SAT_P1_S3,4542579.984539,-751113.732062,-5164597.261151,30400.000000,0,false,
SAT_P1_S3,4676478.518652,-508741.264672,-5073604.999515,30440.000000,0,false,
SAT_P1_S3,4802848.656865,-266155.073700,-4972840.301984,30480.000000,0,false,
SAT_P1_S3,4921446.740084,-23774.324106,-4862495.157047,30520.000000,0,false,
SAT_P1_S3,5032041.358665,217983.397818,-4742780.027301,30560.000000,0,false,
SAT_P1_S3,5134413.824192,458702.800427,-4613923.472841,30600.000000,0,false,
SAT_P1_S3,5228358.633992,697971.598030,-4476171.749983,30640.000000,0,false,
SAT_P1_S3,5313683.906020,935381.218213,-4329788.363402,30680.000000,0,false,
SAT_P1_S3,5390211.780205,1170527.499226,-4175053.573838,30720.000000,0,false,
SAT_P1_S3,5457778.805120,1403011.381440,-4012263.877125,30760.000000,0,false,
SAT_P1_S3,5516236.334077,1632439.596183,-3841731.475454,30800.000000,0,false,
SAT_P1_S3,5565450.888927,1858425.342795,-3663783.708841,30840.000000,0,false,
SAT_P1_S3,5605304.436754,2080588.945951,-3478762.401983,30880.000000,0,false,
SAT_P1_S3,5635694.722919,2298558.514197,-3287023.247572,30920.000000,0,false,
SAT_P1_S3,5656535.547900,2511970.585187,-3088935.130170,30960.000000,0,false,
SAT_P1_S3,5667757.006164,2720470.748524,-2884879.417994,31000.000000,0,false,
SAT_P1_S3,5669305.687965,2923714.248521,-2675249.222415,31040.000000,0,false,
SAT_P1_S3,5661144.869137,3121366.578192,-2460448.639606,31080.000000,0,false,
SAT_P1_S3,5643254.702543,3313104.069133,-2240891.983300,31120.000000,0,false,
SAT_P1_S3,5615632.296492,3498614.418256,-2017002.955835,31160.000000,0,false,
SAT_P1_S3,5578291.806949,3677597.214784,-1789213.820776,31200.000000,0,false,
SAT_P1_S3,5531264.509664,3849764.450320,-1557964.561377,31240.000000,0,false,
SAT_P1_S3,5474598.825612,4014840.996226,-1323702.015737,31280.000000,0,false,
SAT_P1_S3,5408360.299364,4172565.044257,-1086878.993942,31320.000000,0,false,
SAT_P1_S3,5332631.551052,4322688.525725,-847953.383630,31360.000000,0,false,
SAT_P1_S3,5247512.229173,4464977.527471,-607387.252915,31400.000000,0,false,
SAT_P1_S3,5153118.920947,4599212.672428,-365645.941782,31440.000000,0,false,
SAT_P1_S3,5049584.960601,4725189.425718,-123197.126227,31480.000000,0,false,
SAT_P1_S3,4937060.293945,4842718.433419,119490.099117,31520.000000,0,false,
SAT_P1_S3,4815711.274450,4951625.812338,361946.156670,31560.000000,0,false,
SAT_P1_S3,4685720.419215,5051753.398925,603701.919784,31600.000000,0,false,
SAT_P1_S3,4547286.124803,5142958.960082,844289.645855,31640.000000,0,false,
SAT_P1_S3,4400622.365805,5225116.389330,1083243.909052,31680.000000,0,false,
SAT_P1_S3,4245958.389615,5298115.900298,1320102.531436,31720.000000,0,false,
SAT_P1_S3,4083538.310591,5361864.110934,1554407.496142,31760.000000,0,false,
SAT_P1_S3,3913620.713558,5416284.137337,1785705.855563,31800.000000,0,false,
SAT_P1_S3,3736478.238201,5461315.665500,2013550.629560,31840.000000,0,false,
SAT_P1_S3,3552397.124124,5496914.976232,2237501.686656,31880.000000,0,false,
SAT_P1_S3,3361676.720311,5523054.922990,2457126.602718,31920.000000,0,false,
SAT_P1_S3,3164628.974064,5539724.884277,2672001.503640,31960.000000,0,false,
SAT_P1_S3,2961577.920095,5546930.717636,2881711.899858,32000.000000,0,false,
SAT_P1_S3,2752859.141284,5544694.672968,3085853.495266,32040.000000,0,false,
SAT_P1_S3,2538819.158378,5533055.210476,3284032.951454,32080.000000,0,false,
SAT_P1_S3,2319814.863279,5512066.876151,3475868.657721,32120.000000,0,false,
SAT_P1_S3,2096212.904778,5481800.117593,3660991.469421,32160.000000,0,false,
SAT_P1_S3,1868389.054814,5442341.062743,3839045.411068,32200.000000,0,false,
SAT_P1_S3,1636727.553863,5393791.263906,4009688.346436,32240.000000,0,false,
SAT_P1_S3,1401620.446852,5336267.433917,4172592.631657,32280.000000,0,false,
SAT_P1_S3,1163466.917318,5269901.189466,4327445.759299,32320.000000,0,false,
SAT_P1_S3,922672.577870,5194838.687192,4473950.913400,32360.000000,0,false,
SAT_P1_S3,679648.767565,5111240.287158,4611827.526194,32400.000000,0,false,
SAT_P1_S3,434811.841382,5019280.192735,4740811.797792,32440.000000,0,false,
SAT_P1_S3,188582.448754,4919146.069493,4860657.183529,32480.000000,0,false,
SAT_P1_S3,-58615.194100,4811038.632799,4971134.833926,32520.000000,0,false,
SAT_P1_S3,-306354.037671,4695171.210329,5072033.992741,32560.000000,0,false,
SAT_P1_S3,-554204.934190,4571769.304921,5163162.375267,32600.000000,0,false,
SAT_P1_S3,-801737.370388,4441070.173663,5244346.540132,32640.000000,0,false,
SAT_P1_S3,-1048520.211282,4303322.320898,5315432.160389,32680.000000,0,false,
SAT_P1_S3,-1294122.440438,4158785.016217,5376284.295173,32720.000000,0,false,
SAT_P1_S3,-1538113.901586,4007727.812613,5426787.640776,32760.000000,0,false,
SAT_P1_S3,-1780066.042983,3850430.038260,5466846.734589,32800.000000,0,false,
SAT_P1_S3,-2019552.655944,3687180.267242,5496386.109546,32840.000000,0,false,
SAT_P1_S3,-2256150.614161,3518275.782356,5515350.418091,32880.000000,0,false,
SAT_P1_S3,-2489440.620249,3344022.048909,5523704.550679,32920.000000,0,false,
SAT_P1_S3,-2719007.946387,3164732.174241,5521433.711122,32960.000000,0,false,
SAT_P1_S3,-2944443.150914,2980726.307847,5508543.385488,33000.000000,0,false,
SAT_P1_S3,-3165342.813350,2792331.095615,5485059.359807,33040.000000,0,false,
SAT_P1_S3,-3381310.256593,2599879.101092,5451027.668060,33080.000000,0,false,
SAT_P1_S3,-3591956.252922,2403708.218672,5406514.494726,33120.000000,0,false,
SAT_P1_S3,-3796899.715389,2204161.077861,5351606.032299,33160.000000,0,false,
SAT_P1_S3,-3995768.388148,2001584.451806,5286408.318633,33200.000000,0,false,
SAT_P1_S3,-4188199.542801,1796328.678994,5211047.069199,33240.000000,0,false,
SAT_P1_S3,-4373840.615700,1588747.047392,5125667.400169,33280.000000,0,false,
SAT_P1_S3,-4552349.853963,1379195.196721,5030433.554897,33320.000000,0,false,
SAT_P1_S3,-4723396.955951,1168030.526266,4925528.609864,33360.000000,0,false,
SAT_P1_S3,-4886663.686592,955611.596279,4811154.132617,33400.000000,0,false,
SAT_P1_S3,-5041844.462308,742297.528884,4687529.794334,33440.000000,0,false,
SAT_P1_S3,-5188646.922120,528447.411559,4554892.954110,33480.000000,0,false,
SAT_P1_S3,-5326792.505895,314419.709088,4413498.238150,33520.000000,0,false,
SAT_P1_S3,-5456017.006533,100571.678363,4263617.082133,33560.000000,0,false,
SAT_P1_S3,-5576071.042778,-112741.228012,4105537.180805,33600.000000,0,false,
SAT_P1_S3,-5686720.582803,-325165.935146,3939561.983725,33640.000000,0,false,
SAT_P1_S3,-5787747.420750,-536352.324887,3766010.129975,33680.000000,0,false,
SAT_P1_S3,-5878949.618602,-745953.805132,3585214.849283,33720.000000,0,false,
SAT_P1_S3,-5960141.914248,-953627.871619,3397523.328529,33760.000000,0,false,
SAT_P1_S3,-6031156.121294,-1159036.664366,3203296.061058,33800.000000,0,false,
SAT_P1_S3,-6091841.535416,-1361847.518893,3002906.189744,33840.000000,0,false,
SAT_P1_S3,-6142065.230084,-1561733.497652,2796738.773606,33880.000000,0,false,
SAT_P1_S3,-6181712.363924,-1758373.915421,2585190.055284,33920.000000,0,false,
SAT_P1_S3,-6210686.472477,-1951454.855807,2368666.712579,33960.000000,0,false,
SAT_P1_S3,-6228909.711199,-2140669.672548,2147585.077661,34000.000000,0,false,
SAT_P1_S3,-6236323.048649,-2325719.470180,1922370.330835,34040.000000,0,false,
SAT_P1_S3,-6232886.430781,-2506313.571697,1693455.677067,34080.000000,0,false,
SAT_P1_S3,-6218578.944465,-2682169.981674,1461281.517004,34120.000000,0,false,
SAT_P1_S3,-6193398.938220,-2853015.828805,1226294.600862,34160.000000,0,false,
SAT_P1_S3,-6157364.029554,-3018587.765775,988947.141450,34200.000000,0,false,
SAT_P1_S3,-6110511.172803,-3178632.382106,749695.949726,34240.000000,0,false,
SAT_P1_S3,-6052896.655533,-3332906.589655,509001.544439,34280.000000,0,false,
SAT_P1_S3,-5984596.049092,-3481177.980945,267327.255356,34320.000000,0,false,
SAT_P1_S3,-5905704.113509,-3623225.162462,25138.319357,34360.000000,0,false,
SAT_P1_S3,-5816334.685177,-3758838.078278,-217099.026672,34400.000000,0,false,
SAT_P1_S3,-5716620.564739,-3887818.332192,-458918.452742,34440.000000,0,false,
SAT_P1_S3,-5606713.282339,-4009979.438794,-699854.448498,34480.000000,0,false,
SAT_P1_S3,-5486782.871419,-4125147.077028,-939443.231189,34520.000000,0,false,
SAT_P1_S3,-5357017.622445,-4233159.330199,-1177223.650481,34560.000000,0,false,
SAT_P1_S3,-5217623.784288,-4333866.892266,-1412738.088353,34600.000000,0,false,
SAT_P1_S3,-5068825.217865,-4427133.238294,-1645533.346489,34640.000000,0,false,
SAT_P1_S3,-4910863.020731,-4512834.774543,-1875161.524756,34680.000000,0,false,
SAT_P1_S3,-4743995.148713,-4590860.987566,-2101180.894628,34720.000000,0,false,
SAT_P1_S3,-4568496.000502,-4661114.563090,-2323156.756108,34760.000000,0,false,
SAT_P1_S3,-4384655.904047,-4723511.428742,-2540662.263690,34800.000000,0,false,
SAT_P1_S3,-4192780.658277,-4777980.838541,-2753279.254032,34840.000000,0,false,
SAT_P1_S3,-3993191.013393,-4824465.412006,-2960599.051716,34880.000000,0,false,
SAT_P1_S3,-3786222.119416,-4862921.141784,-3162223.248066,34920.000000,0,false,
SAT_P1_S3,-3572222.942174,-4893317.371842,-3357764.454603,34960.000000,0,false,
SAT_P1_S3,-3351555.667017,-4915636.769329,-3546847.043510,35000.000000,0,false,
SAT_P1_S3,-3124595.103546,-4929875.303606,-3729107.881817,35040.000000,0,false,
SAT_P1_S3,-2891728.009300,-4936042.134686,-3904196.998087,35080.000000,0,false,
SAT_P1_S3,-2653352.421922,-4934159.516397,-4071778.244262,35120.000000,0,false,
SAT_P1_S3,-2409876.980308,-4924262.691405,-4231529.938765,35160.000000,0,false,
SAT_P1_S3,-2161720.215309,-4906399.751894,-4383145.472021,35200.000000,0,false,
SAT_P1_S3,-1909309.818148,-4880631.467781,-4526333.870204,35240.000000,0,false,
SAT_P1_S3,-1653081.894960,-4847031.099904,-4660820.331624,35280.000000,0,false,
SAT_P1_S3,-1393480.220506,-4805684.221140,-4786346.754208,35320.000000,0,false,
SAT_P1_S3,-1130955.477856,-4756688.513899,-4902672.224954,35360.000000,0,false,
SAT_P1_S3,-865964.455659,-4700153.491092,-5009573.425278,35400.000000,0,false,
SAT_P1_S3,-598969.274439,-4636200.276028,-5106845.067520,35440.000000,0,false,
SAT_P1_S3,-330436.585700,-4564961.339908,-5194300.277512,35480.000000,0,false,
SAT_P1_S3,-60836.765130,-4486580.218275,-5271770.934544,35520.000000,0,false,
SAT_P1_S3,209356.902521,-4401211.207074,-5339107.970475,35560.000000,0,false,
SAT_P1_S3,479669.043913,-4309019.060190,-5396181.651723,35600.000000,0,false,
SAT_P1_S3,749623.020041,-4210178.701822,-5442881.858179,35640.000000,0,false,
SAT_P1_S3,1018741.759994,-4104874.861981,-5479118.254299,35680.000000,0,false,
SAT_P1_S3,1286548.594764,-3993301.733656,-5504820.462878,35720.000000,0,false,
SAT_P1_S3,1552568.094273,-3875662.629541,-5519938.216970,35760.000000,0,false,
SAT_P1_S3,1816326.906489,-3752169.614683,-5524441.460826,35800.000000,0,false,
SAT_P1_S3,2077354.589994,-3623043.119747,-5518320.400291,35840.000000,0,false,
SAT_P1_S3,2335184.445943,-3488511.547343,-5501585.520893,35880.000000,0,false,
SAT_P1_S3,2589354.355394,-3348810.889098,-5474267.598157,35920.000000,0,false,
SAT_P1_S3,2839407.608423,-3204184.330696,-5436417.665246,35960.000000,0,false,
SAT_P1_S3,3084893.705176,-3054881.802205,-5388106.875669,36000.000000,0,false,
SAT_P1_S4,193004.116130,4164835.033007,-5533170.957937,0.000000,0,false,
SAT_P1_S4,-97929.478706,4176246.914078,-5527075.961109,40.000000,0,false,
SAT_P1_S4,-388628.143195,4181406.783735,-5510385.364011,80.000000,0,false,
SAT_P1_S4,-678575.099748,4180301.853195,-5483131.037568,120.000000,0,false,
SAT_P1_S4,-967255.031363,4172928.170502,-5445365.006231,160.000000,0,false,
SAT_P1_S4,-1254154.995542,4159290.640637,-5397159.351693,200.000000,0,false,
SAT_P1_S4,-1538765.333689,4139403.035021,-5338606.079417,240.000000,0,false,
SAT_P1_S4,-1820580.578142,4113287.998760,-5269816.958873,280.000000,0,false,
SAT_P1_S4,-2099100.346375,4080977.033223,-5190923.309077,320.000000,0,false,
SAT_P1_S4,-2373830.227139,4042510.467342,-5102075.747124,360.000000,0,false,
SAT_P1_S4,-2644282.665113,3997937.436264,-5003443.923971,400.000000,0,false,
SAT_P1_S4,-2909977.840701,3947315.864941,-4895216.244797,440.000000,0,false,
SAT_P1_S4,-3170444.509852,3890712.374009,-4777599.469195,480.000000,0,false,
SAT_P1_S4,-3425220.855354,3828202.235599,-4650818.354848,520.000000,0,false,
SAT_P1_S4,-3673855.321709,3759869.303101,-4515115.247760,560.000000,0,false,
SAT_P1_S4,-3915907.427622,3685805.924035,-4370749.632272,600.000000,0,false,
SAT_P1_S4,-4150948.552154,3606112.833388,-4217997.638531,640.000000,0,false,
SAT_P1_S4,-4378562.709790,3520899.042611,-4057151.526434,680.000000,0,false,
SAT_P1_S4,-4598347.328613,3430281.739890,-3888519.165253,720.000000,0,false,
SAT_P1_S4,-4809913.974616,3334386.149476,-3712423.447274,760.000000,0,false,
SAT_P1_S4,-5012889.043781,3233345.369467,-3529201.659579,800.000000,0,false,
SAT_P1_S4,-5206914.464073,3127300.231927,-3339204.867119,840.000000,0,false,
SAT_P1_S4,-5391648.358767,3016399.135437,-3142797.247467,880.000000,0,false,
SAT_P1_S4,-5566765.666700,2900797.859460,-2940355.391936,920.000000,0,false,
SAT_P1_S4,-5731958.731832,2780659.365764,-2732267.579062,960.000000,0,false,
SAT_P1_S4,-5886937.885857,2656153.600842,-2518933.035717,1000.000000,0,false,
SAT_P1_S4,-6031432.018256,2527457.298258,-2300761.185611,1040.000000,0,false,
SAT_P1_S4,-6165189.021556,2394753.719501,-2078170.824906,1080.000000,0,false,
SAT_P1_S4,-6287976.282409,2258232.428381,-1851589.322661,1120.000000,0,false,
SAT_P1_S4,-6399581.118302,2118089.041601,-1621451.788248,1160.000000,0,false,
SAT_P1_S4,-6499811.164893,1974524.965235,-1388200.219271,1200.000000,0,false,
SAT_P1_S4,-6588494.708693,1827747.116102,-1152282.631253,1240.000000,0,false,
SAT_P1_S4,-6665480.992150,1677967.636758,-914152.177150,1280.000000,0,false,
SAT_P1_S4,-6730640.517545,1525403.613719,-674266.265179,1320.000000,0,false,
SAT_P1_S4,-6783865.254907,1370276.771079,-433085.657478,1360.000000,0,false,
SAT_P1_S4,-6825068.791270,1212813.149865,-191073.558324,1400.000000,0,false,
SAT_P1_S4,-6854186.497538,1053242.799022,51305.288116,1440.000000,0,false,
SAT_P1_S4,-6871175.627536,891799.449784,293585.510064,1480.000000,0,false,
SAT_P1_S4,-6876015.357127,728720.182518,535302.018372,1520.000000,0,false,
SAT_P1_S4,-6868706.779480,564245.087210,775990.915073,1560.000000,0,false,
SAT_P1_S4,-6849272.889308,398616.923227,1015190.399014,1600.000000,0,false,
SAT_P1_S4,-6817758.551962,232080.779286,1252441.666124,1640.000000,0,false,
SAT_P1_S4,-6774230.315114,64883.711284,1487289.800488,1680.000000,0,false,
SAT_P1_S4,-6718776.285112,-102725.607058,1719284.657940,1720.000000,0,false,
SAT_P1_S4,-6651505.937606,-270497.243176,1947981.742461,1760.000000,0,false,
SAT_P1_S4,-6572549.877193,-438180.366664,2172943.066782,1800.000000,0,false,
SAT_P1_S4,-6482059.542249,-605523.611690,2393737.993798,1840.000000,0,false,
SAT_P1_S4,-6380206.884175,-772275.441845,2609944.065962,1880.000000,0,false,
SAT_P1_S4,-6267184.050253,-938184.517373,2821147.829308,1920.000000,0,false,
SAT_P1_S4,-6143202.974412,-1103000.059544,3026945.619544,1960.000000,0,false,
SAT_P1_S4,-6008494.914423,-1266472.214887,3226944.321373,2000.000000,0,false,
SAT_P1_S4,-5863310.016916,-1428352.420316,3420762.123108,2040.000000,0,false,
SAT_P1_S4,-5707916.820767,-1588393.767268,3608029.239484,2080.000000,0,false,
SAT_P1_S4,-5542601.715776,-1746351.358919,3788388.598465,2120.000000,0,false,
SAT_P1_S4,-5367668.369915,-1901982.664622,3961496.499681,2160.000000,0,false,
SAT_P1_S4,-5183437.154173,-2055047.877155,4127023.258875,2200.000000,0,false,
SAT_P1_S4,-4990244.563675,-2205310.270626,4284653.835071,2240.000000,0,false,
SAT_P1_S4,-4788442.516327,-2352536.532461,4434088.372692,2280.000000,0,false,
SAT_P1_S4,-4578397.719688,-2496497.112356,4575042.765529,2320.000000,0,false,
SAT_P1_S4,-4360490.983775,-2636966.559509,4707249.172038,2360.000000,0,false,
SAT_P1_S4,-4135116.519903,-2773723.858937,4830456.506532,2400.000000,0,false,
SAT_P1_S4,-3902681.205841,-2906552.753985,4944430.883150,2440.000000,0,false,
SAT_P1_S4,-3663603.832464,-3035242.063999,5048956.028299,2480.000000,0,false,
SAT_P1_S4,-3418314.353020,-3159586.008508,5143833.682679,2520.000000,0,false,
SAT_P1_S4,-3167253.128319,-3279384.531693,5228883.982677,2560.000000,0,false,
SAT_P1_S4,-2910870.086819,-3394443.579489,5303945.732750,2600.000000,0,false,
SAT_P1_S4,-2649623.941258,-3504575.410633,5368876.718826,2640.000000,0,false,
SAT_P1_S4,-2383981.368485,-3609598.890519,5423553.966534,2680.000000,0,false,
SAT_P1_S4,-2114416.176571,-3709339.772287,5467873.957045,2720.000000,0,false,
SAT_P1_S4,-1841408.457653,-3803630.963237,5501752.797106,2760.000000,0,false,
SAT_P1_S4,-1565443.738095,-3892312.791472,5525126.365992,2800.000000,0,false,
SAT_P1_S4,-1287012.137212,-3975233.285668,5537950.459654,2840.000000,0,false,
SAT_P1_S4,-1006607.498518,-4052248.412291,5540200.847545,2880.000000,0,false,
SAT_P1_S4,-724726.517335,-4123222.305818,5531873.295795,2920.000000,0,false,
SAT_P1_S4,-441867.883387,-4188027.515636,5512983.593729,2960.000000,0,false,
SAT_P1_S4,-158531.411291,-4246545.232832,5483567.526636,3000.000000,0,false,
SAT_P1_S4,124782.827826,-4298665.497464,5443680.800489,3040.000000,0,false,
SAT_P1_S4,407575.373994,-4344287.397186,5393398.932385,3080.000000,0,false,
SAT_P1_S4,689348.242518,-4383319.275638,5332817.131281,3120.000000,0,false,
SAT_P1_S4,969605.783172,-4415678.942055,5262050.158710,3160.000000,0,false,
SAT_P1_S4,1247855.542205,-4441293.805948,5181232.070372,3200.000000,0,false,
SAT_P1_S4,1523609.112179,-4460101.066089,5090516.008530,3240.000000,0,false,
SAT_P1_S4,1796382.983032,-4472047.870493,4990073.934875,3280.000000,0,false,
SAT_P1_S4,2065699.382003,-4477091.458968,4880096.323458,3320.000000,0,false,
SAT_P1_S4,2331087.101572,-4475199.284706,4760791.810172,3360.000000,0,false,
SAT_P1_S4,2592082.323137,-4466349.133178,4632386.819626,3400.000000,0,false,
SAT_P1_S4,2848229.442328,-4450529.254797,4495125.188283,3440.000000,0,false,
SAT_P1_S4,3099081.862128,-4427738.440710,4349267.707822,3480.000000,0,false,
SAT_P1_S4,3344202.773725,-4397986.084962,4195091.636843,3520.000000,0,false,
SAT_P1_S4,3583165.937053,-4361292.263395,4032890.215062,3560.000000,0,false,
SAT_P1_S4,3815556.439838,-4317687.780789,3862972.127287,3600.000000,0,false,
SAT_P1_S4,4040971.426907,-4267214.191673,3685660.928281,3640.000000,0,false,
SAT_P1_S4,4259020.810121,-4209923.804640,3501294.437584,3680.000000,0,false,
SAT_P1_S4,4469327.974639,-4145879.688977,3310224.122098,3720.000000,0,false,
SAT_P1_S4,4671530.471402,-4075155.675465,3112814.460526,3760.000000,0,false,
SAT_P1_S4,4865280.624592,-3997836.273214,2909442.222027,3800.000000,0,false,
SAT_P1_S4,5050246.172981,-3914016.635270,2700495.777844,3840.000000,0,false,
SAT_P1_S4,5226110.870125,-3823802.486704,2486374.368556,3880.000000,0,false,
SAT_P1_S4,5392575.047536,-3727310.030238,2267487.345706,3920.000000,0,false,
SAT_P1_S4,5549356.137221,-3624665.826237,2044253.386676,3960.000000,0,false,
SAT_P1_S4,5696189.176318,-3516006.663291,1817099.694041,4000.000000,0,false,
SAT_P1_S4,5832827.313408,-3401479.434497,1586461.189930,4040.000000,0,false,
SAT_P1_S4,5959042.227567,-3281240.958665,1352779.670713,4080.000000,0,false,
SAT_P1_S4,6074624.515190,-3155457.783712,1116502.945749,4120.000000,0,false,
SAT_P1_S4,6179384.081334,-3024305.999688,878083.978148,4160.000000,0,false,
SAT_P1_S4,6273150.476051,-2887971.018573,637980.002499,4200.000000,0,false,
SAT_P1_S4,6355773.176133,-2746647.329869,396651.632321,4240.000000,0,false,
SAT_P1_S4,6427121.828866,-2600538.238163,154561.958788,4280.000000,0,false,
SAT_P1_S4,6487086.486102,-2449855.596240,-87824.354750,4320.000000,0,false,
SAT_P1_S4,6535577.814627,-2294819.529328,-330041.980669,4360.000000,0,false,
SAT_P1_S4,6572527.164098,-2135658.096756,-571625.845043,4400.000000,0,false,
SAT_P1_S4,6597886.695528,-1972606.983599,-812112.036810,4440.000000,0,false,
SAT_P1_S4,6611629.440404,-1805909.161833,-1051038.720097,4480.000000,0,false,
SAT_P1_S4,6613749.309314,-1635814.535397,-1287947.039191,4520.000000,0,false,
SAT_P1_S4,6604261.046283,-1462579.567695,-1522382.014527,4560.000000,0,false,
SAT_P1_S4,6583200.158963,-1286466.900070,-1753893.432820,4600.000000,0,false,
SAT_P1_S4,6550622.851512,-1107744.969888,-1982036.733637,4640.000000,0,false,
SAT_P1_S4,6506605.851118,-926687.599601,-2206373.871463,4680.000000,0,false,
SAT_P1_S4,6451246.198197,-743573.574629,-2426474.164587,4720.000000,0,false,
SAT_P1_S4,6384661.048694,-558686.224822,-2641915.136873,4760.000000,0,false,
SAT_P1_S4,6306987.414199,-372312.987998,-2852283.340009,4800.000000,0,false,
SAT_P1_S4,6218381.849556,-184744.965022,-3057175.147892,4840.000000,0,false,
SAT_P1_S4,6119020.105101,3723.533398,-3256197.530644,4880.000000,0,false,
SAT_P1_S4,6009096.774124,192795.445017,-3448968.819730,4920.000000,0,false,
SAT_P1_S4,5888824.923621,382171.418488,-3635119.456324,4960.000000,0,false,
SAT_P1_S4,5758435.587922,571550.289438,-3814292.668384,5000.000000,0,false,
SAT_P1_S4,5618177.334602,760629.552709,-3986145.166252,5040.000000,0,false,
SAT_P1_S4,5468315.768019,949105.843276,-4150347.799505,5080.000000,0,false,
SAT_P1_S4,5309132.996875,1136675.417608,-4306586.177900,5120.000000,0,false,
SAT_P1_S4,5140927.062976,1323034.635274,-4454561.253549,5160.000000,0,false,
SAT_P1_S4,4964011.357065,1507880.444024,-4593989.881746,5200.000000,0,false,
SAT_P1_S4,4778714.045385,1690910.870312,-4724605.375721,5240.000000,0,false,
SAT_P1_S4,4585377.418737,1871825.500434,-4846157.987135,5280.000000,0,false,
SAT_P1_S4,4384357.221531,2050325.962071,-4958415.355208,5320.000000,0,false,
SAT_P1_S4,4176022.001998,2226116.410739,-5061162.953089,5360.000000,0,false,
SAT_P1_S4,3960752.421860,2398904.013319,-5154204.486494,5400.000000,0,false,
SAT_P1_S4,3738940.539625,2568399.422208,-5237362.244383,5440.000000,0,false,
SAT_P1_S4,3510989.077690,2734317.247106,-5310477.415372,5480.000000,0,false,
SAT_P1_S4,3277310.693634,2896376.534120,-5373410.393026,5520.000000,0,false,
SAT_P1_S4,3038327.249320,3054301.246220,-5426041.059198,5560.000000,0,false,
SAT_P1_S4,2794468.999824,3207820.703084,-5468268.949510,5600.000000,0,false,
SAT_P1_S4,2546173.838371,3356670.051088,-5500013.464480,5640.000000,0,false,
SAT_P1_S4,2293886.507388,3500590.719241,-5521214.021424,5680.000000,0,false,
SAT_P1_S4,2038057.798804,3639330.862765,-5531830.162229,5720.000000,0,false,
SAT_P1_S4,1779143.741968,3772645.792214,-5531841.613418,5760.000000,0,false,
SAT_P1_S4,1517604.790107,3900298.402688,-5521248.322442,5800.000000,0,false,
SAT_P1_S4,1253905.015945,4022059.615631,-5500070.491603,5840.000000,0,false,
SAT_P1_S4,988511.282003,4137708.776509,-5468348.520762,5880.000000,0,false,
SAT_P1_S4,721892.408299,4247034.047174,-5426142.918776,5920.000000,0,false,
SAT_P1_S4,454518.354845,4349832.806054,-5373534.210304,5960.000000,0,false,
SAT_P1_S4,186859.392859,4445912.030042,-5310622.790377,6000.000000,0,false,
SAT_P1_S4,-80614.720699,4535088.665263,-5237528.744569,6040.000000,0,false,
SAT_P1_S4,-347435.566781,4617189.972256,-5154391.617108,6080.000000,0,false,
SAT_P1_S4,-613136.884938,4692053.863983,-5061370.149356,6120.000000,0,false,
SAT_P1_S4,-877255.389432,4759529.256325,-4958642.012594,6160.000000,0,false,
SAT_P1_S4,-1139331.578320,4819476.387779,-4846403.486678,6200.000000,0,false,
SAT_P1_S4,-1398910.536704,4871767.082788,-4724869.055181,6240.000000,0,false,
SAT_P1_S4,-1655542.729695,4916285.058843,-4594271.036060,6280.000000,0,false,
SAT_P1_S4,-1908784.789770,4952926.194824,-4454859.150070,6320.000000,0,false,
SAT_P1_S4,-2158200.286163,4981598.771794,-4306900.048523,6360.000000,0,false,
SAT_P1_S4,-2403360.479694,5002223.690329,-4150676.803927,6400.000000,0,false,
SAT_P1_S4,-2643845.070419,5014734.686125,-3986488.384493,6440.000000,0,false,
SAT_P1_S4,-2879242.939537,5019078.552481,-3814649.121876,6480.000000,0,false,
SAT_P1_S4,-3109152.845707,5015215.269031,-3635488.083387,6520.000000,0,false,
SAT_P1_S4,-3333184.123003,5003118.159877,-3449348.460437,6560.000000,0,false,
SAT_P1_S4,-3550957.363871,4982774.033300,-3256586.929301,6600.000000,0,false,
SAT_P1_S4,-3762105.077230,4954183.289176,-3057572.975626,6640.000000,0,false,
SAT_P1_S4,-3966272.315560,4917359.991864,-2852688.185361,6680.000000,0,false,
SAT_P1_S4,-4163117.285430,4872331.926831,-2642325.513974,6720.000000,0,false,
SAT_P1_S4,-4352311.957483,4819140.663613,-2426888.549100,6760.000000,0,false,
SAT_P1_S4,-4533542.637330,4757841.577240,-2206790.739062,6800.000000,0,false,
SAT_P1_S4,-4706510.476205,4688503.797908,-1982454.569446,6840.000000,0,false,
SAT_P1_S4,-4870932.004687,4611210.203990,-1754310.761571,6880.000000,0,false,
SAT_P1_S4,-5026539.620956,4526057.362260,-1522797.431743,6920.000000,0,false,
SAT_P1_S4,-5173082.036444,4433155.434197,-1288359.232839,6960.000000,0,false,
SAT_P1_S4,-5310324.684196,4332628.051070,-1051446.479017,7000.000000,0,false,
SAT_P1_S4,-5438050.112145,4224612.178363,-812514.262032,7040.000000,0,false,
SAT_P1_S4,-5556058.368943,4109257.978489,-572021.564272,7080.000000,0,false,
SAT_P1_S4,-5664167.276199,3986728.579631,-330430.344069,7120.000000,0,false,
SAT_P1_S4,-5762212.717292,3857199.865089,-88204.628890,7160.000000,0,false,
SAT_P1_S4,-5850048.893080,3720860.238930,154190.396276,7200.000000,0,false,
SAT_P1_S4,-5927548.528640,3577910.357739,396289.303742,7240.000000,0,false,
SAT_P1_S4,-5994603.027826,3428562.829607,637627.336013,7280.000000,0,false,
SAT_P1_S4,-6051122.599051,3273041.894920,877741.316147,7320.000000,0,false,
SAT_P1_S4,-6097036.379690,3111583.107595,1116170.554280,7360.000000,0,false,
SAT_P1_S4,-6132292.501804,2944432.982156,1352457.745833,7400.000000,0,false,
SAT_P1_S4,-6156858.066640,2771848.583539,1586149.860772,7440.000000,0,false,
SAT_P1_S4,-6170719.163938,2594097.150015,1816799.023641,7480.000000,0,false,
SAT_P1_S4,-6173880.825460,2411455.674417,2043963.384874,7520.000000,0,false,
SAT_P1_S4,-6166366.930499,2224210.464059,2267207.971869,7560.000000,0,false,
SAT_P1_S4,-6148220.069830,2032656.680246,2486105.522418,7600.000000,0,false,
SAT_P1_S4,-6119501.397350,1837097.870164,2700237.307918,7640.000000,0,false,
SAT_P1_S4,-6080290.481392,1637845.497754,2909193.947963,7680.000000,0,false,
SAT_P1_S4,-6030685.027762,1435218.421260,3112576.172763,7720.000000,0,false,
SAT_P1_S4,-5970800.635034,1229542.383813,3309995.583753,7760.000000,0,false,
SAT_P1_S4,-5900770.520817,1021149.490909,3501075.392919,7800.000000,0,false,
SAT_P1_S4,-5820745.203877,810377.671585,3685451.131355,7840.000000,0,false,
SAT_P1_S4,-5730892.142740,597570.127031,3862771.322283,7880.000000,0,false,
SAT_P1_S4,-5631395.354316,383074.770925,4032698.131135,7920.000000,0,false,
SAT_P1_S4,-5522455.040942,167243.668258,4194908.007282,7960.000000,0,false,
SAT_P1_S4,-5404287.171005,-49567.536308,4349092.283395,8000.000000,0,false,
SAT_P1_S4,-5277122.982019,-267000.209186,4494957.715658,8040.000000,0,false,
SAT_P1_S4,-5141208.538661,-484693.306833,4632227.036001,8080.000000,0,false,
SAT_P1_S4,-4996804.235969,-702283.969852,4760639.458095,8120.000000,0,false,
SAT_P1_S4,-4844184.284845,-919408.118923,4879951.151500,8160.000000,0,false,
SAT_P1_S4,-4683636.163648,-1135701.052669,4989935.670497,8200.000000,0,false,
SAT_P1_S4,-4515460.058642,-1350798.049387,5090384.357512,8240.000000,0,false,
SAT_P1_S4,-4339968.316795,-1564334.974122,5181106.741577,8280.000000,0,false,
SAT_P1_S4,-4157484.856900,-1775948.882505,5261930.878665,8320.000000,0,false,
SAT_P1_S4,-3968344.529967,-1985278.621780,5332703.626029,8360.000000,0,false,
SAT_P1_S4,-3772892.525844,-2191965.437070,5393290.938214,8400.000000,0,false,
SAT_P1_S4,-3571483.740212,-2395653.576644,5443578.107862,8440.000000,0,false,
SAT_P1_S4,-3364482.123646,-2595990.887924,5483469.959937,8480.000000,0,false,
SAT_P1_S4,-3152260.016590,-2792629.408632,5512891.006971,8520.000000,0,false,
SAT_P1_S4,-2935197.487781,-2985225.962078,5531785.589222,8560.000000,0,false,
SAT_P1_S4,-2713681.681860,-3173442.757472,5540118.005503,8600.000000,0,false,
SAT_P1_S4,-2488106.103002,-3356947.950124,5537872.526202,8640.000000,0,false,
SAT_P1_S4,-2258869.935323,-3535416.220723,5525053.434378,8680.000000,0,false,
SAT_P1_S4,-2026377.351447,-3708529.347438,5501685.026906,8720.000000,0,false,
SAT_P1_S4,-1791036.810998,-3875976.764504,5467811.570459,8760.000000,0,false,
SAT_P1_S4,-1553260.351241,-4037456.103274,5423497.210069,8800.000000,0,false,
SAT_P1_S4,-1313462.877588,-4192673.729870,5368825.851335,8840.000000,0,false,
SAT_P1_S4,-1072061.463861,-4341345.294664,5303901.040298,8880.000000,0,false,
SAT_P1_S4,-829474.642420,-4483196.252393,5228845.781809,8920.000000,0,false,
SAT_P1_S4,-586121.679049,-4617962.347368,5143802.286516,8960.000000,0,false,
SAT_P1_S4,-342421.872929,-4745390.128884,5048931.747805,9000.000000,0,false,
SAT_P1_S4,-98793.844272,-4865237.440040,4944414.058398,9040.000000,0,false,
SAT_P1_S4,144345.173350,-4977273.881240,4830447.483567,9080.000000,0,false,
SAT_P1_S4,386580.037983,-5081281.255233,4707248.296506,9120.000000,0,false,
SAT_P1_S4,627498.400607,-5177054.014317,4575050.397581,9160.000000,0,false,
SAT_P1_S4,866691.400938,-5264399.713766,4434104.923253,9200.000000,0,false,
SAT_P1_S4,1103754.356619,-5343139.371600,4284679.747923,9240.000000,0,false,
SAT_P1_S4,1338287.444807,-5413107.865916,4127059.009876,9280.000000,0,false,
SAT_P1_S4,1569896.378093,-5474154.307894,3961542.599096,9320.000000,0,false,
SAT_P1_S4,1798193.068902,-5526142.383162,3788445.605615,9360.000000,0,false,
SAT_P1_S4,2022796.278252,-5568950.657460,3608097.728979,9400.000000,0,false,
SAT_P1_S4,2243332.255590,-5602472.867111,3420842.663975,9440.000000,0,false,
SAT_P1_S4,2459435.376078,-5626618.217592,3227037.480227,9480.000000,0,false,
SAT_P1_S4,2670748.753527,-5641311.629268,3027051.955976,9520.000000,0,false,
SAT_P1_S4,2876924.827250,-5646493.920119,2821267.859052,9560.000000,0,false,
SAT_P1_S4,3077625.952421,-5642122.026311,2610078.247768,9600.000000,0,false,
SAT_P1_S4,3272524.968514,-5628169.170877,2393886.727116,9640.000000,0,false,
SAT_P1_S4,3461305.739522,-5604624.992164,2173106.679110,9680.000000,0,false,
SAT_P1_S4,3643663.671954,-5571495.638915,1948160.469526,9720.000000,0,false,
SAT_P1_S4,3819306.224962,-5528803.857002,1719478.642595,9760.000000,0,false,
SAT_P1_S4,3987953.414442,-5476589.073820,1487499.107980,9800.000000,0,false,
SAT_P1_S4,4149338.239678,-5414907.363315,1252666.276454,9840.000000,0,false,
SAT_P1_S4,4303207.126315,-5343831.447331,1015430.207026,9880.000000,0,false,
SAT_P1_S4,4449320.342393,-5263450.659385,776245.735917,9920.000000,0,false,
SAT_P1_S4,4587452.379837,-5173870.865943,535571.591317,9960.000000,0,false,
SAT_P1_S4,4717392.297143,-5075214.343356,293869.497810,10000.000000,0,false,
SAT_P1_S4,4838944.041525,-4967619.630845,51603.273996,10040.000000,0,false,
SAT_P1_S4,4951926.770217,-4851241.383455,-190762.072112,10080.000000,0,false,
SAT_P1_S4,5056175.117769,-4726250.166862,-432761.253109,10120.000000,0,false,
SAT_P1_S4,5151539.402346,-4592832.183558,-673929.618482,10160.000000,0,false,
SAT_P1_S4,5237885.856667,-4451189.031969,-913804.062749,10200.000000,0,false,
SAT_P1_S4,5315096.808265,-4301537.408361,-1151923.937234,10240.000000,0,false,
SAT_P1_S4,5383070.815803,-4144108.770720,-1387831.952072,10280.000000,0,false,
SAT_P1_S4,5441722.769879,-3979148.969659,-1621075.070347,10320.000000,0,false,
SAT_P1_S4,5490983.982879,-3806917.867154,-1851205.397877,10360.000000,0,false,
SAT_P1_S4,5530802.273336,-3627688.949696,-2077781.067433,10400.000000,0,false,
SAT_P1_S4,5561141.933247,-3441748.846148,-2300367.089138,10440.000000,0,false,
SAT_P1_S4,5581983.729448,-3249396.872828,-2518536.200400,10480.000000,0,false,
SAT_P1_S4,5593324.869410,-3050944.548249,-2731869.699609,10520.000000,0,false,
SAT_P1_S4,5595178.925847,-2846715.077348,-2939958.256841,10560.000000,0,false,
SAT_P1_S4,5587575.718073,-2637042.806384,-3142402.696975,10600.000000,0,false,
SAT_P1_S4,5570561.173760,-2422272.661455,-3338814.765450,10640.000000,0,false,
SAT_P1_S4,5544197.197391,-2202759.586535,-3528817.887739,10680.000000,0,false,
SAT_P1_S4,5508561.481717,-1978867.947234,-3712047.889304,10720.000000,0,false,
SAT_P1_S4,5463747.252928,-1750970.892849,-3888153.671720,10760.000000,0,false,
SAT_P1_S4,5409863.059030,-1519449.741510,-4056797.894866,10800.000000,0,false,
SAT_P1_S4,5347032.505094,-1284693.330305,-4217657.621378,10840.000000,0,false,
SAT_P1_S4,5275393.952579,-1047097.350456,-4370424.921214,10880.000000,0,false,
SAT_P1_S4,5195100.190237,-807063.667896,-4514807.442781,10920.000000,0,false,
SAT_P1_S4,5106318.102033,-564999.636915,-4650528.968877,10960.000000,0,false,
SAT_P1_S4,5009228.338925,-321317.410815,-4777329.960848,11000.000000,0,false,
SAT_P1_S4,4904024.884486,-76433.222715,-4894968.002161,11040.000000,0,false,
SAT_P1_S4,4790914.665220,169233.324476,-5003218.259049,11080.000000,0,false,
SAT_P1_S4,4670117.135653,415259.977704,-5101873.903726,11120.000000,0,false,
SAT_P1_S4,4541863.835909,661222.559085,-5190746.493636,11160.000000,0,false,
SAT_P1_S4,4406397.921802,906695.693888,-5269666.303375,11200.000000,0,false,
SAT_P1_S4,4263973.687178,1151253.541998,-5338482.629599,11240.000000,0,false,
SAT_P1_S4,4114856.101129,1394470.532577,-5397064.091627,11280.000000,0,false,
SAT_P1_S4,3959320.308234,1635922.097641,-5445298.870532,11320.000000,0,false,
SAT_P1_S4,3797651.082693,1875185.406548,-5483094.878205,11360.000000,0,false,
SAT_P1_S4,3630142.329141,2111840.101292,-5510379.951955,11400.000000,0,false,
SAT_P1_S4,3457096.547005,2345469.034832,-5527101.990575,11440.000000,0,false,
SAT_P1_S4,3278824.278983,2575658.999638,-5533229.042316,11480.000000,0,false,
SAT_P1_S4,3095643.546788,2802001.451490,-5528749.352225,11520.000000,0,false,
SAT_P1_S4,2907879.290428,3024093.237952,-5513671.393540,11560.000000,0,false,
SAT_P1_S4,2715862.816126,3241537.332198,-5488023.889084,11600.000000,0,false,
SAT_P1_S4,2519931.183137,3453943.521533,-5451855.708738,11640.000000,0,false,
SAT_P1_S4,2320426.627249,3660929.119431,-5405235.801237,11680.000000,0,false,
SAT_P1_S4,2117695.967235,3862119.656218,-5348253.067782,11720.000000,0,false,
SAT_P1_S4,1912090.008743,4057149.567413,-5281016.208342,11760.000000,0,false,
SAT_P1_S4,1703962.941036,4245662.860580,-5203653.520134,11800.000000,0,false,
SAT_P1_S4,1493671.727366,4427313.762725,-5116312.650985,11840.000000,0,false,
SAT_P1_S4,1281575.498529,4601767.365604,-5019160.331988,11880.000000,0,false,
SAT_P1_S4,1068034.957482,4768700.281333,-4912382.107804,11920.000000,0,false,
SAT_P1_S4,853411.760397,4927801.233778,-4796181.967771,11960.000000,0,false,
SAT_P1_S4,638067.905248,5078771.649598,-4670781.963071,12000.000000,0,false,
SAT_P1_S4,422365.129661,5221326.251876,-4536421.814209,12040.000000,0,false,
SAT_P1_S4,206664.303061,5355193.622428,-4393358.465979,12080.000000,0,false,
SAT_P1_S4,-8675.176977,5480116.728041,-4241865.598040,12120.000000,0,false,
SAT_P1_S4,-223295.984673,5595853.426442,-4082233.103668,12160.000000,0,false,
SAT_P1_S4,-436843.460474,5702176.974797,-3914766.556739,12200.000000,0,false,
SAT_P1_S4,-648966.197908,5798876.516227,-3739786.650748,12240.000000,0,false,
SAT_P1_S4,-859316.624015,5885757.460953,-3557628.546479,12280.000000,0,false,
SAT_P1_S4,-1067551.568829,5962641.926147,-3368641.259366,12320.000000,0,false,
SAT_P1_S4,-1273332.827900,6029369.119166,-3173186.995111,12360.000000,0,false,
SAT_P1_S4,-1476327.710367,6085795.682817,-2971640.456613,12400.000000,0,false,
SAT_P1_S4,-1676209.573559,6131796.000588,-2764388.120805,12440.000000,0,false,
SAT_P1_S4,-1872658.349188,6167262.489177,-2551827.501636,12480.000000,0,false,
SAT_P1_S4,-2065361.064070,6192105.898796,-2334366.411934,12520.000000,0,false,
SAT_P1_S4,-2254012.332619,6206255.508635,-2112422.164251,12560.000000,0,false,
SAT_P1_S4,-2438314.841148,6209659.315195,-1886420.764503,12600.000000,0,false,
SAT_P1_S4,-2617979.824920,6202284.218270,-1656796.101057,12640.000000,0,false,
SAT_P1_S4,-2792727.527641,6184116.153704,-1423989.102970,12680.000000,0,false,
SAT_P1_S4,-2962287.635380,6155160.174607,-1188446.879533,12720.000000,0,false,
SAT_P1_S4,-3126399.694730,6115440.498846,-950621.844500,12760.000000,0,false,
SAT_P1_S4,-3284813.527468,6065000.550532,-710970.832182,12800.000000,0,false,
SAT_P1_S4,-3437289.626578,6003902.968269,-469954.203301,12840.000000,0,false,
SAT_P1_S4,-3583599.486444,5932229.481874,-228034.925270,12880.000000,0,false,
SAT_P1_S4,-3723525.959173,5850080.852751,14322.334716,12920.000000,0,false,
SAT_P1_S4,-3856863.571834,5757576.739678,256652.128689,12960.000000,0,false,
SAT_P1_S4,-3983418.812797,5654855.519228,498489.145546,13000.000000,0,false,
SAT_P1_S4,-4103010.386728,5542074.058648,739369.126562,13040.000000,0,false,
SAT_P1_S4,-4215469.455456,5419407.468916,978829.776972,13080.000000,0,false,
SAT_P1_S4,-4320639.876887,5287048.859589,1216411.671426,13120.000000,0,false,
SAT_P1_S4,-4418378.372498,5145208.988481,1451659.148708,13160.000000,0,false,
SAT_P1_S4,-4508554.686184,4994115.901933,1684121.197290,13200.000000,0,false,
SAT_P1_S4,-4591051.737888,4834014.571737,1913352.330987,13240.000000,0,false,
SAT_P1_S4,-4665765.741803,4665166.481506,2138913.452423,13280.000000,0,false,
SAT_P1_S4,-4732606.287444,4487849.170569,2360372.695100,13320.000000,0,false,
SAT_P1_S4,-4791496.399256,4302355.750134,2577306.250508,13360.000000,0,false,
SAT_P1_S4,-4842372.596481,4108994.415529,2789299.188220,13400.000000,0,false,
SAT_P1_S4,-4885184.932480,3908087.935296,2995946.257798,13440.000000,0,false,
SAT_P1_S4,-4919896.940197,3699973.039465,3196852.639079,13480.000000,0,false,
SAT_P1_S4,-4946485.631754,3484999.864429,3391634.703336,13520.000000,0,false,
SAT_P1_S4,-4964941.448100,3263531.342217,3579920.741246,13560.000000,0,false,
SAT_P1_S4,-4975268.178706,3035942.564555,3761351.658696,13600.000000,0,false,
SAT_P1_S4,-4977482.850213,2802620.119585,3935581.639498,13640.000000,0,false,
SAT_P1_S4,-4971615.606963,2563961.418431,4102278.789428,13680.000000,0,false,
SAT_P1_S4,-4957709.600532,2320374.025662,4261125.772062,13720.000000,0,false,
SAT_P1_S4,-4935820.798804,2072274.932212,4411820.371535,13760.000000,0,false,
SAT_P1_S4,-4906017.799598,1820089.828172,4554076.042445,13800.000000,0,false,
SAT_P1_S4,-4868381.640266,1564252.375107,4687622.437084,13840.000000,0,false,
SAT_P1_S4,-4823005.584481,1305203.457420,4812205.900740,13880.000000,0,false,
SAT_P1_S4,-4769994.882596,1043390.421307,4927589.924532,13920.000000,0,false,
SAT_P1_S4,-4709466.508505,779266.301014,5033555.558658,13960.000000,0,false,
SAT_P1_S4,-4641548.895788,513289.040574,5129901.807152,14000.000000,0,false,
SAT_P1_S4,-4566381.688675,245920.717638,5216446.018181,14040.000000,0,false,
SAT_P1_S4,-4484115.416515,-22373.259617,5293024.179743,14080.000000,0,false,
SAT_P1_S4,-4394911.182815,-291124.952770,5359491.208876,14120.000000,0,false,
SAT_P1_S4,-4298940.358998,-559864.694347,5415721.225036,14160.000000,0,false,
SAT_P1_S4,-4196384.251747,-828121.898493,5461607.775820,14200.000000,0,false,
SAT_P1_S4,-4087433.748599,-1095425.871489,5497064.014307,14240.000000,0,false,
SAT_P1_S4,-3972288.955081,-1361306.624877,5522022.845182,14280.000000,0,false,
SAT_P1_S4,-3851158.842907,-1625295.692602,5536437.063453,14320.000000,0,false,
SAT_P1_S4,-3724260.887583,-1886926.946407,5540279.456730,14360.000000,0,false,
SAT_P1_S4,-3591820.639720,-2145737.401790,5533542.800330,14400.000000,0,false,
SAT_P1_S4,-3454071.354152,-2401268.029184,5516239.901012,14440.000000,0,false,
SAT_P1_S4,-3311253.584845,-2653064.561243,5488403.575127,14480.000000,0,false,
SAT_P1_S4,-3163614.769156,-2900678.288038,5450086.584084,14520.000000,0,false,
SAT_P1_S4,-3011408.799962,-3143666.841399,5401361.526302,14560.000000,0,false,
SAT_P1_S4,-2854895.600872,-3381594.978431,5342320.709935,14600.000000,0,false,
SAT_P1_S4,-2694340.715390,-3614035.370014,5273076.022905,14640.000000,0,false,
SAT_P1_S4,-2530014.850112,-3840569.346738,5193758.700565,14680.000000,0,false,
SAT_P1_S4,-2362193.431627,-4060787.647783,5104519.089571,14720.000000,0,false,
SAT_P1_S4,-2191156.170387,-4274291.168500,5005526.397360,14760.000000,0,false,
SAT_P1_S4,-2017186.611367,-4480691.688939,4896968.392815,14800.000000,0,false,
SAT_P1_S4,-1840571.677238,-4679612.575979,4779051.061608,14840.000000,0,false,
SAT_P1_S4,-1661601.209557,-4870689.473753,4651998.231328,14880.000000,0,false,
SAT_P1_S4,-1480567.517563,-5053571.001192,4516051.188425,14920.000000,0,false,
SAT_P1_S4,-1297764.925015,-5227919.430649,4371468.261442,14960.000000,0,false,
SAT_P1_S4,-1113489.287222,-5393411.287783,4218524.305729,15000.000000,0,false,
SAT_P1_S4,-928037.539475,-5549738.000148,4057510.232734,15040.000000,0,false,
SAT_P1_S4,-741707.229837,-5696606.500804,3888732.477212,15080.000000,0,false,
SAT_P1_S4,-554796.053336,-5833739.798057,3712512.429767,15120.000000,0,false,
SAT_P1_S4,-367601.385826,-5960877.510559,3529185.833277,15160.000000,0,false,
SAT_P1_S4,-180419.820793,-6077776.391795,3339102.160728,15200.000000,0,false,
SAT_P1_S4,6453.287716,-6184210.859514,3142623.986819,15240.000000,0,false,
SAT_P1_S4,192724.285563,-6279973.422649,2940126.286563,15280.000000,0,false,
SAT_P1_S4,378101.672184,-6364875.109523,2731995.728797,15320.000000,0,false,
SAT_P1_S4,562296.548611,-6438745.886262,2518629.957573,15360.000000,0,false,
SAT_P1_S4,745023.062265,-6501435.027101,2300436.839488,15400.000000,0,false,
SAT_P1_S4,925998.842814,-6552811.433704,2077833.683919,15440.000000,0,false,
SAT_P1_S4,1104945.432496,-6592763.924663,1851246.443603,15480.000000,0,false,
SAT_P1_S4,1281588.713635,-6621201.524392,1621108.907136,15520.000000,0,false,
SAT_P1_S4,1455659.327165,-6638053.714218,1387861.873212,15560.000000,0,false,
SAT_P1_S4,1626893.072312,-6643270.555324,1151952.276861,15600.000000,0,false,
SAT_P1_S4,1795031.308604,-6636822.878881,913832.337502,15640.000000,0,false,
SAT_P1_S4,1959821.345754,-6618702.398364,673958.677010,15680.000000,0,false,
SAT_P1_S4,2121016.817177,-6588921.772158,432791.428631,15720.000000,0,false,
SAT_P1_S4,2278378.038173,-6547514.614724,190793.336304,15760.000000,0,false,
SAT_P1_S4,2431672.357410,-6494535.486109,-51571.151066,15800.000000,0,false,
SAT_P1_S4,2580674.506538,-6430059.880060,-293836.786303,15840.000000,0,false,
SAT_P1_S4,2725166.908273,-6354184.085789,-535538.438023,15880.000000,0,false,
SAT_P1_S4,2864939.981863,-6267025.046742,-776212.001932,15920.000000,0,false,
SAT_P1_S4,2999792.441884,-6168720.203728,-1015395.309594,15960.000000,0,false,
SAT_P1_S4,3129531.576073,-6059427.279255,-1252629.035137,16000.000000,0,false,
SAT_P1_S4,3253973.498211,-5939324.006481,-1487457.591869,16040.000000,0,false,
SAT_P1_S4,3372943.387440,-5808607.823400,-1719430.022407,16080.000000,0,false,
SAT_P1_S4,3486275.728106,-5667495.561886,-1948100.886177,16120.000000,0,false,
SAT_P1_S4,3593814.531190,-5516223.098129,-2173031.134731,16160.000000,0,false,
SAT_P1_S4,3695413.494690,-5355044.878332,-2393788.956767,16200.000000,0,false,
SAT_P1_S4,3790936.197278,-5184233.510567,-2609950.627250,16240.000000,0,false,
SAT_P1_S4,3880256.256266,-5004079.281761,-2821101.334855,16280.000000,0,false,
SAT_P1_S4,3963257.460416,-4814889.635476,-3026835.983487,16320.000000,0,false,
SAT_P1_S4,4039833.878098,-4616988.609154,-3226759.967772,16360.000000,0,false,
SAT_P1_S4,4109889.958348,-4410716.255744,-3420489.933442,16400.000000,0,false,
SAT_P1_S4,4173340.636108,-4196428.067653,-3607654.529198,16440.000000,0,false,
SAT_P1_S4,4230111.369961,-3974494.308575,-3787895.095576,16480.000000,0,false,
SAT_P1_S4,4280138.184877,-3745299.349024,-3960866.342965,16520.000000,0,false,
SAT_P1_S4,4323367.713076,-3509240.996306,-4126237.013436,16560.000000,0,false,
SAT_P1_S4,4359757.208504,-3266729.787142,-4283690.506852,16600.000000,0,false,
SAT_P1_S4,4389274.534011,-3018188.250550,-4432925.466213,16640.000000,0,false,
SAT_P1_S4,4411898.136864,-2764050.152475,-4573656.336685,16680.000000,0,false,
SAT_P1_S4,4427617.033387,-2504759.740207,-4705613.917334,16720.000000,0,false,
SAT_P1_S4,4436430.777968,-2240770.968584,-4828545.880852,16760.000000,0,false,
SAT_P1_S4,4438349.356049,-1972546.656963,-4942217.202584,16800.000000,0,false,
SAT_P1_S4,4433393.134725,-1700557.690774,-5046410.625334,16840.000000,0,false,
SAT_P1_S4,4421592.772111,-1425282.181595,-5140927.066661,16880.000000,0,false,
SAT_P1_S4,4402989.106328,-1147204.615663,-5225585.982983,16920.000000,0,false,
SAT_P1_S4,4377633.023443,-866814.988937,-5300225.689820,16960.000000,0,false,
SAT_P1_S4,4345585.324262,-584607.937188,-5364703.660425,17000.000000,0,false,
SAT_P1_S4,4306916.603391,-301081.868219,-5418896.817515,17040.000000,0,false,
SAT_P1_S4,4261707.060693,-16738.071440,-5462701.723194,17080.000000,0,false,
SAT_P1_S4,4210046.325615,267920.168254,-5496034.761047,17120.000000,0,false,
SAT_P1_S4,4152033.286531,552388.454841,-5518832.301185,17160.000000,0,false,
SAT_P1_S4,4087775.898020,836162.171335,-5531050.815565,17200.000000,0,false,
SAT_P1_S4,4017390.967858,1118737.367699,-5532666.943105,17240.000000,0,false,
SAT_P1_S4,3941003.937761,1399611.649162,-5523677.523414,17280.000000,0,false,
SAT_P1_S4,3858748.677618,1678285.066288,-5504099.624938,17320.000000,0,false,
SAT_P1_S4,3770767.270540,1954261.001939,-5473970.536774,17360.000000,0,false,
SAT_P1_S4,3677209.730917,2227047.049913,-5433347.647999,17400.000000,0,false,
SAT_P1_S4,3578233.783458,2496155.896765,-5382308.383148,17440.000000,0,false,
SAT_P1_S4,3474004.599063,2761106.194400,-5320950.055869,17480.000000,0,false,
SAT_P1_S4,3364694.533404,3021423.430852,-5249389.702295,17520.000000,0,false,
SAT_P1_S4,3250482.845589,3276640.781488,-5167763.859672,17560.000000,0,false,
SAT_P1_S4,3131555.407627,3526299.948730,-5076228.306935,17600.000000,0,false,
SAT_P1_S4,3008104.419878,3769952.001914,-4974957.790678,17640.000000,0,false,
SAT_P1_S4,2880328.131650,4007158.213037,-4864145.734250,17680.000000,0,false,
SAT_P1_S4,2748430.502823,4237490.829038,-4744003.829989,17720.000000,0,false,
SAT_P1_S4,2612620.906762,4460533.869596,-4614761.671345,17760.000000,0,false,
SAT_P1_S4,2473113.815100,4675883.900961,-4476666.333463,17800.000000,0,false,
SAT_P1_S4,2330128.473236,4883150.782928,-4329981.913659,17840.000000,0,false,
SAT_P1_S4,2183888.564904,5081958.384339,-4174989.029177,17880.000000,0,false,
SAT_P1_S4,2034621.875873,5271945.287092,-4011984.291437,17920.000000,0,false,
SAT_P1_S4,1882559.967584,5452765.497768,-3841279.776171,17960.000000,0,false,
SAT_P1_S4,1727937.826588,5624089.094143,-3663202.426420,18000.000000,0,false,
SAT_P1_S4,1570993.501771,5785602.832457,-3478093.412154,18040.000000,0,false,
SAT_P1_S4,1411967.760175,5937010.771667,-3286307.501620,18080.000000,0,false,
SAT_P1_S4,1251103.726837,6078034.848687,-3088212.382955,18120.000000,0,false,
SAT_P1_S4,1088646.520515,6208415.405342,-2884187.952887,18160.000000,0,false,
SAT_P1_S4,924842.886714,6327911.679626,-2674625.578649,18200.000000,0,false,
SAT_P1_S4,759940.834370,6436302.287323,-2459927.348350,18240.000000,0,false,
SAT_P1_S4,594189.277357,6533385.688854,-2240505.310465,18280.000000,0,false,
SAT_P1_S4,427837.657889,6618980.521134,-2016780.645771,18320.000000,0,false,
SAT_P1_S4,261135.588475,6692925.979808,-1789182.864392,18360.000000,0,false,
SAT_P1_S4,94332.490062,6755082.145649,-1558148.974117,18400.000000,0,false,
SAT_P1_S4,-72322.767539,6805330.261800,-1324122.631353,18440.000000,0,false,
SAT_P1_S4,-238582.223070,6843572.956650,-1087553.275031,18480.000000,0,false,
SAT_P1_S4,-404199.178865,6869734.442214,-848895.251282,18520.000000,0,false,
SAT_P1_S4,-568928.552258,6883760.717489,-608606.937111,18560.000000,0,false,
SAT_P1_S4,-732527.224448,6885619.674142,-367149.842515,18600.000000,0,false,
SAT_P1_S4,-894754.387845,6875301.141944,-124987.699592,18640.000000,0,false,
SAT_P1_S4,-1055371.888108,6852816.958363,117414.439422,18680.000000,0,false,
SAT_P1_S4,-1214144.565362,6818200.965324,359591.118283,18720.000000,0,false,
SAT_P1_S4,-1370840.585478,6771508.945902,601077.391199,18760.000000,0,false,
SAT_P1_S4,-1525231.765428,6712818.514635,841409.736607,18800.000000,0,false,
SAT_P1_S4,-1677093.897752,6642228.992544,1080126.969964,18840.000000,0,false,
SAT_P1_S4,-1826207.071382,6559861.263171,1316771.152110,18880.000000,0,false,
SAT_P1_S4,-1972355.961809,6465857.474099,1550888.480253,18920.000000,0,false,
SAT_P1_S4,-2115330.131241,6360380.796665,1782030.175452,18960.000000,0,false,
SAT_P1_S4,-2254924.315211,6243615.121441,2009753.357421,19000.000000,0,false,
SAT_P1_S4,-2390938.694682,6115764.704257,2233621.900951,19040.000000,0,false,
SAT_P1_S4,-2523179.152374,5977053.760079,2453207.271193,19080.000000,0,false,
SAT_P1_S4,-2651457.522559,5827726.034017,2668089.344534,19120.000000,0,false,
SAT_P1_S4,-2775591.842597,5668044.379009,2877857.221416,19160.000000,0,false,
SAT_P1_S4,-2895406.575572,5498290.248202,3082110.002336,19200.000000,0,false,
SAT_P1_S4,-3010732.817712,5318763.137576,3280457.538076,19240.000000,0,false,
SAT_P1_S4,-3121408.514176,5129780.059420,3472521.174132,19280.000000,0,false,
SAT_P1_S4,-3227278.657879,4931674.957112,3657934.466672,19320.000000,0,false,
SAT_P1_S4,-3328195.468880,4724798.080446,3836343.863029,19360.000000,0,false,
SAT_P1_S4,-3424018.562618,4509515.331456,4007409.355138,19400.000000,0,false,
SAT_P1_S4,-3514615.121452,4286207.605480,4170805.121229,19440.000000,0,false,
SAT_P1_S4,-3599860.066918,4055270.126439,4326220.152217,19480.000000,0,false,
SAT_P1_S4,-3679636.168409,3817111.673114,4473358.788497,19520.000000,0,false,
SAT_P1_S4,-3753834.190292,3572153.861847,4611941.282145,19560.000000,0,false,
SAT_P1_S4,-3822353.009730,3320830.379838,4741704.306916,19600.000000,0,false,
SAT_P1_S4,-3885099.729237,3063586.205174,4862401.443207,19640.000000,0,false,
SAT_P1_S4,-3941989.765318,2800876.798933,4973803.614091,19680.000000,0,false,
SAT_P1_S4,-3992946.925404,2533167.281054,5075699.486977,19720.000000,0,false,
SAT_P1_S4,-4037903.489968,2260931.607108,5167895.861612,19760.000000,0,false,
SAT_P1_S4,-4076800.295336,1984651.745022,5250218.038582,19800.000000,0,false,
SAT_P1_S4,-4109586.746614,1704816.787590,5322510.078744,19840.000000,0,false,
SAT_P1_S4,-4136220.876462,1421922.107783,5384635.098760,19880.000000,0,false,
SAT_P1_S4,-4156669.380626,1136468.489543,5436475.515961,19920.000000,0,false,
SAT_P1_S4,-4170907.638116,848961.251047,5477933.251327,19960.000000,0,false,
SAT_P1_S4,-4178919.713670,559909.359775,5508929.887092,20000.000000,0,false,
SAT_P1_S4,-4180698.360356,269824.545379,5529406.802111,20040.000000,0,false,
SAT_P1_S4,-4176245.039197,-20779.582894,5539325.306947,20080.000000,0,false,
SAT_P1_S4,-4165569.894126,-311388.432465,5538666.697498,20120.000000,0,false,
SAT_P1_S4,-4148691.712691,-601487.328814,5527432.266881,20160.000000,0,false,
SAT_P1_S4,-4125637.912608,-890562.406578,5505643.328196,20200.000000,0,false,
SAT_P1_S4,-4096444.503232,-1178101.509725,5473341.181409,20240.000000,0,false,
SAT_P1_S4,-4061156.028565,-1463595.084940,5430587.032430,20280.000000,0,false,
SAT_P1_S4,-4019825.500255,-1746537.072395,5377461.876016,20320.000000,0,false,
SAT_P1_S4,-3972514.338274,-2026425.797534,5314066.366230,20360.000000,0,false,
SAT_P1_S4,-3919292.314878,-2302764.859991,5240520.668569,20400.000000,0,false,
SAT_P1_S4,-3860237.425906,-2575063.996423,5156964.192327,20440.000000,0,false,
SAT_P1_S4,-3795435.812134,-2842839.951079,5063555.367735,20480.000000,0,false,
SAT_P1_S4,-3724981.655497,-3105617.335219,4960471.367325,20520.000000,0,false,
SAT_P1_S4,-3648977.061094,-3362929.469398,4847907.786378,20560.000000,0,false,
SAT_P1_S4,-3567531.922443,-3614319.205988,4726078.279482,20600.000000,0,false,
SAT_P1_S4,-3480763.785389,-3859339.744395,4595214.174203,20640.000000,0,false,
SAT_P1_S4,-3388797.725814,-4097555.449944,4455564.082067,20680.000000,0,false,
SAT_P1_S4,-3291766.186904,-4328542.628232,4307393.435322,20720.000000,0,false,
SAT_P1_S4,-3189808.801833,-4551890.278435,4150983.984782,20760.000000,0,false,
SAT_P1_S4,-3083072.237974,-4767200.853361,3986633.306843,20800.000000,0,false,
SAT_P1_S4,-2971710.016496,-4974090.990329,3814654.259184,20840.000000,0,false,
SAT_P1_S4,-2855882.316451,-5172192.205681,3635374.398447,20880.000000,0,false,
SAT_P1_S4,-2735755.768553,-5361151.565193,3449135.367533,20920.000000,0,false,
SAT_P1_S4,-2611503.251572,-5540632.351530,3256292.269766,20960.000000,0,false,
SAT_P1_S4,-2483303.688836,-5710314.720698,3057213.027158,21000.000000,0,false,
SAT_P1_S4,-2351341.789353,-5869896.248706,2852277.653731,21040.000000,0,false,
SAT_P1_S4,-2215807.823042,-6019092.524210,2641877.558478,21080.000000,0,false,
SAT_P1_S4,-2076897.374170,-6157637.692720,2426414.807359,21120.000000,0,false,
SAT_P1_S4,-1934811.083700,-6285284.958380,2206301.359511,21160.000000,0,false,
SAT_P1_S4,-1789754.378988,-6401807.038365,1981958.277080,21200.000000,0,false,
SAT_P1_S4,-1641937.199269,-6506996.596025,1753814.919505,21240.000000,0,false,
SAT_P1_S4,-1491573.725841,-6600666.677209,1522308.133063,21280.000000,0,false,
SAT_P1_S4,-1338882.087875,-6682651.053387,1287881.403802,21320.000000,0,false,
SAT_P1_S4,-1184084.057242,-6752804.518097,1050983.990795,21360.000000,0,false,
SAT_P1_S4,-1027404.753349,-6811003.197175,812070.064236,21400.000000,0,false,
SAT_P1_S4,-869072.331669,-6857144.794989,571597.819530,21440.000000,0,false,
SAT_P1_S4,-709317.665619,-6891148.781184,330028.581952,21480.000000,0,false,
SAT_P1_S4,-548374.022311,-6912956.533848,87825.902861,21520.000000,0,false,
SAT_P1_S4,-386476.736472,-6922531.470024,-154545.348534,21560.000000,0,false,
SAT_P1_S4,-223862.883292,-6919859.154777,-396619.895353,21600.000000,0,false,
SAT_P1_S4,-60770.935238,-6904947.253656,-637932.969727,21640.000000,0,false,
SAT_P1_S4,102559.571939,-6877825.547267,-878021.222428,21680.000000,0,false,
SAT_P1_S4,265888.379997,-6838545.875443,-1116423.632849,21720.000000,0,false,
SAT_P1_S4,428974.849360,-6787182.028206,-1352682.410945,21760.000000,0,false,
SAT_P1_S4,591578.300545,-6723829.579623,-1586343.889092,21800.000000,0,false,
SAT_P1_S4,753458.356683,-6648605.695747,-1816959.407092,21840.000000,0,false,
SAT_P1_S4,914375.286859,-6561648.946531,-2044086.192948,21880.000000,0,false,
SAT_P1_S4,1074090.346296,-6463119.015801,-2267288.220566,21920.000000,0,false,
SAT_P1_S4,1232366.116599,-6353196.362162,-2486137.052904,21960.000000,0,false,
SAT_P1_S4,1388966.846239,-6232081.901482,-2700212.678942,22000.000000,0,false,
SAT_P1_S4,1543658.791109,-6099996.622531,-2909104.332486,22040.000000,0,false,
SAT_P1_S4,1696210.547636,-5957181.150600,-3112411.282750,22080.000000,0,false,
SAT_P1_S4,1846393.383462,-5803895.273039,-3309743.604027,22120.000000,0,false,
SAT_P1_S4,1993981.572202,-5640417.455983,-3500722.936487,22160.000000,0,false,
SAT_P1_S4,2138752.728814,-5467044.346492,-3684983.232187,22200.000000,0,false,
SAT_P1_S4,2280488.114448,-5284090.139888,-3862171.424434,22240.000000,0,false,
SAT_P1_S4,2418972.960099,-5091886.010565,-4031948.115957,22280.000000,0,false,
SAT_P1_S4,2553996.779396,-4890779.486085,-4193988.227019,22320.000000,0,false,
SAT_P1_S4,2685353.670662,-4681133.786358,-4347981.606255,22360.000000,0,false,
SAT_P1_S4,2812842.606894,-4463327.126205,-4493633.601232,22400.000000,0,false,
SAT_P1_S4,2936267.724112,-4237752.005142,-4630665.605836,22440.000000,0,false,
SAT_P1_S4,3055438.617325,-4004814.507798,-4758815.600550,22480.000000,0,false,
SAT_P1_S4,3170170.607295,-3764933.540003,-4877838.623764,22520.000000,0,false,
SAT_P1_S4,3280284.997934,-3518540.038354,-4987507.205780,22560.000000,0,false,
SAT_P1_S4,3385609.346785,-3266076.206186,-5087611.804522,22600.000000,0,false,
SAT_P1_S4,3485977.721232,-3007994.710285,-5177961.195039,22640.000000,0,false,
SAT_P1_S4,3581230.938095,-2744757.856281,-5258382.811822,22680.000000,0,false,
SAT_P1_S4,3671216.795784,-2476836.748468,-5328723.056803,22720.000000,0,false,
SAT_P1_S4,3755790.314594,-2204710.449559,-5388847.596581,22760.000000,0,false,
SAT_P1_S4,3834813.980357,-1928865.138690,-5438641.641989,22800.000000,0,false,
SAT_P1_S4,3908157.923241,-1649793.206158,-5478010.105476,22840.000000,0,false,
SAT_P1_S4,3975700.141046,-1367992.387681,-5506877.803119,22880.000000,0,false,
SAT_P1_S4,4037326.700385,-1083964.873651,-5525189.598505,22920.000000,0,false,
SAT_P1_S4,4092931.922387,-798216.411379,-5532910.501130,22960.000000,0,false,
SAT_P1_S4,4142418.550296,-511255.400711,-5530025.715842,23000.000000,0,false,
SAT_P1_S4,4185697.915747,-223591.989080,-5516540.666424,23040.000000,0,false,
SAT_P1_S4,4222690.119479,64262.827247,-5492481.015390,23080.000000,0,false,
SAT_P1_S4,4253324.167016,351798.109760,-5457892.599555,23120.000000,0,false,
SAT_P1_S4,4277538.092087,638503.886029,-5412841.325675,23160.000000,0,false,
SAT_P1_S4,4295279.097064,923872.043737,-5357413.068051,23200.000000,0,false,
SAT_P1_S4,4306503.671506,1207397.230015,-5291713.513482,23240.000000,0,false,
SAT_P1_S4,4311177.701889,1488577.744144,-5215867.973466,23280.000000,0,false,
SAT_P1_S4,4309276.557726,1766916.420972,-5130021.145332,23320.000000,0,false,
SAT_P1_S4,4300785.171971,2041921.510238,-5034336.844816,23360.000000,0,false,
SAT_P1_S4,4285698.135030,2313107.557009,-4928997.734176,23400.000000,0,false,
SAT_P1_S4,4264019.761564,2579996.267288,-4814204.996717,23440.000000,0,false,
SAT_P1_S4,4235764.104043,2842117.351179,-4690177.926173,23480.000000,0,false,
SAT_P1_S4,4200955.011633,3099009.371855,-4557153.552879,23520.000000,0,false,
SAT_P1_S4,4159626.152640,3350220.577697,-4415386.205610,23560.000000,0,false,
SAT_P1_S4,4111821.015679,3595309.709110,-4265147.032377,23600.000000,0,false,
SAT_P1_S4,4057592.892204,3833846.784154,-4106723.483108,23640.000000,0,false,
SAT_P1_S4,3997004.858794,4065413.876514,-3940418.774510,23680.000000,0,false,
SAT_P1_S4,3930129.767017,4289605.889655,-3766551.346306,23720.000000,0,false,
SAT_P1_S4,3857050.157933,4506031.257118,-3585454.223905,23760.000000,0,false,
SAT_P1_S4,3777858.202956,4714312.652627,-3397474.394772,23800.000000,0,false,
SAT_P1_S4,3692655.631708,4914087.679348,-3202972.157443,23840.000000,0,false,
SAT_P1_S4,3601553.636183,5105009.524450,-3002320.434657,23880.000000,0,false,
SAT_P1_S4,3504672.750672,5286747.572567,-2795904.053150,23920.000000,0,false,
SAT_P1_S4,3402142.720654,5458987.997698,-2584119.002206,23960.000000,0,false,
SAT_P1_S4,3294102.377637,5621434.355964,-2367371.686300,24000.000000,0,false,
SAT_P1_S4,3180699.485495,5773808.127974,-2146078.144597,24040.000000,0,false,
SAT_P1_S4,3062090.534868,5915849.180229,-1920663.218911,24080.000000,0,false,
SAT_P1_S4,2938440.572431,6047316.261935,-1691559.744830,24120.000000,0,false,
SAT_P1_S4,2809922.992359,6167987.440868,-1459207.704450,24160.000000,0,false,
SAT_P1_S4,2676719.308163,6277660.487691,-1224053.362834,24200.000000,0,false,
SAT_P1_S4,2539018.906006,6376153.214386,-986548.389046,24240.000000,0,false,
SAT_P1_S4,2397018.792601,6463303.794046,-747148.970135,24280.000000,0,false,
SAT_P1_S4,2250923.344265,6538971.072222,-506314.923276,24320.000000,0,false,
SAT_P1_S4,2100944.002175,6603034.742716,-264508.782810,24360.000000,0,false,
SAT_P1_S4,1947298.982728,6655395.544658,-22194.896098,24400.000000,0,false,
SAT_P1_S4,1790212.976957,6695975.422324,220161.483670,24440.000000,0,false,
SAT_P1_S4,1629916.833524,6724717.629755,462095.106640,24480.000000,0,false,
SAT_P1_S4,1466647.226633,6741586.777445,703141.632921,24520.000000,0,false,
SAT_P1_S4,1300646.315867,6746568.848320,942838.536439,24560.000000,0,false,
SAT_P1_S4,1132161.407761,6739671.215294,1180726.005061,24600.000000,0,false,
SAT_P1_S4,961444.601696,6720922.595132,1416347.833315,24640.000000,0,false,
SAT_P1_S4,788752.405823,6690372.898075,1649252.307796,24680.000000,0,false,
SAT_P1_S4,614345.372190,6648093.133028,1878993.083951,24720.000000,0,false,
SAT_P1_S4,438487.708319,6594175.236579,2105130.056547,24760.000000,0,false,
SAT_P1_S4,261446.882055,6528731.849894,2327230.210230,24800.000000,0,false,
SAT_P1_S4,83493.218113,6451896.048734,2544868.452831,24840.000000,0,false,
SAT_P1_S4,-95100.511049,6363821.057087,2757628.439456,24880.000000,0,false,
SAT_P1_S4,-274059.497506,6264679.957251,2965103.388979,24920.000000,0,false,
SAT_P1_S4,-453107.318973,6154665.262243,3166896.843497,24960.000000,0,false,
SAT_P1_S4,-631966.359564,6033988.518924,3362623.426994,25000.000000,0,false,
SAT_P1_S4,-810358.232952,5902879.879033,3551909.580551,25040.000000,0,false,
SAT_P1_S4,-988004.206093,5761587.623091,3734394.264275,25080.000000,0,false,
SAT_P1_S4,-1164625.621178,5610377.639148,3909729.622412,25120.000000,0,false,
SAT_P1_S4,-1339944.317926,5449532.881079,4077581.623980,25160.000000,0,false,
SAT_P1_S4,-1513683.057580,5279352.836468,4237630.693486,25200.000000,0,false,
SAT_P1_S4,-1685565.942557,5100152.949341,4389572.299366,25240.000000,0,false,
SAT_P1_S4,-1855318.832740,4912263.963790,4533117.484608,25280.000000,0,false,
SAT_P1_S4,-2022669.764289,4716031.326949,4667993.408506,25320.000000,0,false,
SAT_P1_S4,-2187349.368452,4511814.534816,4793943.843686,25360.000000,0,false,
SAT_P1_S4,-2349091.287974,4299986.462751,4910729.643438,25400.000000,0,false,
SAT_P1_S4,-2507632.585348,4080932.662937,5018129.163515,25440.000000,0,false,
SAT_P1_S4,-2662714.152151,3855050.648570,5115938.658333,25480.000000,0,false,
SAT_P1_S4,-2814081.128728,3622749.185893,5203972.672681,25520.000000,0,false,
SAT_P1_S4,-2961483.310590,3384447.552165,5282064.379764,25560.000000,0,false,
SAT_P1_S4,-3104675.531917,3140574.739260,5350065.843234,25600.000000,0,false,
SAT_P1_S4,-3243418.072254,2891568.701895,5407848.306860,25640.000000,0,false,
SAT_P1_S4,-3377477.047858,2637875.567994,5455302.425083,25680.000000,0,false,
SAT_P1_S4,-3506624.789021,2379948.835495,5492338.446993,25720.000000,0,false,
SAT_P1_S4,-3630640.207364,2118248.557509,5518886.359514,25760.000000,0,false,
SAT_P1_S4,-3749309.166687,1853240.530251,5534896.013561,25800.000000,0,false,
SAT_P1_S4,-3862424.861591,1585395.490733,5540337.241949,25840.000000,0,false,
SAT_P1_S4,-3969788.141172,1315188.268045,5535199.863363,25880.000000,0,false,
SAT_P1_S4,-4071207.857231,1043096.961695,5519493.707226,25920.000000,0,false,
SAT_P1_S4,-4166501.205774,769602.114704,5493248.604833,25960.000000,0,false,
SAT_P1_S4,-4255494.052862,495185.880468,5456514.335262,26000.000000,0,false,
SAT_P1_S4,-4338021.241146,220331.187908,5409360.524003,26040.000000,0,false,
SAT_P1_S4,-4413926.892777,-54479.093033,5351876.514781,26080.000000,0,false,
SAT_P1_S4,-4483064.726803,-328762.981487,5284171.238953,26120.000000,0,false,
SAT_P1_S4,-4545298.349483,-602040.215932,5206373.029343,26160.000000,0,false,
SAT_P1_S4,-4600501.498558,-873833.089249,5118629.353317,26200.000000,0,false,
SAT_P1_S4,-4648558.328844,-1143667.269808,5021106.581867,26240.000000,0,false,
SAT_P1_S4,-4689363.665686,-1411072.626045,4913989.696008,26280.000000,0,false,
SAT_P1_S4,-4722823.235673,-1675584.038814,4797481.950633,26320.000000,0,false,
SAT_P1_S4,-4748853.878831,-1936742.204843,4671804.499711,26360.000000,0,false,
SAT_P1_S4,-4767383.762092,-2194094.436477,4537196.004433,26400.000000,0,false,
SAT_P1_S4,-4778352.600905,-2447195.457846,4393912.232602,26440.000000,0,false,
SAT_P1_S4,-4781711.796324,-2695608.166131,4242225.554663,26480.000000,0,false,
SAT_P1_S4,-4777424.603487,-2938904.394701,4082424.457583,26520.000000,0,false,
SAT_P1_S4,-4765466.283581,-3176665.664295,3914813.026126,26560.000000,0,false,
SAT_P1_S4,-4745824.228539,-3408483.913640,3739710.384070,26600.000000,0,false,
SAT_P1_S4,-4718498.056151,-3633962.203715,3557450.096824,26640.000000,0,false,
SAT_P1_S4,-4683499.692775,-3852715.408338,3368379.549717,26680.000000,0,false,
SAT_P1_S4,-4640853.464548,-4064370.904755,3172859.319470,26720.000000,0,false,
SAT_P1_S4,-4590596.150501,-4268569.228547,2971262.504176,26760.000000,0,false,
SAT_P1_S4,-4532776.975011,-4464964.678567,2763973.994791,26800.000000,0,false,
SAT_P1_S4,-4467457.640886,-4653225.940542,2551389.769872,26840.000000,0,false,
SAT_P1_S4,-4394712.317253,-4833036.672587,2333916.144712,26880.000000,0,false,
SAT_P1_S4,-4314627.598000,-5004096.051995,2111968.995441,26920.000000,0,false,
SAT_P1_S4,-4227302.433940,-5166119.289441,1885972.959567,26960.000000,0,false,
SAT_P1_S4,-4132848.058150,-5318838.131795,1656360.624313,27000.000000,0,false,
SAT_P1_S4,-4031387.911968,-5462001.359817,1423571.708258,27040.000000,0,false,
SAT_P1_S4,-3923057.482633,-5595375.178041,1188052.194458,27080.000000,0,false,
SAT_P1_S4,-3808004.164685,-5718743.624698,950253.472104,27120.000000,0,false,
SAT_P1_S4,-3686387.098148,-5831908.949444,710631.463201,27160.000000,0,false,
SAT_P1_S4,-3558376.975545,-5934691.944760,469645.734965,27200.000000,0,false,
SAT_P1_S4,-3424155.818063,-6026932.226631,227758.602835,27240.000000,0,false,
SAT_P1_S4,-3283916.734338,-6108488.487477,-14565.772924,27280.000000,0,false,
SAT_P1_S4,-3137863.678959,-6179238.747756,-256862.292777,27320.000000,0,false,
SAT_P1_S4,-2986211.175776,-6239080.545627,-498665.827372,27360.000000,0,false,
SAT_P1_S4,-2829183.987883,-6287931.038305,-739512.132864,27400.000000,0,false,
SAT_P1_S4,-2667016.815423,-6325727.143292,-978938.757818,27440.000000,0,false,
SAT_P1_S4,-2499953.952539,-6352425.612935,-1216485.953091,27480.000000,0,false,
SAT_P1_S4,-2328248.921533,-6368003.056918,-1451697.571388,27520.000000,0,false,
SAT_P1_S4,-2152164.085465,-6372455.920075,-1684121.958179,27560.000000,0,false,
SAT_P1_S4,-1971970.251542,-6365800.445257,-1913312.837833,27600.000000,0,false,
SAT_P1_S4,-1787946.271188,-6348072.631881,-2138830.194615,27640.000000,0,false,
SAT_P1_S4,-1600378.585733,-6319328.056820,-2360241.119127,27680.000000,0,false,
SAT_P1_S4,-1409560.784039,-6279641.727905,-2577120.653050,27720.000000,0,false,
SAT_P1_S4,-1215793.144625,-6229107.900538,-2789052.618416,27760.000000,0,false,
SAT_P1_S4,-1019382.160413,-6167839.844285,-2995630.423473,27800.000000,0,false,
SAT_P1_S4,-820640.048964,-6095969.559077,-3196457.840026,27840.000000,0,false,
SAT_P1_S4,-619884.253236,-6013647.466287,-3391149.762420,27880.000000,0,false,
SAT_P1_S4,-417436.940234,-5921042.104519,-3579332.959674,27920.000000,0,false,
SAT_P1_S4,-213624.486578,-5818339.768690,-3760646.790379,27960.000000,0,false,
SAT_P1_S4,-8776.942956,-5705744.064643,-3934743.868184,28000.000000,0,false,
SAT_P1_S4,196772.490476,-5583475.517673,-4101290.736515,28040.000000,0,false,
SAT_P1_S4,402688.006095,-5451771.120334,-4259968.504451,28080.000000,0,false,
SAT_P1_S4,608631.734168,-5310883.843220,-4410473.443157,28120.000000,0,false,
SAT_P1_S4,814264.293827,-5161082.114367,-4552517.548165,28160.000000,0,false,
SAT_P1_S4,1019245.350292,-5002649.294016,-4685829.086117,28200.000000,0,false,
SAT_P1_S4,1223234.177200,-4835883.155441,-4810153.131893,28240.000000,0,false,
SAT_P1_S4,1425890.216706,-4661095.257229,-4925252.006205,28280.000000,0,false,
SAT_P1_S4,1626873.644872,-4478610.354954,-5030905.725571,28320.000000,0,false,
SAT_P1_S4,1825845.939881,-4288765.790986,-5126912.418707,28360.000000,0,false,
SAT_P1_S4,2022470.448210,-4091910.854431,-5213088.697692,28400.000000,0,false,
SAT_P1_S4,2216412.944673,-3888406.114066,-5289269.980932,28440.000000,0,false,
SAT_P1_S4,2407342.192929,-3678622.741312,-5355310.787326,28480.000000,0,false,
SAT_P1_S4,2594930.513106,-3462941.844343,-5411085.024401,28520.000000,0,false,
SAT_P1_S4,2778854.337596,-3241753.773186,-5456486.220194,28560.000000,0,false,
SAT_P1_S4,2958794.749138,-3015457.375729,-5491427.677155,28600.000000,0,false,
SAT_P1_S4,3134438.035274,-2784459.300355,-5515842.655873,28640.000000,0,false,
SAT_P1_S4,3305476.232733,-2549173.264227,-5529684.500181,28680.000000,0,false,
SAT_P1_S4,3471607.657615,-2310019.310156,-5532926.715208,28720.000000,0,false,
SAT_P1_S4,3632537.426379,-2067423.052893,-5525563.004482,28760.000000,0,false,
SAT_P1_S4,3787977.981850,-1821814.927691,-5507607.291365,28800.000000,0,false,
SAT_P1_S4,3937649.628570,-1573629.447038,-5479093.733948,28840.000000,0,false,
SAT_P1_S4,4081281.008660,-1323304.412431,-5440076.616585,28880.000000,0,false,
SAT_P1_S4,4218609.607425,-1071280.151378,-5390630.270060,28920.000000,0,false,
SAT_P1_S4,4349382.237687,-817998.747105,-5330848.939379,28960.000000,0,false,
SAT_P1_S4,4473355.519472,-563903.264617,-5260846.619919,29000.000000,0,false,
SAT_P1_S4,4590296.336982,-309436.977051,-5180756.845793,29040.000000,0,false,
SAT_P1_S4,4699982.274457,-55042.592507,-5090732.432654,29080.000000,0,false,
SAT_P1_S4,4802202.049970,198838.514881,-4990945.198634,29120.000000,0,false,
SAT_P1_S4,4896755.961064,451767.065823,-4881585.681400,29160.000000,0,false,
SAT_P1_S4,4983456.261988,703306.637107,-4762862.759704,29200.000000,0,false,
SAT_P1_S4,5062127.542036,953024.414818,-4635003.260941,29240.000000,0,false,
SAT_P1_S4,5132607.109279,1200491.938845,-4498251.560113,29280.000000,0,false,
SAT_P1_S4,5194745.343837,1445285.842684,-4352869.129552,29320.000000,0,false,
SAT_P1_S4,5248406.018586,1686988.578992,-4199134.045153,29360.000000,0,false,
SAT_P1_S4,5293466.602973,1925189.136649,-4037340.462162,29400.000000,0,false,
SAT_P1_S4,5329818.573131,2159483.755092,-3867798.081026,29440.000000,0,false,
SAT_P1_S4,5357367.705087,2389476.627287,-3690831.585762,29480.000000,0,false,
SAT_P1_S4,5376034.266789,2614780.567393,-3506779.985547,29520.000000,0,false,
SAT_P1_S4,5385753.272493,2835017.687274,-3315995.998695,29560.000000,0,false,
SAT_P1_S4,5386474.682248,3049820.051374,-3118845.378992,29600.000000,0,false,
SAT_P1_S4,5378163.568030,3258830.306260,-2915706.211811,29640.000000,0,false,
SAT_P1_S4,5360800.243519,3461702.284200,-2706968.178488,29680.000000,0,false,
SAT_P1_S4,5334380.380899,3658101.593515,-2493031.803754,29720.000000,0,false,
SAT_P1_S4,5298915.132536,3847706.204222,-2274307.698127,29760.000000,0,false,
SAT_P1_S4,5254431.160980,4030206.970113,-2051215.745337,29800.000000,0,false,
SAT_P1_S4,5200970.661726,4205308.138082,-1824184.281903,29840.000000,0,false,
SAT_P1_S4,5138591.384495,4372727.847426,-1593649.273059,29880.000000,0,false,
SAT_P1_S4,5067366.610100,4532198.593405,-1360053.463450,29920.000000,0,false,
SAT_P1_S4,4987385.085581,4683467.650220,-1123845.511035,29960.000000,0,false,
SAT_P1_S4,4898750.933353,4826297.468668,-885479.109121,30000.000000,0,false,
SAT_P1_S4,4801583.558799,4960466.069066,-645412.105076,30040.000000,0,false,
SAT_P1_S4,4696017.534330,5085767.408391,-404105.611718,30080.000000,0,false,
SAT_P1_S4,4582202.374305,5202011.648759,-162023.088191,30120.000000,0,false,
SAT_P1_S4,4460302.369124,5309025.470675,80370.558967,30160.000000,0,false,
SAT_P1_S4,4330496.357170,5406652.329756,322609.891296,30200.000000,0,false,
SAT_P1_S4,4192977.463303,5494752.671696,564229.852103,30240.000000,0,false,
SAT_P1_S4,4047952.801098,5573204.103696,804766.678232,30280.000000,0,false,
SAT_P1_S4,3895643.158831,5641901.546570,1043758.809530,30320.000000,0,false,
SAT_P1_S4,3736282.685207,5700757.385175,1280747.794825,30360.000000,0,false,
SAT_P1_S4,3570118.498665,5749701.517872,1515279.183068,30400.000000,0,false,
SAT_P1_S4,3397410.288831,5788681.393502,1746903.406059,30440.000000,0,false,
SAT_P1_S4,3218429.915911,5817662.041784,1975176.651884,30480.000000,0,false,
SAT_P1_S4,3033460.974548,5836626.053982,2199661.723675,30520.000000,0,false,
SAT_P1_S4,2842798.328547,5845573.515476,2419928.876726,30560.000000,0,false,
SAT_P1_S4,2646747.626779,5844521.909954,2635556.640045,30600.000000,0,false,
SAT_P1_S4,2445624.817340,5833506.023486,2846132.630140,30640.000000,0,false,
SAT_P1_S4,2239755.647128,5812577.823581,3051254.346716,30680.000000,0,false,
SAT_P1_S4,2029475.090041,5781806.219484,3250529.918871,30720.000000,0,false,
SAT_P1_S4,1815126.816606,5741276.892111,3443578.860936,30760.000000,0,false,
SAT_P1_S4,1597062.622279,5691092.060139,3630032.797136,30800.000000,0,false,
SAT_P1_S4,1375641.840348,5631370.210299,3809536.153947,30840.000000,0,false,
SAT_P1_S4,1151230.737322,5562245.789684,3981746.818934,30880.000000,0,false,
SAT_P1_S4,924201.899224,5483868.886314,4146336.780759,30920.000000,0,false,
SAT_P1_S4,694933.616294,5396404.917958,4302992.760971,30960.000000,0,false,
SAT_P1_S4,463809.239858,5300034.227674,4451416.769297,31000.000000,0,false,
SAT_P1_S4,231216.536873,5194951.682464,4591326.644806,31040.000000,0,false,
SAT_P1_S4,-2452.955338,5081366.267235,4722456.573280,31080.000000,0,false,
SAT_P1_S4,-236804.584786,4959500.651882,4844557.570434,31120.000000,0,false,
SAT_P1_S4,-471441.243584,4829590.730912,4957397.922614,31160.000000,0,false,
SAT_P1_S4,-705964.030696,4691885.136997,5060763.586680,31200.000000,0,false,
SAT_P1_S4,-939972.917158,4546644.753303,5154458.570594,31240.000000,0,false,
SAT_P1_S4,-1173067.411755,4394142.243382,5238305.310630,31280.000000,0,false,
SAT_P1_S4,-1404847.230698,4234661.504239,5312144.959207,31320.000000,0,false,
SAT_P1_S4,-1634912.968537,4068497.127713,5375837.660262,31360.000000,0,false,
SAT_P1_S4,-1862866.770520,3895953.872744,5429262.814954,31400.000000,0,false,
SAT_P1_S4,-2088313.008021,3717346.107724,5472319.300176,31440.000000,0,false,
SAT_P1_S4,-2310858.947120,3532997.232728,5504925.639268,31480.000000,0,false,
SAT_P1_S4,-2530115.417515,3343239.091759,5527020.140986,31520.000000,0,false,
SAT_P1_S4,-2745697.489616,3148411.392251,5538561.030321,31560.000000,0,false,
SAT_P1_S4,-2957225.149185,2948861.117649,5539526.547446,31600.000000,0,false,
SAT_P1_S4,-3164323.938995,2744941.878236,5529914.933023,31640.000000,0,false,
SAT_P1_S4,-3366625.626107,2537013.313436,5509744.463695,31680.000000,0,false,
SAT_P1_S4,-3563768.854035,2325440.464521,5479053.421238,31720.000000,0,false,
SAT_P1_S4,-3755399.780370,2110593.140731,5437900.018637,31760.000000,0,false,
SAT_P1_S4,-3941172.699423,1892845.277048,5386362.281163,31800.000000,0,false,
SAT_P1_S4,-4120750.664091,1672574.295092,5324537.906488,31840.000000,0,false,
SAT_P1_S4,-4293806.116824,1450160.476483,5252544.121937,31880.000000,0,false,
SAT_P1_S4,-4460021.467456,1225986.307492,5170517.443778,31920.000000,0,false,
SAT_P1_S4,-4619089.672537,1000435.832561,5078613.424360,31960.000000,0,false,
SAT_P1_S4,-4770714.817975,773894.018027,4977006.390361,32000.000000,0,false,
SAT_P1_S4,-4914612.677970,546746.108362,4865889.131439,32040.000000,0,false,
SAT_P1_S4,-5050511.245566,319376.983890,4745472.544178,32080.000000,0,false,
SAT_P1_S4,-5178151.249684,92170.520450,4615985.245736,32120.000000,0,false,
SAT_P1_S4,-5297286.679382,-134491.045616,4477673.179342,32160.000000,0,false,
SAT_P1_S4,-5407685.293312,-360227.747763,4330799.191639,32200.000000,0,false,
SAT_P1_S4,-5509129.041054,-584662.524013,4175642.508485,32240.000000,0,false,
SAT_P1_S4,-5601414.541069,-807421.836523,4012498.257550,32280.000000,0,false,
SAT_P1_S4,-5684353.512847,-1028136.292361,3841676.930501,32320.000000,0,false,
SAT_P1_S4,-5757773.177984,-1246441.253174,3663503.811297,32360.000000,0,false,
SAT_P1_S4,-5821516.627738,-1461977.434768,3478318.368130,32400.000000,0,false,
SAT_P1_S4,-5875443.181347,-1674391.501116,3286473.625846,32440.000000,0,false,
SAT_P1_S4,-5919428.752900,-1883336.655118,3088335.531793,32480.000000,0,false,
SAT_P1_S4,-5953366.122179,-2088473.202254,2884282.251174,32520.000000,0,false,
SAT_P1_S4,-5977165.200570,-2289469.106944,2674703.450769,32560.000000,0,false,
SAT_P1_S4,-5990753.294836,-2486000.541706,2459999.573575,32600.000000,0,false,
SAT_P1_S4,-5994075.323105,-2677752.418299,2240581.077805,32640.000000,0,false,
SAT_P1_S4,-5987093.984145,-2864418.894489,2016867.649255,32680.000000,0,false,
SAT_P1_S4,-5969789.897536,-3045703.865400,1789287.393963,32720.000000,0,false,
SAT_P1_S4,-5942161.741382,-3221321.450619,1558276.022632,32760.000000,0,false,
SAT_P1_S4,-5904226.361275,-3390996.463220,1324276.019980,32800.000000,0,false,
SAT_P1_S4,-5856018.758331,-3554464.819934,1087735.767235,32840.000000,0,false,
SAT_P1_S4,-5797592.140236,-3711473.973707,849108.686446,32880.000000,0,false,
SAT_P1_S4,-5729017.903928,-3861783.312520,608852.357272,32920.000000,0,false,
SAT_P1_S4,-5650385.576038,-4005164.528295,367427.625292,32960.000000,0,false,
SAT_P1_S4,-5561802.708100,-4141401.955454,125297.701346,33000.000000,0,false,
SAT_P1_S4,-5463394.752519,-4270292.896743,-117072.744166,33040.000000,0,false,
SAT_P1_S4,-5355304.939101,-4391647.948541,-359218.488364,33080.000000,0,false,
SAT_P1_S4,-5237694.046513,-4505291.250405,-600674.669288,33120.000000,0,false,
SAT_P1_S4,-5110740.163015,-4611060.725553,-840977.697553,33160.000000,0,false,
SAT_P1_S4,-4974638.440407,-4708808.314127,-1079666.164693,33200.000000,0,false,
SAT_P1_S4,-4829600.796011,-4798400.166776,-1316281.749014,33240.000000,0,false,
SAT_P1_S4,-4675855.569835,-4879716.797709,-1550370.110234,33280.000000,0,false,
SAT_P1_S4,-4513647.152154,-4952653.212881,-1781481.776152,33320.000000,0,false,
SAT_P1_S4,-4343235.605537,-5017119.035183,-2009173.025036,33360.000000,0,false,
SAT_P1_S4,-4164896.261349,-5073038.605076,-2233006.755519,33400.000000,0,false,
SAT_P1_S4,-3978919.213363,-5120350.984690,-2452553.324244,33440.000000,0,false,
SAT_P1_S4,-3785608.865821,-5159010.012958,-2667391.387060,33480.000000,0,false,
SAT_P1_S4,-3585283.423062,-5188984.308763,-2877108.719373,33520.000000,0,false,
SAT_P1_S4,-3378274.349662,-5210257.239938,-3081303.011124,33560.000000,0,false,
SAT_P1_S4,-3164925.798506,-5222826.857066,-3279582.635833,33600.000000,0,false,
SAT_P1_S4,-2945594.024454,-5226705.816612,-3471567.405675,33640.000000,0,false,
SAT_P1_S4,-2720646.797740,-5221921.311333,-3656889.320877,33680.000000,0,false,
SAT_P1_S4,-2490462.751150,-5208514.910212,-3835193.256378,33720.000000,0,false,
SAT_P1_S4,-2255430.721707,-5186542.396408,-4006137.634271,33760.000000,0,false,
SAT_P1_S4,-2015949.090216,-5156073.606496,-4169395.082987,33800.000000,0,false,
SAT_P1_S4,-1772425.091207,-5117192.229457,-4324653.057998,33840.000000,0,false,
SAT_P1_S4,-1525274.103295,-5069995.570232,-4471614.420431,33880.000000,0,false,
SAT_P1_S4,-1274918.926236,-5014594.294519,-4609997.986559,33920.000000,0,false,
SAT_P1_S4,-1021789.056071,-4951112.179253,-4739539.066516,33960.000000,0,false,
SAT_P1_S4,-766319.952001,-4879685.847483,-4859989.973040,34000.000000,0,false,
SAT_P1_S4,-508952.261691,-4800464.410314,-4971120.437246,34040.000000,0,false,
SAT_P1_S4,-250131.073382,-4713609.175317,-5072718.058477,34080.000000,0,false,
SAT_P1_S4,9694.856542,-4619293.308951,-5164588.700137,34120.000000,0,false,
SAT_P1_S4,270073.880549,-4517701.477560,-5246556.843585,34160.000000,0,false,
SAT_P1_S4,530552.243627,-4409029.464996,-5318465.898766,34200.000000,0,false,
SAT_P1_S4,790674.872518,-4293483.788702,-5380178.494837,34240.000000,0,false,
SAT_P1_S4,1049986.168752,-4171281.330785,-5431576.767883,34280.000000,0,false,
SAT_P1_S4,1308030.804789,-4042648.898439,-5472562.548447,34320.000000,0,false,
SAT_P1_S4,1564354.522144,-3907822.791136,-5503057.534686,34360.000000,0,false,
SAT_P1_S4,1818504.930778,-3767048.377467,-5523003.453904,34400.000000,0,false,
SAT_P1_S4,2070032.308482,-3620579.645296,-5532362.170402,34440.000000,0,false,
SAT_P1_S4,2318490.391355,-3468678.733190,-5531115.742325,34480.000000,0,false,
SAT_P1_S4,2563437.161399,-3311615.454103,-5519266.444113,34520.000000,0,false,
SAT_P1_S4,2804435.637978,-3149666.828969,-5496836.779307,34560.000000,0,false,
SAT_P1_S4,3041054.662794,-2983116.616016,-5463869.460648,34600.000000,0,false,
SAT_P1_S4,3272869.651759,-2812254.780312,-5420427.276333,34640.000000,0,false,
SAT_P1_S4,3499463.368308,-2637377.018128,-5366593.010181,34680.000000,0,false,
SAT_P1_S4,3720426.672963,-2458784.247158,-5302469.283940,34720.000000,0,false,
SAT_P1_S4,3935359.272099,-2276782.100473,-5228178.380677,34760.000000,0,false,
SAT_P1_S4,4143870.441813,-2091680.407935,-5143862.014467,34800.000000,0,false,
SAT_P1_S4,4345579.738752,-1903792.672433,-5049681.063208,34840.000000,0,false,
SAT_P1_S4,4540117.714846,-1713435.551801,-4945815.288624,34880.000000,0,false,
SAT_P1_S4,4727126.632077,-1520928.346507,-4832463.041007,34920.000000,0,false,
SAT_P1_S4,4906261.096067,-1326592.447667,-4709840.842439,34960.000000,0,false,
SAT_P1_S4,5077188.729701,-1130750.817001,-4578183.012559,35000.000000,0,false,
SAT_P1_S4,5239590.816549,-933727.455470,-4437741.239970,35040.000000,0,false,
SAT_P1_S4,5393162.914718,-735846.871022,-4288784.112622,35080.000000,0,false,
SAT_P1_S4,5537615.436320,-537433.545926,-4131596.605406,35120.000000,0,false,
SAT_P1_S4,5672674.213651,-338811.407593,-3966479.543553,35160.000000,0,false,
SAT_P1_S4,5798081.072746,-140303.307736,-3793749.060816,35200.000000,0,false,
SAT_P1_S4,5913594.338615,57769.499845,-3613735.994064,35240.000000,0,false,
SAT_P1_S4,6018989.299539,255087.880020,-3426785.236334,35280.000000,0,false,
SAT_P1_S4,6114058.692062,451335.323633,-3233255.101399,35320.000000,0,false,
SAT_P1_S4,6198613.138037,646198.454938,-3033516.641928,35360.000000,0,false,
SAT_P1_S4,6272481.534974,839367.528957,-2827952.935229,35400.000000,0,false,
SAT_P1_S4,6335511.413048,1030536.921953,-2616958.342487,35440.000000,0,false,
SAT_P1_S4,6387569.286887,1219405.617612,-2400937.756427,35480.000000,0,false,
SAT_P1_S4,6428540.997471,1405677.686890,-2180305.837510,35520.000000,0,false,
SAT_P1_S4,6458331.913214,1589062.746195,-1955486.179023,35560.000000,0,false,
SAT_P1_S4,6476867.188552,1769276.415473,-1726910.497002,35600.000000,0,false,
SAT_P1_S4,6484091.963207,1946040.764499,-1495017.788641,35640.000000,0,false,
SAT_P1_S4,6479971.512028,2119084.742424,-1260253.472481,35680.000000,0,false,
SAT_P1_S4,6464491.340928,2288144.588217,-1023068.511910,35720.000000,0,false,
SAT_P1_S4,6437657.256020,2452964.230114,-783918.529592,35760.000000,0,false,
SAT_P1_S4,6399495.433460,2613295.681203,-543262.920936,35800.000000,0,false,
SAT_P1_S4,6350052.397900,2768899.400253,-301563.950737,35840.000000,0,false,
SAT_P1_S4,6289394.944209,2919544.630344,-59285.840376,35880.000000,0,false,
SAT_P1_S4,6217610.084611,3065009.739541,183106.135278,35920.000000,0,false,
SAT_P1_S4,6134804.915561,3205082.529139,425146.559829,35960.000000,0,false,
SAT_P1_S4,6041106.454982,3339560.526097,666370.785343,36000.000000,0,false,
SAT_P2_S1,4599996.322723,-4387934.992262,2754113.764060,0.000000,0,false,
SAT_P2_S1,4655394.152777,-4190267.992113,2961076.962952,40.000000,0,false,
SAT_P2_S1,4703079.443657,-3984901.193742,3162346.078381,80.000000,0,false,
SAT_P2_S1,4743006.536276,-3772182.834628,3357535.081005,120.000000,0,false,
SAT_P2_S1,4775142.553141,-3552474.845054,3546269.767756,160.000000,0,false,
SAT_P2_S1,4799467.371629,-3326152.216313,3728188.474241,200.000000,0,false,
SAT_P2_S1,4815973.575332,-3093602.345808,3902942.759991,240.000000,0,false,
SAT_P2_S1,4824666.368656,-2855224.348952,4070198.053883,280.000000,0,false,
SAT_P2_S1,4825563.475876,-2611428.354237,4229634.274369,320.000000,0,false,
SAT_P2_S1,4818695.047250,-2362634.799690,4380946.440524,360.000000,0,false,
SAT_P2_S1,4804103.537842,-2109273.707726,4523845.245881,400.000000,0,false,
SAT_P2_S1,4781843.512194,-1851783.900944,4658057.558940,440.000000,0,false,
SAT_P2_S1,4751981.503549,-1590612.258744,4783326.946732,480.000000,0,false,
SAT_P2_S1,4714595.829456,-1326212.935596,4899414.148853,520.000000,0,true,Paris
SAT_P2_S1,4669776.383368,-1059046.568059,5006097.509222,560.000000,0,true,Paris
SAT_P2_S1,4617624.403944,-789579.468741,5103173.367972,600.000000,0,true,Paris
SAT_P2_S1,4558252.244151,-518282.815149,5190456.435124,640.000000,0,true,Paris
SAT_P2_S1,4491783.152757,-245631.839265,5267780.157874,680.000000,0,true,Paris
SAT_P2_S1,4418350.975552,27895.008599,5334996.983972,720.000000,0,true,Paris
SAT_P2_S1,4338099.880524,301816.889804,5391978.628553,760.000000,0,true,Paris
SAT_P2_S1,4251184.080368,575651.409748,5438616.317070,800.000000,0,true,Paris
SAT_P2_S1,4157767.531444,848915.456012,5474820.980629,840.000000,0,true,Paris
SAT_P2_S1,4058023.611466,1121126.035818,5500523.402564,880.000000,0,true,Paris
SAT_P2_S1,3952134.791151,1391801.114935,5515674.335597,920.000000,0,true,Paris
SAT_P2_S1,3840292.320068,1660460.458869,5520244.614541,960.000000,0,true,Paris
SAT_P2_S1,3722695.896694,1926626.471283,5514225.225264,1000.000000,0,false,
SAT_P2_S1,3599553.278767,2189825.027663,5497627.275071,1040.000000,0,false,
SAT_P2_S1,3471079.950111,2449586.310643,5470482.009509,1080.000000,0,false,
SAT_P2_S1,3337498.752459,2705445.645472,5432840.763119,1120.000000,0,false,
SAT_P2_S1,3199039.505611,2956944.322445,5384774.866031,1160.000000,0,false,
SAT_P2_S1,3055938.615230,3203630.409169,5326375.507246,1200.000000,0,false,
SAT_P2_S1,2908438.683084,3445059.563755,5257753.578367,1240.000000,0,false,
SAT_P2_S1,2756788.128611,3680795.853881,5179039.511217,1280.000000,0,false,
SAT_P2_S1,2601240.760618,3910412.524092,5090383.006489,1320.000000,0,false,
SAT_P2_S1,2442055.368056,4133492.772078,4991952.768132,1360.000000,0,false,
SAT_P2_S1,2279495.311965,4349630.518423,4883936.214235,1400.000000,0,false,
SAT_P2_S1,2113828.105541,4558431.153686,4766539.140876,1440.000000,0,false,
SAT_P2_S1,1945324.985450,4759512.257439,4639985.340498,1480.000000,0,false,
SAT_P2_S1,1774260.481740,4952504.305064,4504516.192082,1520.000000,0,false,
SAT_P2_S1,1600911.997224,5137051.381537,4360390.245976,1560.000000,0,false,
SAT_P2_S1,1425559.381185,5312811.868598,4207882.768668,1600.000000,0,false,
SAT_P2_S1,1248484.472531,5479459.061459,4047285.196517,1640.000000,0,false,
SAT_P2_S1,1069970.675857,5636681.828983,3878904.631863,1680.000000,0,false,
SAT_P2_S1,890302.518371,5784185.230248,3703063.275435,1720.000000,0,false,
SAT_P2_S1,709765.206909,5921691.093743,3520097.823419,1760.000000,0,false,
SAT_P2_S1,528644.183152,6048938.560930,3330358.828532,1800.000000,0,false,
SAT_P2_S1,347224.680479,6165684.619203,3134210.041207,1840.000000,0,false,
SAT_P2_S1,165791.285498,6271704.637198,2932027.740648,1880.000000,0,false,
SAT_P2_S1,-15372.504701,6366792.782330,2724199.993580,1920.000000,0,false,
SAT_P2_S1,-195984.718314,6450762.451830,2511125.913881,1960.000000,0,false,
SAT_P2_S1,-375765.339173,6523446.680668,2293214.904873,2000.000000,0,false,
SAT_P2_S1,-554436.732034,6584698.484201,2070885.867997,2040.000000,0,false,
SAT_P2_S1,-731724.063953,6634391.191613,1844566.401212,2080.000000,0,false,
SAT_P2_S1,-907355.717515,6672418.727185,1614691.975124,2120.000000,0,false,
SAT_P2_S1,-1081063.696346,6698695.840139,1381705.088010,2160.000000,0,false,
SAT_P2_S1,-1252584.026555,6713158.314515,1146054.409621,2200.000000,0,false,
SAT_P2_S1,-1421657.156454,6715763.186557,908193.922641,2240.000000,0,false,
SAT_P2_S1,-1588028.340808,6706488.853189,668582.031685,2280.000000,0,false,
SAT_P2_S1,-1751448.018640,6685335.141861,427680.659590,2320.000000,0,false,
SAT_P2_S1,-1911672.188741,6652323.391954,185954.346802,2360.000000,0,false,
SAT_P2_S1,-2068462.774781,6607496.465880,-56130.668640,2400.000000,0,false,
SAT_P2_S1,-2221587.972243,6550918.700039,-298107.374300,2440.000000,0,false,
SAT_P2_S1,-2370822.583641,6482675.811130,-539508.910404,2480.000000,0,false,
SAT_P2_S1,-2515948.350920,6402874.787585,-779869.499708,2520.000000,0,false,
SAT_P2_S1,-2656754.278281,6311643.753336,-1018725.375714,2560.000000,0,false,
SAT_P2_S1,-2793036.903173,6209131.683253,-1255615.698137,2600.000000,0,false,
SAT_P2_S1,-2924600.587025,6095508.179842,-1490083.467140,2640.000000,0,false,
SAT_P2_S1,-3051257.780709,5970963.179487,-1721676.427006,2680.000000,0,false,
SAT_P2_S1,-3172829.268475,5835706.610758,-1949947.954099,2720.000000,0,false,
SAT_P2_S1,-3289144.389402,5689968.001663,-2174457.927394,2760.000000,0,false,
SAT_P2_S1,-3400041.250598,5533996.065890,-2394773.587403,2800.000000,0,false,
SAT_P2_S1,-3505366.944035,5368058.295594,-2610470.388275,2840.000000,0,false,
SAT_P2_S1,-3604977.716489,5192440.455686,-2821132.814929,2880.000000,0,false,
SAT_P2_S1,-3698739.125689,5007446.045712,-3026355.182028,2920.000000,0,false,
SAT_P2_S1,-3786526.204046,4813395.777947,-3225742.424651,2960.000000,0,false,
SAT_P2_S1,-3868223.596396,4610626.997050,-3418910.863203,3000.000000,0,false,
SAT_P2_S1,-3943725.671043,4399493.058879,-3605488.934000,3040.000000,0,false,
SAT_P2_S1,-4012936.615074,4180362.679752,-3785117.894741,3080.000000,0,false,
SAT_P2_S1,-4075770.531644,3953619.279527,-3957452.519241,3120.000000,0,false,
SAT_P2_S1,-4132151.530638,3719660.311483,-4122161.772472,3160.000000,0,false,
SAT_P2_S1,-4182013.740599,3478896.491358,-4278929.399974,3200.000000,0,false,
SAT_P2_S1,-4225301.366834,3231751.079846,-4427454.541742,3240.000000,0,false,
SAT_P2_S1,-4261968.717046,2978659.119515,-4567452.301045,3280.000000,0,false,
SAT_P2_S1,-4291980.205522,2720066.649013,-4698654.274006,3320.000000,0,false,
SAT_P2_S1,-4315310.333813,2456429.892552,-4820809.037066,3360.000000,0,false,
SAT_P2_S1,-4331943.667713,2188214.440337,-4933682.612487,3400.000000,0,false,
SAT_P2_S1,-4341874.827948,1915894.434896,-5037058.929718,3440.000000,0,false,
SAT_P2_S1,-4345108.423651,1639951.711407,-5130740.205856,3480.000000,0,false,
SAT_P2_S1,-4341658.973860,1360874.925189,-5214547.292795,3520.000000,0,false,
SAT_P2_S1,-4331550.848376,1079158.692479,-5288320.023918,3560.000000,0,false,
SAT_P2_S1,-4314818.179331,795302.706368,-5351917.508145,3600.000000,0,false,
SAT_P2_S1,-4291504.749638,509810.844779,-5405218.373785,3640.000000,0,false,
SAT_P2_S1,-4261663.869514,223190.272084,-5448120.975898,3680.000000,0,false,
SAT_P2_S1,-4225358.261009,-64049.459121,-5480543.591064,3720.000000,0,false,
SAT_P2_S1,-4182659.942623,-351397.305107,-5502424.588925,3760.000000,0,false,
SAT_P2_S1,-4133650.035886,-638341.645741,-5513722.483450,3800.000000,0,false,
SAT_P2_S1,-4078418.629584,-924371.182105,-5514416.031084,3840.000000,0,false,
SAT_P2_S1,-4017064.615389,-1208975.842333,-5504504.270173,3880.000000,0,false,
SAT_P2_S1,-3949695.509260,-1491647.682588,-5484006.516933,3920.000000,0,false,
SAT_P2_S1,-3876427.254706,-1771881.782936,-5452962.312964,3960.000000,0,false,
SAT_P2_S1,-3797384.033667,-2049177.145123,-5411431.359386,4000.000000,0,false,
SAT_P2_S1,-3712698.081905,-2323037.589617,-5359493.433067,4040.000000,0,false,
SAT_P2_S1,-3622509.455281,-2592972.634300,-5297248.211407,4080.000000,0,false,
SAT_P2_S1,-3526965.821251,-2858498.382251,-5224815.108897,4120.000000,0,false,
SAT_P2_S1,-3426222.225383,-3119138.390406,-5142333.053912,4160.000000,0,false,
SAT_P2_S1,-3320440.843259,-3374424.523168,-5049960.220619,4200.000000,0,false,
SAT_P2_S1,-3209790.733147,-3623897.802771,-4947873.739160,4240.000000,0,false,
SAT_P2_S1,-3094447.600217,-3867109.263109,-4836269.399905,4280.000000,0,false,
SAT_P2_S1,-2974593.509903,-4103620.747129,-4715361.257565,4320.000000,0,false,
SAT_P2_S1,-2850416.612587,-4333005.703828,-4585381.229402,4360.000000,0,false,
SAT_P2_S1,-2722110.873554,-4554849.978793,-4446578.678466,4400.000000,0,false,
SAT_P2_S1,-2589875.787133,-4768752.576472,-4299219.950064,4440.000000,0,false,
SAT_P2_S1,-2453916.078203,-4974326.388447,-4143587.865184,4480.000000,0,false,
SAT_P2_S1,-2314441.399582,-5171198.903675,-3979981.185870,4520.000000,0,false,
SAT_P2_S1,-2171666.038485,-5359012.921391,-3808714.074040,4560.000000,0,false,
SAT_P2_S1,-2025808.617721,-5537427.239092,-3630115.519907,4600.000000,0,false,
SAT_P2_S1,-1877091.751601,-5706117.251603,-3444528.676879,4640.000000,0,false,
SAT_P2_S1,-1725741.742340,-5864775.598169,-3252310.241432,4680.000000,0,false,
SAT_P2_S1,-1571988.250669,-6013112.756991,-3053829.772806,4720.000000,0,false,
SAT_P2_S1,-1416063.961427,-6150857.597724,-2849468.983133,4760.000000,0,false,
SAT_P2_S1,-1258204.242015,-6277757.890770,-2639620.996252,4800.000000,0,false,
SAT_P2_S1,-1098646.800351,-6393580.799375,-2424689.589179,4840.000000,0,false,
SAT_P2_S1,-937631.347763,-6498113.371260,-2205088.426479,4880.000000,0,false,
SAT_P2_S1,-775399.243459,-6591162.911378,-1981240.239849,4920.000000,0,false,
SAT_P2_S1,-612193.144774,-6672557.350684,-1753576.004192,4960.000000,0,false,
SAT_P2_S1,-448256.661488,-6742145.599233,-1522534.106622,5000.000000,0,false,
SAT_P2_S1,-283834.006690,-6799797.842570,-1288559.493539,5040.000000,0,false,
SAT_P2_S1,-119169.647424,-6845405.780126,-1052102.801404,5080.000000,0,false,
SAT_P2_S1,45492.043946,-6878882.829552,-813619.477186,5120.000000,0,false,
SAT_P2_S1,209907.134625,-6900164.329671,-573568.897540,5160.000000,0,false,
SAT_P2_S1,373832.474370,-6909207.702841,-332413.479721,5200.000000,0,false,
SAT_P2_S1,537026.046804,-6905992.479041,-90617.760636,5240.000000,0,false,
SAT_P2_S1,699247.308972,-6890520.393439,151352.501826,5280.000000,0,false,
SAT_P2_S1,860257.537196,-6862815.399367,393031.247917,5320.000000,0,false,
SAT_P2_S1,1019820.166651,-6822923.627629,633953.033318,5360.000000,0,false,
SAT_P2_S1,1177701.126237,-6770913.289603,873653.945283,5400.000000,0,false,
SAT_P2_S1,1333669.172920,-6706874.554970,1111672.518434,5440.000000,0,false,
SAT_P2_S1,1487496.227185,-6630919.424896,1347550.649607,5480.000000,0,false,
SAT_P2_S1,1638957.686341,-6543181.470637,1580834.492381,5520.000000,0,false,
SAT_P2_S1,1787832.737081,-6443815.567391,1811075.344770,5560.000000,0,false,
SAT_P2_S1,1933904.663960,-6332997.611632,2037830.526430,5600.000000,0,false,
SAT_P2_S1,2076961.145142,-6210924.178524,2260664.236916,5640.000000,0,false,
SAT_P2_S1,2216794.533536,-6077812.124274,2479148.390566,5680.000000,0,false,
SAT_P2_S1,2353202.129945,-5933898.157187,2692863.433646,5720.000000,0,false,
SAT_P2_S1,2485986.455988,-5779438.410486,2901399.151015,5760.000000,0,false,
SAT_P2_S1,2614955.516218,-5614707.982502,3104355.450559,5800.000000,0,false,
SAT_P2_S1,2739923.028390,-5440000.352279,3301343.102045,5840.000000,0,false,
SAT_P2_S1,2860708.671876,-5255626.874936,3491984.481764,5880.000000,0,false,
SAT_P2_S1,2977138.320484,-5061916.204699,3675914.288306,5920.000000,0,false,
SAT_P2_S1,3089044.260473,-4859213.684053,3852780.226237,5960.000000,0,false,
SAT_P2_S1,3196265.395114,-4647880.696237,4022243.658387,6000.000000,0,false,
SAT_P2_S1,3298647.449391,-4428294.005496,4183980.242766,6040.000000,0,false,
SAT_P2_S1,3396043.183389,-4200845.102398,4337680.564312,6080.000000,0,false,
SAT_P2_S1,3488312.556834,-3965939.457522,4483050.687187,6120.000000,0,false,
SAT_P2_S1,3575322.901473,-3723995.780965,4619812.698267,6160.000000,0,false,
SAT_P2_S1,3656949.095437,-3475445.277952,4747705.234013,6200.000000,0,false,
SAT_P2_S1,3733073.719347,-3220730.868765,4866483.964037,6240.000000,0,false,
SAT_P2_S1,3803587.192874,-2960306.382050,4975922.029032,6280.000000,0,false,
SAT_P2_S1,3868387.904246,-2694635.733120,5075810.448548,6320.000000,0,false,
SAT_P2_S1,3927382.349233,-2424192.105265,5165958.519755,6360.000000,0,false,
SAT_P2_S1,3980485.259205,-2149457.117397,5246194.180806,6400.000000,0,false,
SAT_P2_S1,4027619.669797,-1870919.929105,5316364.275583,6440.000000,0,false,
SAT_P2_S1,4068717.037636,-1589076.393037,5376334.858682,6480.000000,0,false,
SAT_P2_S1,4103717.326593,-1304428.171733,5425991.439554,6520.000000,0,true,Paris
SAT_P2_S1,4132569.077682,-1017481.847483,5465239.182840,6560.000000,0,true,Paris
SAT_P2_S1,4155229.462404,-728748.023120,5494003.064585,6600.000000,0,true,Paris
SAT_P2_S1,4171664.337601,-438740.421583,5512228.008448,6640.000000,0,true,Paris
SAT_P2_S1,4181848.313906,-147974.990746,5519879.018187,6680.000000,0,true,Paris
SAT_P2_S1,4185764.763332,143031.010550,5516941.205647,6720.000000,0,true,Paris
SAT_P2_S1,4183405.840052,433759.919597,5503419.813835,6760.000000,0,true,Paris
SAT_P2_S1,4174772.507137,723694.573014,5479340.225117,6800.000000,0,true,Paris
SAT_P2_S1,4159874.543565,1012319.213309,5444747.919668,6840.000000,0,true,Paris
SAT_P2_S1,4138730.531786,1299120.389954,5399708.385308,6880.000000,0,true,Paris
SAT_P2_S1,4111367.839584,1583587.858701,5344306.996579,6920.000000,0,true,Paris
SAT_P2_S1,4077822.615453,1865215.481801,5278648.888161,6960.000000,0,true,Paris
SAT_P2_S1,4038139.774556,2143502.122770,5202858.792894,7000.000000,0,false,
SAT_P2_S1,3992372.917029,2417952.526130,5117080.769237,7040.000000,0,false,
SAT_P2_S1,3940584.304384,2688078.201206,5021477.981944,7080.000000,0,false,
SAT_P2_S1,3882844.799574,2953398.298518,4916232.413566,7120.000000,0,false,
SAT_P2_S1,3819233.791860,3213440.468130,4801544.535060,7160.000000,0,false,
SAT_P2_S1,3749839.104595,3467741.700964,4677632.933678,7200.000000,0,false,
SAT_P2_S1,3674756.902408,3715849.165229,4544733.919693,7240.000000,0,false,
SAT_P2_S1,3594091.609220,3957321.044927,4403101.126856,7280.000000,0,false,
SAT_P2_S1,3507955.768437,4191727.320112,4253005.020027,7320.000000,0,false,
SAT_P2_S1,3416469.912940,4418650.545817,4094732.396590,7360.000000,0,false,
SAT_P2_S1,3319762.438023,4637686.623885,3928585.872956,7400.000000,0,false,
SAT_P2_S1,3217969.453604,4848445.545598,3754883.326755,7440.000000,0,false,
SAT_P2_S1,3111234.617701,5050552.098101,3573957.299313,7480.000000,0,false,
SAT_P2_S1,2999708.961273,5243646.551337,3386154.370743,7520.000000,0,false,
SAT_P2_S1,2883550.719742,5427385.347013,3191834.525855,7560.000000,0,false,
SAT_P2_S1,2762925.153493,5601441.760068,2991370.491127,7600.000000,0,false,
SAT_P2_S1,2638004.309673,5765506.464441,2785146.990132,7640.000000,0,false,
SAT_P2_S1,2508966.827997,5919288.149394,2573560.035330,7680.000000,0,false,
SAT_P2_S1,2375997.708576,6062514.071467,2357016.164716,7720.000000,0,false,
SAT_P2_S1,2239288.068880,6194930.562335,2135931.655094,7760.000000,0,false,
SAT_P2_S1,2099034.892791,6316303.516365,1910731.717557,7800.000000,0,false,
SAT_P2_S1,1955440.769633,6426418.840072,1681849.673393,7840.000000,0,false,
SAT_P2_S1,1808713.616396,6525082.840990,1449726.106429,7880.000000,0,false,
SAT_P2_S1,1659066.391088,6612122.579285,1214808.000659,7920.000000,0,false,
SAT_P2_S1,1506716.807313,6687386.210645,977547.873587,7960.000000,0,false,
SAT_P2_S1,1351887.044672,6750743.296477,738402.901806,8000.000000,0,false,
SAT_P2_S1,1194803.421418,6802084.978796,497834.010050,8040.000000,0,false,
SAT_P2_S1,1035696.093339,6841324.217773,256304.982355,8080.000000,0,false,
SAT_P2_S1,874798.732618,6868395.957643,14281.552493,8120.000000,0,false,
SAT_P2_S1,712348.200443,6883257.241156,-227769.508606,8160.000000,0,false,
SAT_P2_S1,548584.211280,6885887.269084,-469381.309166,8200.000000,0,false,
SAT_P2_S1,383748.992512,6876287.437460,-710087.756301,8240.000000,0,false,
SAT_P2_S1,218086.943271,6854481.378005,-949424.478260,8280.000000,0,false,
SAT_P2_S1,51844.278354,6820514.868255,-1186929.741373,8320.000000,0,false,
SAT_P2_S1,-114731.331010,6774455.720014,-1422145.363957,8360.000000,0,false,
SAT_P2_S1,-281391.116603,6716393.663653,-1654617.625945,8400.000000,0,false,
SAT_P2_S1,-447885.579581,6646440.162171,-1883898.168664,8440.000000,0,false,
SAT_P2_S1,-613964.856933,6564728.164497,-2109544.876286,8480.000000,0,false,
SAT_P2_S1,-779379.089665,6471411.818272,-2331122.743030,8520.000000,0,false,
SAT_P2_S1,-943878.793125,6366666.174309,-2548204.731757,8560.000000,0,false,
SAT_P2_S1,-1107215.226026,6250686.859904,-2760372.614504,8600.000000,0,false,
SAT_P2_S1,-1269140.753262,6123689.612558,-2967217.765692,8640.000000,0,false,
SAT_P2_S1,-1429409.212063,5985909.887198,-3168341.961222,8680.000000,0,false,
SAT_P2_S1,-1587776.276555,5837602.391540,-3363358.148603,8720.000000,0,false,
SAT_P2_S1,-1743999.816063,5679040.580183,-3551891.186416,8760.000000,0,false,
SAT_P2_S1,-1897840.247736,5510516.104605,-3733578.552344,8800.000000,0,false,
SAT_P2_S1,-2049060.890401,5332338.248575,-3908071.034793,8840.000000,0,false,
SAT_P2_S1,-2197428.324183,5144833.372754,-4075033.419516,8880.000000,0,false,
SAT_P2_S1,-2342712.727190,4948344.257147,-4234145.106318,8920.000000,0,false,
SAT_P2_S1,-2484688.213050,4743229.434897,-4385100.707586,8960.000000,0,false,
SAT_P2_S1,-2623133.172395,4529862.533504,-4527610.636348,9000.000000,0,false,
SAT_P2_S1,-2757830.604350,4308631.568770,-4661401.651392,9040.000000,0,false,
SAT_P2_S1,-2888568.434433,4079938.205200,-4786217.357075,9080.000000,0,false,
SAT_P2_S1,-3015139.827390,3844196.996300,-4901818.671310,9120.000000,0,false,
SAT_P2_S1,-3137343.506439,3601834.627722,-5007984.281887,9160.000000,0,false,
SAT_P2_S1,-3254984.068321,3353289.149303,-5104511.073561,9200.000000,0,false,
SAT_P2_S1,-3367872.252693,3099009.120784,-5191214.451621,9240.000000,0,false,
SAT_P2_S1,-3475825.246199,2839452.818749,-5267928.704252,9280.000000,0,false,
SAT_P2_S1,-3578666.967555,2575087.400890,-5334507.307018,9320.000000,0,false,
SAT_P2_S1,-3676228.339168,2306388.056589,-5390823.183764,9360.000000,0,false,
SAT_P2_S1,-3768347.544348,2033837.141223,-5436768.921824,9400.000000,0,false,
SAT_P2_S1,-3854870.286082,1757923.307459,-5472256.965814,9440.000000,0,false,
SAT_P2_S1,-3935650.059514,1479140.644896,-5497219.809101,9480.000000,0,false,
SAT_P2_S1,-4010548.373236,1197987.782047,-5511610.085399,9520.000000,0,false,
SAT_P2_S1,-4079434.972763,914966.990528,-5515400.640737,9560.000000,0,false,
SAT_P2_S1,-4142188.074515,630583.298991,-5508584.598832,9600.000000,0,false,
SAT_P2_S1,-4198694.578623,345343.594155,-5491175.371906,9640.000000,0,false,
SAT_P2_S1,-4248850.261101,59755.720932,-5463206.621049,9680.000000,0,false,
SAT_P2_S1,-4292559.955754,-225672.417665,-5424732.179609,9720.000000,0,false,
SAT_P2_S1,-4329737.763617,-510433.753793,-5375825.990309,9760.000000,0,false,
SAT_P2_S1,-4360307.202283,-794022.950208,-5316581.940588,9800.000000,0,false,
SAT_P2_S1,-4384201.373556,-1075937.292569,-5247113.698681,9840.000000,0,false,
SAT_P2_S1,-4401363.117446,-1355677.576321,-5167554.510364,9880.000000,0,false,
SAT_P2_S1,-4411745.140198,-1632748.984657,-5078056.942388,9920.000000,0,false,
SAT_P2_S1,-4415310.136175,-1906661.961938,-4978792.596822,9960.000000,0,false,
SAT_P2_S1,-4412030.923420,-2176933.087037,-4869951.820229,10000.000000,0,false,
SAT_P2_S1,-4401890.550610,-2443085.931830,-4751743.359575,10040.000000,0,false,
SAT_P2_S1,-4384882.347939,-2704651.897815,-4624393.933661,10080.000000,0,false,
SAT_P2_S1,-4361010.024340,-2961171.056365,-4488147.841071,10120.000000,0,false,
SAT_P2_S1,-4330287.726153,-3212192.972186,-4343266.505311,10160.000000,0,false,
SAT_P2_S1,-4292740.072809,-3457277.501560,-4190027.979765,10200.000000,0,false,
SAT_P2_S1,-4248402.172411,-3695995.569460,-4028726.415663,10240.000000,0,false,
SAT_P2_S1,-4197319.636491,-3927929.938522,-3859671.513727,10280.000000,0,false,
SAT_P2_S1,-4139548.602253,-4152675.973611,-3683187.968933,10320.000000,0,false,
SAT_P2_S1,-4075155.675641,-4369842.335829,-3499614.821789,10360.000000,0,false,
SAT_P2_S1,-4004217.901402,-4579051.685082,-3309304.824752,10400.000000,0,false,
SAT_P2_S1,-3926822.719482,-4779941.362805,-3112623.781722,10440.000000,0,false,
SAT_P2_S1,-3843067.896102,-4972164.041145,-2909949.851814,10480.000000,0,false,
SAT_P2_S1,-3753061.428609,-5155388.331832,-2701672.820468,10520.000000,0,false,
SAT_P2_S1,-3656921.438279,-5329299.373963,-2488193.349227,10560.000000,0,false,
SAT_P2_S1,-3554776.069240,-5493599.422678,-2269922.218747,10600.000000,0,false,
SAT_P2_S1,-3446763.356445,-5648008.388240,-2047279.539550,10640.000000,0,false,
SAT_P2_S1,-3333031.037206,-5792264.294886,-1820693.913331,10680.000000,0,false,
SAT_P2_S1,-3213736.399779,-5926123.774772,-1590601.615808,10720.000000,0,false,
SAT_P2_S1,-3089046.091034,-6049362.501928,-1357445.743551,10760.000000,0,false,
SAT_P2_S1,-2959135.901949,-6161775.575796,-1121675.345368,10800.000000,0,false,
SAT_P2_S1,-2824190.532287,-6263177.860166,-883744.539253,10840.000000,0,false,
SAT_P2_S1,-2684403.348994,-6353404.304608,-644111.623221,10880.000000,0,false,
SAT_P2_S1,-2539976.145488,-6432310.258771,-403238.185196,10920.000000,0,false,
SAT_P2_S1,-2391118.839663,-6499771.653942,-161588.187512,10960.000000,0,false,
SAT_P2_S1,-2238049.187915,-6555685.206172,80372.939442,11000.000000,0,false,
SAT_P2_S1,-2080992.485638,-6599968.583378,322179.207503,11040.000000,0,false,
SAT_P2_S1,-1920181.247751,-6632560.517764,563364.983589,11080.000000,0,false,
SAT_P2_S1,-1755854.870965,-6653420.860347,803465.899506,11120.000000,0,false,
SAT_P2_S1,-1588259.285625,-6662530.604124,1042019.759505,11160.000000,0,false,
SAT_P2_S1,-1417646.607979,-6659891.907398,1278567.445810,11200.000000,0,false,
SAT_P2_S1,-1244274.773831,-6645528.052748,1512653.815068,11240.000000,0,false,
SAT_P2_S1,-1068407.138538,-6619483.301389,1743828.582874,11280.000000,0,false,
SAT_P2_S1,-890312.097059,-6581822.801587,1971647.202797,11320.000000,0,false,
SAT_P2_S1,-710262.678619,-6532632.421815,2195671.734282,11360.000000,0,false,
SAT_P2_S1,-528536.132246,-6472018.532271,2415471.689318,11400.000000,0,false,
SAT_P2_S1,-345413.502097,-6400107.740789,2630624.860199,11440.000000,0,false,
SAT_P2_S1,-161179.197001,-6317046.614593,2840718.136407,11480.000000,0,false,
SAT_P2_S1,23879.442535,-6223001.401429,3045348.312487,11520.000000,0,false,
SAT_P2_S1,209472.594675,-6118157.613586,3244122.840173,11560.000000,0,false,
SAT_P2_S1,395308.404092,-6002719.645211,3436660.578821,11600.000000,0,false,
SAT_P2_S1,581093.434956,-5876910.358611,3622592.523717,11640.000000,0,false,
SAT_P2_S1,766533.127793,-5740970.623384,3801562.502075,11680.000000,0,false,
SAT_P2_S1,951332.256567,-5595158.810365,3973227.831822,11720.000000,0,false,
SAT_P2_S1,1135195.387735,-5439750.263960,4137259.956562,11760.000000,0,false,
SAT_P2_S1,1317827.342031,-5275036.781843,4293345.072286,11800.000000,0,false,
SAT_P2_S1,1498933.652944,-5101326.048744,4441184.710614,11840.000000,0,false,
SAT_P2_S1,1678221.021395,-4918940.990125,4580496.258309,11880.000000,0,false,
SAT_P2_S1,1855397.773829,-4728219.185133,4711013.494085,11920.000000,0,false,
SAT_P2_S1,2030174.319767,-4529512.226298,4832487.078298,11960.000000,0,false,
SAT_P2_S1,2202263.602350,-4323185.052452,4944685.000570,12000.000000,0,false,
SAT_P2_S1,2371381.545681,-4109615.258260,5047392.990704,12040.000000,0,false,
SAT_P2_S1,2537247.507210,-3889192.403735,5140414.914453,12080.000000,0,false,
SAT_P2_S1,2699584.737868,-3662317.334549,5223573.162836,12120.000000,0,false,
SAT_P2_S1,2858120.812937,-3429401.413286,5296708.936372,12160.000000,0,false,
SAT_P2_S1,3012588.078685,-3190865.785656,5359682.544207,12200.000000,0,false,
SAT_P2_S1,3162724.099089,-2947140.631642,5412373.672456,12240.000000,0,false,
SAT_P2_S1,3308272.093992,-2698664.392854,5454681.606507,12280.000000,0,false,
SAT_P2_S1,3448981.363740,-2445882.981775,5486525.404296,12320.000000,0,false,
SAT_P2_S1,3584607.712133,-2189248.982576,5507844.040058,12360.000000,0,false,
SAT_P2_S1,3714913.881089,-1929220.856983,5518596.542174,12400.000000,0,false,
SAT_P2_S1,3839669.965273,-1666262.133593,5518762.075379,12440.000000,0,false,
SAT_P2_S1,3958653.788124,-1400840.565561,5508339.936735,12480.000000,0,true,Paris
SAT_P2_S1,4071651.311106,-1133427.319718,5487349.586220,12520.000000,0,true,Paris
SAT_P2_S1,4178457.017944,-864496.146464,5455830.614517,12560.000000,0,true,Paris
SAT_P2_S1,4278874.279750,-594522.548472,5413842.664604,12600.000000,0,true,Paris
SAT_P2_S1,4372715.705473,-323982.947950,5361465.312354,12640.000000,0,true,Paris
SAT_P2_S1,4459803.495742,-53353.858753,5298797.931532,12680.000000,0,true,Paris
SAT_P2_S1,4539969.807344,216888.932531,5225959.554126,12720.000000,0,true,Paris
SAT_P2_S1,4613057.047035,486271.199666,5143088.614742,12760.000000,0,true,Paris
SAT_P2_S1,4678918.194082,754321.094531,5050342.716041,12800.000000,0,true,Paris
SAT_P2_S1,4737417.114439,1020569.964005,4947898.361865,12840.000000,0,true,Paris
SAT_P2_S1,4788428.853200,1284553.163647,4835950.643968,12880.000000,0,true,Paris
SAT_P2_S1,4831839.901286,1545810.861043,4714712.882758,12920.000000,0,true,Paris
SAT_P2_S1,4867548.453624,1803888.834516,4584416.239225,12960.000000,0,true,Paris
SAT_P2_S1,4895464.679659,2058339.272163,4445309.319559,13000.000000,0,false,
SAT_P2_S1,4915510.960496,2308721.555294,4297657.729513,13040.000000,0,false,
SAT_P2_S1,4927622.063454,2554603.018287,4141743.550950,13080.000000,0,false,
SAT_P2_S1,4931745.362883,2795559.713629,3977864.849268,13120.000000,0,false,
SAT_P2_S1,4927841.017599,3031177.158946,3806335.123116,13160.000000,0,false,
SAT_P2_S1,4915882.119226,3261051.059677,3627482.717176,13200.000000,0,false,
SAT_P2_S1,4895854.815053,3484788.011407,3441650.200788,13240.000000,0,false,
SAT_P2_S1,4867758.427369,3702006.194654,3249193.730710,13280.000000,0,false,
SAT_P2_S1,4831605.578489,3912336.065853,3050482.406524,13320.000000,0,false,
SAT_P2_S1,4787422.220255,4115420.980828,2845897.542072,13360.000000,0,false,
SAT_P2_S1,4735247.691307,4310917.826387,2635831.949279,13400.000000,0,false,
SAT_P2_S1,4675134.753352,4498497.633969,2420689.195845,13440.000000,0,false,
SAT_P2_S1,4607149.585095,4677846.149724,2200882.826882,13480.000000,0,false,
SAT_P2_S1,4531371.758883,4848664.385617,1976835.568117,13520.000000,0,false,
SAT_P2_S1,4447894.200820,5010669.151636,1748978.509912,13560.000000,0,false,
SAT_P2_S1,4356823.113352,5163593.543181,1517750.267337,13600.000000,0,false,
SAT_P2_S1,4258277.865309,5307187.388878,1283596.120133,13640.000000,0,false,
SAT_P2_S1,4152390.869358,5441217.681320,1046967.141580,13680.000000,0,false,
SAT_P2_S1,4039307.460721,5565469.004778,808319.323276,13720.000000,0,false,
SAT_P2_S1,3919185.693903,5679743.859090,568112.670809,13760.000000,0,false,
SAT_P2_S1,3792196.140380,5783862.979009,326810.299460,13800.000000,0,false,
SAT_P2_S1,3658521.677982,5877665.637483,84877.527784,13840.000000,0,false,
SAT_P2_S1,3518357.244327,5961009.898252,-157219.037564,13880.000000,0,false,
SAT_P2_S1,3371909.558040,6033772.815585,-399012.418584,13920.000000,0,false,
SAT_P2_S1,3219396.819874,6095850.602535,-640036.183799,13960.000000,0,false,
SAT_P2_S1,3061048.412039,6147158.796184,-879825.365589,14000.000000,0,false,
SAT_P2_S1,2897104.575710,6187632.384200,-1117917.374371,14040.000000,0,false,
SAT_P2_S1,2727816.013839,6217225.809700,-1353852.909220,14080.000000,0,false,
SAT_P2_S1,2553443.535618,6235913.039085,-1587176.861591,14120.000000,0,false,
SAT_P2_S1,2374257.654531,6243687.556409,-1817439.215597,14160.000000,0,false,
SAT_P2_S1,2190538.165304,6240562.310334,-2044195.932350,14200.000000,0,false,
SAT_P2_S1,2002573.697716,6226569.613012,-2267009.818618,14240.000000,0,false,
SAT_P2_S1,1810661.259023,6201761.020370,-2485451.386679,14280.000000,0,false,
SAT_P2_S1,1615105.774005,6166207.213305,-2699099.708967,14320.000000,0,false,
SAT_P2_S1,1416219.578784,6119997.758516,-2907543.225878,14360.000000,0,false,
SAT_P2_S1,1214321.913595,6063240.871552,-3110380.544417,14400.000000,0,false,
SAT_P2_S1,1009738.409997,5996063.168655,-3307221.222291,14440.000000,0,false,
SAT_P2_S1,802800.558857,5918609.367227,-3497686.521921,14480.000000,0,false,
SAT_P2_S1,593845.165181,5831041.938402,-3681410.129178,14520.000000,0,false,
SAT_P2_S1,383213.793183,5733540.733643,-3858038.848026,14560.000000,0,false,
SAT_P2_S1,171252.208132,5626302.615593,-4027233.285682,14600.000000,0,false,
SAT_P2_S1,-41690.189212,5509541.059237,-4188668.507597,14640.000000,0,false,
SAT_P2_S1,-255260.952443,5383485.639632,-4342034.617166,14680.000000,0,false,
SAT_P2_S1,-469105.166012,5248381.595558,-4487037.358975,14720.000000,0,false,
SAT_P2_S1,-682866.038027,5104489.328871,-4623398.673908,14760.000000,0,false,
SAT_P2_S1,-896185.494076,4952083.873926,-4750857.213550,14800.000000,0,false,
SAT_P2_S1,-1108704.773785,4791454.335769,-4869168.814080,14840.000000,0,false,
SAT_P2_S1,-1320065.031660,4622903.322239,-4978106.950188,14880.000000,0,false,
SAT_P2_S1,-1529907.942194,4446746.387464,-5077463.182359,14920.000000,0,false,
SAT_P2_S1,-1737876.297139,4263311.388845,-5167047.507395,14960.000000,0,false,
SAT_P2_S1,-1943614.605900,4072937.857524,-5246688.701087,15000.000000,0,false,
SAT_P2_S1,-2146769.697791,3875976.371077,-5316234.642782,15040.000000,0,false,
SAT_P2_S1,-2346991.321101,3672787.896648,-5375552.590987,15080.000000,0,false,
SAT_P2_S1,-2543932.732964,3463743.111587,-5424529.408916,15120.000000,0,false,
SAT_P2_S1,-2737251.287814,3249221.714727,-5463071.758104,15160.000000,0,false,
SAT_P2_S1,-2926609.033349,3029611.747865,-5491106.284843,15200.000000,0,false,
SAT_P2_S1,-3111673.300508,2805308.907086,-5508579.769129,15240.000000,0,false,
SAT_P2_S1,-3292117.260106,2576715.789820,-5515459.164364,15280.000000,0,false,
SAT_P2_S1,-3467620.506349,2344241.199348,-5511731.687343,15320.000000,0,false,
SAT_P2_S1,-3637869.624530,2108299.414610,-5497404.841057,15360.000000,0,false,
SAT_P2_S1,-3802558.743709,1869309.453881,-5472506.393370,15400.000000,0,false,
SAT_P2_S1,-3961390.073251,1627694.328910,-5437084.307837,15440.000000,0,false,
SAT_P2_S1,-4114074.452848,1383880.308361,-5391206.673259,15480.000000,0,false,
SAT_P2_S1,-4260331.882130,1138296.174391,-5334961.583180,15520.000000,0,false,
SAT_P2_S1,-4399892.024725,891372.468976,-5268456.957161,15560.000000,0,false,
SAT_P2_S1,-4532494.723284,643540.749389,-5191820.358069,15600.000000,0,false,
SAT_P2_S1,-4657890.482245,395232.839505,-5105198.749593,15640.000000,0,false,
SAT_P2_S1,-4775840.935146,146880.081808,-5008758.215729,15680.000000,0,false,
SAT_P2_S1,-4886119.316412,-101087.405566,-4902683.666460,15720.000000,0,false,
SAT_P2_S1,-4988510.937554,-348241.464721,-4787178.531286,15760.000000,0,false,
SAT_P2_S1,-5082813.573703,-594156.641784,-4662464.332566,15800.000000,0,false,
SAT_P2_S1,-5168837.894672,-838410.914592,-4528780.296427,15840.000000,0,false,
SAT_P2_S1,-5246407.868098,-1080586.419677,-4386382.914696,15880.000000,0,false,
SAT_P2_S1,-5315361.133934,-1320270.169963,-4235545.465012,15920.000000,0,false,
SAT_P2_S1,-5375549.345633,-1557054.759822,-4076557.488142,15960.000000,0,false,
SAT_P2_S1,-5426838.498772,-1790539.062313,-3909724.240268,16000.000000,0,false,
SAT_P2_S1,-5469109.269075,-2020328.922483,-3735366.139506,16040.000000,0,false,
SAT_P2_S1,-5502257.290439,-2246037.827108,-3553818.154126,16080.000000,0,false,
SAT_P2_S1,-5526193.384662,-2467287.554869,-3365429.142294,16120.000000,0,false,
SAT_P2_S1,-5540843.821169,-2683708.823701,-3170561.208205,16160.000000,0,false,
SAT_P2_S1,-5546150.529324,-2894941.918604,-2969589.011764,16200.000000,0,false,
SAT_P2_S1,-5542071.271096,-3100637.292596,-2762899.047196,16240.000000,0,false,
SAT_P2_S1,-5528579.784069,-3300456.147607,-2550888.895780,16280.000000,0,false,
SAT_P2_S1,-5505665.920474,-3494071.007790,-2333966.468000,16320.000000,0,false,
SAT_P2_S1,-5473335.783326,-3681166.284060,-2112549.237495,16360.000000,0,false,
SAT_P2_S1,-5431611.740981,-3861438.768957,-1887063.404729,16400.000000,0,false,
SAT_P2_S1,-5380532.490862,-4034598.148436,-1657943.084024,16440.000000,0,false,
SAT_P2_S1,-5320153.078875,-4200367.485344,-1425629.462029,16480.000000,0,false,
SAT_P2_S1,-5250544.878727,-4358483.670217,-1190569.937141,16520.000000,0,false,
SAT_P2_S1,-5171795.527838,-4508697.834899,-953217.242279,16560.000000,0,false,
SAT_P2_S1,-5084008.841389,-4650775.746830,-714028.557354,16600.000000,0,false,
SAT_P2_S1,-4987304.727941,-4784498.201925,-473464.618772,16640.000000,0,false,
SAT_P2_S1,-4881819.037516,-4909661.356494,-231988.813666,16680.000000,0,false,
SAT_P2_S1,-4767703.353575,-5026077.009319,9933.737755,16720.000000,0,false,
SAT_P2_S1,-4645124.810929,-5133572.898842,251837.090508,16760.000000,0,false,
SAT_P2_S1,-4514265.859009,-5231992.951180,493255.392483,16800.000000,0,false,
SAT_P2_S1,-4375323.985379,-5321197.482420,733723.798328,16840.000000,0,false,
SAT_P2_S1,-4228511.407542,-5401063.366073,972779.380261,16880.000000,0,false,
SAT_P2_S1,-4074054.755611,-5471484.189984,1209962.035690,16920.000000,0,false,
SAT_P2_S1,-3912194.748512,-5532370.403202,1444815.389071,16960.000000,0,false,
SAT_P2_S1,-3743185.766335,-5583649.343180,1676887.676799,17000.000000,0,false,
SAT_P2_S1,-3567295.462326,-5625265.304123,1905732.626680,17040.000000,0,false,
SAT_P2_S1,-3384804.336724,-5657179.561160,2130910.325917,17080.000000,0,false,
SAT_P2_S1,-3196005.280335,-5679370.352940,2351988.070949,17120.000000,0,false,
SAT_P2_S1,-3001203.087351,-5691832.819891,2568541.195416,17160.000000,0,false,
SAT_P2_S1,-2800713.952686,-5694578.922947,2780153.883902,17200.000000,0,false,
SAT_P2_S1,-2594864.971046,-5687637.368498,2986419.979060,17240.000000,0,false,
SAT_P2_S1,-2383993.592835,-5671053.465017,3186943.752707,17280.000000,0,false,
SAT_P2_S1,-2168447.043433,-5644888.925864,3381340.646480,17320.000000,0,false,
SAT_P2_S1,-1948581.763344,-5609221.705472,3569238.010944,17360.000000,0,false,
SAT_P2_S1,-1724762.811813,-5564145.783745,3750275.814984,17400.000000,0,false,
SAT_P2_S1,-1497363.251873,-5509770.910783,3924107.319178,17440.000000,0,false,
SAT_P2_S1,-1266763.518495,-5446222.322566,4090399.720795,17480.000000,0,false,
SAT_P2_S1,-1033350.779489,-5373640.454202,4248834.786588,17520.000000,0,false,
SAT_P2_S1,-797518.291663,-5292180.652466,4399109.472633,17560.000000,0,false,
SAT_P2_S1,-559664.715484,-5202012.770459,4540936.450475,17600.000000,0,false,
SAT_P2_S1,-320193.445164,-5103320.817378,4674044.653810,17640.000000,0,false,
SAT_P2_S1,-79511.923532,-4996302.570299,4798179.783665,17680.000000,0,false,
SAT_P2_S1,161969.050407,-4881169.155825,4913104.771400,17720.000000,0,false,
SAT_P2_S1,403836.019180,-4758144.601108,5018600.196309,17760.000000,0,false,
SAT_P2_S1,645673.567510,-4627465.376201,5114464.676721,17800.000000,0,false,
SAT_P2_S1,887065.022445,-4489379.951159,5200515.254376,17840.000000,0,false,
SAT_P2_S1,1127593.155751,-4344148.305949,5276587.712848,17880.000000,0,false,
SAT_P2_S1,1366840.890424,-4192041.405170,5342536.842471,17920.000000,0,false,
SAT_P2_S1,1604392.002382,-4033340.713510,5398236.719414,17960.000000,0,false,
SAT_P2_S1,1839831.828715,-3868337.677895,5443580.934831,18000.000000,0,false,
SAT_P2_S1,2072747.969952,-3697333.190949,5478482.777682,18040.000000,0,false,
SAT_P2_S1,2302730.992152,-3520637.041852,5502875.382044,18080.000000,0,false,
SAT_P2_S1,2529375.136473,-3338567.373423,5516711.864098,18120.000000,0,false,
SAT_P2_S1,2752279.035449,-3151450.146951,5519965.449712,18160.000000,0,false,
SAT_P2_S1,2971046.399169,-2959618.529677,5512629.476285,18200.000000,0,false,
SAT_P2_S1,3185286.721824,-2763412.329224,5494717.435723,18240.000000,0,false,
SAT_P2_S1,3394615.982387,-2563177.404708,5466262.966436,18280.000000,0,false,
SAT_P2_S1,3598657.333273,-2359265.064543,5427319.798793,18320.000000,0,false,
SAT_P2_S1,3797041.772388,-2152031.452190,5377961.651360,18360.000000,0,false,
SAT_P2_S1,3989408.811216,-1941836.929589,5318282.098853,18400.000000,0,false,
SAT_P2_S1,4175407.151623,-1729045.469558,5248394.434209,18440.000000,0,false,
SAT_P2_S1,4354695.325860,-1514024.031258,5168431.459453,18480.000000,0,true,Paris
SAT_P2_S1,4526942.308543,-1297141.923464,5078545.217939,18520.000000,0,true,Paris
SAT_P2_S1,4691828.148360,-1078770.190842,4978906.744976,18560.000000,0,true,Paris
SAT_P2_S1,4849044.573508,-859280.989279,4869705.762673,18600.000000,0,true,Paris
SAT_P2_S1,4998295.568704,-639046.961658,4751150.329941,18640.000000,0,true,Paris
SAT_P2_S1,5139297.933852,-418440.614418,4623466.456726,18680.000000,0,true,Paris
SAT_P2_S1,5271781.846082,-197833.699887,4486897.705670,18720.000000,0,true,Paris
SAT_P2_S1,5395491.425227,22403.393984,4341704.782986,18760.000000,0,true,Paris
SAT_P2_S1,5510185.200842,241902.267393,4188165.015176,18800.000000,0,true,Paris
SAT_P2_S1,5615636.625629,460297.114564,4026571.862210,18840.000000,0,true,Paris
SAT_P2_S1,5711634.556782,677225.331660,3857234.383335,18880.000000,0,false,
SAT_P2_S1,5797983.703963,892328.118306,3680476.664000,18920.000000,0,false,
SAT_P2_S1,5874505.038559,1105251.069706,3496637.203654,18960.000000,0,false,
SAT_P2_S1,5941036.186561,1315644.763127,3306068.279358,19000.000000,0,false,
SAT_P2_S1,5997431.828622,1523165.341450,3109135.301585,19040.000000,0,false,
SAT_P2_S1,6043564.031698,1727475.078233,2906216.118922,19080.000000,0,false,
SAT_P2_S1,6079322.525014,1928242.927490,2697700.280013,19120.000000,0,false,
SAT_P2_S1,6104615.007267,2125145.071598,2483988.308306,19160.000000,0,false,
SAT_P2_S1,6119367.388095,2317865.450052,2265490.931441,19200.000000,0,false,
SAT_P2_S1,6123523.994374,2506096.270149,2042628.289877,19240.000000,0,false,
SAT_P2_S1,6117047.759693,2689538.509911,1815829.129099,19280.000000,0,false,
SAT_P2_S1,6099920.375476,2867902.402588,1585529.970685,19320.000000,0,false,
SAT_P2_S1,6072142.387858,3040907.894625,1352174.260398,19360.000000,0,false,
SAT_P2_S1,6033733.265396,3208285.089039,1116211.501147,19400.000000,0,false,
SAT_P2_S1,5984731.465983,3369774.686961,878096.379433,19440.000000,0,false,
SAT_P2_S1,5925194.453294,3525128.401338,638287.876485,19480.000000,0,false,
SAT_P2_S1,5855198.604416,3674109.315765,397248.351630,19520.000000,0,false,
SAT_P2_S1,5774839.173073,3816492.265135,155442.640057,19560.000000,0,false,
SAT_P2_S1,5684230.179542,3952064.178477,-86662.866678,19600.000000,0,false,
SAT_P2_S1,5583504.254052,4080624.389021,-328601.141120,19640.000000,0,false,
SAT_P2_S1,5472812.435771,4201984.914527,-569905.441499,19680.000000,0,false,
SAT_P2_S1,5352323.954866,4315970.726029,-810110.232504,19720.000000,0,false,
SAT_P2_S1,5222226.013008,4422420.013588,-1048752.102858,19760.000000,0,false,
SAT_P2_S1,5082723.445358,4521184.367900,-1285370.675944,19800.000000,0,false,
SAT_P2_S1,4934038.398297,4612128.970653,-1519509.514077,19840.000000,0,false,
SAT_P2_S1,4776409.983458,4695132.767285,-1750717.016565,19880.000000,0,false,
SAT_P2_S1,4610093.884678,4770088.603564,-1978547.306927,19920.000000,0,false,
SAT_P2_S1,4435361.920936,4836903.323117,-2202561.101929,19960.000000,0,false,
SAT_P2_S1,4252501.582816,4895497.844463,-2422326.569114,20000.000000,0,false,
SAT_P2_S1,4061815.566225,4945807.240121,-2637420.180333,20040.000000,0,false,
SAT_P2_S1,3863621.266590,4987780.778371,-2847427.542587,20080.000000,0,false,
SAT_P2_S1,3658250.187841,5021381.883796,-3051944.186966,20120.000000,0,false,
SAT_P2_S1,3446047.397950,5046588.144886,-3250576.365480,20160.000000,0,false,
SAT_P2_S1,3227370.927959,5063391.269508,-3442941.816312,20200.000000,0,false,
SAT_P2_S1,3002591.142940,5071797.006074,-3628670.496227,20240.000000,0,false,
SAT_P2_S1,2772090.085389,5071825.033773,-3807405.282195,20280.000000,0,false,
SAT_P2_S1,2536260.808643,5063508.846265,-3978802.656466,20320.000000,0,false,
SAT_P2_S1,2295506.711190,5046895.641714,-4142533.381775,20360.000000,0,false,
SAT_P2_S1,2050240.803294,5022046.116226,-4298283.097083,20400.000000,0,false,
SAT_P2_S1,1800884.986441,4989034.279983,-4445752.911523,20440.000000,0,false,
SAT_P2_S1,1547869.321541,4947947.261723,-4584659.974484,20480.000000,0,false,
SAT_P2_S1,1291631.274624,4898885.080328,-4714738.004830,20520.000000,0,false,
SAT_P2_S1,1032614.946591,4841960.384319,-4835737.774649,20560.000000,0,false,
SAT_P2_S1,771270.292629,4777298.178079,-4947427.564676,20600.000000,0,false,
SAT_P2_S1,508052.340312,4705035.558770,-5049593.612590,20640.000000,0,false,
SAT_P2_S1,243420.396464,4625321.425125,-5142040.516028,20680.000000,0,false,
SAT_P2_S1,-22162.773018,4538316.112763,-5224591.547423,20720.000000,0,false,
SAT_P2_S1,-288231.744136,4444191.088857,-5297089.002768,20760.000000,0,false,
SAT_P2_S1,-554319.253790,4343128.602858,-5359394.489640,20800.000000,0,false,
SAT_P2_S1,-819957.018496,4235321.316821,-5411389.169083,20840.000000,0,false,
SAT_P2_S1,-1084676.554842,4120971.917067,-5452973.954287,20880.000000,0,false,
SAT_P2_S1,-1348010.001834,4000292.728428,-5484069.690458,20920.000000,0,false,
SAT_P2_S1,-1609490.943794,3873505.342882,-5504617.328685,20960.000000,0,false,
SAT_P2_S1,-1868655.226575,3740840.174444,-5514577.986848,21000.000000,0,false,
SAT_P2_S1,-2125041.773669,3602536.042175,-5513933.019599,21040.000000,0,false,
SAT_P2_S1,-2378193.401734,3458839.750829,-5502684.061943,21080.000000,0,false,
SAT_P2_S1,-2627657.630489,3310005.652226,-5480853.023504,21120.000000,0,false,
SAT_P2_S1,-2872987.479468,3156295.190418,-5448482.032282,21160.000000,0,false,
SAT_P2_S1,-3113742.261027,2997976.442614,-5405633.347887,21200.000000,0,false,
SAT_P2_S1,-3349488.387319,2835323.682653,-5352389.286690,21240.000000,0,false,
SAT_P2_S1,-3579800.131365,2668616.891169,-5288852.033002,21280.000000,0,false,
SAT_P2_S1,-3804260.407886,2498141.292125,-5215143.470378,21320.000000,0,false,
SAT_P2_S1,-4022461.529709,2324186.873151,-5131404.956208,21360.000000,0,false,
SAT_P2_S1,-4234005.943390,2147047.895901,-5037797.049428,21400.000000,0,false,
SAT_P2_S1,-4438506.960007,1967022.407905,-4934499.214823,21440.000000,0,false,
SAT_P2_S1,-4635589.494542,1784411.766480,-4821709.524444,21480.000000,0,false,
SAT_P2_S1,-4824890.749976,1599520.136731,-4699644.273802,21520.000000,0,false,
SAT_P2_S1,-5006060.885498,1412653.987712,-4568537.565421,21560.000000,0,false,
SAT_P2_S1,-5178763.694248,1224121.604848,-4428640.896372,21600.000000,0,false,
SAT_P2_S1,-5342677.249227,1034232.590868,-4280222.693112,21640.000000,0,false,
SAT_P2_S1,-5497494.512711,843297.365230,-4123567.803555,21680.000000,0,false,
SAT_P2_S1,-5642923.923415,651626.663386,-3958976.957036,21720.000000,0,false,
SAT_P2_S1,-5778689.984891,459531.041219,-3786766.212472,21760.000000,0,false,
SAT_P2_S1,-5904533.842280,267320.384222,-3607266.387054,21800.000000,0,false,
SAT_P2_S1,-6020213.744624,75303.402057,-3420822.385262,21840.000000,0,false,
SAT_P2_S1,-6125505.564629,-116212.856993,-3227792.567672,21880.000000,0,false,
SAT_P2_S1,-6220203.264747,-306923.495683,-3028548.068176,21920.000000,0,false,
SAT_P2_S1,-6304119.321859,-496526.250638,-2823472.080936,21960.000000,0,false,
SAT_P2_S1,-6377085.105650,-684721.968234,-2612959.115670,22000.000000,0,false,
SAT_P2_S1,-6438951.237398,-871215.074821,-2397414.235267,22040.000000,0,false,
SAT_P2_S1,-6489587.952835,-1055714.041484,-2177252.288703,22080.000000,0,false,
SAT_P2_S1,-6528885.365314,-1237931.834092,-1952897.095628,22120.000000,0,false,
SAT_P2_S1,-6556753.694131,-1417586.354291,-1724780.612652,22160.000000,0,false,
SAT_P2_S1,-6573123.502161,-1594400.873122,-1493342.103396,22200.000000,0,false,
SAT_P2_S1,-6577945.873159,-1768104.452963,-1259027.281554,22240.000000,0,false,
SAT_P2_S1,-6571192.533358,-1938432.351674,-1022287.438641,22280.000000,0,false,
SAT_P2_S1,-6552855.934955,-2105126.414683,-783578.560219,22320.000000,0,false,
SAT_P2_S1,-6522949.332593,-2267935.462314,-543360.438804,22360.000000,0,false,
SAT_P2_S1,-6481506.839008,-2426615.667303,-302095.783094,22400.000000,0,false,
SAT_P2_S1,-6428583.331748,-2580930.891186,-60249.298428,22440.000000,0,false,
SAT_P2_S1,-6364254.429567,-2730653.033144,181713.214180,22480.000000,0,false,
SAT_P2_S1,-6288616.396681,-2875562.358906,423325.772472,22520.000000,0,false,
SAT_P2_S1,-6201785.998387,-3015447.808722,664123.126104,22560.000000,0,false,
SAT_P2_S1,-6103900.303338,-3150107.282776,903641.667419,22600.000000,0,false,
SAT_P2_S1,-5995116.460828,-3279347.917165,1141420.340648,22640.000000,0,false,
SAT_P2_S1,-5875611.478917,-3402986.361232,1377001.549654,22680.000000,0,false,
SAT_P2_S1,-5745581.899025,-3520849.005141,1609932.051111,22720.000000,0,false,
SAT_P2_S1,-5605243.433500,-3632772.190063,1839763.838345,22760.000000,0,false,
SAT_P2_S1,-5454830.613230,-3738602.421442,2066055.017855,22800.000000,0,false,
SAT_P2_S1,-5294596.373843,-3838196.551754,2288370.670488,22840.000000,0,false,
SAT_P2_S1,-5124811.593932,-3931421.932955,2506283.689061,22880.000000,0,false,
SAT_P2_S1,-4945764.599948,-4018156.549405,2719375.597513,22920.000000,0,false,
SAT_P2_S1,-4757760.665053,-4098289.148404,2927237.359397,22960.000000,0,false,
SAT_P2_S1,-4561121.493232,-4171719.360202,3129470.169054,23000.000000,0,false,
SAT_P2_S1,-4356184.586006,-4238357.739693,3325686.185645,23040.000000,0,false,
SAT_P2_S1,-4143302.671649,-4298125.848873,3515509.275993,23080.000000,0,false,
SAT_P2_S1,-3922843.081087,-4350956.306050,3698575.725759,23120.000000,0,false,
SAT_P2_S1,-3695187.095123,-4396792.811297,3874534.918743,23160.000000,0,false,
SAT_P2_S1,-3460729.260002,-4435590.146217,4043049.982270,23200.000000,0,false,
SAT_P2_S1,-3219876.690848,-4467314.168321,4203798.414554,23240.000000,0,false,
SAT_P2_S1,-2973048.381317,-4491941.817647,4356472.707895,23280.000000,0,false,
SAT_P2_S1,-2720674.450982,-4509461.062808,4500780.906130,23320.000000,0,false,
SAT_P2_S1,-2463195.373706,-4519870.833026,4636447.134354,23360.000000,0,false,
SAT_P2_S1,-2201061.219158,-4523180.967431,4763212.126080,23400.000000,0,false,
SAT_P2_S1,-1934730.858067,-4519412.131907,4880833.706594,23440.000000,0,false,
SAT_P2_S1,-1664671.149098,-4508595.709155,4989087.230502,23480.000000,0,false,
SAT_P2_S1,-1391356.111392,-4490773.673454,5087765.985718,23520.000000,0,false,
SAT_P2_S1,-1115266.093702,-4465998.470435,5176681.584813,23560.000000,0,false,
SAT_P2_S1,-836886.939173,-4434332.893222,5255664.332795,23600.000000,0,false,
SAT_P2_S1,-556709.110713,-4395849.874709,5324563.481846,23640.000000,0,false,
SAT_P2_S1,-275226.841741,-4350632.336332,5383247.525870,23680.000000,0,false,
SAT_P2_S1,7062.729360,-4298773.004628,5431604.437591,23720.000000,0,false,
SAT_P2_S1,289660.426658,-4240374.210991,5469541.862107,23760.000000,0,false,
SAT_P2_S1,572065.906464,-4175547.672582,5496987.264271,23800.000000,0,false,
SAT_P2_S1,853778.527156,-4104414.274393,5513888.053906,23840.000000,0,false,
SAT_P2_S1,1134298.216019,-4027103.870444,5520211.710326,23880.000000,0,false,
SAT_P2_S1,1413126.338393,-3943755.034010,5515945.820306,23920.000000,0,false,
SAT_P2_S1,1689766.566935,-3854514.801326,5501098.084503,23960.000000,0,false,
SAT_P2_S1,1963725.746819,-3759538.439604,5475696.329742,24000.000000,0,false,
SAT_P2_S1,2234514.764603,-3658989.190149,5439788.468606,24040.000000,0,false,
SAT_P2_S1,2501649.406090,-3553037.995052,5393442.411334,24080.000000,0,false,
SAT_P2_S1,2764651.211100,-3441863.215249,5336745.943254,24120.000000,0,false,
SAT_P2_S1,3023048.334591,-3325650.356037,5269806.591931,24160.000000,0,false,
SAT_P2_S1,3276376.407072,-3204591.793174,5192751.472761,24200.000000,0,false,
SAT_P2_S1,3524179.349091,-3078886.432807,5105727.011530,24240.000000,0,false,
SAT_P2_S1,3766010.212195,-2948739.419761,5008898.716786,24280.000000,0,false,
SAT_P2_S1,4001432.000139,-2814361.819057,4902450.889095,24320.000000,0,false,
SAT_P2_S1,4230018.468882,-2675970.286963,4786586.288093,24360.000000,0,false,
SAT_P2_S1,4451354.902239,-2533786.729730,4661525.754346,24400.000000,0,false,
SAT_P2_S1,4665038.879285,-2388037.962152,4527507.807091,24440.000000,0,false,
SAT_P2_S1,4870681.047135,-2238955.377408,4384788.236996,24480.000000,0,false,
SAT_P2_S1,5067905.832639,-2086774.586620,4233639.619814,24520.000000,0,false,
SAT_P2_S1,5256352.134382,-1931735.054504,4074350.798984,24560.000000,0,false,
SAT_P2_S1,5435674.021418,-1774079.750680,3907226.370870,24600.000000,0,false,
SAT_P2_S1,5605541.396189,-1614054.786732,3732586.121464,24640.000000,0,false,
SAT_P2_S1,5765640.616464,-1451909.047085,3550764.424540,24680.000000,0,false,
SAT_P2_S1,5915675.091747,-1287893.816566,3362109.610598,24720.000000,0,false,
SAT_P2_S1,6055365.879293,-1122262.412386,3166983.324531,24760.000000,0,false,
SAT_P2_S1,6184452.266242,-955269.818432,2965759.865749,24800.000000,0,false,
SAT_P2_S1,6302692.229024,-787172.290668,2758825.440882,24840.000000,0,false,
SAT_P2_S1,6409862.953366,-618226.987248,2546577.451424,24880.000000,0,false,
SAT_P2_S1,6505761.292399,-448691.586247,2329423.734245,24920.000000,0,false,
SAT_P2_S1,6590204.175167,-278823.902925,2107781.774957,24960.000000,0,false,
SAT_P2_S1,6663028.990649,-108881.507756,1882077.903968,25000.000000,0,false,
SAT_P2_S1,6724093.943572,60878.655642,1652746.473524,25040.000000,0,false,
SAT_P2_S1,6773278.348646,230200.650418,1420229.011191,25080.000000,0,false,
SAT_P2_S1,6810482.878039,398829.924354,1184973.354941,25120.000000,0,false,
SAT_P2_S1,6835629.792738,566513.685579,947432.778854,25160.000000,0,false,
SAT_P2_S1,6848663.168131,733001.274673,708065.114284,25200.000000,0,false,
SAT_P2_S1,6849548.970993,898044.529721,467331.837555,25240.000000,0,false,
SAT_P2_S1,6838275.168453,1061398.147861,225697.165729,25280.000000,0,false,
SAT_P2_S1,6814851.793830,1222820.042802,-16372.856641,25320.000000,0,false,
SAT_P2_S1,6779310.953998,1382071.694679,-258411.277146,25360.000000,0,false,
SAT_P2_S1,6731706.775831,1538918.489059,-499951.156263,25400.000000,0,false,
SAT_P2_S1,6672115.318963,1693130.050808,-740526.488685,25440.000000,0,false,
SAT_P2_S1,6600634.487282,1844480.578090,-979673.124022,25480.000000,0,false,
SAT_P2_S1,6517383.868604,1992749.161095,-1216929.681616,25520.000000,0,false,
SAT_P2_S1,6422504.471612,2137720.081215,-1451838.458424,25560.000000,0,false,
SAT_P2_S1,6316158.513379,2279183.117614,-1683946.330547,25600.000000,0,false,
SAT_P2_S1,6198529.129321,2416933.839463,-1912805.647408,25640.000000,0,false,
SAT_P2_S1,6069820.030444,2550773.880940,-2137975.107607,25680.000000,0,false,
SAT_P2_S1,5930255.114543,2680511.203108,-2359020.619063,25720.000000,0,false,
SAT_P2_S1,5780078.062133,2805960.353521,-2575516.150591,25760.000000,0,false,
SAT_P2_S1,5619551.929187,2926942.726356,-2787044.575852,25800.000000,0,false,
SAT_P2_S1,5448958.603134,3043286.772019,-2993198.466832,25840.000000,0,false,
SAT_P2_S1,5268598.294554,3154828.221248,-3193580.887549,25880.000000,0,false,
SAT_P2_S1,5078788.992746,3261410.297496,-3387806.167020,25920.000000,0,false,
SAT_P2_S1,4879865.875429,3362883.910369,-3575500.642403,25960.000000,0,false,
SAT_P2_S1,4672180.674886,3459107.827582,-3756303.367103,26000.000000,0,false,
SAT_P2_S1,4456101.021551,3549948.838852,-3929866.796689,26040.000000,0,false,
SAT_P2_S1,4232009.790937,3635281.926536,-4095857.467243,26080.000000,0,false,
SAT_P2_S1,4000304.403583,3714990.409043,-4253956.629015,26120.000000,0,false,
SAT_P2_S1,3761396.054632,3788966.044483,-4403860.820808,26160.000000,0,false,
SAT_P2_S1,3515708.990257,3857109.164353,-4545282.458007,26200.000000,0,false,
SAT_P2_S1,3263679.732839,3919328.780225,-4677950.374017,26240.000000,0,false,
SAT_P2_S1,3005756.281564,3975542.669514,-4801610.318178,26280.000000,0,false,
SAT_P2_S1,2742397.290897,4025677.445716,-4916025.416120,26320.000000,0,false,
SAT_P2_S1,2474071.244889,4069668.631442,-5020976.613599,26360.000000,0,false,
SAT_P2_S1,2201255.635454,4107460.740415,-5116263.110781,26400.000000,0,false,
SAT_P2_S1,1924436.071510,4139007.286708,-5201702.688944,26440.000000,0,false,
SAT_P2_S1,1644105.414861,4164270.825742,-5277132.053270,26480.000000,0,false,
SAT_P2_S1,1360762.901285,4183222.983854,-5342407.140753,26520.000000,0,false,
SAT_P2_S1,1074913.245545,4195844.467687,-5397403.381388,26560.000000,0,false,
SAT_P2_S1,787065.735659,4202125.051953,-5442015.909479,26600.000000,0,false,
SAT_P2_S1,497733.321884,4202063.561834,-5476159.745735,26640.000000,0,false,
SAT_P2_S1,207431.708473,4195667.869016,-5499769.974341,26680.000000,0,false,
SAT_P2_S1,-83321.562467,4182954.859691,-5512801.860787,26720.000000,0,false,
SAT_P2_S1,-374008.042223,4163950.357059,-5515230.887511,26760.000000,0,false,
SAT_P2_S1,-664109.288140,4138689.087626,-5507052.822421,26800.000000,0,false,
SAT_P2_S1,-953107.787083,4107214.617071,-5488283.724595,26840.000000,0,false,
SAT_P2_S1,-1240487.872220,4069579.268363,-5458959.902379,26880.000000,0,false,
SAT_P2_S1,-1525736.635355,4025844.023207,-5419137.825607,26920.000000,0,false,
SAT_P2_S1,-1808344.842287,3976078.450522,-5368894.050190,26960.000000,0,false,
SAT_P2_S1,-2087807.833125,3920360.591461,-5308325.060836,27000.000000,0,false,
SAT_P2_S1,-2363626.420516,3858776.844526,-5237547.090582,27040.000000,0,false,
SAT_P2_S1,-2635307.781792,3791421.849544,-5156695.915467,27080.000000,0,false,
SAT_P2_S1,-2902366.332791,3718398.347171,-5065926.593042,27120.000000,0,false,
SAT_P2_S1,-3164324.592990,3639817.031402,-4965413.168939,27160.000000,0,false,
SAT_P2_S1,-3420714.052140,3555796.412661,-4855348.375534,27200.000000,0,false,
SAT_P2_S1,-3671076.023074,3466462.672684,-4735943.297304,27240.000000,0,false,
SAT_P2_S1,-3914962.444757,3371949.456117,-4607426.928917,27280.000000,0,false,
SAT_P2_S1,-4151936.709016,3272397.714977,-4470045.783841,27320.000000,0,false,
SAT_P2_S1,-4381574.459528,3167955.520406,-4324063.438019,27360.000000,0,false,
SAT_P2_S1,-4603464.362757,3058777.862079,-4169760.036184,27400.000000,0,false,
SAT_P2_S1,-4817208.850950,2945026.433207,-4007431.758843,27440.000000,0,false,
SAT_P2_S1,-5022424.856159,2826869.415422,-3837390.270061,27480.000000,0,false,
SAT_P2_S1,-5218744.547610,2704481.274096,-3659962.160554,27520.000000,0,false,
SAT_P2_S1,-5405815.986644,2578042.505653,-3475488.306974,27560.000000,0,false,
SAT_P2_S1,-5583303.778296,2447739.392068,-3284323.223841,27600.000000,0,false,
SAT_P2_S1,-5750889.714729,2313763.759178,-3086834.403699,27640.000000,0,false,
SAT_P2_S1,-5908273.376677,2176312.716888,-2883401.616448,27680.000000,0,false,
SAT_P2_S1,-6055172.687015,2035588.386240,-2674416.175930,27720.000000,0,false,
SAT_P2_S1,-6191324.435709,1891797.619372,-2460280.182907,27760.000000,0,false,
SAT_P2_S1,-6316484.802381,1745151.722813,-2241405.758770,27800.000000,0,false,
SAT_P2_S1,-6430429.843611,1595866.174306,-2018214.257838,27840.000000,0,false,
SAT_P2_S1,-6532955.857302,1444160.300860,-1791135.418696,27880.000000,0,false,
SAT_P2_S1,-6623879.806535,1290256.986202,-1560606.543407,27920.000000,0,false,
SAT_P2_S1,-6703039.670031,1134382.356879,-1327071.640321,27960.000000,0,false,
SAT_P2_S1,-6770294.740870,976765.462958,-1090980.552692,28000.000000,0,false,
SAT_P2_S1,-6825525.872000,817637.951792,-852788.072759,28040.000000,0,false,
SAT_P2_S1,-6868635.699108,657233.740528,-612953.049404,28080.000000,0,false,
SAT_P2_S1,-6899548.861994,495788.692380,-371937.496005,28120.000000,0,false,
SAT_P2_S1,-6918212.095939,333540.276634,-130205.677276,28160.000000,0,false,
SAT_P2_S1,-6924594.315578,170727.231780,111776.801171,28200.000000,0,false,
SAT_P2_S1,-6918686.684818,7589.231081,353543.900899,28240.000000,0,false,
SAT_P2_S1,-6900502.624376,-155633.456627,594630.063092,28280.000000,0,false,
SAT_P2_S1,-6870077.758392,-318700.305841,834571.116858,28320.000000,0,false,
SAT_P2_S1,-6827469.823787,-481370.873959,1072905.184623,28360.000000,0,false,
SAT_P2_S1,-6772758.575971,-643405.140810,1309173.585004,28400.000000,0,false,
SAT_P2_S1,-6706045.654671,-804563.846622,1542921.728353,28440.000000,0,false,
SAT_P2_S1,-6627454.305846,-964608.830061,1773699.997829,28480.000000,0,false,
SAT_P2_S1,-6537129.180957,-1123303.363757,2001064.626573,28520.000000,0,false,
SAT_P2_S1,-6435236.051975,-1280412.491051,2224578.564056,28560.000000,0,false,
SAT_P2_S1,-6321961.478003,-1435703.356421,2443812.322250,28600.000000,0,false,
SAT_P2_S1,-6197512.421349,-1588945.530786,2658344.801430,28640.000000,0,false,
SAT_P2_S1,-6062115.843739,-1739911.336990,2867764.104008,28680.000000,0,false,
SAT_P2_S1,-5916018.304759,-1888376.178217,3071668.341469,28720.000000,0,false,
SAT_P2_S1,-5759485.441447,-2034118.844317,3269666.388287,28760.000000,0,false,
SAT_P2_S1,-5592801.447037,-2176921.819643,3461378.623649,28800.000000,0,false,
SAT_P2_S1,-5416268.543559,-2316571.590683,3646437.657818,28840.000000,0,false,
SAT_P2_S1,-5230206.404037,-2452858.943776,3824489.024868,28880.000000,0,false,
SAT_P2_S1,-5034951.532045,-2585579.249731,3995191.837427,28920.000000,0,false,
SAT_P2_S1,-4830856.617565,-2714532.743479,4158219.415228,28960.000000,0,false,
SAT_P2_S1,-4618289.896997,-2839524.808707,4313259.903281,29000.000000,0,false,
SAT_P2_S1,-4397634.491309,-2960366.255173,4460016.860480,29040.000000,0,false,
SAT_P2_S1,-4169287.641000,-3076873.558512,4598209.768479,29080.000000,0,false,
SAT_P2_S1,-3933660.012988,-3188869.128509,4727574.567501,29120.000000,0,false,
SAT_P2_S1,-3691174.950241,-3296181.560017,4847864.144035,29160.000000,0,false,
SAT_P2_S1,-3442267.699524,-3398645.870730,4958848.778919,29200.000000,0,false,
SAT_P2_S1,-3187384.614325,-3496103.726210,5060316.555481,29240.000000,0,false,
SAT_P2_S1,-2926982.351215,-3588403.666744,5152073.749324,29280.000000,0,false,
SAT_P2_S1,-2661527.073406,-3675401.345716,5233945.214636,29320.000000,0,false,
SAT_P2_S1,-2391493.592033,-3756959.717896,5305774.673848,29360.000000,0,false,
SAT_P2_S1,-2117364.513397,-3832949.236002,5367424.997824,29400.000000,0,false,
SAT_P2_S1,-1839629.388583,-3903248.052092,5418778.471309,29440.000000,0,false,
SAT_P2_S1,-1558783.840888,-3967742.200319,5459737.008000,29480.000000,0,false,
SAT_P2_S1,-1275328.681899,-4026325.760422,5490222.315776,29520.000000,0,false,
SAT_P2_S1,-989769.021650,-4078901.014520,5510176.029065,29560.000000,0,false,
SAT_P2_S1,-702613.382905,-4125378.614489,5519559.832475,29600.000000,0,false,
SAT_P2_S1,-414372.813508,-4165677.740617,5518355.549156,29640.000000,0,false,
SAT_P2_S1,-125559.970719,-4199726.198749,5506565.119611,29680.000000,0,false,
SAT_P2_S1,163311.765040,-4227460.569273,5484210.630067,29720.000000,0,false,
SAT_P2_S1,451729.191309,-4248826.327046,5451334.276103,29760.000000,0,false,
SAT_P2_S1,739180.179922,-4263777.946316,5407998.283930,29800.000000,0,false,
SAT_P2_S1,1025154.570894,-4272278.989843,5354284.788022,29840.000000,0,false,
SAT_P2_S1,1309145.064744,-4274302.201209,5290295.689856,29880.000000,0,false,
SAT_P2_S1,1590648.112892,-4269829.613675,5216152.515317,29920.000000,0,false,
SAT_P2_S1,1869164.798050,-4258852.595567,5131996.168994,29960.000000,0,false,
SAT_P2_S1,2144201.710963,-4241371.907101,5037986.681753,30000.000000,0,false,
SAT_P2_S1,2415271.823735,-4217397.763821,4934302.945562,30040.000000,0,false,
SAT_P2_S1,2681895.355215,-4186949.875945,4821142.397145,30080.000000,0,false,
SAT_P2_S1,2943600.617983,-4150057.465454,4698720.655466,30120.000000,0,false,
SAT_P2_S1,3199924.856353,-4106759.273008,4567271.127404,30160.000000,0,false,
SAT_P2_S1,3450415.086292,-4057103.572944,4427044.603284,30200.000000,0,false,
SAT_P2_S1,3694628.920515,-4001148.175768,4278308.819454,30240.000000,0,false,
SAT_P2_S1,3932135.339045,-3938960.359382,4121347.921447,30280.000000,0,false,
SAT_P2_S1,4162515.485457,-3870616.852251,3956461.970217,30320.000000,0,false,
SAT_P2_S1,4385363.431557,-3796203.778265,3783966.387325,30360.000000,0,false,
SAT_P2_S1,4600286.911798,-3715816.582773,3604191.365234,30400.000000,0,false,
SAT_P2_S1,4806908.027264,-3629559.937925,3417481.241172,30440.000000,0,false,
SAT_P2_S1,5004863.938308,-3537547.644217,3224193.852251,30480.000000,0,false,
SAT_P2_S1,5193807.558180,-3439902.540609,3024699.884784,30520.000000,0,false,
SAT_P2_S1,5373408.161148,-3336756.353224,2819382.150902,30560.000000,0,false,
SAT_P2_S1,5543351.985247,-3228249.548526,2608634.858037,30600.000000,0,false,
SAT_P2_S1,5703342.826854,-3114531.188476,2392862.868818,30640.000000,0,false,
SAT_P2_S1,5853102.578415,-2995758.752635,2172480.920594,30680.000000,0,false,
SAT_P2_S1,5992371.737703,-2872097.950204,1947912.827643,30720.000000,0,false,
SAT_P2_S1,6120909.896616,-2743722.522682,1719590.665441,30760.000000,0,false,
SAT_P2_S1,6238496.185745,-2610814.028333,1487953.933666,30800.000000,0,false,
SAT_P2_S1,6344929.665176,-2473561.604919,1253448.697612,30840.000000,0,false,
SAT_P2_S1,6440029.688588,-2332161.722106,1016526.716126,30880.000000,0,false,
SAT_P2_S1,6523636.267872,-2186817.935925,777644.564346,30920.000000,0,false,
SAT_P2_S1,6595610.358148,-2037740.614082,537262.736723,30960.000000,0,false,
SAT_P2_S1,6655834.065342,-1885146.631595,295844.731375,31000.000000,0,false,
SAT_P2_S1,6704210.884479,-1729259.083956,53856.143669,31040.000000,0,false,
SAT_P2_S1,6740665.867504,-1570306.973750,-188236.255012,31080.000000,0,false,
SAT_P2_S1,6765145.732078,-1408524.883335,-429965.438903,31120.000000,0,false,
SAT_P2_S1,6777618.923051,-1244152.635033,-670865.050164,31160.000000,0,false,
SAT_P2_S1,6778075.658496,-1077434.947088,-910470.320563,31200.000000,0,false,
SAT_P2_S1,6766527.964895,-908621.088215,-1148318.989951,31240.000000,0,false,
SAT_P2_S1,6743009.557645,-737964.496975,-1383952.214832,31280.000000,0,false,
SAT_P2_S1,6707575.769656,-565722.414153,-1616915.471608,31320.000000,0,false,
SAT_P2_S1,6660303.426152,-392155.502649,-1846759.452546,31360.000000,0,false,
SAT_P2_S1,6601290.665253,-217527.458913,-2073040.947532,31400.000000,0,false,
SAT_P2_S1,6530656.701406,-42104.617399,-2295323.707109,31440.000000,0,false,
SAT_P2_S1,6448541.560626,133844.450418,-2513179.293790,31480.000000,0,false,
SAT_P2_S1,6355105.819261,310049.339502,-2726187.928708,31520.000000,0,false,
SAT_P2_S1,6250530.262395,486238.220436,-2933939.306484,31560.000000,0,false,
SAT_P2_S1,6135015.464499,662138.255852,-3136033.379015,31600.000000,0,false,
SAT_P2_S1,6008781.412764,837476.014305,-3332081.139297,31640.000000,0,false,
SAT_P2_S1,5872067.061768,1011977.890894,-3521705.375453,31680.000000,0,false,
SAT_P2_S1,5725129.841421,1185370.525426,-3704541.389787,31720.000000,0,false,
SAT_P2_S1,5568245.128046,1357381.220966,-3880237.689050,31760.000000,0,false,
SAT_P2_S1,5401705.708203,1527738.366084,-4048456.660747,31800.000000,0,false,
SAT_P2_S1,5225821.241292,1696171.859736,-4208875.236236,31840.000000,0,false,
SAT_P2_S1,5040917.595507,1862413.520103,-4361185.466193,31880.000000,0,false,
SAT_P2_S1,4847336.236903,2026197.502867,-4505095.110571,31920.000000,0,false,
SAT_P2_S1,4645433.580726,2187260.717363,-4640328.192251,31960.000000,0,false,
SAT_P2_S1,4435580.309500,2345343.236481,-4766625.510023,32000.000000,0,false,
SAT_P2_S1,4218160.658062,2500188.697721,-4883745.106888,32040.000000,0,false,
SAT_P2_S1,3993571.686213,2651544.704356,-4991462.712671,32080.000000,0,false,
SAT_P2_S1,3762222.562368,2799163.235418,-5089572.181397,32120.000000,0,false,
SAT_P2_S1,3524533.801179,2942801.037347,-5177885.865288,32160.000000,0,false,
SAT_P2_S1,3280936.455830,3082219.999536,-5256234.927540,32200.000000,0,false,
SAT_P2_S1,3031871.351439,3217187.547848,-5324469.672814,32240.000000,0,false,
SAT_P2_S1,2777788.278672,3347477.025165,-5382459.822530,32280.000000,0,false,
SAT_P2_S1,2519145.170858,3472868.056870,-5430094.741642,32320.000000,0,false,
SAT_P2_S1,2256407.267731,3593146.907612,-5467283.626009,32360.000000,0,false,
SAT_P2_S1,1990046.280630,3708106.843821,-5493955.674862,32400.000000,0,false,
SAT_P2_S1,1720539.563330,3817548.503189,-5510060.251814,32440.000000,0,false,
SAT_P2_S1,1448369.228697,3921280.203028,-5515566.922314,32480.000000,0,false,
SAT_P2_S1,1174021.298124,4019118.282038,-5510465.524363,32520.000000,0,false,
SAT_P2_S1,897984.837849,4110887.428489,-5494766.193255,32560.000000,0,false,
SAT_P2_S1,620751.089243,4196420.991677,-5468499.339449,32600.000000,0,false,
SAT_P2_S1,342812.595418,4275561.271477,-5431715.574091,32640.000000,0,false,
SAT_P2_S1,64662.330338,4348159.814085,-5384485.620015,32680.000000,0,false,
SAT_P2_S1,-213207.168036,4414077.708391,-5326900.201954,32720.000000,0,false,
SAT_P2_S1,-490304.669167,4473185.834923,-5259069.852376,32760.000000,0,false,
SAT_P2_S1,-766141.115558,4525365.136931,-5181124.724068,32800.000000,0,false,
SAT_P2_S1,-1040230.482127,4570506.859120,-5093214.342710,32840.000000,0,false,
SAT_P2_S1,-1312090.629105,4608512.768466,-4995507.317779,32880.000000,0,false,
SAT_P2_S1,-1581244.150658,4639295.377289,-4888191.035682,32920.000000,0,false,
SAT_P2_S1,-1847219.218726,4662778.177455,-4771471.346348,32960.000000,0,false,
SAT_P2_S1,-2109550.404675,4678895.792171,-4645572.138680,33000.000000,0,false,
SAT_P2_S1,-2367779.496838,4687594.156000,-4510734.931442,33040.000000,0,false,
SAT_P2_S1,-2621456.308582,4688830.683454,-4367218.434443,33080.000000,0,false,
SAT_P2_S1,-2870139.469432,4682574.410509,-4215298.065370,33120.000000,0,false,
SAT_P2_S1,-3113397.192895,4668806.107650,-4055265.424491,33160.000000,0,false,
SAT_P2_S1,-3350808.031313,4647518.381207,-3887427.743376,33200.000000,0,false,
SAT_P2_S1,-3581961.628894,4618715.784089,-3712107.328183,33240.000000,0,false,
SAT_P2_S1,-3806459.446257,4582414.894734,-3529640.961282,33280.000000,0,false,
SAT_P2_S1,-4023915.439071,4538644.331176,-3340379.230998,33320.000000,0,false,
SAT_P2_S1,-4233956.752210,4487444.811539,-3144685.894167,33360.000000,0,false,
SAT_P2_S1,-4436224.382188,4428869.170872,-2942937.186108,33400.000000,0,false,
SAT_P2_S1,-4630373.804505,4362982.350466,-2735521.100997,33440.000000,0,false,
SAT_P2_S1,-4816075.570822,4289861.361694,-2522836.643469,33480.000000,0,false,
SAT_P2_S1,-4993015.895956,4209595.244470,-2305293.065497,33520.000000,0,false,
SAT_P2_S1,-5160897.242324,4122285.029701,-2083309.095874,33560.000000,0,false,
SAT_P2_S1,-5319438.803950,4028043.612975,-1857312.106089,33600.000000,0,false,
SAT_P2_S1,-5468377.003889,3926995.649321,-1627737.283478,33640.000000,0,false,
SAT_P2_S1,-5607465.964272,3819277.429006,-1395026.786545,33680.000000,0,false,
SAT_P2_S1,-5736477.929749,3705036.720622,-1159628.878138,33720.000000,0,false,
SAT_P2_S1,-5855203.639884,3584432.582942,-921997.042538,33760.000000,0,false,
SAT_P2_S1,-5963452.671680,3457635.159057,-682589.092225,33800.000000,0,false,
SAT_P2_S1,-6061053.777583,3324825.470763,-441866.272137,33840.000000,0,false,
SAT_P2_S1,-6147855.166560,3186195.181235,-200292.354418,33880.000000,0,false,
SAT_P2_S1,-6223724.689768,3041946.299007,41667.283849,33920.000000,0,false,
SAT_P2_S1,-6288550.067012,2892290.915469,283546.568028,33960.000000,0,false,
SAT_P2_S1,-6342239.046295,2737450.901807,524879.643246,34000.000000,0,false,
SAT_P2_S1,-6384719.511009,2577657.583501,765201.786984,34040.000000,0,false,
SAT_P2_S1,-6415939.540936,2413151.393447,1004050.317796,34080.000000,0,false,
SAT_P2_S1,-6435867.457481,2244181.517859,1240965.500366,34120.000000,0,false,
SAT_P2_S1,-6444491.866743,2071005.542626,1475491.445640,34160.000000,0,false,
SAT_P2_S1,-6441821.565442,1893889.040105,1707176.994530,34200.000000,0,false,
SAT_P2_S1,-6427885.472348,1713105.169077,1935576.595092,34240.000000,0,false,
SAT_P2_S1,-6402732.527778,1528934.261328,2160251.169879,34280.000000,0,false,
SAT_P2_S1,-6366431.539805,1341663.388206,2380768.966870,34320.000000,0,false,
SAT_P2_S1,-6319070.977165,1151585.911102,2596706.387499,34360.000000,0,false,
SAT_P2_S1,-6260758.733716,959001.021437,2807648.799403,34400.000000,0,false,
SAT_P2_S1,-6191621.894996,764213.278650,3013191.342465,34440.000000,0,false,
SAT_P2_S1,-6111806.450447,567532.134358,3212939.705519,34480.000000,0,false,
SAT_P2_S1,-6021476.907412,369271.430263,3406510.858068,34520.000000,0,false,
SAT_P2_S1,-5920815.964035,169748.910916,3593533.788397,34560.000000,0,false,
SAT_P2_S1,-5810024.116412,-30714.282536,3773650.207229,34600.000000,0,false,
SAT_P2_S1,-5689319.225830,-231794.123441,3946515.215832,34640.000000,0,false,
SAT_P2_S1,-5558936.050871,-433164.217106,4111797.942265,34680.000000,0,false,
SAT_P2_S1,-5419125.773349,-634496.322956,4269182.161678,34720.000000,0,false,
SAT_P2_S1,-5270155.532084,-835460.879365,4418366.907170,34760.000000,0,false,
SAT_P2_S1,-5112307.842605,-1035727.534518,4559066.995207,34800.000000,0,false,
SAT_P2_S1,-4945880.051669,-1234965.678279,4691013.555361,34840.000000,0,false,
SAT_P2_S1,-4771183.773550,-1432844.977953,4813954.533391,34880.000000,0,false,
SAT_P2_S1,-4588544.291597,-1629035.915200,4927655.153068,34920.000000,0,false,
SAT_P2_S1,-4398299.928500,-1823210.319358,5031898.332780,34960.000000,0,false,
SAT_P2_S1,-4200801.403271,-2015041.902649,5126485.074801,35000.000000,0,false,
SAT_P2_S1,-3996411.198108,-2204206.802553,5211234.848771,35040.000000,0,false,
SAT_P2_S1,-3785502.895032,-2390384.117402,5285985.926208,35080.000000,0,false,
SAT_P2_S1,-3568460.448747,-2573256.427087,5350595.633151,35120.000000,0,false,
SAT_P2_S1,-3345677.513134,-2752510.328716,5404940.634746,35160.000000,0,false,
SAT_P2_S1,-3117556.726256,-2927836.964673,5448917.161202,35200.000000,0,false,
SAT_P2_S1,-2884508.980231,-3098932.539082,5482441.188069,35240.000000,0,false,
SAT_P2_S1,-2646952.676849,-3265498.826170,5505448.575180,35280.000000,0,false,
SAT_P2_S1,-2405312.984715,-3427243.682511,5517895.188660,35320.000000,0,false,
SAT_P2_S1,-2160021.106336,-3583881.567672,5519757.017003,35360.000000,0,false,
SAT_P2_S1,-1911513.491660,-3735134.016424,5511030.172010,35400.000000,0,false,
SAT_P2_S1,-1660231.076530,-3880730.129651,5491730.905534,35440.000000,0,false,
SAT_P2_S1,-1406618.517049,-4020407.061212,5461895.595779,35480.000000,0,false,
SAT_P2_S1,-1151123.413807,-4153910.489099,5421580.685660,35520.000000,0,false,
SAT_P2_S1,-894195.531253,-4280995.066763,5370862.572425,35560.000000,0,false,
SAT_P2_S1,-636286.016707,-4401424.869474,5309837.468321,35600.000000,0,false,
SAT_P2_S1,-377846.626212,-4514973.853305,5238621.256882,35640.000000,0,false,
SAT_P2_S1,-119328.947976,-4621426.290479,5157349.298100,35680.000000,0,false,
SAT_P2_S1,138816.387245,-4720577.153812,5066176.144972,35720.000000,0,false,
SAT_P2_S1,396140.473736,-4812232.543296,4965275.299888,35760.000000,0,false,
SAT_P2_S1,652196.906970,-4896210.080724,4854838.906894,35800.000000,0,false,
SAT_P2_S1,906542.550956,-4972339.279741,4735077.401471,35840.000000,0,false,
SAT_P2_S1,1158738.299540,-5040461.894969,4606219.120367,35880.000000,0,false,
SAT_P2_S1,1408349.834077,-5100432.271479,4468509.893351,35920.000000,0,false,
SAT_P2_S1,1654948.377323,-5152117.704131,4322212.627514,35960.000000,0,false,
SAT_P2_S1,1898111.425009,-5195398.703647,4167606.787215,36000.000000,0,false,
SAT_P2_S2,1644890.678987,4729575.443954,4787957.086786,0.000000,0,false,
SAT_P2_S2,1456269.920394,4912921.884534,4662790.398211,40.000000,0,false,
SAT_P2_S2,1265919.663610,5088011.412540,4528673.903639,80.000000,0,false,
SAT_P2_S2,1074153.097220,5254517.892059,4385863.533886,120.000000,0,false,
SAT_P2_S2,881284.367791,5412129.567338,4234631.976660,160.000000,0,false,
SAT_P2_S2,687628.073585,5560549.677992,4075268.178952,200.000000,0,false,
SAT_P2_S2,493498.758048,5699497.051577,3908076.815765,240.000000,0,false,
SAT_P2_S2,299210.402973,5828706.652864,3733377.713756,280.000000,0,false,
SAT_P2_S2,105075.923311,5947930.112144,3551505.245969,320.000000,0,false,
SAT_P2_S2,-88593.333736,6056936.256921,3362807.715166,360.000000,0,false,
SAT_P2_S2,-281488.085046,6155511.603041,3167646.701503,400.000000,0,false,
SAT_P2_S2,-473301.606355,6243460.747080,2966396.339945,440.000000,0,false,
SAT_P2_S2,-663730.215852,6320606.811922,2759442.625630,480.000000,0,false,
SAT_P2_S2,-852473.753773,6386791.829129,2547182.673977,520.000000,0,false,
SAT_P2_S2,-1039236.051347,6441877.068846,2330023.950727,560.000000,0,false,
SAT_P2_S2,-1223725.391367,6485743.353597,2108383.491063,600.000000,0,false,
SAT_P2_S2,-1405654.962818,6518291.343205,1882687.098638,640.000000,0,false,
SAT_P2_S2,-1584743.304046,6539441.776831,1653368.524315,680.000000,0,false,
SAT_P2_S2,-1760714.732101,6549135.661083,1420868.622525,720.000000,0,false,
SAT_P2_S2,-1933299.765442,6547334.433565,1185634.494162,760.000000,0,false,
SAT_P2_S2,-2102235.546398,6534020.131652,948118.625115,800.000000,0,false,
SAT_P2_S2,-2267266.240780,6509195.478392,708778.000016,840.000000,0,false,
SAT_P2_S2,-2428143.417144,6472883.891006,468073.193189,880.000000,0,false,
SAT_P2_S2,-2584626.430155,6425129.524907,226467.469631,920.000000,0,false,
SAT_P2_S2,-2736482.783473,6365997.242781,-15574.134040,960.000000,0,false,
SAT_P2_S2,-2883488.468183,6295572.527409,-257585.731117,1000.000000,0,false,
SAT_P2_S2,-3025428.282129,6213961.347960,-499101.508842,1040.000000,0,false,
SAT_P2_S2,-3162096.141659,6121290.009021,-739656.652888,1080.000000,0,false,
SAT_P2_S2,-3293295.385293,6017704.986368,-978788.269002,1120.000000,0,false,
SAT_P2_S2,-3418839.012708,5903372.621031,-1216036.294922,1160.000000,0,false,
SAT_P2_S2,-3538549.939980,5778478.857528,-1450944.406548,1200.000000,0,false,
SAT_P2_S2,-3652261.230948,5643228.931728,-1683060.915611,1240.000000,0,false,
SAT_P2_S2,-3759816.302322,5497847.011371,-1911939.652941,1280.000000,0,false,
SAT_P2_S2,-3861069.100024,5342575.786952,-2137140.833775,1320.000000,0,false,
SAT_P2_S2,-3955884.263209,5177676.038638,-2358231.911012,1360.000000,0,false,
SAT_P2_S2,-4044137.292629,5003426.207451,-2574788.422277,1400.000000,0,false,
SAT_P2_S2,-4125714.675006,4820121.895896,-2786394.807366,1440.000000,0,false,
SAT_P2_S2,-4200513.969072,4628075.303587,-2992645.198235,1480.000000,0,false,
SAT_P2_S2,-4268443.914071,4427614.700269,-3193144.205881,1520.000000,0,false,
SAT_P2_S2,-4329424.502930,4219083.838448,-3387507.680098,1560.000000,0,false,
SAT_P2_S2,-4383387.025728,4002841.330144,-3575363.435560,1600.000000,0,false,
SAT_P2_S2,-4430274.091626,3779259.994166,-3756351.950352,1640.000000,0,false,
SAT_P2_S2,-4470039.649031,3548726.195747,-3930127.050696,1680.000000,0,false,
SAT_P2_S2,-4502649.005791,3311639.183307,-4096356.581814,1720.000000,0,false,
SAT_P2_S2,-4528078.762273,3068410.332856,-4254722.996055,1760.000000,0,false,
SAT_P2_S2,-4546316.783428,2819462.431078,-4404923.954464,1800.000000,0,false,
SAT_P2_S2,-4557362.145871,2565228.928292,-4546672.893338,1840.000000,0,false,
SAT_P2_S2,-4561225.060288,2306153.168323,-4679699.552014,1880.000000,0,false,
SAT_P2_S2,-4557926.766861,2042687.596207,-4803750.457607,1920.000000,0,false,
SAT_P2_S2,-4547499.423282,1775292.955428,-4918589.385396,1960.000000,0,false,
SAT_P2_S2,-4529986.006114,1504437.488443,-5023997.814558,2000.000000,0,false,
SAT_P2_S2,-4505440.167676,1230596.108504,-5119775.320218,2040.000000,0,false,
SAT_P2_S2,-4473926.054163,954249.544754,-5205739.906942,2080.000000,0,false,
SAT_P2_S2,-4435518.160789,675883.509293,-5281728.357850,2120.000000,0,false,
SAT_P2_S2,-4390301.152024,395987.840389,-5347596.528311,2160.000000,0,false,
SAT_P2_S2,-4338369.659757,115055.640978,-5403219.591647,2200.000000,0,false,
SAT_P2_S2,-4279828.066894,-166417.587739,-5448492.245995,2240.000000,0,false,
SAT_P2_S2,-4214790.296782,-447934.812627,-5483328.905852,2280.000000,0,false,
SAT_P2_S2,-4143379.611477,-728998.332011,-5507663.880926,2320.000000,0,false,
SAT_P2_S2,-4065728.331442,-1009110.650888,-5521451.437408,2360.000000,0,false,
SAT_P2_S2,-3981977.603016,-1287775.345061,-5524665.891992,2400.000000,0,false,
SAT_P2_S2,-3892277.148083,-1564497.929595,-5517301.661904,2440.000000,0,false,
SAT_P2_S2,-3796784.998344,-1838786.723902,-5499373.270817,2480.000000,0,false,
SAT_P2_S2,-3695667.211955,-2110153.709645,-5470915.306403,2520.000000,0,false,
SAT_P2_S2,-3589097.590271,-2378115.389189,-5431982.354955,2560.000000,0,false,
SAT_P2_S2,-3477257.412317,-2642193.650724,-5382648.937724,2600.000000,0,false,
SAT_P2_S2,-3360335.111725,-2901916.604322,-5323009.340434,2640.000000,0,false,
SAT_P2_S2,-3238525.981783,-3156819.431725,-5253177.460779,2680.000000,0,false,
SAT_P2_S2,-3112031.859070,-3406445.216434,-5173286.598865,2720.000000,0,false,
SAT_P2_S2,-2981060.793165,-3650345.756306,-5083489.201400,2760.000000,0,false,
SAT_P2_S2,-2845826.716345,-3888082.371060,-4983956.582294,2800.000000,0,false,
SAT_P2_S2,-2706549.125523,-4119226.714466,-4874878.639036,2840.000000,0,false,
SAT_P2_S2,-2563452.728138,-4343361.536978,-4756463.484271,2880.000000,0,false,
SAT_P2_S2,-2416767.085894,-4560081.435303,-4628937.049556,2920.000000,0,false,
SAT_P2_S2,-2266726.274234,-4768993.605665,-4492542.690276,2960.000000,0,false,
SAT_P2_S2,-2113568.526552,-4969718.569580,-4347540.741457,3000.000000,0,false,
SAT_P2_S2,-1957535.869815,-5161890.865892,-4194208.031476,3040.000000,0,false,
SAT_P2_S2,-1798873.756391,-5345159.723358,-4032837.365307,3080.000000,0,false,
SAT_P2_S2,-1637830.702406,-5519189.735553,-3863736.998015,3120.000000,0,false,
SAT_P2_S2,-1474657.928225,-5683661.524112,-3687230.088273,3160.000000,0,false,
SAT_P2_S2,-1309608.959864,-5838272.298129,-3503654.049960,3200.000000,0,false,
SAT_P2_S2,-1142939.263659,-5982736.467083,-3313359.946818,3240.000000,0,false,
SAT_P2_S2,-974905.863980,-6116786.202654,-3116711.831779,3280.000000,0,false,
SAT_P2_S2,-805766.959438,-6240171.960314,-2914086.055770,3320.000000,0,false,
SAT_P2_S2,-635781.536572,-6352662.956065,-2705870.544562,3360.000000,0,false,
SAT_P2_S2,-465208.984965,-6454047.623435,-2492464.057315,3400.000000,0,false,
SAT_P2_S2,-294308.718120,-6544134.072048,-2274275.439228,3440.000000,0,false,
SAT_P2_S2,-123339.789382,-6622750.446842,-2051722.826234,3480.000000,0,false,
SAT_P2_S2,47439.489481,-6689745.257563,-1825232.833747,3520.000000,0,false,
SAT_P2_S2,217771.921640,-6744987.712682,-1595239.746818,3560.000000,0,false,
SAT_P2_S2,387401.798909,-6788367.997007,-1362184.684595,3600.000000,0,false,
SAT_P2_S2,556075.270175,-6819797.493331,-1126514.747800,3640.000000,0,false,
SAT_P2_S2,723540.706835,-6839208.967694,-888682.153222,3680.000000,0,false,
SAT_P2_S2,889549.066384,-6846556.750457,-649143.363490,3720.000000,0,false,
SAT_P2_S2,1053854.252194,-6841816.895016,-408358.210064,3760.000000,0,false,
SAT_P2_S2,1216213.465141,-6824987.181940,-166788.981376,3800.000000,0,false,
SAT_P2_S2,1376387.554466,-6796087.197358,75100.470617,3840.000000,0,false,
SAT_P2_S2,1534141.364929,-6755158.331232,316845.642598,3880.000000,0,false,
SAT_P2_S2,1689244.073329,-6702263.722501,557982.292721,3920.000000,0,false,
SAT_P2_S2,1841469.513470,-6637488.146199,798047.352542,3960.000000,0,false,
SAT_P2_S2,1990596.496253,-6560937.871280,1036579.838339,4000.000000,0,false,
SAT_P2_S2,2136409.129663,-6472740.514352,1273121.761276,4040.000000,0,false,
SAT_P2_S2,2278697.108155,-6373044.782271,1507219.020935,4080.000000,0,false,
SAT_P2_S2,2417255.992354,-6262020.180211,1738422.289097,4120.000000,0,false,
SAT_P2_S2,2551887.487841,-6139856.724552,1966287.885481,4160.000000,0,false,
SAT_P2_S2,2682399.705665,-6006764.595539,2190378.636973,4200.000000,0,false,
SAT_P2_S2,2808607.403105,-5862973.737476,2410264.714920,4240.000000,0,false,
SAT_P2_S2,2930332.212888,-5708733.425360,2625524.455731,4280.000000,0,false,
SAT_P2_S2,3047402.872489,-5544311.829757,2835745.172424,4320.000000,0,false,
SAT_P2_S2,3159655.446756,-5369995.565754,3040523.950991,4360.000000,0,false,
SAT_P2_S2,3266933.500319,-5186089.104848,3239468.397750,4400.000000,0,false,
SAT_P2_S2,3369088.298420,-4992914.264108,3432197.395349,4440.000000,0,false,
SAT_P2_S2,3465978.986581,-4790809.627933,3618341.831776,4480.000000,0,false,
SAT_P2_S2,3557472.753124,-4580129.935236,3797545.299455,4520.000000,0,false,
SAT_P2_S2,3643444.973026,-4361245.428299,3969464.761909,4560.000000,0,false,
SAT_P2_S2,3723779.348501,-4134541.184779,4133771.203078,4600.000000,0,false,
SAT_P2_S2,3798368.059009,-3900416.452292,4290150.271901,4640.000000,0,false,
SAT_P2_S2,3867111.862120,-3659283.910110,4438302.858016,4680.000000,0,false,
SAT_P2_S2,3929920.186268,-3411568.912101,4577945.641284,4720.000000,0,false,
SAT_P2_S2,3986711.235115,-3157708.739795,4708811.635697,4760.000000,0,false,
SAT_P2_S2,4037412.068024,-2898151.817663,4830650.688893,4800.000000,0,false,
SAT_P2_S2,4081958.657944,-2633356.903459,4943229.936101,4840.000000,0,false,
SAT_P2_S2,4120295.938207,-2363792.261937,5046334.221634,4880.000000,0,false,
SAT_P2_S2,4152377.856611,-2089934.838322,5139766.509162,4920.000000,0,false,
SAT_P2_S2,4178167.426746,-1812269.426274,5223348.268488,4960.000000,0,false,
SAT_P2_S2,4197636.704496,-1531287.771640,5296919.752788,5000.000000,0,true,Paris
SAT_P2_S2,4210766.817521,-1247487.718358,5360340.317103,5040.000000,0,true,Paris
SAT_P2_S2,4217547.963753,-961372.324174,5413488.679391,5080.000000,0,true,Paris
SAT_P2_S2,4217979.392959,-673448.969181,5456263.138274,5120.000000,0,true,Paris
SAT_P2_S2,4212069.369184,-384228.456174,5488581.744414,5160.000000,0,true,Paris
SAT_P2_S2,4199835.132412,-94224.108558,5510382.448858,5200.000000,0,true,Paris
SAT_P2_S2,4181302.875212,196049.128146,5521623.248529,5240.000000,0,true,Paris
SAT_P2_S2,4156507.667416,486075.595790,5522282.241141,5280.000000,0,true,Paris
SAT_P2_S2,4125493.376047,775339.833328,5512357.650737,5320.000000,0,true,Paris
SAT_P2_S2,4088312.604079,1063327.479496,5491867.854362,5360.000000,0,true,Paris
SAT_P2_S2,4045026.606544,1349526.180487,5460851.355718,5400.000000,0,true,Paris
SAT_P2_S2,3995705.187719,1633426.490369,5419366.709841,5440.000000,0,true,Paris
SAT_P2_S2,3940426.590121,1914522.769310,5367492.413422,5480.000000,0,false,
SAT_P2_S2,3879277.394039,2192314.084328,5305326.785811,5520.000000,0,false,
SAT_P2_S2,3812352.417639,2466305.107399,5232987.827203,5560.000000,0,false,
SAT_P2_S2,3739754.541925,2736006.987768,5150612.953154,5600.000000,0,false,
SAT_P2_S2,3661594.592724,3000938.235556,5058358.782165,5640.000000,0,false,
SAT_P2_S2,3577991.190611,3260625.593846,4956400.858037,5680.000000,0,false,
SAT_P2_S2,3489070.586970,3514604.892501,4844933.330426,5720.000000,0,false,
SAT_P2_S2,3394966.483571,3762421.881604,4724168.590482,5760.000000,0,false,
SAT_P2_S2,3295819.850552,4003633.057517,4594336.882884,5800.000000,0,false,
SAT_P2_S2,3191778.756209,4237806.491911,4455685.912956,5840.000000,0,false,
SAT_P2_S2,3082998.153831,4464522.607118,4308480.372458,5880.000000,0,false,
SAT_P2_S2,2969639.663533,4683374.936180,4153001.437987,5920.000000,0,false,
SAT_P2_S2,2851871.368798,4893970.885139,3989546.269564,5960.000000,0,false,
SAT_P2_S2,2729867.592809,5095932.464992,3818427.461040,6000.000000,0,false,
SAT_P2_S2,2603808.660109,5288896.985711,3639972.450679,6040.000000,0,false,
SAT_P2_S2,2473880.649969,5472517.727454,3454522.901747,6080.000000,0,false,
SAT_P2_S2,2340275.154217,5646464.612020,3262434.071246,6120.000000,0,false,
SAT_P2_S2,2203189.033302,5810424.859122,3064074.158289,6160.000000,0,false,
SAT_P2_S2,2062824.118089,5964103.527827,2859823.561961,6200.000000,0,false,
SAT_P2_S2,1919386.949131,6107224.113624,2650074.175047,6240.000000,0,false,
SAT_P2_S2,1773088.489891,6239529.083538,2435228.627759,6280.000000,0,false,
SAT_P2_S2,1624143.829453,6360780.361263,2215699.503658,6320.000000,0,false,
SAT_P2_S2,1472771.881523,6470759.786075,1991908.538483,6360.000000,0,false,
SAT_P2_S2,1319195.078880,6569269.541696,1764285.801825,6400.000000,0,false,
SAT_P2_S2,1163639.058374,6656132.524724,1533268.855782,6440.000000,0,false,
SAT_P2_S2,1006332.339547,6731192.665650,1299301.896331,6480.000000,0,false,
SAT_P2_S2,847506.004208,6794315.232371,1062834.888401,6520.000000,0,false,
SAT_P2_S2,687393.381534,6845387.129459,824322.701152,6560.000000,0,false,
SAT_P2_S2,526229.709019,6884317.060322,584224.205042,6600.000000,0,false,
SAT_P2_S2,364251.804589,6911035.711960,343001.379465,6640.000000,0,false,
SAT_P2_S2,201697.735484,6925495.906720,101118.411832,6680.000000,0,false,
SAT_P2_S2,38806.481528,6927672.697482,-140959.213498,6720.000000,0,false,
SAT_P2_S2,-124182.403352,6917563.401985,-382765.629129,6760.000000,0,false,
SAT_P2_S2,-287029.132368,6895187.602750,-623835.502171,6800.000000,0,false,
SAT_P2_S2,-449494.029320,6860587.145151,-863704.955066,6840.000000,0,false,
SAT_P2_S2,-611337.872248,6813826.068089,-1101912.483377,6880.000000,0,false,
SAT_P2_S2,-772322.237755,6754990.415534,-1337999.865882,6920.000000,0,false,
SAT_P2_S2,-932209.844477,6684188.105237,-1571513.072313,6960.000000,0,false,
SAT_P2_S2,-1090764.896409,6601548.712465,-1802003.161304,7000.000000,0,false,
SAT_P2_S2,-1247753.419938,6507223.198260,-2029027.160583,7040.000000,0,false,
SAT_P2_S2,-1402943.596214,6401383.587670,-2252148.930105,7080.000000,0,false,
SAT_P2_S2,-1556106.092377,6284222.630412,-2470940.013187,7120.000000,0,false,
SAT_P2_S2,-1707014.391940,6155953.459885,-2684980.476454,7160.000000,0,false,
SAT_P2_S2,-1855445.105319,6016809.115729,-2893859.704903,7200.000000,0,false,
SAT_P2_S2,-2001178.283649,5867042.095569,-3097177.190351,7240.000000,0,false,
SAT_P2_S2,-2143997.728946,5706923.878425,-3294543.301083,7280.000000,0,false,
SAT_P2_S2,-2283691.295498,5536744.400116,-3485580.023637,7320.000000,0,false,
SAT_P2_S2,-2420051.178866,5356811.482382,-3669921.670508,7360.000000,0,false,
SAT_P2_S2,-2552874.201414,5167450.238342,-3847215.566733,7400.000000,0,false,
SAT_P2_S2,-2681962.103875,4969002.482873,-4017122.730272,7440.000000,0,false,
SAT_P2_S2,-2807121.822346,4761826.096994,-4179318.513423,7480.000000,0,false,
SAT_P2_S2,-2928165.736880,4546294.304291,-4333493.180620,7520.000000,0,false,
SAT_P2_S2,-3044911.942207,4322795.006325,-4479352.504390,7560.000000,0,false,
SAT_P2_S2,-3157184.500819,4091730.058857,-4616618.313522,7600.000000,0,false,
SAT_P2_S2,-3264813.680977,3853514.520302,-4745028.999400,7640.000000,0,false,
SAT_P2_S2,-3367636.183137,3608575.874617,-4864339.984367,7680.000000,0,false,
SAT_P2_S2,-3465495.368396,3357353.250302,-4974324.171852,7720.000000,0,false,
SAT_P2_S2,-3558241.494544,3100296.646990,-5074772.386782,7760.000000,0,false,
SAT_P2_S2,-3645731.899040,2837866.082437,-5165493.715575,7800.000000,0,false,
SAT_P2_S2,-3727831.202237,2570530.767385,-5246315.854262,7840.000000,0,false,
SAT_P2_S2,-3804411.505783,2298768.268959,-5317085.427336,7880.000000,0,false,
SAT_P2_S2,-3875352.575050,2023063.653032,-5377668.261077,7920.000000,0,false,
SAT_P2_S2,-3940542.002915,1743908.611598,-5427949.608086,7960.000000,0,false,
SAT_P2_S2,-3999875.369106,1461800.583394,-5467834.342814,8000.000000,0,false,
SAT_P2_S2,-4053256.411960,1177241.879675,-5497247.152138,8040.000000,0,false,
SAT_P2_S2,-4100597.178958,890738.798081,-5516132.673767,8080.000000,0,false,
SAT_P2_S2,-4141818.130835,602800.708298,-5524455.545998,8120.000000,0,false,
SAT_P2_S2,-4176848.288086,313939.167304,-5522200.495368,8160.000000,0,false,
SAT_P2_S2,-4205625.349429,24667.016954,-5509372.361198,8200.000000,0,false,
SAT_P2_S2,-4228095.793150,-264502.516284,-5485996.074666,8240.000000,0,false,
SAT_P2_S2,-4244214.962578,-553056.721414,-5452116.593636,8280.000000,0,false,
SAT_P2_S2,-4253947.172300,-840484.299314,-5407798.841648,8320.000000,0,false,
SAT_P2_S2,-4257265.785605,-1126276.255717,-5353127.586322,8360.000000,0,false,
SAT_P2_S2,-4254153.275611,-1409926.792113,-5288207.273432,8400.000000,0,false,
SAT_P2_S2,-4244601.296316,-1690934.194001,-5213161.851208,8440.000000,0,false,
SAT_P2_S2,-4228610.725111,-1968801.707754,-5128134.536765,8480.000000,0,false,
SAT_P2_S2,-4206191.694013,-2243038.410862,-5033287.546776,8520.000000,0,false,
SAT_P2_S2,-4177363.628314,-2513160.082187,-4928801.815823,8560.000000,0,false,
SAT_P2_S2,-4142155.288027,-2778690.068132,-4814876.697479,8600.000000,0,false,
SAT_P2_S2,-4100604.728117,-3039160.108961,-4691729.547021,8640.000000,0,false,
SAT_P2_S2,-4052759.310319,-3294111.177980,-4559595.348125,8680.000000,0,false,
SAT_P2_S2,-3998675.685009,-3543094.302363,-4418726.284488,8720.000000,0,false,
SAT_P2_S2,-3938419.754538,-3785671.361174,-4269391.272484,8760.000000,0,false,
SAT_P2_S2,-3872066.615433,-4021415.857321,-4111875.452764,8800.000000,0,false,
SAT_P2_S2,-3799700.495833,-4249913.677333,-3946479.659844,8840.000000,0,false,
SAT_P2_S2,-3721414.704432,-4470763.851466,-3773519.888403,8880.000000,0,false,
SAT_P2_S2,-3637311.534276,-4683579.260829,-3593326.694344,8920.000000,0,false,
SAT_P2_S2,-3547502.147347,-4887987.316971,-3406244.560011,8960.000000,0,false,
SAT_P2_S2,-3452106.480023,-5083630.647166,-3212631.268877,9000.000000,0,false,
SAT_P2_S2,-3351253.120077,-5270167.745040,-3012857.234589,9040.000000,0,false,
SAT_P2_S2,-3245079.162916,-5447273.579485,-2807304.798037,9080.000000,0,false,
SAT_P2_S2,-3133730.053216,-5614640.175240,-2596367.498153,9120.000000,0,false,
SAT_P2_S2,-3017359.426965,-5771977.188697,-2380449.330468,9160.000000,0,false,
SAT_P2_S2,-2896128.950913,-5919012.471042,-2159963.992035,9200.000000,0,false,
SAT_P2_S2,-2770208.092422,-6055492.508239,-1935334.057725,9240.000000,0,false,
SAT_P2_S2,-2639773.926043,-6181182.909843,-1706990.180135,9280.000000,0,false,
SAT_P2_S2,-2505010.910950,-6295868.841546,-1475370.257352,9320.000000,0,false,
SAT_P2_S2,-2366110.651412,-6399355.409858,-1240918.583127,9360.000000,0,false,
SAT_P2_S2,-2223271.638977,-6491467.994288,-1004084.980407,9400.000000,0,false,
SAT_P2_S2,-2076698.987040,-6572052.553412,-765323.926070,9440.000000,0,false,
SAT_P2_S2,-1926604.168970,-6640975.929810,-525093.674878,9480.000000,0,false,
SAT_P2_S2,-1773204.725230,-6698126.060158,-283855.365099,9520.000000,0,false,
SAT_P2_S2,-1616723.955176,-6743412.135482,-42072.115344,9560.000000,0,false,
SAT_P2_S2,-1457390.620066,-6776764.775363,199791.870595,9600.000000,0,false,
SAT_P2_S2,-1295438.625407,-6798136.139334,441272.209669,9640.000000,0,false,
SAT_P2_S2,-1131106.691556,-6807499.979916,681905.243354,9680.000000,0,false,
SAT_P2_S2,-964638.014282,-6804851.654035,921228.940884,9720.000000,0,false,
SAT_P2_S2,-796279.922090,-6790208.124973,1158783.802499,9760.000000,0,false,
SAT_P2_S2,-626283.530130,-6763607.947329,1394113.759817,9800.000000,0,false,
SAT_P2_S2,-454903.362142,-6725111.094618,1626767.061091,9840.000000,0,false,
SAT_P2_S2,-282396.986420,-6674798.853599,1856297.155198,9880.000000,0,false,
SAT_P2_S2,-109024.636190,-6612773.648877,2082263.565611,9920.000000,0,false,
SAT_P2_S2,64951.176005,-6539158.816420,2304232.747135,9960.000000,0,false,
SAT_P2_S2,239266.049458,-6454098.322376,2521778.922171,10000.000000,0,false,
SAT_P2_S2,413654.091205,-6357756.456458,2734484.903770,10040.000000,0,false,
SAT_P2_S2,587848.314873,-6250317.528284,2941942.911964,10080.000000,0,false,
SAT_P2_S2,761581.041475,-6131985.469569,3143755.349362,10120.000000,0,false,
SAT_P2_S2,934584.302772,-6002983.389696,3339535.551067,10160.000000,0,false,
SAT_P2_S2,1106590.244463,-5863553.154781,3528908.528680,10200.000000,0,false,
SAT_P2_S2,1277331.531038,-5713954.907691,3711511.683090,10240.000000,0,false,
SAT_P2_S2,1446541.745995,-5554466.543406,3886995.480776,10280.000000,0,false,
SAT_P2_S2,1613955.790891,-5385383.153906,4055024.102659,10320.000000,0,false,
SAT_P2_S2,1779310.287301,-5207016.471510,4215276.081270,10360.000000,0,false,
SAT_P2_S2,1942343.979175,-5019694.306629,4367444.921345,10400.000000,0,false,
SAT_P2_S2,2102798.116547,-4823759.863107,4511239.632059,10440.000000,0,false,
SAT_P2_S2,2260416.851583,-4619571.121538,4646385.284191,10480.000000,0,false,
SAT_P2_S2,2414947.630799,-4407500.174664,4772623.525131,10520.000000,0,false,
SAT_P2_S2,2566141.580608,-4187932.535557,4889713.055427,10560.000000,0,false,
SAT_P2_S2,2713753.884844,-3961266.416218,4997430.063282,10600.000000,0,false,
SAT_P2_S2,2857544.164715,-3727911.996736,5095568.637041,10640.000000,0,false,
SAT_P2_S2,2997276.870369,-3488290.705150,5183941.174728,10680.000000,0,false,
SAT_P2_S2,3132721.647930,-3242834.441829,5262378.718664,10720.000000,0,false,
SAT_P2_S2,3263653.699294,-2991984.779166,5330731.248364,10760.000000,0,false,
SAT_P2_S2,3389854.157696,-2736192.185930,5388867.980173,10800.000000,0,false,
SAT_P2_S2,3511110.450358,-2475915.216184,5436677.613814,10840.000000,0,false,
SAT_P2_S2,3627216.645310,-2211619.681990,5474068.529526,10880.000000,0,false,
SAT_P2_S2,3737973.790532,-1943777.814077,5500968.947878,10920.000000,0,false,
SAT_P2_S2,3843190.260077,-1672867.423004,5517327.076092,10960.000000,0,false,
SAT_P2_S2,3942682.102349,-1399371.060992,5523111.235121,11000.000000,0,true,Paris
SAT_P2_S2,4036273.323251,-1123775.139284,5518309.863487,11040.000000,0,true,Paris
SAT_P2_S2,4123796.210867,-846569.077617,5502931.564596,11080.000000,0,true,Paris
SAT_P2_S2,4205091.638158,-568244.439100,5477005.097791,11120.000000,0,true,Paris
SAT_P2_S2,4280009.348994,-289294.063802,5440579.325288,11160.000000,0,true,Paris
SAT_P2_S2,4348408.224976,-10211.201135,5393723.111696,11200.000000,0,true,Paris
SAT_P2_S2,4410156.550833,268511.355181,5336525.200034,11240.000000,0,true,Paris
SAT_P2_S2,4465132.295300,546382.125020,5269094.087278,11280.000000,0,true,Paris
SAT_P2_S2,4513223.345940,822911.801983,5191557.818148,11320.000000,0,true,Paris
SAT_P2_S2,4554327.726679,1097614.112432,5104063.734819,11360.000000,0,true,Paris
SAT_P2_S2,4588353.839768,1370006.663247,5006778.239524,11400.000000,0,true,Paris
SAT_P2_S2,4615220.680721,1639611.791619,4899886.499661,11440.000000,0,true,Paris
SAT_P2_S2,4634858.028803,1905957.401073,4783592.107076,11480.000000,0,true,Paris
SAT_P2_S2,4647206.622861,2168577.789740,4658116.701272,11520.000000,0,false,
SAT_P2_S2,4652218.342554,2427014.477768,4523699.578281,11560.000000,0,false,
SAT_P2_S2,4649856.389561,2680817.029442,4380597.280913,11600.000000,0,false,
SAT_P2_S2,4640095.377357,2929543.832158,4229083.078219,11640.000000,0,false,
SAT_P2_S2,4622921.473527,3172762.888460,4069446.483281,11680.000000,0,false,
SAT_P2_S2,4598332.506912,3410052.588016,3901992.718954,11720.000000,0,false,
SAT_P2_S2,4566338.050044,3641002.455757,3727042.146652,11760.000000,0,false,
SAT_P2_S2,4526959.473383,3865213.873022,3544929.656291,11800.000000,0,false,
SAT_P2_S2,4480229.990677,4082300.785998,3356004.034721,11840.000000,0,false,
SAT_P2_S2,4426194.714407,4291890.414270,3160627.329639,11880.000000,0,false,
SAT_P2_S2,4364910.652688,4493623.904852,2959174.153029,11920.000000,0,false,
SAT_P2_S2,4296446.678432,4687156.956992,2752030.950537,11960.000000,0,false,
SAT_P2_S2,4220883.519875,4872160.453085,2539595.279231,12000.000000,0,false,
SAT_P2_S2,4138313.704670,5048321.043067,2322275.038657,12040.000000,0,false,
SAT_P2_S2,4048841.482030,5215341.695605,2100487.679883,12080.000000,0,false,
SAT_P2_S2,3952582.732676,5372942.231508,1874659.397075,12120.000000,0,false,
SAT_P2_S2,3849664.855428,5520859.823152,1645224.297993,12160.000000,0,false,
SAT_P2_S2,3740226.619474,5658849.441829,1412623.551373,12200.000000,0,false,
SAT_P2_S2,3624417.996917,5786684.273575,1177304.519430,12240.000000,0,false,
SAT_P2_S2,3502399.993503,5904156.127675,939719.884976,12280.000000,0,false,
SAT_P2_S2,3374344.459529,6011075.808018,700326.768540,12320.000000,0,false,
SAT_P2_S2,3240433.826586,6107273.369652,459585.814778,12360.000000,0,false,
SAT_P2_S2,3100860.886335,6192598.426545,217960.297911,12400.000000,0,false,
SAT_P2_S2,2955828.527054,6266920.392431,-24084.789645,12440.000000,0,false,
SAT_P2_S2,2805549.448211,6330128.673129,-266083.649673,12480.000000,0,false,
SAT_P2_S2,2650245.851198,6382132.809902,-507570.592195,12520.000000,0,false,
SAT_P2_S2,2490149.120970,6422862.603966,-748080.949596,12560.000000,0,false,
SAT_P2_S2,2325499.509824,6452268.242813,-987151.988987,12600.000000,0,false,
SAT_P2_S2,2156545.763658,6470320.302718,-1224323.820381,12640.000000,0,false,
SAT_P2_S2,1983544.747226,6477009.746325,-1459140.299702,12680.000000,0,false,
SAT_P2_S2,1806761.065066,6472347.907884,-1691149.925956,12720.000000,0,false,
SAT_P2_S2,1626466.656268,6456366.418292,-1919906.729374,12760.000000,0,false,
SAT_P2_S2,1442940.370989,6429117.073612,-2144971.141120,12800.000000,0,false,
SAT_P2_S2,1256467.533590,6390671.668306,-2365910.849853,12840.000000,0,false,
SAT_P2_S2,1067339.501619,6341121.823563,-2582301.651553,12880.000000,0,false,
SAT_P2_S2,875853.214197,6280578.778539,-2793728.279902,12920.000000,0,false,
SAT_P2_S2,682310.704747,6209173.053909,-2999785.189204,12960.000000,0,false,
SAT_P2_S2,487018.632743,6127054.185334,-3200077.345206,13000.000000,0,false,
SAT_P2_S2,290287.794236,6034390.385866,-3394220.984089,13040.000000,0,false,
SAT_P2_S2,92432.625823,5931368.167300,-3581844.339874,13080.000000,0,false,
SAT_P2_S2,-106229.299392,5818191.919709,-3762588.340316,13120.000000,0,false,
SAT_P2_S2,-305377.780785,5695083.479497,-3936107.285615,13160.000000,0,false,
SAT_P2_S2,-504690.500910,5562281.707648,-4102069.519503,13200.000000,0,false,
SAT_P2_S2,-703843.546663,5420041.958915,-4260158.028104,13240.000000,0,false,
SAT_P2_S2,-902511.931948,5268635.557292,-4410071.026555,13280.000000,0,false,
SAT_P2_S2,-1100370.122035,5108349.271224,-4551522.529692,13320.000000,0,false,
SAT_P2_S2,-1297092.562037,4939484.744541,-4684242.881404,13360.000000,0,false,
SAT_P2_S2,-1492354.202573,4762357.892305,-4807979.238972,13400.000000,0,false,
SAT_P2_S2,-1685831.026592,4577298.278088,-4922496.027120,13440.000000,0,false,
SAT_P2_S2,-1877200.580965,4384648.497572,-5027575.381904,13480.000000,0,false,
SAT_P2_S2,-2066142.505812,4184763.545128,-5123017.560603,13520.000000,0,false,
SAT_P2_S2,-2252339.048416,3978010.091905,-5208641.253624,13560.000000,0,false,
SAT_P2_S2,-2435475.589933,3764765.831474,-5284283.934667,13600.000000,0,false,
SAT_P2_S2,-2615241.166726,3545418.779507,-5349802.151952,13640.000000,0,false,
SAT_P2_S2,-2791328.982725,3320366.557539,-5405071.776344,13680.000000,0,false,
SAT_P2_S2,-2963436.913865,3090015.658708,-5449988.205798,13720.000000,0,false,
SAT_P2_S2,-3131268.015439,2854780.713447,-5484466.550222,13760.000000,0,false,
SAT_P2_S2,-3294531.039247,2615083.768547,-5508441.813622,13800.000000,0,false,
SAT_P2_S2,-3452940.912869,2371353.510579,-5521868.973162,13840.000000,0,false,
SAT_P2_S2,-3606219.225508,2124024.500741,-5524723.050297,13880.000000,0,false,
SAT_P2_S2,-3754094.717651,1873536.416957,-5516999.168343,13920.000000,0,false,
SAT_P2_S2,-3896303.755770,1620333.278487,-5498712.558550,13960.000000,0,false,
SAT_P2_S2,-4032590.788184,1364862.663356,-5469898.516931,14000.000000,0,false,
SAT_P2_S2,-4162708.791960,1107574.922466,-5430612.325862,14040.000000,0,false,
SAT_P2_S2,-4286419.745368,848922.408425,-5380929.192403,14080.000000,0,false,
SAT_P2_S2,-4403495.037141,589358.681424,-5320944.076032,14120.000000,0,false,
SAT_P2_S2,-4513715.900993,329337.727279,-5250771.530707,14160.000000,0,false,
SAT_P2_S2,-4616873.827733,69313.174628,-5170545.498362,14200.000000,0,false,
SAT_P2_S2,-4712770.953202,-190262.486884,-5080419.053535,14240.000000,0,false,
SAT_P2_S2,-4801220.441660,-448938.685258,-4980564.122689,14280.000000,0,false,
SAT_P2_S2,-4882046.883449,-706267.539140,-4871171.200825,14320.000000,0,false,
SAT_P2_S2,-4955086.647283,-961804.626630,-4752448.998875,14360.000000,0,false,
SAT_P2_S2,-5020188.197185,-1215109.750530,-4624624.033425,14400.000000,0,false,
SAT_P2_S2,-5077212.439961,-1465747.692678,-4487940.236794,14440.000000,0,false,
SAT_P2_S2,-5126033.036678,-1713288.964931,-4342658.509538,14480.000000,0,false,
SAT_P2_S2,-5166536.683629,-1957310.543576,-4189056.231704,14520.000000,0,false,
SAT_P2_S2,-5198623.371298,-2197396.591796,-4027426.739784,14560.000000,0,false,
SAT_P2_S2,-5222206.643219,-2433139.176731,-3858078.789229,14600.000000,0,false,
SAT_P2_S2,-5237213.855006,-2664138.979142,-3681336.004655,14640.000000,0,false,
SAT_P2_S2,-5243586.331078,-2890005.958809,-3497536.233981,14680.000000,0,false,
SAT_P2_S2,-5241279.567055,-3110360.026759,-3307030.931452,14720.000000,0,false,
SAT_P2_S2,-5230263.398074,-3324831.698469,-3110184.501699,14760.000000,0,false,
SAT_P2_S2,-5210522.135110,-3533062.722595,-2907373.612232,14800.000000,0,false,
SAT_P2_S2,-5182054.665410,-3734706.681309,-2698986.474233,14840.000000,0,false,
SAT_P2_S2,-5144874.538204,-3929429.576314,-2485422.104665,14880.000000,0,false,
SAT_P2_S2,-5099010.058377,-4116910.414299,-2267089.583914,14920.000000,0,false,
SAT_P2_S2,-5044504.319071,-4296841.744425,-2044407.271864,14960.000000,0,false,
SAT_P2_S2,-4981415.184145,-4468930.156871,-1817801.989152,15000.000000,0,false,
SAT_P2_S2,-4909815.299784,-4632896.791709,-1587708.211167,15040.000000,0,false,
SAT_P2_S2,-4829792.055191,-4788477.808635,-1354567.228086,15080.000000,0,false,
SAT_P2_S2,-4741447.505465,-4935424.815502,-1118826.288341,15120.000000,0,false,
SAT_P2_S2,-4644898.264101,-5073505.265339,-880937.727380,15160.000000,0,false,
SAT_P2_S2,-4540275.386928,-5202502.842950,-641358.089226,15200.000000,0,false,
SAT_P2_S2,-4427724.249019,-5322217.840298,-400547.243654,15240.000000,0,false,
SAT_P2_S2,-4307404.316204,-5432467.420295,-158967.476782,15280.000000,0,false,
SAT_P2_S2,-4179488.954926,-5533085.914160,82917.407125,15320.000000,0,false,
SAT_P2_S2,-4044165.202337,-5623925.074848,324642.992834,15360.000000,0,false,
SAT_P2_S2,-3901633.502673,-5704854.286455,565745.162266,15400.000000,0,false,
SAT_P2_S2,-3752107.408366,-5775760.725663,805761.000359,15440.000000,0,false,
SAT_P2_S2,-3595813.263064,-5836549.499220,1044229.698853,15480.000000,0,false,
SAT_P2_S2,-3432989.885530,-5887143.782120,1280693.457712,15520.000000,0,false,
SAT_P2_S2,-3263888.202500,-5927484.881079,1514698.375520,15560.000000,0,false,
SAT_P2_S2,-3088770.839189,-5957532.238362,1745795.329736,15600.000000,0,false,
SAT_P2_S2,-2907911.731297,-5977263.461521,1973540.850159,15640.000000,0,false,
SAT_P2_S2,-2721595.695823,-5986674.295314,2197497.980729,15680.000000,0,false,
SAT_P2_S2,-2530117.976260,-5985778.546038,2417237.120147,15720.000000,0,false,
SAT_P2_S2,-2333783.766373,-5974607.970445,2632336.845609,15760.000000,0,false,
SAT_P2_S2,-2132907.726956,-5953212.157751,2842384.727726,15800.000000,0,false,
SAT_P2_S2,-1927813.498024,-5921658.406416,3046978.135067,15840.000000,0,false,
SAT_P2_S2,-1718833.145621,-5880031.471456,3245724.984243,15880.000000,0,false,
SAT_P2_S2,-1506306.633212,-5828433.365427,3438244.496689,15920.000000,0,false,
SAT_P2_S2,-1290581.266858,-5766983.114436,3624167.930551,15960.000000,0,false,
SAT_P2_S2,-1072011.122686,-5695816.474546,3803139.282395,16000.000000,0,false,
SAT_P2_S2,-850956.458016,-5615085.605883,3974815.954012,16040.000000,0,false,
SAT_P2_S2,-627783.111536,-5524958.728892,4138869.398934,16080.000000,0,false,
SAT_P2_S2,-402861.899466,-5425619.788588,4294985.763603,16120.000000,0,false,
SAT_P2_S2,-176567.994573,-5317268.052251,4442866.471698,16160.000000,0,false,
SAT_P2_S2,50719.709462,-5200117.655323,4582228.760307,16200.000000,0,false,
SAT_P2_S2,278619.227302,-5074397.184041,4712806.223149,16240.000000,0,false,
SAT_P2_S2,506746.123529,-4940349.209165,4834349.305119,16280.000000,0,false,
SAT_P2_S2,734714.155999,-4798229.788465,4946625.751562,16320.000000,0,false,
SAT_P2_S2,962135.922014,-4648307.947929,5049421.021434,16360.000000,0,false,
SAT_P2_S2,1188623.506514,-4490865.166673,5142538.685220,16400.000000,0,false,
SAT_P2_S2,1413789.130368,-4326194.868749,5225800.808442,16440.000000,0,false,
SAT_P2_S2,1637245.798958,-4154601.819261,5299048.228165,16480.000000,0,false,
SAT_P2_S2,1858607.951044,-3976401.577393,5362140.858730,16520.000000,0,false,
SAT_P2_S2,2077492.112254,-3791919.922665,5414957.955651,16560.000000,0,false,
SAT_P2_S2,2293517.546335,-3601492.262273,5457398.337773,16600.000000,0,false,
SAT_P2_S2,2506306.901013,-3405463.017990,5489380.563120,16640.000000,0,false,
SAT_P2_S2,2715486.857953,-3204185.007846,5510843.080909,16680.000000,0,false,
SAT_P2_S2,2920688.795682,-2998018.839331,5521744.383253,16720.000000,0,false,
SAT_P2_S2,3121549.434186,-2787332.265996,5522063.083321,16760.000000,0,false,
SAT_P2_S2,3317711.466184,-2572499.515341,5511797.931745,16800.000000,0,false,
SAT_P2_S2,3508824.206244,-2353900.647049,5490967.854233,16840.000000,0,false,
SAT_P2_S2,3694544.224957,-2131920.882775,5459611.926450,16880.000000,0,false,
SAT_P2_S2,3874535.964670,-1906949.926574,5417789.299569,16920.000000,0,false,
SAT_P2_S2,4048472.343241,-1679381.278706,5365579.085529,16960.000000,0,false,
SAT_P2_S2,4216035.360176,-1449611.553727,5303080.225992,17000.000000,0,true,Paris
SAT_P2_S2,4376916.704021,-1218039.805727,5230411.346653,17040.000000,0,true,Paris
SAT_P2_S2,4530818.290813,-985066.820777,5147710.492490,17080.000000,0,true,Paris
SAT_P2_S2,4677452.834983,-751094.437597,5055134.898324,17120.000000,0,true,Paris
SAT_P2_S2,4816544.400622,-516524.862047,4952860.712421,17160.000000,0,true,Paris
SAT_P2_S2,4947828.930250,-281759.982392,4841082.677532,17200.000000,0,true,Paris
SAT_P2_S2,5071054.746433,-47200.686315,4720013.766522,17240.000000,0,true,Paris
SAT_P2_S2,5185983.046590,186753.818696,4589884.793300,17280.000000,0,true,Paris
SAT_P2_S2,5292388.411945,419706.678797,4450944.021011,17320.000000,0,true,Paris
SAT_P2_S2,5390059.263780,651264.065050,4303456.702828,17360.000000,0,true,Paris
SAT_P2_S2,5478798.277736,881035.842796,4147704.566060,17400.000000,0,true,Paris
SAT_P2_S2,5558422.829525,1108636.229590,3983985.315959,17440.000000,0,true,Paris
SAT_P2_S2,5628765.397212,1333684.451375,3812612.082427,17480.000000,0,false,
SAT_P2_S2,5689673.926077,1555805.383968,3633912.828154,17520.000000,0,false,
SAT_P2_S2,5741012.165366,1774630.183863,3448229.723977,17560.000000,0,false,
SAT_P2_S2,5782660.001126,1989796.913564,3255918.509085,17600.000000,0,false,
SAT_P2_S2,5814513.785219,2200951.159399,3057347.838491,17640.000000,0,false,
SAT_P2_S2,5836486.546540,2407746.611160,2852898.545575,17680.000000,0,false,
SAT_P2_S2,5848508.249047,2609845.646115,2642962.928523,17720.000000,0,false,
SAT_P2_S2,5850526.009214,2806919.896360,2427944.002164,17760.000000,0,false,
SAT_P2_S2,5842504.260696,2998650.788887,2208254.716428,17800.000000,0,false,
SAT_P2_S2,5824424.901890,3184730.072401,1984317.160352,17840.000000,0,false,
SAT_P2_S2,5796287.419515,3364860.331295,1756561.745997,17880.000000,0,false,
SAT_P2_S2,5758108.967712,3538755.471547,1525426.370292,17920.000000,0,false,
SAT_P2_S2,5709924.400792,3706141.177366,1291355.555926,17960.000000,0,false,
SAT_P2_S2,5651786.285574,3866755.354196,1054799.579822,18000.000000,0,false,
SAT_P2_S2,5583764.916175,4020348.570860,816213.596999,18040.000000,0,false,
SAT_P2_S2,5505948.234749,4166684.438680,576056.739189,18080.000000,0,false,
SAT_P2_S2,5418441.718656,4305539.966137,334791.204566,18120.000000,0,false,
SAT_P2_S2,5321368.276428,4436705.913671,92881.351289,18160.000000,0,false,
SAT_P2_S2,5214868.087030,4559987.107771,-149207.219700,18200.000000,0,false,
SAT_P2_S2,5099098.392246,4675202.714174,-391008.582317,18240.000000,0,false,
SAT_P2_S2,4974233.256169,4782186.482957,-632057.402721,18280.000000,0,false,
SAT_P2_S2,4840463.317833,4880786.986222,-871889.854125,18320.000000,0,false,
SAT_P2_S2,4697995.527421,4970867.838125,-1110044.526397,18360.000000,0,false,
SAT_P2_S2,4547052.763547,5052307.813357,-1346063.330610,18400.000000,0,false,
SAT_P2_S2,4387873.508367,5125001.009375,-1579492.394361,18440.000000,0,false,
SAT_P2_S2,4220711.465195,5188856.960679,-1809882.952467,18480.000000,0,false,
SAT_P2_S2,4045835.141741,5243800.716057,-2036792.222593,18520.000000,0,false,
SAT_P2_S2,3863527.395715,5289772.875805,-2259784.263939,18560.000000,0,false,
SAT_P2_S2,3674084.962339,5326729.612850,-2478430.826157,18600.000000,0,false,
SAT_P2_S2,3477817.982126,5354642.698644,-2692312.194378,18640.000000,0,false,
SAT_P2_S2,3275049.459787,5373499.445574,-2901017.994508,18680.000000,0,false,
SAT_P2_S2,3066114.699017,5383302.622805,-3104147.978864,18720.000000,0,false,
SAT_P2_S2,2851360.745848,5384070.383636,-3301312.804501,18760.000000,0,false,
SAT_P2_S2,2631145.792612,5375836.145325,-3492134.780927,18800.000000,0,false,
SAT_P2_S2,2405838.555580,5358648.428277,-3676248.582469,18840.000000,0,false,
SAT_P2_S2,2175817.633701,5332570.669756,-3853301.933854,18880.000000,0,false,
SAT_P2_S2,1941470.863948,5297681.038090,-4022956.282925,18920.000000,0,false,
SAT_P2_S2,1703194.669807,5254072.237013,-4184887.452227,18960.000000,0,false,
SAT_P2_S2,1461393.346459,5201851.199723,-4338786.208189,19000.000000,0,false,
SAT_P2_S2,1216478.381674,5141138.848151,-4484358.851737,19040.000000,0,false,
SAT_P2_S2,968867.746401,5072069.805098,-4621327.765441,19080.000000,0,false,
SAT_P2_S2,718985.174153,4994792.078990,-4749431.921503,19120.000000,0,false,
SAT_P2_S2,467259.428173,4909466.718381,-4868427.347666,19160.000000,0,false,
SAT_P2_S2,214123.562009,4816267.459637,-4978087.571007,19200.000000,0,false,
SAT_P2_S2,-39985.820415,4715380.388734,-5078204.057263,19240.000000,0,false,
SAT_P2_S2,-294629.320877,4607003.534637,-5168586.568674,19280.000000,0,false,
SAT_P2_S2,-549365.508263,4491346.448045,-5249063.488757,19320.000000,0,false,
SAT_P2_S2,-803751.675602,4368629.802632,-5319482.146380,19360.000000,0,false,
SAT_P2_S2,-1057344.605384,4239084.962417,-5379709.087863,19400.000000,0,false,
SAT_P2_S2,-1309701.332379,4102953.526020,-5429630.299961,19440.000000,0,false,
SAT_P2_S2,-1560379.906782,3960486.859079,-5469151.397675,19480.000000,0,false,
SAT_P2_S2,-1808940.159601,3811945.635799,-5498197.800981,19520.000000,0,false,
SAT_P2_S2,-2054944.466826,3657599.382263,-5516714.889823,19560.000000,0,false,
SAT_P2_S2,-2297958.500687,3497725.940518,-5524668.040307,19600.000000,0,false,
SAT_P2_S2,-2537551.986831,3332610.994139,-5522042.709100,19640.000000,0,false,
SAT_P2_S2,-2773299.458595,3162547.562822,-5508844.459033,19680.000000,0,false,
SAT_P2_S2,-3004781.000814,2987835.486297,-5485098.942134,19720.000000,0,false,
SAT_P2_S2,-3231582.980367,2808780.893513,-5450851.833648,19760.000000,0,false,
SAT_P2_S2,-3453298.784549,2625695.681616,-5406168.759754,19800.000000,0,false,
SAT_P2_S2,-3669529.550683,2438896.990146,-5351135.190714,19840.000000,0,false,
SAT_P2_S2,-3879884.868203,2248706.650545,-5285856.263723,19880.000000,0,false,
SAT_P2_S2,-4083983.492107,2055450.650455,-5210456.607837,19920.000000,0,false,
SAT_P2_S2,-4281454.027931,1859458.584060,-5125080.110252,19960.000000,0,false,
SAT_P2_S2,-4471935.600885,1661063.097738,-5029889.643783,20000.000000,0,false,
SAT_P2_S2,-4655078.525959,1460599.341108,-4925066.779034,20040.000000,0,false,
SAT_P2_S2,-4830544.982232,1258404.427402,-4810811.488048,20080.000000,0,false,
SAT_P2_S2,-4998009.609631,1054816.861197,-4687341.734998,20120.000000,0,false,
SAT_P2_S2,-5157160.134129,850175.990375,-4554893.093338,20160.000000,0,false,
SAT_P2_S2,-5307697.974042,644821.454162,-4413718.324607,20200.000000,0,false,
SAT_P2_S2,-5449338.817652,439092.629446,-4264086.915005,20240.000000,0,false,
SAT_P2_S2,-5581813.166373,233328.078269,-4106284.569686,20280.000000,0,false,
SAT_P2_S2,-5704866.863827,27864.997854,-3940612.681277,20320.000000,0,false,
SAT_P2_S2,-5818261.633661,-176961.323908,-3767387.792023,20360.000000,0,false,
SAT_P2_S2,-5921775.565124,-380818.049995,-3586941.005031,20400.000000,0,false,
SAT_P2_S2,-6015203.533074,-583375.334747,-3399617.334507,20440.000000,0,false,
SAT_P2_S2,-6098357.655630,-784306.852415,-3205775.078957,20480.000000,0,false,
SAT_P2_S2,-6171067.698460,-983290.323500,-3005785.144093,20520.000000,0,false,
SAT_P2_S2,-6233181.434845,-1180008.028473,-2800030.334927,20560.000000,0,false,
SAT_P2_S2,-6284564.969274,-1374147.311506,-2588904.620421,20600.000000,0,false,
SAT_P2_S2,-6325103.051644,-1565401.077782,-2372812.385438,20640.000000,0,false,
SAT_P2_S2,-6354699.388781,-1753468.283746,-2152167.675493,20680.000000,0,false,
SAT_P2_S2,-6373276.826008,-1938054.398841,-1927393.376473,20720.000000,0,false,
SAT_P2_S2,-6380777.566162,-2118871.865990,-1698920.409891,20760.000000,0,false,
SAT_P2_S2,-6377163.349471,-2295640.549791,-1467186.906475,20800.000000,0,false,
SAT_P2_S2,-6362415.585265,-2468088.166930,-1232637.359924,20840.000000,0,false,
SAT_P2_S2,-6336535.431812,-2635950.695195,-995721.764200,20880.000000,0,false,
SAT_P2_S2,-6299543.849295,-2798972.771090,-756894.740442,20920.000000,0,false,
SAT_P2_S2,-6251481.654864,-2956908.086115,-516614.661145,20960.000000,0,false,
SAT_P2_S2,-6192409.508518,-3109519.753227,-275342.759978,21000.000000,0,false,
SAT_P2_S2,-6122407.813545,-3256580.639193,-33542.224103,21040.000000,0,false,
SAT_P2_S2,-6041576.658857,-3397873.708035,208322.701710,21080.000000,0,false,
SAT_P2_S2,-5950035.691199,-3533192.336742,449787.624451,21120.000000,0,false,
SAT_P2_S2,-5847923.937079,-3662340.601980,690388.909924,21160.000000,0,false,
SAT_P2_S2,-5735399.581375,-3785133.543702,929664.588620,21200.000000,0,false,
SAT_P2_S2,-5612639.730398,-3901397.421529,1167155.260789,21240.000000,0,false,
SAT_P2_S2,-5479840.167704,-4010969.966958,1402404.998812,21280.000000,0,false,
SAT_P2_S2,-5337214.978446,-4113700.555703,1634962.232343,21320.000000,0,false,
SAT_P2_S2,-5184996.208673,-4209450.400206,1864380.630205,21360.000000,0,false,
SAT_P2_S2,-5023433.483450,-4298092.716962,2090219.971913,21400.000000,0,false,
SAT_P2_S2,-4852793.579812,-4379512.862334,2312047.002108,21440.000000,0,false,
SAT_P2_S2,-4673359.955315,-4453608.434644,2529436.263063,21480.000000,0,false,
SAT_P2_S2,-4485432.253172,-4520289.360135,2741970.912290,21520.000000,0,false,
SAT_P2_S2,-4289325.808866,-4579477.982038,2949243.532822,21560.000000,0,false,
SAT_P2_S2,-4085371.104748,-4631109.105992,3150856.910898,21600.000000,0,false,
SAT_P2_S2,-3873913.160146,-4675129.994335,3346424.777221,21640.000000,0,false,
SAT_P2_S2,-3655310.960107,-4711500.391477,3535572.549502,21680.000000,0,false,
SAT_P2_S2,-3429936.833220,-4740192.511007,3717938.044603,21720.000000,0,false,
SAT_P2_S2,-3198175.800669,-4761190.992544,3893172.156156,21760.000000,0,false,
SAT_P2_S2,-2960424.899840,-4774492.835936,4060939.503764,21800.000000,0,false,
SAT_P2_S2,-2717092.500467,-4780107.335421,4220919.069969,21840.000000,0,false,
SAT_P2_S2,-2468597.619693,-4778056.019772,4372804.828529,21880.000000,0,false,
SAT_P2_S2,-2215369.158389,-4768372.497127,4516306.285503,21920.000000,0,false,
SAT_P2_S2,-1957845.163672,-4751102.339343,4651149.034487,21960.000000,0,false,
SAT_P2_S2,-1696472.067201,-4726302.943310,4777075.279573,22000.000000,0,false,
SAT_P2_S2,-1431703.901765,-4694043.364103,4893844.317349,22040.000000,0,false,
SAT_P2_S2,-1164001.500803,-4654404.119278,5001232.973447,22080.000000,0,false,
SAT_P2_S2,-893831.687594,-4607476.982553,5099036.011503,22120.000000,0,false,
SAT_P2_S2,-621666.463297,-4553364.787742,5187066.534758,22160.000000,0,false,
SAT_P2_S2,-347982.180673,-4492181.194504,5265156.327506,22200.000000,0,false,
SAT_P2_S2,-73258.699715,-4424050.407172,5333156.126406,22240.000000,0,false,
SAT_P2_S2,202021.441711,-4349106.935308,5390935.912854,22280.000000,0,false,
SAT_P2_S2,477373.870088,-4267495.321247,5438385.148640,22320.000000,0,false,
SAT_P2_S2,752313.218044,-4179369.847875,5475412.964407,22360.000000,0,false,
SAT_P2_S2,1026353.967450,-4084894.232982,5501948.309168,22400.000000,0,false,
SAT_P2_S2,1299011.293186,-3984241.331347,5517940.085997,22440.000000,0,false,
SAT_P2_S2,1569801.906035,-3877592.851004,5523357.281093,22480.000000,0,false,
SAT_P2_S2,1838244.895604,-3765138.991175,5518188.974844,22520.000000,0,false,
SAT_P2_S2,2103862.571583,-3647078.124743,5502444.382628,22560.000000,0,false,
SAT_P2_S2,2366181.308470,-3523616.466449,5476152.857274,22600.000000,0,false,
SAT_P2_S2,2624732.386209,-3394967.724091,5439363.845976,22640.000000,0,false,
SAT_P2_S2,2879052.820032,-3261352.733152,5392146.798767,22680.000000,0,false,
SAT_P2_S2,3128686.189943,-3122999.086806,5334591.048768,22720.000000,0,false,
SAT_P2_S2,3373183.480278,-2980140.775988,5266805.687628,22760.000000,0,false,
SAT_P2_S2,3612103.896556,-2833017.805237,5188919.377520,22800.000000,0,false,
SAT_P2_S2,3845015.652658,-2681875.776469,5101080.086704,22840.000000,0,false,
SAT_P2_S2,4071496.778228,-2526965.505147,5003454.853351,22880.000000,0,false,
SAT_P2_S2,4291135.901522,-2368542.613045,4896229.486114,22920.000000,0,false,
SAT_P2_S2,4503533.005512,-2206867.111996,4779608.219224,22960.000000,0,false,
SAT_P2_S2,4708300.163244,-2042202.981050,4653813.328221,23000.000000,0,false,
SAT_P2_S2,4905062.269991,-1874817.748741,4519084.729020,23040.000000,0,false,
SAT_P2_S2,5093457.775419,-1704982.084933,4375679.567381,23080.000000,0,false,
SAT_P2_S2,5273139.329883,-1532969.353624,4223871.700830,23120.000000,0,false,
SAT_P2_S2,5443774.456821,-1359055.191990,4063951.204888,23160.000000,0,false,
SAT_P2_S2,5605046.201859,-1183517.083938,3896223.842552,23200.000000,0,false,
SAT_P2_S2,5756653.748063,-1006633.928955,3721010.494167,23240.000000,0,false,
SAT_P2_S2,5898312.990886,-828685.608089,3538646.548207,23280.000000,0,false,
SAT_P2_S2,6029757.095333,-649952.550386,3349481.267871,23320.000000,0,false,
SAT_P2_S2,6150737.060359,-470715.304913,3153877.151071,23360.000000,0,false,
SAT_P2_S2,6261022.223842,-291254.109099,2952209.244434,23400.000000,0,false,
SAT_P2_S2,6360400.693399,-111848.449710,2744864.402179,23440.000000,0,false,
SAT_P2_S2,6448679.817393,67223.361566,2532240.566149,23480.000000,0,false,
SAT_P2_S2,6525686.587696,245684.617358,2314745.997689,23520.000000,0,false,
SAT_P2_S2,6591267.997210,423260.638389,2092798.485455,23560.000000,0,false,
SAT_P2_S2,6645291.374789,599679.193229,1866824.537305,23600.000000,0,false,
SAT_P2_S2,6687644.687650,774670.914035,1637258.553036,23640.000000,0,false,
SAT_P2_S2,6718236.781764,947969.703162,1404541.974069,23680.000000,0,false,
SAT_P2_S2,6736997.578956,1119313.132729,1169122.416298,23720.000000,0,false,
SAT_P2_S2,6743878.261528,1288442.839934,931452.795456,23760.000000,0,false,
SAT_P2_S2,6738851.445413,1455104.916539,691990.447844,23800.000000,0,false,
SAT_P2_S2,6721911.200285,1619050.276435,451196.215311,23840.000000,0,false,
SAT_P2_S2,6693073.121854,1780035.023999,209533.544752,23880.000000,0,false,
SAT_P2_S2,6652374.345544,1937820.812559,-32532.425245,23920.000000,0,false,
SAT_P2_S2,6599873.505784,2092175.188577,-274535.781836,23960.000000,0,false,
SAT_P2_S2,6535650.636990,2242871.919103,-516010.756120,24000.000000,0,false,
SAT_P2_S2,6459807.044591,2389691.311208,-756492.641216,24040.000000,0,false,
SAT_P2_S2,6372465.176334,2532420.531441,-995518.708729,24080.000000,0,false,
SAT_P2_S2,6273768.405519,2670853.896670,-1232629.118027,24120.000000,0,false,
SAT_P2_S2,6163880.741814,2804793.142609,-1467367.818489,24160.000000,0,false,
SAT_P2_S2,6042986.574333,2934047.699450,-1699283.444169,24200.000000,0,false,
SAT_P2_S2,5911290.344574,3058434.945576,-1927930.199702,24240.000000,0,false,
SAT_P2_S2,5769016.167494,3177780.437810,-2152868.727033,24280.000000,0,false,
SAT_P2_S2,5616407.411893,3291918.125061,-2373666.956689,24320.000000,0,false,
SAT_P2_S2,5453726.269809,3400690.559071,-2589900.950444,24360.000000,0,false,
SAT_P2_S2,5281253.318093,3503949.101915,-2801155.733574,24400.000000,0,false,
SAT_P2_S2,5099286.944532,3601554.067966,-3007026.076310,24440.000000,0,false,
SAT_P2_S2,4908142.827187,3693374.891749,-3207117.279475,24480.000000,0,false,
SAT_P2_S2,4708153.364751,3779290.273751,-3401045.935284,24520.000000,0,false,
SAT_P2_S2,4499667.067771,3859188.303801,-3588440.658183,24560.000000,0,false,
SAT_P2_S2,4283047.910162,3932966.559674,-3768942.781489,24600.000000,0,false,
SAT_P2_S2,4058674.662151,4000532.197181,-3942207.033131,24640.000000,0,false,
SAT_P2_S2,3826940.227884,4061802.048171,-4107902.204153,24680.000000,0,false,
SAT_P2_S2,3588250.926799,4116702.676847,-4265711.763476,24720.000000,0,false,
SAT_P2_S2,3343025.729498,4165170.404757,-4415334.427424,24760.000000,0,false,
SAT_P2_S2,3091695.525137,4207151.360875,-4556484.733821,24800.000000,0,false,
SAT_P2_S2,2834702.345386,4242601.502130,-4688893.571642,24840.000000,0,false,
SAT_P2_S2,2572498.565656,4271486.609831,-4812308.666367,24880.000000,0,false,
SAT_P2_S2,2305546.088235,4293782.270661,-4926495.030272,24920.000000,0,false,
SAT_P2_S2,2034315.523383,4309473.861951,-5031235.398321,24960.000000,0,false,
SAT_P2_S2,1759285.371541,4318556.542175,-5126330.650035,25000.000000,0,false,
SAT_P2_S2,1480941.141735,4321035.159926,-5211600.122029,25040.000000,0,false,
SAT_P2_S2,1199774.503694,4316924.208790,-5286881.949136,25080.000000,0,false,
SAT_P2_S2,916282.418926,4306247.759735,-5352033.360578,25120.000000,0,false,
SAT_P2_S2,630966.261426,4289039.374206,-5406930.931814,25160.000000,0,false,
SAT_P2_S2,344330.930208,4265341.995849,-5451470.788349,25200.000000,0,false,
SAT_P2_S2,56883.958334,4235207.838622,-5485568.783219,25240.000000,0,false,
SAT_P2_S2,-230865.375426,4198698.289933,-5509160.670947,25280.000000,0,false,
SAT_P2_S2,-518406.942234,4155883.774604,-5522202.209329,25320.000000,0,false,
SAT_P2_S2,-805230.665103,4106843.589763,-5524669.201582,25360.000000,0,false,
SAT_P2_S2,-1090827.408855,4051665.774428,-5516557.558004,25400.000000,0,false,
SAT_P2_S2,-1374689.876287,3990446.951421,-5497883.299708,25440.000000,0,false,
SAT_P2_S2,-1656313.495978,3923292.151778,-5468682.514479,25480.000000,0,false,
SAT_P2_S2,-1935197.304650,3850314.625282,-5429011.270196,25520.000000,0,false,
SAT_P2_S2,-2210844.835970,3771635.681355,-5378945.546225,25560.000000,0,false,
SAT_P2_S2,-2482764.987343,3687384.477991,-5318581.069350,25600.000000,0,false,
SAT_P2_S2,-2750472.889771,3597697.823684,-5248033.144658,25640.000000,0,false,
SAT_P2_S2,-3013490.767941,3502719.971178,-5167436.451185,25680.000000,0,false,
SAT_P2_S2,-3271348.781595,3402602.391173,-5076944.785333,25720.000000,0,false,
SAT_P2_S2,-3523585.859597,3297503.542084,-4976730.775814,25760.000000,0,false,
SAT_P2_S2,-3769750.538227,3187588.651820,-4866985.593544,25800.000000,0,false,
SAT_P2_S2,-4009401.776227,3073029.482130,-4747918.612714,25840.000000,0,false,
SAT_P2_S2,-4242109.727439,2954004.050458,-4619756.987264,25880.000000,0,false,
SAT_P2_S2,-4467456.535232,2830696.393092,-4482745.265224,25920.000000,0,false,
SAT_P2_S2,-4685037.098492,2703296.301402,-4337144.942153,25960.000000,0,false,
SAT_P2_S2,-4894459.807255,2571999.047772,-4183233.975882,26000.000000,0,false,
SAT_P2_S2,-5095347.252593,2437005.101728,-4021306.264784,26040.000000,0,false,
SAT_P2_S2,-5287336.930623,2298519.848508,-3851671.109511,26080.000000,0,false,
SAT_P2_S2,-5470081.948434,2156753.316386,-3674652.667928,26120.000000,0,false,
SAT_P2_S2,-5643251.636224,2011919.859300,-3490589.318214,26160.000000,0,false,
SAT_P2_S2,-5806532.177121,1864237.858693,-3299833.033385,26200.000000,0,false,
SAT_P2_S2,-5959627.216032,1713929.420792,-3102748.729850,26240.000000,0,false,
SAT_P2_S2,-6102258.427792,1561220.062703,-2899713.579174,26280.000000,0,false,
SAT_P2_S2,-6234166.038327,1406338.390105,-2691116.287097,26320.000000,0,false,
SAT_P2_S2,-6355109.320797,1249515.771432,-2477356.350436,26360.000000,0,false,
SAT_P2_S2,-6464867.093184,1090986.016028,-2258843.305859,26400.000000,0,false,
SAT_P2_S2,-6563238.161164,930985.044617,-2035995.948420,26440.000000,0,false,
SAT_P2_S2,-6650041.662476,769750.540359,-1809241.500905,26480.000000,0,false,
SAT_P2_S2,-6725117.458285,607521.618793,-1579014.803776,26520.000000,0,false,
SAT_P2_S2,-6788326.454120,444538.485334,-1345757.470561,26560.000000,0,false,
SAT_P2_S2,-6839550.866823,281042.092423,-1109917.028201,26600.000000,0,false,
SAT_P2_S2,-6878694.442685,117273.795319,-871946.043214,26640.000000,0,false,
SAT_P2_S2,-6905682.657376,-46524.990773,-632301.241857,26680.000000,0,false,
SAT_P2_S2,-6920462.911388,-210113.129751,-391442.629534,26720.000000,0,false,
SAT_P2_S2,-6923004.582988,-373250.108278,-149832.585284,26760.000000,0,false,
SAT_P2_S2,-6913299.104091,-535696.373541,92065.035673,26800.000000,0,false,
SAT_P2_S2,-6891360.001709,-697213.669693,333785.803014,26840.000000,0,false,
SAT_P2_S2,-6857222.881997,-857565.372017,574865.615745,26880.000000,0,false,
SAT_P2_S2,-6810945.354966,-1016516.815516,814841.604065,26920.000000,0,false,
SAT_P2_S2,-6752606.926317,-1173835.621468,1053253.029824,26960.000000,0,false,
SAT_P2_S2,-6682308.889130,-1329292.024781,1289642.186126,27000.000000,0,false,
SAT_P2_S2,-6600174.153171,-1482659.193900,1523555.289111,27040.000000,0,false,
SAT_P2_S2,-6506346.960901,-1633713.539604,1754543.358338,27080.000000,0,false,
SAT_P2_S2,-6400992.662625,-1782235.028375,1982163.093459,27120.000000,0,false,
SAT_P2_S2,-6284297.411311,-1928007.488886,2205977.740883,27160.000000,0,false,
SAT_P2_S2,-6156467.806618,-2070818.906671,2425557.939974,27200.000000,0,false,
SAT_P2_S2,-6017730.492010,-2210461.709812,2640482.550731,27240.000000,0,false,
SAT_P2_S2,-5868331.734776,-2346733.053832,2850339.471109,27280.000000,0,false,
SAT_P2_S2,-5708537.003538,-2479435.108438,3054726.446222,27320.000000,0,false,
SAT_P2_S2,-5538630.417321,-2608375.306526,3253251.820754,27360.000000,0,false,
SAT_P2_S2,-5358914.220536,-2733366.602736,3445535.289232,27400.000000,0,false,
SAT_P2_S2,-5169708.231047,-2854227.725549,3631208.624667,27440.000000,0,false,
SAT_P2_S2,-4971349.243911,-2970783.414980,3809916.374696,27480.000000,0,false,
SAT_P2_S2,-4764190.393761,-3082864.643519,3981316.521003,27520.000000,0,false,
SAT_P2_S2,-4548600.496772,-3190308.831489,4145081.115255,27560.000000,0,false,
SAT_P2_S2,-4324963.398833,-3292960.069398,4300896.907193,27600.000000,0,false,
SAT_P2_S2,-4093677.284960,-3390669.322112,4448465.932524,27640.000000,0,false,
SAT_P2_S2,-3855153.910519,-3483294.597243,4587506.036930,27680.000000,0,false,
SAT_P2_S2,-3609817.888266,-3570701.142706,4717751.419025,27720.000000,0,false,
SAT_P2_S2,-3358105.921594,-3652761.622945,4838953.127784,27760.000000,0,false,
SAT_P2_S2,-3100466.014776,-3729356.278160,4950879.518293,27800.000000,0,false,
SAT_P2_S2,-2837356.660393,-3800373.070206,5053316.670188,27840.000000,0,false,
SAT_P2_S2,-2569246.020602,-3865707.831428,5146068.790241,27880.000000,0,false,
SAT_P2_S2,-2296611.111194,-3925264.423365,5228958.608320,27920.000000,0,false,
SAT_P2_S2,-2019936.921152,-3978954.831415,5301827.665890,27960.000000,0,false,
SAT_P2_S2,-1739715.551499,-4026699.283750,5364536.615823,28000.000000,0,false,
SAT_P2_S2,-1456445.343563,-4068426.363634,5416965.491373,28040.000000,0,false,
SAT_P2_S2,-1170629.990758,-4104073.102590,5459013.926831,28080.000000,0,false,
SAT_P2_S2,-882777.640152,-4133585.053368,5490601.328229,28120.000000,0,false,
SAT_P2_S2,-593399.989634,-4156916.357666,5511667.013564,28160.000000,0,false,
SAT_P2_S2,-303011.389341,-4174029.826734,5522170.346591,28200.000000,0,false,
SAT_P2_S2,-12127.937687,-4184897.000588,5522090.818349,28240.000000,0,false,
SAT_P2_S2,278733.439851,-4189498.159426,5511428.040821,28280.000000,0,false,
SAT_P2_S2,569055.890030,-4187822.380556,5490201.777715,28320.000000,0,false,
SAT_P2_S2,858323.543030,-4179867.567208,5458451.913655,28360.000000,0,false,
SAT_P2_S2,1146022.417370,-4165640.460900,5416238.378317,28400.000000,0,false,
SAT_P2_S2,1431641.321792,-4145156.640360,5363641.029597,28440.000000,0,false,
SAT_P2_S2,1714672.756807,-4118440.526006,5300759.520861,28480.000000,0,false,
SAT_P2_S2,1994613.815871,-4085525.398654,5227713.163896,28520.000000,0,false,
SAT_P2_S2,2270967.069785,-4046453.346355,5144640.675972,28560.000000,0,false,
SAT_P2_S2,2543241.451655,-4001275.241156,5051699.943981,28600.000000,0,false,
SAT_P2_S2,2810953.138293,-3950050.708669,4949067.757518,28640.000000,0,false,
SAT_P2_S2,3073626.419810,-3892848.076754,4836939.493849,28680.000000,0,false,
SAT_P2_S2,3330794.549325,-3829744.303502,4715528.755992,28720.000000,0,false,
SAT_P2_S2,3582000.584044,-3760824.897549,4585066.980835,28760.000000,0,false,
SAT_P2_S2,3826798.229968,-3686183.847731,4445803.038921,28800.000000,0,false,
SAT_P2_S2,4064752.659669,-3605923.529563,4298002.785852,28840.000000,0,false,
SAT_P2_S2,4295441.281311,-3520154.561643,4141948.532681,28880.000000,0,false,
SAT_P2_S2,4518454.530011,-3428995.702277,3977938.548539,28920.000000,0,false,
SAT_P2_S2,4733396.624765,-3332573.713618,3806286.504755,28960.000000,0,false,
SAT_P2_S2,4939886.290565,-3231023.208647,3627320.882119,29000.000000,0,false,
SAT_P2_S2,5137557.450248,-3124486.482523,3441384.343572,29040.000000,0,false,
SAT_P2_S2,5326059.906569,-3013113.343653,3248833.090649,29080.000000,0,false,
SAT_P2_S2,5505060.022547,-2897060.952186,3050036.212940,29120.000000,0,false,
SAT_P2_S2,5674241.301271,-2776493.598295,2845374.955644,29160.000000,0,false,
SAT_P2_S2,5833304.980909,-2651582.500842,2635241.997356,29200.000000,0,false,
SAT_P2_S2,5981970.606497,-2522505.597953,2420040.705881,29240.000000,0,false,
SAT_P2_S2,6119976.545179,-2389447.313764,2200184.357431,29280.000000,0,false,
SAT_P2_S2,6247080.473003,-2252598.318129,1976095.338466,29320.000000,0,false,
SAT_P2_S2,6363059.838559,-2112155.278811,1748204.329574,29360.000000,0,false,
SAT_P2_S2,6467712.283714,-1968320.600884,1516949.468637,29400.000000,0,false,
SAT_P2_S2,6560856.006657,-1821302.149667,1282775.492240,29440.000000,0,false,
SAT_P2_S2,6642330.094016,-1671312.965388,1046132.863223,29480.000000,0,false,
SAT_P2_S2,6711994.851037,-1518570.979234,807476.892996,29520.000000,0,false,
SAT_P2_S2,6769732.066405,-1363298.713944,567266.848123,29560.000000,0,false,
SAT_P2_S2,6815445.172898,-1205722.956146,325965.033477,29600.000000,0,false,
SAT_P2_S2,6849059.454501,-1046074.447795,84035.888822,29640.000000,0,false,
SAT_P2_S2,6870522.177214,-884587.557670,-158054.929999,29680.000000,0,false,
SAT_P2_S2,6879802.661921,-721499.945783,-399841.469800,29720.000000,0,false,
SAT_P2_S2,6876892.306079,-557052.220263,-640858.398919,29760.000000,0,false,
SAT_P2_S2,6861804.586842,-391487.591814,-880641.924649,29800.000000,0,false,
SAT_P2_S2,6834575.059179,-225051.529172,-1118730.706907,29840.000000,0,false,
SAT_P2_S2,6795261.203930,-57991.396108,-1354666.762896,29880.000000,0,false,
SAT_P2_S2,6743942.305264,109443.905533,-1587996.364960,29920.000000,0,false,
SAT_P2_S2,6680719.289753,277004.296943,-1818270.930878,29960.000000,0,false,
SAT_P2_S2,6605714.507940,444438.887372,-2045047.900945,30000.000000,0,false,
SAT_P2_S2,6519071.458042,611496.339722,-2267891.595707,30040.000000,0,false,
SAT_P2_S2,6420954.478364,777925.238246,-2486374.060865,30080.000000,0,false,
SAT_P2_S2,6311548.440921,943474.458675,-2700075.906456,30120.000000,0,false,
SAT_P2_S2,6191058.382972,1107893.536357,-2908587.119398,30160.000000,0,false,
SAT_P2_S2,6059709.036133,1270933.032337,-3111507.837850,30200.000000,0,false,
SAT_P2_S2,5917744.413911,1432344.901191,-3308449.129022,30240.000000,0,false,
SAT_P2_S2,5765427.326974,1591882.858337,-3499033.736367,30280.000000,0,false,
SAT_P2_S2,5603038.854868,1749302.740307,-3682896.792864,30320.000000,0,false,
SAT_P2_S2,5430877.779290,1904362.860740,-3859686.504071,30360.000000,0,false,
SAT_P2_S2,5249260.007946,2056824.368230,-4029064.815436,30400.000000,0,false,
SAT_P2_S2,5058518.002387,2206451.607435,-4190708.068869,30440.000000,0,false,
SAT_P2_S2,4859000.088454,2353012.453415,-4344307.576753,30480.000000,0,false,
SAT_P2_S2,4651069.802102,2496278.655964,-4489570.199885,30520.000000,0,false,
SAT_P2_S2,4435105.212646,2636026.180942,-4626218.897115,30560.000000,0,false,
SAT_P2_S2,4211498.210862,2772035.542244,-4753993.234232,30600.000000,0,false,
SAT_P2_S2,3980653.765536,2904092.121218,-4872649.848134,30640.000000,0,false,
SAT_P2_S2,3742989.166260,3031986.483783,-4981962.883755,30680.000000,0,false,
SAT_P2_S2,3498933.275171,3155514.706456,-5081724.424396,30720.000000,0,false,
SAT_P2_S2,3248925.747287,3274478.686396,-5171744.871682,30760.000000,0,false,
SAT_P2_S2,2993416.191337,3388686.421953,-5251853.248688,30800.000000,0,false,
SAT_P2_S2,2732863.380593,3497952.320313,-5321897.530661,30840.000000,0,false,
SAT_P2_S2,2467734.422930,3602097.487313,-5381744.919133,30880.000000,0,false,
SAT_P2_S2,2198503.917459,3700950.001940,-5431282.070048,30920.000000,0,false,
SAT_P2_S2,1925653.098094,3794345.179599,-5470415.281041,30960.000000,0,false,
SAT_P2_S2,1649668.977286,3882125.839694,-5499070.661924,31000.000000,0,false,
SAT_P2_S2,1371043.496963,3964142.583416,-5517194.298210,31040.000000,0,false,
SAT_P2_S2,1090272.634647,4040254.010214,-5524752.298666,31080.000000,0,false,
SAT_P2_S2,807855.531510,4110326.960387,-5521730.860629,31120.000000,0,false,
SAT_P2_S2,524293.615569,4174236.750991,-5508136.302264,31160.000000,0,false,
SAT_P2_S2,240089.718188,4231867.394017,-5483995.046789,31200.000000,0,false,
SAT_P2_S2,-44252.810465,4283111.792885,-5449353.555381,31240.000000,0,false,
SAT_P2_S2,-328230.984483,4327871.940690,-5404278.239648,31280.000000,0,false,
SAT_P2_S2,-611343.060460,4366059.128546,-5348855.365546,31320.000000,0,false,
SAT_P2_S2,-893089.416237,4397594.100174,-5283190.865104,31360.000000,0,false,
SAT_P2_S2,-1172973.425797,4422407.232036,-5207410.159140,31400.000000,0,false,
SAT_P2_S2,-1450502.325527,4440438.683651,-5121657.922137,31440.000000,0,false,
SAT_P2_S2,-1725188.072278,4451638.530125,-5026097.804973,31480.000000,0,false,
SAT_P2_S2,-1996548.197229,4455966.896296,-4920912.139008,31520.000000,0,false,
SAT_P2_S2,-2264106.656822,4453394.104266,-4806301.636130,31560.000000,0,false,
SAT_P2_S2,-2527394.656631,4443900.748723,-4682484.985973,31600.000000,0,false,
SAT_P2_S2,-2785951.471419,4427477.789419,-4549698.455574,31640.000000,0,false,
SAT_P2_S2,-3039325.257202,4404126.642138,-4408195.469825,31680.000000,0,false,
SAT_P2_S2,-3287073.845800,4373859.243815,-4258246.146074,31720.000000,0,false,
SAT_P2_S2,-3528765.514268,4336698.092452,-4100136.787151,31760.000000,0,false,
SAT_P2_S2,-3763979.740416,4292676.275785,-3934169.347171,31800.000000,0,false,
SAT_P2_S2,-3992307.957484,4241837.508128,-3760660.890167,31840.000000,0,false,
SAT_P2_S2,-4213354.285090,4184236.147732,-3579943.015545,31880.000000,0,false,
SAT_P2_S2,-4426736.200932,4119937.144300,-3392361.201293,31920.000000,0,false,
SAT_P2_S2,-4632085.238222,4049016.037116,-3198274.185462,31960.000000,0,false,
SAT_P2_S2,-4829047.646732,3971558.911738,-2998053.293277,32000.000000,0,false,
SAT_P2_S2,-5017285.018965,3887662.334703,-2792081.735452,32040.000000,0,false,
SAT_P2_S2,-5196474.883160,3797433.265163,-2580753.876636,32080.000000,0,false,
SAT_P2_S2,-5366311.284530,3700988.960988,-2364474.487842,32120.000000,0,false,
SAT_P2_S2,-5526505.366594,3598456.890403,-2143657.991964,32160.000000,0,false,
SAT_P2_S2,-5676785.852394,3489974.572015,-1918727.649495,32200.000000,0,false,
SAT_P2_S2,-5816899.528357,3375689.423767,-1690114.743407,32240.000000,0,false,
SAT_P2_S2,-5946611.709197,3255758.603772,-1458257.751526,32280.000000,0,false,
SAT_P2_S2,-6065706.653389,3130348.822000,-1223601.494523,32320.000000,0,false,
SAT_P2_S2,-6173987.925638,2999636.126396,-986596.267292,32360.000000,0,false,
SAT_P2_S2,-6271278.726923,2863805.673515,-747696.958849,32400.000000,0,false,
SAT_P2_S2,-6357422.218826,2723051.498596,-507362.168466,32440.000000,0,false,
SAT_P2_S2,-6432281.801459,2577576.266218,-266053.313538,32480.000000,0,false,
SAT_P2_S2,-6495741.276202,2427590.964598,-24233.716407,32520.000000,0,false,
SAT_P2_S2,-6547705.061945,2273314.633236,217632.293175,32560.000000,0,false,
SAT_P2_S2,-6588098.338991,2114974.055664,459080.287307,32600.000000,0,false,
SAT_P2_S2,-6616867.141713,1952803.435819,699646.645800,32640.000000,0,false,
SAT_P2_S2,-6633978.401610,1787044.056987,938869.459311,32680.000000,0,false,
SAT_P2_S2,-6639419.971938,1617943.933975,1176289.429965,32720.000000,0,false,
SAT_P2_S2,-6633200.652723,1445757.466132,1411450.768591,32760.000000,0,false,
SAT_P2_S2,-6615350.083235,1270745.048110,1643902.077544,32800.000000,0,false,
SAT_P2_S2,-6585918.643017,1093172.684329,1873197.227340,32840.000000,0,false,
SAT_P2_S2,-6544977.332743,913311.597489,2098896.225186,32880.000000,0,false,
SAT_P2_S2,-6492617.597702,731437.820536,2320566.069308,32920.000000,0,false,
SAT_P2_S2,-6428951.096325,547831.777661,2537781.581447,32960.000000,0,false,
SAT_P2_S2,-6354109.436777,362777.856723,2750126.224633,33000.000000,0,false,
SAT_P2_S2,-6268243.912536,176563.978210,2957192.914792,33040.000000,0,false,
SAT_P2_S2,-6171525.195160,-10518.843008,3158584.808805,33080.000000,0,false,
SAT_P2_S2,-6064142.909162,-198176.954601,3353916.042402,33120.000000,0,false,
SAT_P2_S2,-5946305.275960,-386114.514738,3542812.479067,33160.000000,0,false,
SAT_P2_S2,-5818238.686836,-574033.953143,3724912.424074,33200.000000,0,false,
SAT_P2_S2,-5680187.236853,-761636.433599,3899867.304857,33240.000000,0,false,
SAT_P2_S2,-5532412.220423,-948622.319601,4067342.318913,33280.000000,0,false,
SAT_P2_S2,-5375191.617277,-1134691.644447,4227017.064898,33320.000000,0,false,
SAT_P2_S2,-5208819.587103,-1319544.585493,4378586.165890,33360.000000,0,false,
SAT_P2_S2,-5033605.857132,-1502881.933496,4521759.812406,33400.000000,0,false,
SAT_P2_S2,-4849875.127507,-1684405.566065,4656264.300521,33440.000000,0,false,
SAT_P2_S2,-4657966.469100,-1863818.923781,4781842.550154,33480.000000,0,false,
SAT_P2_S2,-4458232.683050,-2040827.484843,4898254.581767,33520.000000,0,false,
SAT_P2_S2,-4251039.628672,-2215139.233042,5005277.947790,33560.000000,0,false,
SAT_P2_S2,-4036765.535572,-2386465.125950,5102708.135395,33600.000000,0,false,
SAT_P2_S2,-3815800.322537,-2554519.570935,5190358.962132,33640.000000,0,false,
SAT_P2_S2,-3588544.895234,-2719020.895399,5268062.932395,33680.000000,0,false,
SAT_P2_S2,-3355410.368790,-2879691.791116,5335671.499376,33720.000000,0,false,
SAT_P2_S2,-3116817.348888,-3036259.781997,5393055.366655,33760.000000,0,false,
SAT_P2_S2,-2873195.169080,-3188457.679534,5440104.728833,33800.000000,0,false,
SAT_P2_S2,-2624981.114312,-3336024.026332,5476729.468014,33840.000000,0,false,
SAT_P2_S2,-2372619.629268,-3478703.529356,5502859.306959,33880.000000,0,false,
SAT_P2_S2,-2116561.526057,-3616247.496316,5518443.943169,33920.000000,0,false,
SAT_P2_S2,-1857263.201202,-3748414.282732,5523453.178601,33960.000000,0,false,
SAT_P2_S2,-1595185.807015,-3874969.689155,5517876.940122,34000.000000,0,false,
SAT_P2_S2,-1330794.437639,-3995687.371827,5501725.301485,34040.000000,0,false,
SAT_P2_S2,-1064557.317024,-4110349.254326,5475028.484339,34080.000000,0,false,
SAT_P2_S2,-796944.975866,-4218745.921991,5437836.808745,34120.000000,0,false,
SAT_P2_S2,-528429.425477,-4320676.995799,5390220.594115,34160.000000,0,false,
SAT_P2_S2,-259483.331237,-4415951.499864,5332270.028872,34200.000000,0,false,
SAT_P2_S2,9420.808712,-4504388.240738,5264095.033574,34240.000000,0,false,
SAT_P2_S2,277811.483313,-4585816.171057,5185825.083018,34280.000000,0,false,
SAT_P2_S2,545218.999158,-4660074.690391,5097608.925153,34320.000000,0,false,
SAT_P2_S2,811176.291408,-4727013.996641,4999614.348219,34360.000000,0,false,
SAT_P2_S2,1075219.740837,-4786495.402848,4892027.880982,34400.000000,0,false,
SAT_P2_S2,1336889.980174,-4838391.631973,4775054.451662,34440.000000,0,false,
SAT_P2_S2,1595732.692158,-4882587.089924,4648917.005053,34480.000000,0,false,
SAT_P2_S2,1851299.403638,-4918978.137727,4513856.099952,34520.000000,0,false,
SAT_P2_S2,2103148.277142,-4947473.375287,4370129.500628,34560.000000,0,false,
SAT_P2_S2,2350844.874421,-4967993.842310,4218011.669952,34600.000000,0,false,
SAT_P2_S2,2593962.916443,-4980473.234147,4057793.262807,34640.000000,0,false,
SAT_P2_S2,2832085.035163,-4984858.112079,3889780.599374,34680.000000,0,false,
SAT_P2_S2,3064803.507031,-4981108.080615,3714295.093764,34720.000000,0,false,
SAT_P2_S2,3291720.960774,-4969195.931368,3531672.643124,34760.000000,0,false,
SAT_P2_S2,3512451.070236,-4949107.769680,3342262.989912,34800.000000,0,false,
SAT_P2_S2,3726619.244878,-4920843.146217,3146429.075171,34840.000000,0,false,
SAT_P2_S2,3933863.295072,-4884415.161115,2944546.360811,34880.000000,0,false,
SAT_P2_S2,4133834.036832,-4839850.482483,2737002.078728,34920.000000,0,false,
SAT_P2_S2,4326195.920526,-4787189.419056,2524194.512591,34960.000000,0,false,
SAT_P2_S2,4510627.618793,-4726485.938768,2306532.230864,35000.000000,0,false,
SAT_P2_S2,4686822.576282,-4657807.652815,2084433.293870,35040.000000,0,false,
SAT_P2_S2,4854489.542462,-4581235.787717,1858324.446819,35080.000000,0,false,
SAT_P2_S2,5013353.082303,-4496865.136895,1628640.293604,35120.000000,0,false,
SAT_P2_S2,5163154.042883,-4404803.975531,1395822.449140,35160.000000,0,false,
SAT_P2_S2,5303649.980683,-4305173.942743,1160318.673116,35200.000000,0,false,
SAT_P2_S2,5434615.572476,-4198109.911851,922581.993964,35240.000000,0,false,
SAT_P2_S2,5555843.024442,-4083759.863319,683069.829806,35280.000000,0,false,
SAT_P2_S2,5667142.378543,-3962284.673128,442243.080194,35320.000000,0,false,
SAT_P2_S2,5768341.813833,-3833857.901574,200565.218019,35360.000000,0,false,
SAT_P2_S2,5859287.932485,-3698665.573836,-41498.620556,35400.000000,0,false,
SAT_P2_S2,5939845.994152,-3556905.922110,-283482.555065,35440.000000,0,false,
SAT_P2_S2,6009900.096933,-3408789.094708,-524920.879581,35480.000000,0,false,
SAT_P2_S2,6069353.325257,-3254536.843671,-765348.981439,35520.000000,0,false,
SAT_P2_S2,6118127.892146,-3094382.208735,-1004304.258755,35560.000000,0,false,
SAT_P2_S2,6156165.242077,-2928569.179328,-1241327.032132,35600.000000,0,false,
SAT_P2_S2,6183426.032880,-2757352.283706,-1475961.445807,35640.000000,0,false,
SAT_P2_S2,6199890.177639,-2580996.217765,-1707756.363111,35680.000000,0,false,
SAT_P2_S2,6205556.815222,-2399775.430564,-1936266.252466,35720.000000,0,false,
SAT_P2_S2,6200444.234516,-2213973.689287,-2161052.055092,35760.000000,0,false,
SAT_P2_S2,6184589.752311,-2023883.622075,-2381682.034661,35800.000000,0,false,
SAT_P2_S2,6158049.574909,-1829806.251524,-2597732.615864,35840.000000,0,false,
SAT_P2_S2,6120898.664194,-1632050.528752,-2808789.216048,35880.000000,0,false,
SAT_P2_S2,6073230.484184,-1430932.818649,-3014447.030205,35920.000000,0,false,
SAT_P2_S2,6015156.756094,-1226776.386421,-3214311.808344,35960.000000,0,false,
SAT_P2_S2,5946807.197481,-1019910.878460,-3408000.614344,36000.000000,0,false,
SAT_P2_S4,-1644890.678987,-4729575.443954,-4787957.086786,0.000000,0,false,
SAT_P2_S4,-1456269.830029,-4912921.888439,-4662790.329941,40.000000,0,false,
SAT_P2_S4,-1265919.307242,-5088011.410474,-4528673.627428,80.000000,0,false,
SAT_P2_S4,-1074152.308353,-5254517.848580,-4385862.905844,120.000000,0,false,
SAT_P2_S4,-881282.990795,-5412129.422131,-4234630.848889,160.000000,0,false,
SAT_P2_S4,-687625.965411,-5560549.345669,-4075266.399565,200.000000,0,false,
SAT_P2_S4,-493495.790262,-5699496.420636,-3908074.229114,240.000000,0,false,
SAT_P2_S4,-299206.464239,-5828705.584000,-3733374.161114,280.000000,0,false,
SAT_P2_S4,-105070.922530,-5947928.436289,-3551500.567052,320.000000,0,false,
SAT_P2_S4,88599.463336,-6056933.773558,-3362801.751043,360.000000,0,false,
SAT_P2_S4,281495.380952,-6155508.079433,-3167639.299009,400.000000,0,false,
SAT_P2_S4,473310.071775,-6243455.919008,-2966387.356899,440.000000,0,false,
SAT_P2_S4,663739.814235,-6320600.386520,-2759431.937508,480.000000,0,false,
SAT_P2_S4,852484.404225,-6386783.490487,-2547170.180750,520.000000,0,false,
SAT_P2_S4,1039247.624737,-6441866.493748,-2330009.588066,560.000000,0,false,
SAT_P2_S4,1223737.706630,-6485730.210708,-2108367.231511,600.000000,0,false,
SAT_P2_S4,1405667.784000,-6518275.291321,-1882668.951156,640.000000,0,false,
SAT_P2_S4,1584756.345074,-6539422.508116,-1653348.549352,680.000000,0,false,
SAT_P2_S4,1760727.661723,-6549112.913798,-1420846.929593,720.000000,0,false,
SAT_P2_S4,1933312.215721,-6547308.013345,-1185611.239969,760.000000,0,false,
SAT_P2_S4,2102247.118043,-6533989.911821,-948094.004328,800.000000,0,false,
SAT_P2_S4,2267276.514102,-6509161.404534,-708752.232363,840.000000,0,false,
SAT_P2_S4,2428151.968368,-6472846.008989,-468046.517871,880.000000,0,false,
SAT_P2_S4,2584632.837175,-6425087.960664,-226440.127569,920.000000,0,false,
SAT_P2_S4,2736486.639444,-6365952.202076,15601.915095,960.000000,0,false,
SAT_P2_S4,2883489.404672,-6295524.317401,257613.750614,1000.000000,0,false,
SAT_P2_S4,3025425.973328,-6213910.347273,499129.610276,1040.000000,0,false,
SAT_P2_S4,3162090.314998,-6121236.660331,739684.735171,1080.000000,0,false,
SAT_P2_S4,3293285.813827,-6017649.747945,978816.295079,1120.000000,0,false,
SAT_P2_S4,3418825.527260,-5903315.969855,1216064.297859,1160.000000,0,false,
SAT_P2_S4,3538532.420671,-5778421.253528,1450972.489376,1200.000000,0,false,
SAT_P2_S4,3652239.592757,-5643170.778252,1683089.245369,1240.000000,0,false,
SAT_P2_S4,3759790.499411,-5497788.662492,1911968.454986,1280.000000,0,false,
SAT_P2_S4,3861039.113711,-5342517.526135,2137170.380763,1320.000000,0,false,
SAT_P2_S4,3955850.092757,-5177618.070769,2358262.509746,1360.000000,0,false,
SAT_P2_S4,4044098.934270,-5003368.639816,2574820.392976,1400.000000,0,false,
SAT_P2_S4,4125672.106742,-4820064.729276,2786428.466302,1440.000000,0,false,
SAT_P2_S4,4200467.149646,-4628018.454608,2992680.844246,1480.000000,0,false,
SAT_P2_S4,4268392.759391,-4427557.990789,3193182.096653,1520.000000,0,false,
SAT_P2_S4,4329368.880072,-4219027.009500,3387548.019472,1560.000000,0,false,
SAT_P2_S4,4383326.767268,-4002784.079142,3575406.376355,1600.000000,0,false,
SAT_P2_S4,4430208.982931,-3779201.977377,3756397.581340,1640.000000,0,false,
SAT_P2_S4,4469969.434886,-3548667.053671,3930175.397089,1680.000000,0,false,
SAT_P2_S4,4502573.374330,-3311578.536862,4096407.591027,1720.000000,0,false,
SAT_P2_S4,4527997.367084,-3068347.816559,4254776.553843,1760.000000,0,false,
SAT_P2_S4,4546229.240931,-2819397.698758,4404979.882274,1800.000000,0,false,
SAT_P2_S4,4557268.030203,-2565161.654228,4546730.943534,1840.000000,0,false,
SAT_P2_S4,4561123.929315,-2306083.071573,4679759.430657,1880.000000,0,false,
SAT_P2_S4,4557818.166692,-2042614.442981,4803811.829088,1920.000000,0,false,
SAT_P2_S4,4547382.898621,-1775216.564505,4918651.881783,1960.000000,0,false,
SAT_P2_S4,4529861.097467,-1504357.728765,5024061.030675,2000.000000,0,true,Paris
SAT_P2_S4,4505306.413257,-1230512.896188,5119838.813695,2040.000000,0,true,Paris
SAT_P2_S4,4473783.009385,-954162.853362,5205803.213891,2080.000000,0,true,Paris
SAT_P2_S4,4435365.388652,-675793.363464,5281790.978402,2120.000000,0,true,Paris
SAT_P2_S4,4390138.230544,-395894.317366,5347657.929841,2160.000000,0,true,Paris
SAT_P2_S4,4338196.207956,-114958.877694,5403279.233110,2200.000000,0,true,Paris
SAT_P2_S4,4279643.739459,166517.399683,5448549.567953,2240.000000,0,true,Paris
SAT_P2_S4,4214594.797293,448037.423428,5483383.340851,2280.000000,0,true,Paris
SAT_P2_S4,4143172.679725,729103.438399,5507714.835083,2320.000000,0,true,Paris
SAT_P2_S4,4065509.767236,1009217.894273,5521498.316294,2360.000000,0,true,Paris
SAT_P2_S4,3981747.263713,1287884.313553,5524708.095843,2400.000000,0,true,Paris
SAT_P2_S4,3892034.942410,1564608.160004,5517338.577183,2440.000000,0,true,Paris
SAT_P2_S4,3796530.908139,1838897.707008,5499404.299566,2480.000000,0,false,
SAT_P2_S4,3695401.291637,2110264.897280,5470939.869235,2520.000000,0,false,
SAT_P2_S4,3588819.969091,2378226.201904,5431999.898931,2560.000000,0,false,
SAT_P2_S4,3476968.281330,2642303.478237,5382658.923350,2600.000000,0,false,
SAT_P2_S4,3360034.733702,2902024.820512,5323011.264243,2640.000000,0,false,
SAT_P2_S4,3238214.680390,3156925.393914,5253170.846762,2680.000000,0,false,
SAT_P2_S4,3111710.003828,3406548.261997,5173270.984560,2720.000000,0,false,
SAT_P2_S4,2980728.804324,3650445.218348,5083464.157031,2760.000000,0,false,
SAT_P2_S4,2845485.077984,3888177.599238,4983921.742633,2800.000000,0,false,
SAT_P2_S4,2706198.350959,4119317.049509,4874833.658366,2840.000000,0,false,
SAT_P2_S4,2563093.356381,4343446.313517,4756408.041298,2880.000000,0,false,
SAT_P2_S4,2416399.687632,4560159.997596,4628870.868909,2920.000000,0,false,
SAT_P2_S4,2266351.444482,4769065.305289,4492465.540241,2960.000000,0,false,
SAT_P2_S4,2113186.871621,4969782.748440,4347452.418942,3000.000000,0,false,
SAT_P2_S4,1957148.001197,5161946.853861,4194108.360220,3040.000000,0,false,
SAT_P2_S4,1798480.306580,5345206.875784,4032726.234476,3080.000000,0,false,
SAT_P2_S4,1637432.316994,5519227.423637,3863614.353275,3120.000000,0,false,
SAT_P2_S4,1474255.248187,5683689.102102,3687095.901898,3160.000000,0,false,
SAT_P2_S4,1309202.632980,5838289.138030,3503508.349257,3200.000000,0,false,
SAT_P2_S4,1142529.941769,5982741.968515,3313202.814852,3240.000000,0,false,
SAT_P2_S4,974494.198915,6116779.783704,3116543.399674,3280.000000,0,false,
SAT_P2_S4,805353.597597,6240153.044006,2913906.491555,3320.000000,0,false,
SAT_P2_S4,635367.118432,6352630.996833,2705680.059962,3360.000000,0,false,
SAT_P2_S4,464794.147231,6454002.146867,2492262.921178,3400.000000,0,false,
SAT_P2_S4,293894.082861,6544074.623276,2274063.947482,3440.000000,0,false,
SAT_P2_S4,122925.960835,6622676.594796,2051501.298782,3480.000000,0,false,
SAT_P2_S4,-47851.926912,6689656.619056,1825001.618973,3520.000000,0,false,
SAT_P2_S4,-218182.407551,6744883.948042,1594999.215647,3560.000000,0,false,
SAT_P2_S4,-387809.799719,6788248.782297,1361935.220398,3600.000000,0,false,
SAT_P2_S4,-556480.282389,6819662.504980,1126256.740183,3640.000000,0,false,
SAT_P2_S4,-723942.259119,6839057.922464,888416.009087,3680.000000,0,false,
SAT_P2_S4,-889946.718726,6846389.396903,648869.508206,3720.000000,0,false,
SAT_P2_S4,-1054247.592943,6841632.945408,408077.075588,3760.000000,0,false,
SAT_P2_S4,-1216602.109449,6824786.348614,166501.020449,3800.000000,0,false,
SAT_P2_S4,-1376771.142848,6795869.192664,-75394.781503,3840.000000,0,false,
SAT_P2_S4,-1534519.554218,6754922.851551,-317145.795480,3880.000000,0,false,
SAT_P2_S4,-1689616.524549,6702010.426159,-558287.739025,3920.000000,0,false,
SAT_P2_S4,-1841835.888183,6637216.670072,-798357.496986,3960.000000,0,false,
SAT_P2_S4,-1990956.460480,6560647.886519,-1036894.035645,4000.000000,0,false,
SAT_P2_S4,-2136762.329559,6472431.673734,-1273439.303650,4040.000000,0,false,
SAT_P2_S4,-2279043.162893,6372716.734485,-1507539.133219,4080.000000,0,false,
SAT_P2_S4,-2417594.495475,6261672.611250,-1738744.130112,4120.000000,0,false,
SAT_P2_S4,-2552218.001807,6139489.372291,-1966610.547841,4160.000000,0,false,
SAT_P2_S4,-2682721.751121,6006377.245873,-2190701.144395,4200.000000,0,false,
SAT_P2_S4,-2808920.456132,5862566.233389,-2410586.026688,4240.000000,0,false,
SAT_P2_S4,-2930635.723557,5708305.728967,-2625843.486886,4280.000000,0,false,
SAT_P2_S4,-3047696.268885,5543864.038191,-2836060.804225,4320.000000,0,false,
SAT_P2_S4,-3159938.122104,5369527.868350,-3040835.029510,4360.000000,0,false,
SAT_P2_S4,-3267204.837887,5185601.833300,-3239773.760360,4400.000000,0,false,
SAT_P2_S4,-3369347.687489,4992407.901029,-3432495.892200,4440.000000,0,false,
SAT_P2_S4,-3466225.829073,4790284.799099,-3618632.335871,4480.000000,0,false,
SAT_P2_S4,-3557706.466538,4579587.390419,-3797826.711561,4520.000000,0,false,
SAT_P2_S4,-3643665.011937,4360686.043786,-3969736.033594,4560.000000,0,false,
SAT_P2_S4,-3723985.242856,4133965.989716,-4134031.376188,4600.000000,0,false,
SAT_P2_S4,-3798559.393294,3899826.569323,-4290398.454818,4640.000000,0,false,
SAT_P2_S4,-3867288.285731,3658680.540974,-4438538.233776,4680.000000,0,false,
SAT_P2_S4,-3930081.435309,3410953.337419,-4578167.488281,4720.000000,0,false,
SAT_P2_S4,-3986857.135720,3157082.298634,-4709019.328302,4760.000000,0,false,
SAT_P2_S4,-4037542.525138,2897515.878208,-4830843.681448,4800.000000,0,false,
SAT_P2_S4,-4082073.649750,2632712.840711,-4943407.754438,4840.000000,0,false,
SAT_P2_S4,-4120395.539876,2363141.466266,-5046496.490073,4880.000000,0,false,
SAT_P2_S4,-4152462.234847,2089278.703604,-5139912.944755,4920.000000,0,false,
SAT_P2_S4,-4178236.799970,1811609.311239,-5223478.636235,4960.000000,0,false,
SAT_P2_S4,-4197691.359737,1530625.011814,-5297033.889447,5000.000000,0,false,
SAT_P2_S4,-4210807.106188,1246823.618997,-5360438.132383,5040.000000,0,false,
SAT_P2_S4,-4217574.285668,960708.153611,-5413570.142981,5080.000000,0,false,
SAT_P2_S4,-4217992.175063,672785.951361,-5456328.260991,5120.000000,0,false,
SAT_P2_S4,-4212069.066255,383567.769935,-5488630.588362,5160.000000,0,false,
SAT_P2_S4,-4199822.249670,93566.895342,-5510415.165947,5200.000000,0,false,
SAT_P2_S4,-4181277.923213,-196701.776018,-5521640.031264,5240.000000,0,false,
SAT_P2_S4,-4156471.156451,-486722.635222,-5522283.323770,5280.000000,0,false,
SAT_P2_S4,-4125445.826539,-775980.269520,-5512343.330492,5320.000000,0,false,
SAT_P2_S4,-4088254.539736,-1063960.368022,-5491838.488782,5360.000000,0,false,
SAT_P2_S4,-4044958.534666,-1350150.624670,-5460807.341189,5400.000000,0,false,
SAT_P2_S4,-3995627.595087,-1634041.642559,-5419308.479324,5440.000000,0,false,
SAT_P2_S4,-3940339.963496,-1915127.836330,-5367420.465110,5480.000000,0,false,
SAT_P2_S4,-3879182.209274,-2192908.323705,-5305241.667874,5520.000000,0,false,
SAT_P2_S4,-3812249.120904,-2466887.823648,-5232890.110705,5560.000000,0,false,
SAT_P2_S4,-3739643.571718,-2736577.539036,-5150503.257664,5600.000000,0,false,
SAT_P2_S4,-3661476.370449,-3001496.027874,-5058237.757575,5640.000000,0,false,
SAT_P2_S4,-3577866.112891,-3261170.073686,-4956269.167260,5680.000000,0,false,
SAT_P2_S4,-3488939.044541,-3515135.559960,-4844791.667819,5720.000000,0,false,
SAT_P2_S4,-3394828.863180,-3762938.291912,-4724017.675994,5760.000000,0,false,
SAT_P2_S4,-3295676.538109,-4004134.822740,-4594177.457276,5800.000000,0,false,
SAT_P2_S4,-3191630.128776,-4238293.270918,-4455518.716979,5840.000000,0,false,
SAT_P2_S4,-3082844.585026,-4464994.111000,-4308306.144968,5880.000000,0,false,
SAT_P2_S4,-2969481.531093,-4683830.932708,-4152820.917152,5920.000000,0,false,
SAT_P2_S4,-2851709.043997,-4894411.183271,-3989360.169420,5960.000000,0,false,
SAT_P2_S4,-2729701.441434,-5096356.911478,-3818236.465185,6000.000000,0,false,
SAT_P2_S4,-2603639.058363,-5289305.482555,-3639777.227672,6040.000000,0,false,
SAT_P2_S4,-2473707.975195,-5472910.218358,-3454324.086883,6080.000000,0,false,
SAT_P2_S4,-2340099.787729,-5646841.076145,-3262232.266536,6120.000000,0,false,
SAT_P2_S4,-2203011.347095,-5810785.281435,-3063869.912426,6160.000000,0,false,
SAT_P2_S4,-2062644.489728,-5964447.919588,-2859617.390393,6200.000000,0,false,
SAT_P2_S4,-1919205.755529,-6107552.487583,-2649866.552732,6240.000000,0,false,
SAT_P2_S4,-1772906.103250,-6239841.431794,-2435019.986596,6280.000000,0,false,
SAT_P2_S4,-1623960.629261,-6361076.685779,-2215490.253211,6320.000000,0,false,
SAT_P2_S4,-1472588.252719,-6471040.084774,-1991699.068391,6360.000000,0,false,
SAT_P2_S4,-1319011.408106,-6569533.786430,-1764076.482225,6400.000000,0,false,
SAT_P2_S4,-1163455.736580,-6656380.667835,-1533060.046642,6440.000000,0,false,
SAT_P2_S4,-1006149.767920,-6731424.665374,-1299093.960786,6480.000000,0,false,
SAT_P2_S4,-847324.595875,-6794531.056269,-1062628.199439,6520.000000,0,false,
SAT_P2_S4,-687213.550966,-6845586.705907,-824117.631176,6560.000000,0,false,
SAT_P2_S4,-526051.877397,-6884500.312341,-584021.135577,6600.000000,0,false,
SAT_P2_S4,-364076.406912,-6911202.601265,-342800.710959,6640.000000,0,false,
SAT_P2_S4,-201525.212796,-6925646.397064,-100920.553542,6680.000000,0,false,
SAT_P2_S4,-38637.282495,-6927806.757272,141153.842414,6720.000000,0,false,
SAT_P2_S4,124347.823897,-6917681.027709,382956.604196,6760.000000,0,false,
SAT_P2_S4,287190.314493,-6895288.842835,624022.398532,6800.000000,0,false,
SAT_P2_S4,449650.508165,-6860672.071786,863887.349248,6840.000000,0,false,
SAT_P2_S4,611489.179913,-6813894.742091,1102089.955827,6880.000000,0,false,
SAT_P2_S4,772467.908556,-6755042.959667,1338172.012296,6920.000000,0,false,
SAT_P2_S4,932349.418065,-6684224.683306,1571679.506851,6960.000000,0,false,
SAT_P2_S4,1090897.920199,-6601569.506769,1802163.517250,7000.000000,0,false,
SAT_P2_S4,1247879.455730,-6507228.414318,2029181.096166,7040.000000,0,false,
SAT_P2_S4,1403062.230179,-6401373.473974,2252296.138119,7080.000000,0,false,
SAT_P2_S4,1556216.941175,-6284197.473007,2471080.223131,7120.000000,0,false,
SAT_P2_S4,1707117.101518,-6155913.520444,2685113.442610,7160.000000,0,false,
SAT_P2_S4,1855539.362080,-6016754.649525,2893985.214385,7200.000000,0,false,
SAT_P2_S4,2001263.825402,-5866973.376958,3097295.071926,7240.000000,0,false,
SAT_P2_S4,2144074.340432,-5706841.146200,3294653.408901,7280.000000,0,false,
SAT_P2_S4,2283758.806314,-5536647.842973,3485682.227292,7320.000000,0,false,
SAT_P2_S4,2420109.466551,-5356701.240186,3670015.855291,7360.000000,0,false,
SAT_P2_S4,2552923.190889,-5167326.406323,3847301.631569,7400.000000,0,false,
SAT_P2_S4,2682001.747463,-4968865.077214,4017200.558271,7440.000000,0,false,
SAT_P2_S4,2807152.076052,-4761675.018096,4179387.938989,7480.000000,0,false,
SAT_P2_S4,2928186.568125,-4546129.392741,4333554.010684,7520.000000,0,false,
SAT_P2_S4,3044923.306653,-4322616.029119,4479404.493209,7560.000000,0,false,
SAT_P2_S4,3157186.316546,-4091536.702908,4616661.136328,7600.000000,0,false,
SAT_P2_S4,3264805.814665,-3853306.411001,4745062.245769,7640.000000,0,false,
SAT_P2_S4,3367618.446037,-3608352.608681,4864363.166566,7680.000000,0,false,
SAT_P2_S4,3465467.503611,-3357114.418270,4974336.720761,7720.000000,0,false,
SAT_P2_S4,3558203.143374,-3100041.822780,5074773.615616,7760.000000,0,false,
SAT_P2_S4,3645682.609357,-2837594.864224,5165482.843243,7800.000000,0,false,
SAT_P2_S4,3727770.445546,-2570242.822593,5246292.038915,7840.000000,0,false,
SAT_P2_S4,3804338.659881,-2298463.331687,5317047.747143,7880.000000,0,false,
SAT_P2_S4,3875266.928769,-2022741.544252,5377615.723777,7920.000000,0,false,
SAT_P2_S4,3940442.775253,-1743569.259019,5427881.177444,7960.000000,0,false,
SAT_P2_S4,3999761.730821,-1461444.038826,5467748.965758,8000.000000,0,true,Paris
SAT_P2_S4,4053127.482043,-1176868.318285,5497143.747805,8040.000000,0,true,Paris
SAT_P2_S4,4100452.019129,-890348.511018,5516010.117156,8080.000000,0,true,Paris
SAT_P2_S4,4141655.796171,-602394.123730,5524312.729699,8120.000000,0,true,Paris
SAT_P2_S4,4176667.828932,-313516.843643,5522036.321625,8160.000000,0,true,Paris
SAT_P2_S4,4205425.810631,-24229.638145,5509185.730927,8200.000000,0,true,Paris
SAT_P2_S4,4227876.228138,264954.142456,5485785.897236,8240.000000,0,true,Paris
SAT_P2_S4,4243974.459012,553521.665357,5451881.812677,8280.000000,0,true,Paris
SAT_P2_S4,4253684.848507,840961.511674,5407538.424124,8320.000000,0,true,Paris
SAT_P2_S4,4256980.781408,1126764.570236,5352840.505945,8360.000000,0,true,Paris
SAT_P2_S4,4253844.768128,1410424.928581,5287892.528483,8400.000000,0,true,Paris
SAT_P2_S4,4244268.516246,1691440.757890,5212818.485442,8440.000000,0,true,Paris
SAT_P2_S4,4228252.940340,1969315.192054,5127761.619328,8480.000000,0,true,Paris
SAT_P2_S4,4205808.226736,2243557.200700,5032884.196807,8520.000000,0,false,
SAT_P2_S4,4176953.862892,2513682.459807,4928367.216478,8560.000000,0,false,
SAT_P2_S4,4141718.649569,2779214.205118,4814410.075746,8600.000000,0,false,
SAT_P2_S4,4100140.695245,3039684.070949,4691230.196356,8640.000000,0,false,
SAT_P2_S4,4052267.410463,3294632.924670,4559062.630186,8680.000000,0,false,
SAT_P2_S4,3998155.512633,3543611.701582,4418159.658357,8720.000000,0,false,
SAT_P2_S4,3937870.963310,3786182.185730,4268790.293482,8760.000000,0,false,
SAT_P2_S4,3871488.921627,4021917.792159,4111239.783826,8800.000000,0,false,
SAT_P2_S4,3799093.694992,4250404.338132,3945809.097293,8840.000000,0,false,
SAT_P2_S4,3720778.666813,4471240.786492,3772814.362855,8880.000000,0,false,
SAT_P2_S4,3636646.202111,4684039.955060,3592586.272997,8920.000000,0,false,
SAT_P2_S4,3546807.543636,4888429.207460,3405469.460640,8960.000000,0,false,
SAT_P2_S4,3451382.716003,5084051.144203,3211821.869030,9000.000000,0,false,
SAT_P2_S4,3350500.412417,5270564.262077,3012014.089754,9040.000000,0,false,
SAT_P2_S4,3244297.820126,5447643.534099,2806428.625578,9080.000000,0,false,
SAT_P2_S4,3132920.491959,5614981.028557,2595459.188524,9120.000000,0,false,
SAT_P2_S4,3016522.176582,5772286.471255,2379509.944755,9160.000000,0,false,
SAT_P2_S4,2895264.632017,5919287.766373,2158994.735936,9200.000000,0,false,
SAT_P2_S4,2769317.430638,6055731.495664,1934336.283623,9240.000000,0,false,
SAT_P2_S4,2638857.751552,6181383.387488,1705965.375051,9280.000000,0,false,
SAT_P2_S4,2504070.150527,6296028.728152,1474320.025921,9320.000000,0,false,
SAT_P2_S4,2365146.315113,6399472.732778,1239844.627179,9360.000000,0,false,
SAT_P2_S4,2222284.817389,6491540.902560,1002989.085762,9400.000000,0,false,
SAT_P2_S4,2075690.865925,6572079.367415,764207.962109,9440.000000,0,false,
SAT_P2_S4,1925576.004919,6640955.091385,523959.571968,9480.000000,0,false,
SAT_P2_S4,1772157.838371,6698056.122923,282705.104933,9520.000000,0,false,
SAT_P2_S4,1615659.735533,6743291.792117,40907.729679,9560.000000,0,false,
SAT_P2_S4,1456310.523368,6776592.857110,-200968.305495,9600.000000,0,false,
SAT_P2_S4,1294344.165309,6797911.594494,-442458.574576,9640.000000,0,false,
SAT_P2_S4,1129999.432850,6807221.863085,-683099.377793,9680.000000,0,false,
SAT_P2_S4,963519.577830,6804519.171338,-922428.646610,9720.000000,0,false,
SAT_P2_S4,795151.984243,6789820.652659,-1159986.845249,9760.000000,0,false,
SAT_P2_S4,625147.803068,6763164.970114,-1395317.868460,9800.000000,0,false,
SAT_P2_S4,453761.596192,6724612.251855,-1627969.934235,9840.000000,0,false,
SAT_P2_S4,281250.962762,6674243.952788,-1857496.470103,9880.000000,0,false,
SAT_P2_S4,107876.159701,6612162.659386,-2083456.981888,9920.000000,0,false,
SAT_P2_S4,-66100.284251,6538491.850260,-2305417.908034,9960.000000,0,false,
SAT_P2_S4,-240413.958489,6453375.643624,-2522953.465399,10000.000000,0,false,
SAT_P2_S4,-414798.962513,6356978.532907,-2735646.483769,10040.000000,0,false,
SAT_P2_S4,-588988.305988,6249484.977581,-2943089.190509,10080.000000,0,false,
SAT_P2_S4,-762714.306735,6131099.050184,-3144883.998853,10120.000000,0,false,
SAT_P2_S4,-935708.993245,6002044.030709,-3340644.271402,10160.000000,0,false,
SAT_P2_S4,-1107704.507034,5862561.957161,-3529995.054653,10200.000000,0,false,
SAT_P2_S4,-1278433.503482,5712913.129719,-3712573.780865,10240.000000,0,false,
SAT_P2_S4,-1447629.554805,5553375.595658,-3888030.950951,10280.000000,0,false,
SAT_P2_S4,-1615027.557865,5384244.643511,-4056030.812124,10320.000000,0,false,
SAT_P2_S4,-1780364.134074,5205832.224148,-4216251.983188,10360.000000,0,false,
SAT_P2_S4,-1943378.025606,5018466.318086,-4368388.038275,10400.000000,0,false,
SAT_P2_S4,-2103810.497771,4822490.341107,-4512148.095671,10440.000000,0,false,
SAT_P2_S4,-2261405.737603,4618262.495002,-4647257.363540,10480.000000,0,false,
SAT_P2_S4,-2415911.243013,4406155.085695,-4773457.642447,10520.000000,0,false,
SAT_P2_S4,-2567078.207791,4186553.817022,-4890507.793659,10560.000000,0,false,
SAT_P2_S4,-2714661.911440,3959857.083380,-4998184.193140,10600.000000,0,false,
SAT_P2_S4,-2858422.112641,3726475.263658,-5096281.170400,10640.000000,0,false,
SAT_P2_S4,-2998123.404459,3486829.921462,-5184611.340051,10680.000000,0,false,
SAT_P2_S4,-3133535.593207,3241353.055937,-5263005.961970,10720.000000,0,false,
SAT_P2_S4,-3264434.068732,2990486.322442,-5331315.256555,10760.000000,0,false,
SAT_P2_S4,-3390600.163961,2734680.234462,-5389408.676691,10800.000000,0,false,
SAT_P2_S4,-3511821.500849,2474393.346746,-5437175.132559,10840.000000,0,false,
SAT_P2_S4,-3627892.336197,2210091.432673,-5474523.191410,10880.000000,0,false,
SAT_P2_S4,-3738613.920695,1942246.670304,-5501381.275136,10920.000000,0,false,
SAT_P2_S4,-3843794.826849,1671336.799245,-5517697.784150,10960.000000,0,false,
SAT_P2_S4,-3943251.256507,1397844.256760,-5523441.164199,11000.000000,0,false,
SAT_P2_S4,-4036807.372806,1122255.339087,-5518599.991647,11040.000000,0,false,
SAT_P2_S4,-4124295.610835,845059.341440,-5503183.000312,11080.000000,0,false,
SAT_P2_S4,-4205556.969229,566747.694995,-5477219.059896,11120.000000,0,false,
SAT_P2_S4,-4280441.288321,287813.100537,-5440757.112932,11160.000000,0,false,
SAT_P2_S4,-4348807.552713,8748.668959,-5393866.122156,11200.000000,0,false,
SAT_P2_S4,-4410524.147953,-269952.943824,-5336634.934464,11240.000000,0,false,
SAT_P2_S4,-4465469.119018,-547800.400695,-5269172.124175,11280.000000,0,false,
SAT_P2_S4,-4513530.425864,-824304.543492,-5191605.810830,11320.000000,0,false,
SAT_P2_S4,-4554606.170303,-1098979.247775,-5104083.420846,11360.000000,0,false,
SAT_P2_S4,-4588604.813782,-1371342.273987,-5006771.416695,11400.000000,0,false,
SAT_P2_S4,-4615445.406146,-1640916.117338,-4899855.017294,11440.000000,0,false,
SAT_P2_S4,-4635057.802987,-1907228.850273,-4783537.885356,11480.000000,0,false,
SAT_P2_S4,-4647382.804109,-2169814.946413,-4658041.705831,11520.000000,0,false,
SAT_P2_S4,-4652372.350551,-2428216.106233,-4523605.813660,11560.000000,0,false,
SAT_P2_S4,-4649989.679806,-2681982.071682,-4380486.755615,11600.000000,0,false,
SAT_P2_S4,-4640209.458389,-2930671.420990,-4228957.813879,11640.000000,0,false,
SAT_P2_S4,-4623017.889576,-3173852.344097,-4069308.489424,11680.000000,0,false,
SAT_P2_S4,-4598412.816243,-3411103.409894,-3901843.965128,11720.000000,0,false,
SAT_P2_S4,-4566403.833273,-3642014.332101,-3726884.563380,11760.000000,0,false,
SAT_P2_S4,-4527012.325550,-3866186.679786,-3544765.121546,11800.000000,0,false,
SAT_P2_S4,-4480271.509022,-4083234.580898,-3355834.358282,11840.000000,0,false,
SAT_P2_S4,-4426226.472937,-4292785.417333,-3160454.229104,11880.000000,0,false,
SAT_P2_S4,-4364934.189832,-4494480.489427,-2958999.241478,11920.000000,0,false,
SAT_P2_S4,-4296463.494928,-4687975.642871,-2751855.736771,11960.000000,0,false,
SAT_P2_S4,-4220895.048306,-4872941.873211,-2539421.148334,12000.000000,0,false,
SAT_P2_S4,-4138321.300255,-5049065.927784,-2322103.250351,12040.000000,0,false,
SAT_P2_S4,-4048846.438379,-5216050.880563,-2100319.385100,12080.000000,0,false,
SAT_P2_S4,-3952586.248720,-5373616.611477,-1874495.625593,12120.000000,0,false,
SAT_P2_S4,-3849668.029273,-5521500.329342,-1645065.966901,12160.000000,0,false,
SAT_P2_S4,-3740230.453993,-5659457.038284,-1412471.478135,12200.000000,0,false,
SAT_P2_S4,-3624423.411159,-5787259.960121,-1177159.438441,12240.000000,0,false,
SAT_P2_S4,-3502407.813564,-5904700.911378,-939582.456368,12280.000000,0,false,
SAT_P2_S4,-3374355.397369,-6011590.660355,-700197.580449,12320.000000,0,false,
SAT_P2_S4,-3240448.522441,-6107759.281691,-459465.407500,12360.000000,0,false,
SAT_P2_S4,-3100879.906483,-6193056.398760,-217849.168702,12400.000000,0,false,
SAT_P2_S4,-2955852.356388,-6267351.415400,24186.184061,12440.000000,0,false,
SAT_P2_S4,-2805578.495890,-6330533.734260,266174.890927,12480.000000,0,false,
SAT_P2_S4,-2650280.463123,-6382512.918226,507651.302371,12520.000000,0,false,
SAT_P2_S4,-2490189.583370,-6423218.794702,748150.794486,12560.000000,0,false,
SAT_P2_S4,-2325546.025691,-6452601.524362,987210.681971,12600.000000,0,false,
SAT_P2_S4,-2156598.457616,-6470631.664644,1224371.128736,12640.000000,0,false,
SAT_P2_S4,-1983603.685723,-6477300.196112,1459176.051333,12680.000000,0,false,
SAT_P2_S4,-1806826.238126,-6472618.415785,1691174.008325,12720.000000,0,false,
SAT_P2_S4,-1626537.980133,-6456617.899043,1919919.085195,12760.000000,0,false,
SAT_P2_S4,-1443017.695559,-6429350.385806,2144971.768406,12800.000000,0,false,
SAT_P2_S4,-1256550.654087,-6390887.619636,2365899.799903,12840.000000,0,false,
SAT_P2_S4,-1067428.162608,-6341321.138253,2582279.011931,12880.000000,0,false,
SAT_P2_S4,-875947.108160,-6280762.046370,2793694.150298,12920.000000,0,false,
SAT_P2_S4,-682409.499013,-6209340.793121,2999739.691177,12960.000000,0,false,
SAT_P2_S4,-487121.976375,-6127206.830417,3200020.608286,13000.000000,0,false,
SAT_P2_S4,-290395.323324,-6034528.268860,3394153.127798,13040.000000,0,false,
SAT_P2_S4,-92543.970983,-5931491.528510,3581765.469286,13080.000000,0,false,
SAT_P2_S4,106114.508073,-5818300.936076,3762498.554413,13120.000000,0,false,
SAT_P2_S4,305259.911650,-5695178.275668,3936006.677565,13160.000000,0,false,
SAT_P2_S4,504569.924972,-5562362.312677,4101958.149854,13200.000000,0,false,
SAT_P2_S4,703720.640856,-5420108.319586,4260035.932027,13240.000000,0,false,
SAT_P2_S4,902387.081148,-5268687.577098,4409938.237020,13280.000000,0,false,
SAT_P2_S4,1100243.721758,-5108386.765019,4551379.048714,13320.000000,0,false,
SAT_P2_S4,1296965.015593,-4939507.426953,4684088.667370,13360.000000,0,false,
SAT_P2_S4,1492225.918585,-4762365.378058,4807814.203738,13400.000000,0,false,
SAT_P2_S4,1685702.411606,-4577290.087617,4922320.032633,13440.000000,0,false,
SAT_P2_S4,1877072.019785,-4384624.034895,5027388.205843,13480.000000,0,false,
SAT_P2_S4,2066014.334406,-4184722.062934,5122818.845803,13520.000000,0,false,
SAT_P2_S4,2252211.540333,-3977950.748691,5208430.535312,13560.000000,0,false,
SAT_P2_S4,2435348.927632,-3764687.694652,5284060.615071,13600.000000,0,false,
SAT_P2_S4,2615115.407833,-3545320.830989,5349565.470924,13640.000000,0,false,
SAT_P2_S4,2791204.034878,-3320247.725062,5404820.808701,13680.000000,0,false,
SAT_P2_S4,2963312.521804,-3089874.860795,5449721.881015,13720.000000,0,false,
SAT_P2_S4,3131143.745498,-2854616.899198,5484183.664882,13760.000000,0,false,
SAT_P2_S4,3294406.249375,-2614895.928435,5508141.006791,13800.000000,0,false,
SAT_P2_S4,3452814.756263,-2371140.718285,5521548.759089,13840.000000,0,false,
SAT_P2_S4,3606090.675321,-2123785.966601,5524381.881298,13880.000000,0,false,
SAT_P2_S4,3753962.558901,-1873271.494420,5516635.427572,13920.000000,0,false,
SAT_P2_S4,3896166.598096,-1620041.484267,5498324.583926,13960.000000,0,false,
SAT_P2_S4,4032447.092756,-1364543.693713,5469484.637727,14000.000000,0,true,Paris
SAT_P2_S4,4162556.904371,-1107228.666420,5430170.903370,14040.000000,0,true,Paris
SAT_P2_S4,4286257.891386,-848548.939348,5380458.602925,14080.000000,0,true,Paris
SAT_P2_S4,4403321.343561,-588958.254597,5320442.726718,14120.000000,0,true,Paris
SAT_P2_S4,4513528.426907,-328910.782979,5250237.891974,14160.000000,0,true,Paris
SAT_P2_S4,4616670.569761,-68860.331358,5169978.100674,14200.000000,0,true,Paris
SAT_P2_S4,4712549.854769,190740.439585,5079816.489383,14240.000000,0,true,Paris
SAT_P2_S4,4800979.415487,449440.788480,4979925.068561,14280.000000,0,true,Paris
SAT_P2_S4,4881783.809686,706792.668181,4870494.411995,14320.000000,0,true,Paris
SAT_P2_S4,4954799.365519,962351.491944,4751733.300719,14360.000000,0,true,Paris
SAT_P2_S4,5019874.515861,1215676.894618,4623868.335964,14400.000000,0,true,Paris
SAT_P2_S4,5076870.142314,1466333.491233,4487143.543109,14440.000000,0,true,Paris
SAT_P2_S4,5125659.904173,1713891.627088,4341819.944222,14480.000000,0,false,
SAT_P2_S4,5166130.478991,1957928.108080,4188175.028944,14520.000000,0,false,
SAT_P2_S4,5198181.863631,2198026.931598,4026502.271131,14560.000000,0,false,
SAT_P2_S4,5221727.627391,2433780.004445,3857110.584259,14600.000000,0,false,
SAT_P2_S4,5236695.136986,2664787.840999,3680323.742559,14640.000000,0,false,
SAT_P2_S4,5243025.751191,2890660.242141,3496479.766190,14680.000000,0,false,
SAT_P2_S4,5240675.007638,3111016.964829,3305930.288523,14720.000000,0,false,
SAT_P2_S4,5229612.817957,3325488.388353,3109039.919013,14760.000000,0,false,
SAT_P2_S4,5209823.576005,3533716.130562,2906185.533567,14800.000000,0,false,
SAT_P2_S4,5181306.266550,3735353.656281,2697755.557366,14840.000000,0,false,
SAT_P2_S4,5144074.573701,3930066.877902,2484149.239379,14880.000000,0,false,
SAT_P2_S4,5098156.938183,4117534.719506,2265775.886158,14920.000000,0,false,
SAT_P2_S4,5043596.592577,4297449.658223,2043054.077197,14960.000000,0,false,
SAT_P2_S4,4980451.580184,4469518.250807,1816410.862395,15000.000000,0,false,
SAT_P2_S4,4908794.741381,4633461.629043,1586280.938218,15040.000000,0,false,
SAT_P2_S4,4828713.658039,4789015.953791,1353105.801928,15080.000000,0,false,
SAT_P2_S4,4740310.576018,4935932.846324,1117332.892033,15120.000000,0,false,
SAT_P2_S4,4643702.327765,5073979.816525,879414.723668,15160.000000,0,false,
SAT_P2_S4,4539020.208523,5202940.640425,639808.008214,15200.000000,0,false,
SAT_P2_S4,4426409.782161,5322615.665667,398972.751304,15240.000000,0,false,
SAT_P2_S4,4306030.723838,5432822.144770,157371.363773,15280.000000,0,false,
SAT_P2_S4,4178056.611389,5533394.514686,-84532.241413,15320.000000,0,false,
SAT_P2_S4,4042674.682985,5624184.630791,-326273.552872,15360.000000,0,false,
SAT_P2_S4,3900085.564821,5705061.962489,-567388.365397,15400.000000,0,false,
SAT_P2_S4,3750502.989548,5775913.776376,-807413.683539,15440.000000,0,false,
SAT_P2_S4,3594153.514352,5836645.316224,-1045888.622021,15480.000000,0,false,
SAT_P2_S4,3431276.146957,5887179.862768,-1282355.302511,15520.000000,0,false,
SAT_P2_S4,3262121.994808,5927458.820245,-1516359.743774,15560.000000,0,false,
SAT_P2_S4,3086953.889055,5957441.770330,-1747452.747390,15600.000000,0,false,
SAT_P2_S4,2906045.976249,5977106.478850,-1975190.772908,15640.000000,0,false,
SAT_P2_S4,2719683.280725,5986448.853016,-2199136.795637,15680.000000,0,false,
SAT_P2_S4,2528161.248714,5985482.872241,-2418861.153522,15720.000000,0,false,
SAT_P2_S4,2331785.288971,5974240.519715,-2633942.390000,15760.000000,0,false,
SAT_P2_S4,2130870.283198,5952771.656356,-2843968.070184,15800.000000,0,false,
SAT_P2_S4,1925740.051268,5921143.809581,-3048535.560056,15840.000000,0,false,
SAT_P2_S4,1716726.839222,5879442.008457,-3247252.809752,15880.000000,0,false,
SAT_P2_S4,1504170.774343,5827768.558223,-3439739.106257,15920.000000,0,false,
SAT_P2_S4,1288419.304020,5766242.773027,-3625625.793313,15960.000000,0,false,
SAT_P2_S4,1069826.619118,5695000.673974,-3804556.962593,16000.000000,0,false,
SAT_P2_S4,848753.071163,5614194.681186,-3976190.130313,16040.000000,0,false,
SAT_P2_S4,625564.588442,5523993.311340,-4140196.903761,16080.000000,0,false,
SAT_P2_S4,400632.054184,5424580.757384,-4296263.568401,16120.000000,0,false,
SAT_P2_S4,174330.694474,5316156.507593,-4444091.680898,16160.000000,0,false,
SAT_P2_S4,-52960.544922,5198934.940050,-4583398.634425,16200.000000,0,false,
SAT_P2_S4,-280859.632226,5073144.881021,-4713918.184807,16240.000000,0,false,
SAT_P2_S4,-508982.088906,4939029.128736,-4835400.932899,16280.000000,0,false,
SAT_P2_S4,-736941.634849,4796843.962624,-4947614.780449,16320.000000,0,false,
SAT_P2_S4,-964350.838232,4646858.662350,-5050345.379555,16360.000000,0,false,
SAT_P2_S4,-1190821.767097,4489354.988570,-5143396.529745,16400.000000,0,false,
SAT_P2_S4,-1415966.643671,4324626.601088,-5226590.500866,16440.000000,0,false,
SAT_P2_S4,-1639398.499398,4152978.528634,-5299768.381341,16480.000000,0,false,
SAT_P2_S4,-1860731.833454,3974726.596385,-5362790.370383,16520.000000,0,false,
SAT_P2_S4,-2079583.265230,3790196.833222,-5415536.024107,16560.000000,0,false,
SAT_P2_S4,-2295572.184206,3599724.862194,-5457904.461549,16600.000000,0,false,
SAT_P2_S4,-2508321.404031,3403655.294096,-5489814.554814,16640.000000,0,false,
SAT_P2_S4,-2717457.822229,3202341.132753,-5511205.112440,16680.000000,0,false,
SAT_P2_S4,-2922613.051201,2996143.107446,-5522034.946437,16720.000000,0,false,
SAT_P2_S4,-3123424.062226,2785429.040361,-5522282.960260,16760.000000,0,false,
SAT_P2_S4,-3319533.827115,2570573.203602,-5511948.202083,16800.000000,0,false,
SAT_P2_S4,-3510591.949177,2351955.660606,-5491049.870575,16840.000000,0,false,
SAT_P2_S4,-3696255.277782,2129961.595482,-5459627.270750,16880.000000,0,false,
SAT_P2_S4,-3876188.521087,1904980.640507,-5417739.743408,16920.000000,0,false,
SAT_P2_S4,-4050064.873895,1677406.216052,-5365466.597615,16960.000000,0,false,
SAT_P2_S4,-4217566.590722,1447634.837552,-5302906.937496,17000.000000,0,false,
SAT_P2_S4,-4378385.584372,1216065.439590,-5230179.506371,17040.000000,0,false,
SAT_P2_S4,-4532223.996518,983098.691770,-5147422.474030,17080.000000,0,false,
SAT_P2_S4,-4678794.747258,749136.311096,-5054793.178463,17120.000000,0,false,
SAT_P2_S4,-4817822.082504,514580.376892,-4952467.845596,17160.000000,0,false,
SAT_P2_S4,-4949042.134193,279832.653929,-4840641.306354,17200.000000,0,false,
SAT_P2_S4,-5072203.416881,45293.904978,-4719526.622542,17240.000000,0,false,
SAT_P2_S4,-5187067.317187,-188636.792474,-4589354.688664,17280.000000,0,false,
SAT_P2_S4,-5293408.592964,-421562.719774,-4450373.830799,17320.000000,0,false,
SAT_P2_S4,-5391015.839614,-653090.192417,-4302849.352629,17360.000000,0,false,
SAT_P2_S4,-5479691.921364,-882829.226050,-4147063.037922,17400.000000,0,false,
SAT_P2_S4,-5559254.382131,-1110394.196394,-3983312.620682,17440.000000,0,false,
SAT_P2_S4,-5629535.859241,-1335404.495288,-3811911.242580,17480.000000,0,false,
SAT_P2_S4,-5690384.482292,-1557485.177959,-3633186.886505,17520.000000,0,false,
SAT_P2_S4,-5741664.163072,-1776267.587292,-3447481.715558,17560.000000,0,false,
SAT_P2_S4,-5783254.946163,-1991389.978444,-3255151.450190,17600.000000,0,false,
SAT_P2_S4,-5815053.305693,-2202498.129176,-3056564.693767,17640.000000,0,false,
SAT_P2_S4,-5836972.405809,-2409245.930888,-2852102.228631,17680.000000,0,false,
SAT_P2_S4,-5848942.321156,-2611295.959827,-2642156.280983,17720.000000,0,false,
SAT_P2_S4,-5850910.243186,-2808320.038093,-2427129.769317,17760.000000,0,false,
SAT_P2_S4,-5842840.693786,-2999999.791406,-2207435.549084,17800.000000,0,false,
SAT_P2_S4,-5824715.643126,-3186027.162409,-1983495.603445,17840.000000,0,false,
SAT_P2_S4,-5796534.608534,-3366104.910365,-1755740.219915,17880.000000,0,false,
SAT_P2_S4,-5758314.758333,-3539947.105616,-1524607.166308,17920.000000,0,false,
SAT_P2_S4,-5710090.962562,-3707279.596681,-1290540.837492,17960.000000,0,false,
SAT_P2_S4,-5651915.795633,-3867840.443813,-1053991.385152,18000.000000,0,false,
SAT_P2_S4,-5583859.506339,-4021380.330683,-815413.834015,18040.000000,0,false,
SAT_P2_S4,-5506009.981524,-4167662.970754,-575267.191888,18080.000000,0,false,
SAT_P2_S4,-5418472.685928,-4306465.494556,-334013.552646,18120.000000,0,false,
SAT_P2_S4,-5321370.476382,-4437578.750521,-92117.173241,18160.000000,0,false,
SAT_P2_S4,-5214843.476437,-4560807.641365,149956.434714,18200.000000,0,false,
SAT_P2_S4,-5099048.885038,-4675971.414317,391741.425985,18240.000000,0,false,
SAT_P2_S4,-4974160.744773,-4782903.914897,632772.541186,18280.000000,0,false,
SAT_P2_S4,-4840369.666398,-4881453.802139,872586.023798,18320.000000,0,false,
SAT_P2_S4,-4697882.533693,-4971484.746674,1110720.534768,18360.000000,0,false,
SAT_P2_S4,-4546922.209292,-5052875.628649,1346718.063967,18400.000000,0,false,
SAT_P2_S4,-4387727.151854,-5125520.651471,1580124.827067,18440.000000,0,false,
SAT_P2_S4,-4220551.013604,-5189329.436087,1810492.153460,18480.000000,0,false,
SAT_P2_S4,-4045662.241241,-5244227.115281,2037377.365328,18520.000000,0,false,
SAT_P2_S4,-3863343.630013,-5290154.382124,2260344.641745,18560.000000,0,false,
SAT_P2_S4,-3673891.841472,-5327067.494994,2478965.859709,18600.000000,0,false,
SAT_P2_S4,-3477616.896565,-5354938.255603,2692821.417839,18640.000000,0,false,
SAT_P2_S4,-3274841.664818,-5373753.985153,2901501.050694,18680.000000,0,false,
SAT_P2_S4,-3065901.339152,-5383517.482601,3104604.625218,18720.000000,0,false,
SAT_P2_S4,-2851142.822495,-5384246.873645,3301742.883073,18760.000000,0,false,
SAT_P2_S4,-2630924.163220,-5375975.521099,3492538.192953,18800.000000,0,false,
SAT_P2_S4,-2405613.944811,-5358751.883016,3676625.271803,18840.000000,0,false,
SAT_P2_S4,-2175590.654601,-5332639.338521,3853651.874268,18880.000000,0,false,
SAT_P2_S4,-1941242.028988,-5297715.978643,4023279.448627,18920.000000,0,false,
SAT_P2_S4,-1702964.387206,-5254074.387374,4185183.775187,18960.000000,0,false,
SAT_P2_S4,-1461161.964673,-5201821.433720,4339055.599960,19000.000000,0,false,
SAT_P2_S4,-1216246.203711,-5141077.978726,4484601.195543,19040.000000,0,false,
SAT_P2_S4,-968635.035181,-5071978.571226,4621542.898719,19080.000000,0,false,
SAT_P2_S4,-718752.163258,-4994671.155449,4749619.639399,19120.000000,0,false,
SAT_P2_S4,-467026.329777,-4909316.737131,4868587.422677,19160.000000,0,false,
SAT_P2_S4,-213890.570097,-4816089.017779,4978219.763449,19200.000000,0,false,
SAT_P2_S4,40218.537367,-4715174.011460,5078308.086657,19240.000000,0,false,
SAT_P2_S4,294861.622207,-4606769.667783,5168662.113734,19280.000000,0,false,
SAT_P2_S4,549597.273094,-4491085.488287,5249110.220816,19320.000000,0,false,
SAT_P2_S4,803982.803528,-4368342.054677,5319499.690747,19360.000000,0,false,
SAT_P2_S4,1057575.004031,-4238770.623332,5379697.004123,19400.000000,0,false,
SAT_P2_S4,1309930.902679,-4102612.683403,5429588.074642,19440.000000,0,false,
SAT_P2_S4,1560608.522219,-3960119.499837,5469078.442845,19480.000000,0,false,
SAT_P2_S4,1809167.635083,-3811551.638452,5498093.425999,19520.000000,0,false,
SAT_P2_S4,2055170.521192,-3657178.492913,5516578.249048,19560.000000,0,false,
SAT_P2_S4,2298182.731782,-3497277.830306,5524498.177244,19600.000000,0,false,
SAT_P2_S4,2537773.839869,-3332135.279464,5521838.554044,19640.000000,0,false,
SAT_P2_S4,2773518.191630,-3162043.818798,5508604.816150,19680.000000,0,false,
SAT_P2_S4,3004995.662235,-2987303.281385,5484822.507758,19720.000000,0,false,
SAT_P2_S4,3231792.405654,-2808219.833784,5450537.239196,19760.000000,0,false,
SAT_P2_S4,3453501.588093,-2625105.441663,5405814.596111,19800.000000,0,false,
SAT_P2_S4,3669724.114176,-2438277.328211,5350740.012831,19840.000000,0,false,
SAT_P2_S4,3880069.358340,-2248057.437951,5285418.633211,19880.000000,0,false,
SAT_P2_S4,4084155.889167,-2054771.900243,5209975.143560,19920.000000,0,false,
SAT_P2_S4,4281612.131363,-1858750.450115,5124553.489730,19960.000000,0,false,
SAT_P2_S4,4472077.063565,-1660325.887493,5029316.641576,20000.000000,0,false,
SAT_P2_S4,4655200.886965,-1459833.520489,4924446.295897,20040.000000,0,true,Paris
SAT_P2_S4,4830645.669935,-1257610.607494,4810142.539088,20080.000000,0,true,Paris
SAT_P2_S4,4998085.966860,-1053995.796578,4686623.466978,20120.000000,0,true,Paris
SAT_P2_S4,5157209.431021,-849328.569753,4554124.784694,20160.000000,0,true,Paris
SAT_P2_S4,5307717.437532,-643948.699110,4412899.405692,20200.000000,0,true,Paris
SAT_P2_S4,5449325.636508,-438195.687905,4263216.964842,20240.000000,0,true,Paris
SAT_P2_S4,5581764.495888,-232408.216506,4105363.310243,20280.000000,0,true,Paris
SAT_P2_S4,5704779.851625,-26923.600223,3939639.994160,20320.000000,0,true,Paris
SAT_P2_S4,5818133.420715,177922.757396,3766363.714651,20360.000000,0,false,
SAT_P2_S4,5921603.273934,381797.904689,3585865.718907,20400.000000,0,false,
SAT_P2_S4,6014984.284027,584371.877767,3398491.177624,20440.000000,0,false,
SAT_P2_S4,6098088.574290,785318.232657,3204598.547483,20480.000000,0,false,
SAT_P2_S4,6170745.948290,984314.570544,3004558.912502,20520.000000,0,false,
SAT_P2_S4,6232804.199439,1181043.049746,2798755.243892,20560.000000,0,false,
SAT_P2_S4,6284129.483537,1375190.894008,2587581.693073,20600.000000,0,false,
SAT_P2_S4,6324606.628454,1566450.890850,2371442.839585,20640.000000,0,false,
SAT_P2_S4,6354139.395217,1754521.874344,2150752.911979,20680.000000,0,false,
SAT_P2_S4,6372650.719307,1939109.198220,1925934.994686,20720.000000,0,false,
SAT_P2_S4,6380082.926217,2119925.200352,1697420.216632,20760.000000,0,false,
SAT_P2_S4,6376397.894082,2296689.647269,1465646.918028,20800.000000,0,false,
SAT_P2_S4,6361577.170440,2469130.161351,1231059.798506,20840.000000,0,false,
SAT_P2_S4,6335622.072324,2636982.640312,994109.055492,20880.000000,0,false,
SAT_P2_S4,6298553.788516,2799991.674129,755249.519417,20920.000000,0,false,
SAT_P2_S4,6250413.356309,2957910.914879,514939.757612,20960.000000,0,false,
SAT_P2_S4,6191261.641264,3110503.443774,273641.179342,21000.000000,0,false,
SAT_P2_S4,6121179.299520,3257542.128333,31817.137758,21040.000000,0,false,
SAT_P2_S4,6040266.682403,3398809.954134,-210067.977205,21080.000000,0,false,
SAT_P2_S4,5948643.687196,3534100.327238,-451549.646583,21120.000000,0,false,
SAT_P2_S4,5846449.574191,3663217.359081,-692164.130251,21160.000000,0,false,
SAT_P2_S4,5733842.778611,3785976.148397,-931449.373280,21200.000000,0,false,
SAT_P2_S4,5611000.682568,3902203.038812,-1168945.906903,21240.000000,0,false,
SAT_P2_S4,5478119.270562,4011735.811464,-1404197.742019,21280.000000,0,false,
SAT_P2_S4,5335412.846508,4114423.908247,-1636753.255756,21320.000000,0,false,
SAT_P2_S4,5183113.680269,4210128.616448,-1866166.071560,21360.000000,0,false,
SAT_P2_S4,5021471.613911,4298723.223848,-2091995.922659,21400.000000,0,false,
SAT_P2_S4,4850753.626623,4380093.145589,-2313809.499803,21440.000000,0,false,
SAT_P2_S4,4671243.383784,4454136.042545,-2531181.290411,21480.000000,0,false,
SAT_P2_S4,4483240.787507,4520761.943298,-2743694.412959,21520.000000,0,false,
SAT_P2_S4,4287061.424597,4579893.286376,-2950941.406854,21560.000000,0,false,
SAT_P2_S4,4083036.019146,4631464.968222,-3152525.014939,21600.000000,0,false,
SAT_P2_S4,3871509.873259,4675424.383793,-3348058.952225,21640.000000,0,false,
SAT_P2_S4,3652842.264879,4711731.433285,-3537168.645988,21680.000000,0,false,
SAT_P2_S4,3427405.811150,4740358.495327,-3719491.941501,21720.000000,0,false,
SAT_P2_S4,3195585.810230,4761290.383058,-3894679.784252,21760.000000,0,false,
SAT_P2_S4,2957779.581068,4774524.304759,-4062396.892753,21800.000000,0,false,
SAT_P2_S4,2714395.781032,4780069.801514,-4222322.400064,21840.000000,0,false,
SAT_P2_S4,2465853.652295,4777948.604862,-4374150.422086,21880.000000,0,false,
SAT_P2_S4,2212582.312541,4768194.549341,-4517590.648216,21920.000000,0,false,
SAT_P2_S4,1955020.003018,4750853.441088,-4652368.884973,21960.000000,0,false,
SAT_P2_S4,1693613.320734,4725982.901952,-4778227.559803,22000.000000,0,false,
SAT_P2_S4,1428816.432948,4693652.189541,-4894926.185929,22040.000000,0,false,
SAT_P2_S4,1161090.284929,4653942.015647,-5002241.808960,22080.000000,0,false,
SAT_P2_S4,890901.809294,4606944.377567,-5099969.448313,22120.000000,0,false,
SAT_P2_S4,618723.096899,4552762.309944,-5187922.442321,22160.000000,0,false,
SAT_P2_S4,345030.572025,4491509.652306,-5265932.788705,22200.000000,0,false,
SAT_P2_S4,70304.165105,4423310.817569,-5333851.466166,22240.000000,0,false,
SAT_P2_S4,-204973.527258,4348300.533060,-5391548.707526,22280.000000,0,false,
SAT_P2_S4,-480318.085775,4266623.557835,-5438914.223604,22320.000000,0,false,
SAT_P2_S4,-755244.115639,4178434.390889,-5475857.395393,22360.000000,0,false,
SAT_P2_S4,-1029266.095453,4083896.990732,-5502307.458332,22400.000000,0,false,
SAT_P2_S4,-1301899.225625,3983184.481870,-5518213.647580,22440.000000,0,false,
SAT_P2_S4,-1572660.278362,3876478.794418,-5523545.239146,22480.000000,0,false,
SAT_P2_S4,-1841068.443499,3763970.362546,-5518291.637790,22520.000000,0,false,
SAT_P2_S4,-2106646.177278,3645857.787940,-5502462.400495,22560.000000,0,false,
SAT_P2_S4,-2368920.041663,3522347.490651,-5476087.216513,22600.000000,0,false,
SAT_P2_S4,-2627421.534937,3393653.343677,-5439215.840024,22640.000000,0,false,
SAT_P2_S4,-2881687.932618,3259996.326020,-5391918.027570,22680.000000,0,false,
SAT_P2_S4,-3131263.110957,3121604.152689,-5334283.415603,22720.000000,0,false,
SAT_P2_S4,-3375698.360178,2978710.890267,-5266421.352380,22760.000000,0,false,
SAT_P2_S4,-3614553.200118,2831556.580455,-5188460.718143,22800.000000,0,false,
SAT_P2_S4,-3847396.171150,2680386.844285,-5100549.687030,22840.000000,0,false,
SAT_P2_S4,-4073805.613507,2525452.479869,-5002855.453230,22880.000000,0,false,
SAT_P2_S4,-4293370.449835,2367009.066705,-4895563.944660,22920.000000,0,false,
SAT_P2_S4,-4505690.963330,2205316.573599,-4778879.516978,22960.000000,0,false,
SAT_P2_S4,-4710379.502519,2040638.917628,-4653024.531451,23000.000000,0,false,
SAT_P2_S4,-4907061.223503,1873243.562047,-4518238.977498,23040.000000,0,false,
SAT_P2_S4,-5095374.802047,1703401.096548,-4374780.038617,23080.000000,0,false,
SAT_P2_S4,-5274973.117449,1531384.812826,-4222921.619434,23120.000000,0,false,
SAT_P2_S4,-5445523.904061,1357470.274028,-4062953.831056,23160.000000,0,false,
SAT_P2_S4,-5606710.392157,1181934.885064,-3895182.453708,23200.000000,0,false,
SAT_P2_S4,-5758231.957665,1005057.471047,-3719928.394537,23240.000000,0,false,
SAT_P2_S4,-5899804.697047,827117.840196,-3537527.075103,23280.000000,0,false,
SAT_P2_S4,-6031161.972060,648396.343886,-3348327.785236,23320.000000,0,false,
SAT_P2_S4,-6152054.967948,469173.449030,-3152693.041381,23360.000000,0,false,
SAT_P2_S4,-6262253.203013,289729.302573,-2950997.898028,23400.000000,0,false,
SAT_P2_S4,-6361544.989063,110343.298310,-2743629.226114,23440.000000,0,false,
SAT_P2_S4,-6449737.857774,-68706.354740,-2530984.964854,23480.000000,0,false,
SAT_P2_S4,-6526658.980557,-247143.060715,-2313473.361232,23520.000000,0,false,
SAT_P2_S4,-6592155.570528,-424692.260299,-2091512.195053,23560.000000,0,false,
SAT_P2_S4,-6646095.143265,-601081.851568,-1865527.938186,23600.000000,0,false,
SAT_P2_S4,-6688365.837950,-776042.602585,-1635954.938177,23640.000000,0,false,
SAT_P2_S4,-6718876.672901,-949308.560053,-1403234.570361,23680.000000,0,false,
SAT_P2_S4,-6737557.750791,-1120617.448172,-1167814.373789,23720.000000,0,false,
SAT_P2_S4,-6744360.408895,-1289711.057201,-930147.171345,23760.000000,0,false,
SAT_P2_S4,-6739257.344304,-1456335.625825,-690690.181847,23800.000000,0,false,
SAT_P2_S4,-6722242.741904,-1620242.220071,-449904.131862,23840.000000,0,false,
SAT_P2_S4,-6693332.297099,-1781187.092442,-208252.348319,23880.000000,0,false,
SAT_P2_S4,-6652563.193240,-1938932.031341,33800.156015,23920.000000,0,false,
SAT_P2_S4,-6599994.093746,-2093244.707675,275787.589886,23960.000000,0,false,
SAT_P2_S4,-6535705.067000,-2243899.009019,517244.301007,24000.000000,0,false,
SAT_P2_S4,-6459797.453165,-2390675.354990,757705.690502,24040.000000,0,false,
SAT_P2_S4,-6372393.689017,-2533361.000934,996709.125981,24080.000000,0,false,
SAT_P2_S4,-6273637.122044,-2671750.340013,1233794.854018,24120.000000,0,false,
SAT_P2_S4,-6163691.803845,-2805645.198491,1468506.908480,24160.000000,0,false,
SAT_P2_S4,-6042742.130910,-2934855.078771,1700394.001008,24200.000000,0,false,
SAT_P2_S4,-5910992.551924,-3059197.424516,1929010.410280,24240.000000,0,false,
SAT_P2_S4,-5768667.203571,-3178497.861807,2153916.859092,24280.000000,0,false,
SAT_P2_S4,-5616009.499229,-3292590.418984,2374681.372237,24320.000000,0,false,
SAT_P2_S4,-5453281.667638,-3401317.723376,2590880.112274,24360.000000,0,false,
SAT_P2_S4,-5280764.268485,-3504531.188749,2802098.200717,24400.000000,0,false,
SAT_P2_S4,-5098755.710655,-3602091.205460,3007930.531203,24440.000000,0,false,
SAT_P2_S4,-4907571.683955,-3693867.283644,3207982.538100,24480.000000,0,false,
SAT_P2_S4,-4707544.556227,-3779738.178898,3401870.939936,24520.000000,0,false,
SAT_P2_S4,-4499022.789185,-3859592.027096,3589224.474710,24560.000000,0,false,
SAT_P2_S4,-4282370.304224,-3933326.453126,3769684.602509,24600.000000,0,false,
SAT_P2_S4,-4057965.812294,-4000848.654036,3942906.170713,24640.000000,0,false,
SAT_P2_S4,-3826202.119323,-4062075.467778,4108558.051619,24680.000000,0,false,
SAT_P2_S4,-3587485.430696,-4116933.446015,4266323.768686,24720.000000,0,false,
SAT_P2_S4,-3342234.649627,-4165358.924736,4415902.104871,24760.000000,0,false,
SAT_P2_S4,-3090880.575353,-4207298.017156,4557007.622699,24800.000000,0,false,
SAT_P2_S4,-2833865.158588,-4242706.654914,4689371.210874,24840.000000,0,false,
SAT_P2_S4,-2571640.712019,-4271550.599141,4812740.586926,24880.000000,0,false,
SAT_P2_S4,-2304669.100476,-4293805.431415,4926880.760302,24920.000000,0,false,
SAT_P2_S4,-2033420.909443,-4309456.521908,5031574.451976,24960.000000,0,false,
SAT_P2_S4,-1758374.603828,-4318498.993121,5126622.490782,25000.000000,0,false,
SAT_P2_S4,-1480015.689136,-4320937.695995,5211844.204954,25040.000000,0,false,
SAT_P2_S4,-1198835.839211,-4316787.132933,5287077.731861,25080.000000,0,false,
SAT_P2_S4,-915332.012444,-4306071.365263,5352180.288244,25120.000000,0,false,
SAT_P2_S4,-630005.580743,-4288823.941745,5407028.442557,25160.000000,0,false,
SAT_P2_S4,-343361.442090,-4265087.799586,5451518.332512,25200.000000,0,false,
SAT_P2_S4,-55907.129543,-4234915.144092,5485565.832633,25240.000000,0,false,
SAT_P2_S4,231848.081972,-4198367.318068,5509106.685436,25280.000000,0,false,
SAT_P2_S4,519394.065683,-4155514.681117,5522096.620788,25320.000000,0,false,
SAT_P2_S4,806220.728614,-4106436.493194,5524511.455980,25360.000000,0,false,
SAT_P2_S4,1091818.910528,-4051220.721636,5516347.076375,25400.000000,0,false,
SAT_P2_S4,1375681.266120,-3989963.906636,5497619.463928,25440.000000,0,false,
SAT_P2_S4,1657303.154182,-3922771.000344,5468364.670071,25480.000000,0,false,
SAT_P2_S4,1936183.520193,-3849755.192962,5428638.747088,25520.000000,0,false,
SAT_P2_S4,2211825.771597,-3771037.722621,5378517.633963,25560.000000,0,false,
SAT_P2_S4,2483738.652985,-3686747.685503,5318097.020149,25600.000000,0,false,
SAT_P2_S4,2751437.126936,-3597021.861765,5247492.209048,25640.000000,0,false,
SAT_P2_S4,3014443.231007,-3502004.496595,5166837.895751,25680.000000,0,false,
SAT_P2_S4,3272286.925927,-3401847.069213,5076287.905540,25720.000000,0,false,
SAT_P2_S4,3524506.947953,-3296708.083830,4976014.940573,25760.000000,0,false,
SAT_P2_S4,3770651.645254,-3186752.835476,4866210.269041,25800.000000,0,false,
SAT_P2_S4,4010279.789195,-3072153.160573,4747083.368255,25840.000000,0,false,
SAT_P2_S4,4242961.369772,-2953087.178670,4618861.532349,25880.000000,0,false,
SAT_P2_S4,4468278.390015,-2829739.039621,4481789.466323,25920.000000,0,false,
SAT_P2_S4,4685825.651114,-2702298.672720,4336128.860390,25960.000000,0,false,
SAT_P2_S4,4895211.457420,-2570961.480425,4182157.856990,26000.000000,0,false,
SAT_P2_S4,5096058.355447,-2435928.072633,4020170.558142,26040.000000,0,false,
SAT_P2_S4,5288003.837270,-2297403.980927,3850476.480862,26080.000000,0,false,
SAT_P2_S4,5470701.010717,-2155599.364597,3673399.977802,26120.000000,0,false,
SAT_P2_S4,5643819.232448,-2010728.706544,3489279.620995,26160.000000,0,false,
SAT_P2_S4,5807044.726546,-1863010.508940,3298467.566010,26200.000000,0,false,
SAT_P2_S4,5960081.208909,-1712666.998556,3101328.912895,26240.000000,0,false,
SAT_P2_S4,6102650.431998,-1559923.806641,2898241.006125,26280.000000,0,false,
SAT_P2_S4,6234492.696336,-1405009.641828,2689592.706237,26320.000000,0,false,
SAT_P2_S4,6355367.375109,-1248155.977421,2475783.668146,26360.000000,0,false,
SAT_P2_S4,6465053.377532,-1089596.722021,2257223.575894,26400.000000,0,false,
SAT_P2_S4,6563349.572905,-929567.887272,2034331.356312,26440.000000,0,false,
SAT_P2_S4,6650075.193421,-768307.254126,1807534.376648,26480.000000,0,false,
SAT_P2_S4,6725070.200589,-606054.035670,1577267.622564,26520.000000,0,false,
SAT_P2_S4,6788195.590360,-443048.535845,1343972.853837,26560.000000,0,false,
SAT_P2_S4,6839333.659887,-279531.806154,1108097.744723,26600.000000,0,false,
SAT_P2_S4,6878388.265774,-115745.303740,870095.017710,26640.000000,0,false,
SAT_P2_S4,6905285.054162,48069.448923,630421.569311,26680.000000,0,false,
SAT_P2_S4,6919971.543121,211671.213066,389537.563527,26720.000000,0,false,
SAT_P2_S4,6922417.271627,374819.372209,147905.542407,26760.000000,0,false,
SAT_P2_S4,6912613.872676,537274.274313,-94010.479206,26800.000000,0,false,
SAT_P2_S4,6890575.093880,698797.569720,-335745.920231,26840.000000,0,false,
SAT_P2_S4,6856336.761603,859152.545431,-576836.540656,26880.000000,0,false,
SAT_P2_S4,6809956.720307,1018104.457900,-816819.348367,26920.000000,0,false,
SAT_P2_S4,6751514.774042,1175420.865278,-1055233.503867,26960.000000,0,false,
SAT_P2_S4,6681112.509994,1330871.948820,-1291621.217639,27000.000000,0,false,
SAT_P2_S4,6598873.091999,1484230.831346,-1525528.641448,27040.000000,0,false,
SAT_P2_S4,6504941.059059,1635273.894356,-1756506.752646,27080.000000,0,false,
SAT_P2_S4,6399482.058111,1783781.088925,-1984112.229163,27120.000000,0,false,
SAT_P2_S4,6282682.520670,1929536.234893,-2207908.305633,27160.000000,0,false,
SAT_P2_S4,6154749.301496,2072327.314233,-2427465.615903,27200.000000,0,false,
SAT_P2_S4,6015909.310339,2211946.765836,-2642363.028998,27240.000000,0,false,
SAT_P2_S4,5866409.120029,2348191.775472,-2852188.470740,27280.000000,0,false,
SAT_P2_S4,5706514.434788,2480864.531042,-3056539.695360,27320.000000,0,false,
SAT_P2_S4,5536509.630776,2609772.497129,-3255025.067147,27360.000000,0,false,
SAT_P2_S4,5356697.227241,2734728.674162,-3447264.312654,27400.000000,0,false,
SAT_P2_S4,5167397.319024,2855551.843953,-3632889.242814,27440.000000,0,false,
SAT_P2_S4,4968946.967379,2972066.800935,-3811544.442957,27480.000000,0,false,
SAT_P2_S4,4761699.574961,3084104.581074,-3982887.944874,27520.000000,0,false,
SAT_P2_S4,4546024.267611,3191502.697818,-4146591.892522,27560.000000,0,false,
SAT_P2_S4,4322305.191476,3294105.339297,-4302343.141411,27600.000000,0,false,
SAT_P2_S4,4090940.793900,3391763.561093,-4449843.834431,27640.000000,0,false,
SAT_P2_S4,3852343.116575,3484335.487032,-4588811.970052,27680.000000,0,false,
SAT_P2_S4,3606937.046214,3571686.492231,-4718981.928702,27720.000000,0,false,
SAT_P2_S4,3355159.536681,3653689.367164,-4840104.954742,27760.000000,0,false,
SAT_P2_S4,3097458.812676,3730224.473333,-4951949.607270,27800.000000,0,false,
SAT_P2_S4,2834293.574268,3801179.906417,-5054302.200352,27840.000000,0,false,
SAT_P2_S4,2566132.194057,3866451.656725,-5146967.219174,27880.000000,0,false,
SAT_P2_S4,2293451.837982,3925943.705926,-5229767.630119,27920.000000,0,false,
SAT_P2_S4,2016737.636681,3979568.170559,-5302545.231388,27960.000000,0,false,
SAT_P2_S4,1736481.820204,4027245.419437,-5365160.947241,28000.000000,0,false,
SAT_P2_S4,1453182.841563,4068904.175723,-5417495.079637,28040.000000,0,false,
SAT_P2_S4,1167344.487283,4104481.601621,-5459447.514243,28080.000000,0,false,
SAT_P2_S4,879474.983847,4133923.383249,-5490937.904139,28120.000000,0,false,
SAT_P2_S4,590086.108567,4157183.830290,-5511905.850891,28160.000000,0,false,
SAT_P2_S4,299692.277498,4174225.923327,-5522310.992500,28200.000000,0,false,
SAT_P2_S4,8809.631738,4185021.358005,-5522133.063984,28240.000000,0,false,
SAT_P2_S4,-282044.867876,4189550.605071,-5511371.956373,28280.000000,0,false,
SAT_P2_S4,-572354.355207,4187802.947258,-5490047.721261,28320.000000,0,false,
SAT_P2_S4,-861602.969800,4179776.496023,-5458200.525551,28360.000000,0,false,
SAT_P2_S4,-1149276.766215,4165478.196105,-5415890.566836,28400.000000,0,false,
SAT_P2_S4,-1434864.625131,4144923.863933,-5363198.010050,28440.000000,0,false,
SAT_P2_S4,-1717859.151221,4118138.156204,-5300222.809411,28480.000000,0,false,
SAT_P2_S4,-1997757.574693,4085154.568245,-5227084.546389,28520.000000,0,false,
SAT_P2_S4,-2274062.641729,4046015.410508,-5143922.216672,28560.000000,0,false,
SAT_P2_S4,-2546283.491909,4000771.764578,-5050893.968593,28600.000000,0,false,
SAT_P2_S4,-2813936.530874,3949483.436637,-4948176.816404,28640.000000,0,false,
SAT_P2_S4,-3076546.305638,3892218.925536,-4835966.350578,28680.000000,0,false,
SAT_P2_S4,-3333646.350985,3829055.350131,-4714476.375375,28720.000000,0,false,
SAT_P2_S4,-3584780.016568,3760078.351736,-4583938.494582,28760.000000,0,false,
SAT_P2_S4,-3829501.299485,3685382.025064,-4444601.713692,28800.000000,0,false,
SAT_P2_S4,-4067375.655611,3605068.820393,-4296731.986097,28840.000000,0,false,
SAT_P2_S4,-4297980.781331,3519249.426781,-4140611.717583,28880.000000,0,false,
SAT_P2_S4,-4520907.374961,3428042.642343,-3976539.236898,28920.000000,0,false,
SAT_P2_S4,-4735759.895155,3331575.247716,-3804828.252312,28960.000000,0,false,
SAT_P2_S4,-4942157.313007,3229981.882374,-3625807.294194,29000.000000,0,false,
SAT_P2_S4,-5139733.773639,3123404.851768,-3439819.058795,29040.000000,0,false,
SAT_P2_S4,-5328139.290985,3011993.973580,-3247219.783330,29080.000000,0,false,
SAT_P2_S4,-5507040.407083,2895906.400360,-3048378.577159,29120.000000,0,false,
SAT_P2_S4,-5676120.813828,2775306.425862,-2843676.720340,29160.000000,0,false,
SAT_P2_S4,-5835081.931417,2650365.273292,-2633506.929216,29200.000000,0,false,
SAT_P2_S4,-5983643.466779,2521260.876864,-2418272.601660,29240.000000,0,false,
SAT_P2_S4,-6121543.974966,2388177.669103,-2198387.055374,29280.000000,0,false,
SAT_P2_S4,-6248541.340996,2251306.335903,-1974272.722769,29320.000000,0,false,
SAT_P2_S4,-6364413.205914,2110843.549653,-1746360.314541,29360.000000,0,false,
SAT_P2_S4,-6468957.411700,1966991.719088,-1515087.991720,29400.000000,0,false,
SAT_P2_S4,-6561992.384028,1819958.714753,-1280900.506204,29440.000000,0,false,
SAT_P2_S4,-6643357.457572,1669957.581191,-1044248.325155,29480.000000,0,false,
SAT_P2_S4,-6712913.157499,1517206.238376,-805586.742057,29520.000000,0,false,
SAT_P2_S4,-6770541.466944,1361927.181363,-565374.982402,29560.000000,0,false,
SAT_P2_S4,-6816146.077859,1204347.179342,-324075.306576,29600.000000,0,false,
SAT_P2_S4,-6849652.489845,1044696.937456,-82152.087270,29640.000000,0,false,
SAT_P2_S4,-6871008.161736,883210.777641,159929.098953,29680.000000,0,false,
SAT_P2_S4,-6880182.601266,720126.305812,401702.388396,29720.000000,0,false,
SAT_P2_S4,-6877167.400179,555684.072069,642702.546148,29760.000000,0,false,
SAT_P2_S4,-6861976.210321,390127.224022,882465.878722,29800.000000,0,false,
SAT_P2_S4,-6834644.691417,223701.156473,1120531.143947,29840.000000,0,false,
SAT_P2_S4,-6795230.461671,56653.161896,1356440.458142,29880.000000,0,false,
SAT_P2_S4,-6743812.951786,-110767.927751,1589740.191642,29920.000000,0,false,
SAT_P2_S4,-6680493.192590,-278312.106347,1819981.854533,29960.000000,0,false,
SAT_P2_S4,-6605393.632315,-445728.553361,2046722.975483,30000.000000,0,false,
SAT_P2_S4,-6518657.881735,-612766.001552,2269527.968965,30040.000000,0,false,
SAT_P2_S4,-6420450.403509,-779173.103213,2487968.979949,30080.000000,0,false,
SAT_P2_S4,-6310956.159147,-944698.797449,2701626.710806,30120.000000,0,false,
SAT_P2_S4,-6190380.245146,-1109092.680242,2910091.238950,30160.000000,0,false,
SAT_P2_S4,-6058947.517924,-1272105.375469,3112962.822138,30200.000000,0,false,
SAT_P2_S4,-5916902.072974,-1433488.895717,3309852.642522,30240.000000,0,false,
SAT_P2_S4,-5764506.785491,-1592997.008946,3500383.559157,30280.000000,0,false,
SAT_P2_S4,-5602042.796081,-1750385.602944,3684190.829507,30320.000000,0,false,
SAT_P2_S4,-5429808.955289,-1905413.043933,3860922.797570,30360.000000,0,false,
SAT_P2_S4,-5248121.225213,-2057840.527802,4030241.545140,30400.000000,0,false,
SAT_P2_S4,-5057312.064312,-2207432.430920,4191823.520830,30440.000000,0,false,
SAT_P2_S4,-4857729.822542,-2353956.666660,4345360.161430,30480.000000,0,false,
SAT_P2_S4,-4649738.068082,-2497185.024027,4490558.454635,30520.000000,0,false,
SAT_P2_S4,-4433714.869956,-2636893.496972,4627141.459303,30560.000000,0,false,
SAT_P2_S4,-4210052.116878,-2772862.624023,4754848.829260,30600.000000,0,false,
SAT_P2_S4,-3979154.787983,-2904877.817932,4873437.292638,30640.000000,0,false,
SAT_P2_S4,-3741440.196037,-3032729.681689,4982681.086129,30680.000000,0,false,
SAT_P2_S4,-3497337.210430,-3156214.317728,5082372.354737,30720.000000,0,false,
SAT_P2_S4,-3247285.480490,-3275133.642661,5172321.538755,30760.000000,0,false,
SAT_P2_S4,-2991734.660155,-3389295.705841,5252357.746106,30800.000000,0,false,
SAT_P2_S4,-2731143.549063,-3498514.955413,5322329.010632,30840.000000,0,false,
SAT_P2_S4,-2465979.281714,-3602612.536573,5382102.585238,30880.000000,0,false,
SAT_P2_S4,-2196716.488281,-3701416.575020,5431565.185729,30920.000000,0,false,
SAT_P2_S4,-1923836.441424,-3794762.446334,5470623.190078,30960.000000,0,false,
SAT_P2_S4,-1647826.189777,-3882493.028668,5499202.789480,31000.000000,0,false,
SAT_P2_S4,-1369177.688365,-3964458.953768,5517250.113401,31040.000000,0,false,
SAT_P2_S4,-1088386.937419,-4040518.871199,5524731.351249,31080.000000,0,false,
SAT_P2_S4,-805953.101683,-4110539.676126,5521632.797483,31120.000000,0,false,
SAT_P2_S4,-522377.618512,-4174396.716434,5507960.842845,31160.000000,0,false,
SAT_P2_S4,-238163.327174,-4231974.025311,5483741.981639,31200.000000,0,false,
SAT_P2_S4,46186.414612,-4283164.531055,5449022.761750,31240.000000,0,false,
SAT_P2_S4,330168.610932,-4327870.247042,5403869.686732,31280.000000,0,false,
SAT_P2_S4,613281.506178,-4366002.450664,5348369.080919,31320.000000,0,false,
SAT_P2_S4,895025.459918,-4397481.870212,5282626.942421,31360.000000,0,false,
SAT_P2_S4,1174903.816150,-4422238.878395,5206768.783176,31400.000000,0,false,
SAT_P2_S4,1452423.770551,-4440213.606997,5120939.346841,31440.000000,0,false,
SAT_P2_S4,1727097.228125,-4451356.110684,5025302.369910,31480.000000,0,false,
SAT_P2_S4,1998441.658968,-4455626.507062,4920040.291316,31520.000000,0,false,
SAT_P2_S4,2265980.942484,-4452995.097605,4805353.920182,31560.000000,0,false,
SAT_P2_S4,2529246.196794,-4443442.465911,4681462.059035,31600.000000,0,false,
SAT_P2_S4,2787776.601848,-4426959.570858,4548601.102348,31640.000000,0,false,
SAT_P2_S4,3041120.223810,-4403547.852789,4407024.630962,31680.000000,0,false,
SAT_P2_S4,3288834.808142,-4373219.292290,4257002.938171,31720.000000,0,false,
SAT_P2_S4,3530488.550881,-4335996.438737,4098822.506829,31760.000000,0,false,
SAT_P2_S4,3765660.873748,-4291912.465950,3932785.500986,31800.000000,0,false,
SAT_P2_S4,3993943.174824,-4241011.193374,3759209.204993,31840.000000,0,false,
SAT_P2_S4,4214939.547401,-4183347.081508,3578425.424958,31880.000000,0,false,
SAT_P2_S4,4428267.475859,-4118985.209080,3390779.859469,31920.000000,0,false,
SAT_P2_S4,4633558.525237,-4048001.250781,3196631.457308,31960.000000,0,false,
SAT_P2_S4,4830459.021205,-3970481.454901,2996351.762846,32000.000000,0,false,
SAT_P2_S4,5018630.638927,-3886522.536294,2790324.176316,32040.000000,0,false,
SAT_P2_S4,5197751.021137,-3796231.611784,2578943.242071,32080.000000,0,false,
SAT_P2_S4,5367514.359914,-3699726.106289,2362613.900729,32120.000000,0,false,
SAT_P2_S4,5527631.928599,-3597133.627264,2141750.709694,32160.000000,0,false,
SAT_P2_S4,5677832.594454,-3488591.831553,1916777.050305,32200.000000,0,false,
SAT_P2_S4,5817863.306927,-3374248.277839,1688124.316086,32240.000000,0,false,
SAT_P2_S4,5947489.543220,-3254260.256723,1456231.081073,32280.000000,0,false,
SAT_P2_S4,6066495.704512,-3128794.594810,1221542.248062,32320.000000,0,false,
SAT_P2_S4,6174685.488628,-2998027.447415,984508.185097,32360.000000,0,false,
SAT_P2_S4,6271882.263510,-2862144.094548,745583.858320,32400.000000,0,false,
SAT_P2_S4,6357929.356286,-2721338.694755,505227.943567,32440.000000,0,false,
SAT_P2_S4,6432690.284885,-2575814.010228,263901.923749,32480.000000,0,false,
SAT_P2_S4,6496049.008619,-2425781.147872,22069.194015,32520.000000,0,false,
SAT_P2_S4,6547910.115041,-2271459.268525,-219805.846449,32560.000000,0,false,
SAT_P2_S4,6588198.950073,-2113075.276288,-461258.702534,32600.000000,0,false,
SAT_P2_S4,6616861.705393,-1950863.491604,-701825.691530,32640.000000,0,false,
SAT_P2_S4,6633865.493283,-1785065.319504,-941044.850451,32680.000000,0,false,
SAT_P2_S4,6639198.406502,-1615928.913969,-1178456.839557,32720.000000,0,false,
SAT_P2_S4,6632869.429786,-1443708.791238,-1413605.835663,32760.000000,0,false,
SAT_P2_S4,6614908.407007,-1268665.464757,-1646040.420065,32800.000000,0,false,
SAT_P2_S4,6585365.948740,-1091065.059244,-1875314.458787,32840.000000,0,false,
SAT_P2_S4,6544313.289821,-911178.912145,-2100987.967841,32880.000000,0,false,
SAT_P2_S4,6491842.093261,-729283.162449,-2322627.960265,32920.000000,0,false,
SAT_P2_S4,6428064.229682,-545658.331883,-2539809.281824,32960.000000,0,false,
SAT_P2_S4,6353111.561801,-360588.904660,-2752115.441912,33000.000000,0,false,
SAT_P2_S4,6267135.640776,-174362.891230,-2959139.410212,33040.000000,0,false,
SAT_P2_S4,6170307.344981,12728.620290,-3160484.387808,33080.000000,0,false,
SAT_P2_S4,6062816.549894,200391.907490,-3355764.575339,33120.000000,0,false,
SAT_P2_S4,5944871.734995,388331.070270,-3544605.912685,33160.000000,0,false,
SAT_P2_S4,5816699.544467,576248.490105,-3726646.784233,33200.000000,0,false,
SAT_P2_S4,5678544.314165,763845.293795,-3901538.697205,33240.000000,0,false,
SAT_P2_S4,5530667.593789,950821.821867,-4068946.947675,33280.000000,0,false,
SAT_P2_S4,5373347.664036,1136878.099705,-4228551.271537,33320.000000,0,false,
SAT_P2_S4,5206878.927622,1321714.306498,-4380046.408921,33360.000000,0,false,
SAT_P2_S4,5031571.362066,1505031.248392,-4523142.688462,33400.000000,0,false,
SAT_P2_S4,4847749.927360,1686530.833678,-4657566.571751,33440.000000,0,false,
SAT_P2_S4,4655753.942658,1865916.545126,-4783061.158602,33480.000000,0,false,
SAT_P2_S4,4455936.430412,2042893.907819,-4899386.649473,33520.000000,0,false,
SAT_P2_S4,4248663.449907,2217170.959107,-5006320.784268,33560.000000,0,false,
SAT_P2_S4,4034313.443031,2388458.726437,-5103659.276747,33600.000000,0,false,
SAT_P2_S4,3813276.525172,2556471.690081,-5191216.179604,33640.000000,0,false,
SAT_P2_S4,3585953.742756,2720928.239173,-5268824.201231,33680.000000,0,false,
SAT_P2_S4,3352756.364207,2881551.139215,-5336335.032982,33720.000000,0,false,
SAT_P2_S4,3114105.132951,3038067.991946,-5393619.624186,33760.000000,0,false,
SAT_P2_S4,2870429.501913,3190211.682416,-5440568.409116,33800.000000,0,false,
SAT_P2_S4,2622166.854624,3337720.820328,-5477091.497045,33840.000000,0,false,
SAT_P2_S4,2369761.728659,3480340.188278,-5503118.849421,33880.000000,0,false,
SAT_P2_S4,2113665.042440,3617821.194709,-5518600.442197,33920.000000,0,false,
SAT_P2_S4,1854333.261886,3749922.272393,-5523506.305721,33960.000000,0,false,
SAT_P2_S4,1592227.606380,3876409.311097,-5517826.605343,34000.000000,0,false,
SAT_P2_S4,1327813.235375,3997056.075045,-5501571.669919,34040.000000,0,false,
SAT_P2_S4,1061558.428312,4111644.605363,-5474771.975579,34080.000000,0,false,
SAT_P2_S4,793933.757772,4219965.601870,-5437478.077881,34120.000000,0,false,
SAT_P2_S4,525411.266313,4321818.815851,-5389760.536188,34160.000000,0,false,
SAT_P2_S4,256463.643719,4417013.433715,-5331709.804359,34200.000000,0,false,
SAT_P2_S4,-12436.603457,4505368.424724,-5263436.051036,34240.000000,0,false,
SAT_P2_S4,-280817.976480,4586712.905248,-5185068.979773,34280.000000,0,false,
SAT_P2_S4,-548210.806799,4660886.470650,-5096757.589516,34320.000000,0,false,
SAT_P2_S4,-814148.074966,4727739.511201,-4998669.895717,34360.000000,0,false,
SAT_P2_S4,-1078166.226407,4787133.532125,-4890992.635526,34400.000000,0,false,
SAT_P2_S4,-1339805.982107,4838941.480786,-4773930.961791,34440.000000,0,false,
SAT_P2_S4,-1598613.136016,4883047.985345,-4647708.021056,34480.000000,0,false,
SAT_P2_S4,-1854139.347399,4919349.634679,-4512564.561245,34520.000000,0,false,
SAT_P2_S4,-2105942.925516,4947755.235054,-4368758.496621,34560.000000,0,false,
SAT_P2_S4,-2353589.599625,4968186.040022,-4216564.430945,34600.000000,0,false,
SAT_P2_S4,-2596653.270008,4980575.950255,-4056273.138608,34640.000000,0,false,
SAT_P2_S4,-2834716.748675,4984871.702367,-3888191.021207,34680.000000,0,false,
SAT_P2_S4,-3067372.498100,4981033.068052,-3712639.559354,34720.000000,0,false,
SAT_P2_S4,-3294223.339428,4969033.005681,-3529954.711610,34760.000000,0,false,
SAT_P2_S4,-3514883.130829,4948857.761584,-3340486.258114,34800.000000,0,false,
SAT_P2_S4,-3728977.451757,4920507.006861,-3144597.165594,34840.000000,0,false,
SAT_P2_S4,-3936144.261813,4883993.931053,-2942662.903234,34880.000000,0,false,
SAT_P2_S4,-4136034.527124,4839345.303061,-2735070.727481,34920.000000,0,false,
SAT_P2_S4,-4328312.822000,4786601.505822,-2522218.938999,34960.000000,0,false,
SAT_P2_S4,-4512657.923684,4725816.566841,-2304516.125704,35000.000000,0,false,
SAT_P2_S4,-4688763.401555,4657058.188591,-2082380.395658,35040.000000,0,false,
SAT_P2_S4,-4856338.112221,4580407.674276,-1856238.542364,35080.000000,0,false,
SAT_P2_S4,-5015106.718887,4495959.891016,-1626525.225319,35120.000000,0,false,
SAT_P2_S4,-5164810.176385,4403823.198623,-1393682.124256,35160.000000,0,false,
SAT_P2_S4,-5305206.174819,4304119.343155,-1158157.072718,35200.000000,0,false,
SAT_P2_S4,-5436069.536806,4196983.313904,-920403.174595,35240.000000,0,false,
SAT_P2_S4,-5557192.589270,4082563.180835,-680877.909856,35280.000000,0,false,
SAT_P2_S4,-5668385.532217,3961019.932328,-440042.236919,35320.000000,0,false,
SAT_P2_S4,-5769476.739690,3832527.263100,-198359.682053,35360.000000,0,false,
SAT_P2_S4,-5860312.991901,3697271.309619,43704.583982,35400.000000,0,false,
SAT_P2_S4,-5940759.731539,3555450.411633,285684.658803,35440.000000,0,false,
SAT_P2_S4,-6010701.260442,3407274.828760,527114.829964,35480.000000,0,false,
SAT_P2_S4,-6070040.884019,3252966.427058,767530.492225,35520.000000,0,false,
SAT_P2_S4,-6118701.014297,3092758.340375,1006469.061364,35560.000000,0,false,
SAT_P2_S4,-6156623.260314,2926894.623925,1243470.884647,35600.000000,0,false,
SAT_P2_S4,-6183768.510853,2755629.904844,1478080.145941,35640.000000,0,false,
SAT_P2_S4,-6200116.879660,2579228.953945,1709845.754077,35680.000000,0,false,
SAT_P2_S4,-6205667.693125,2397966.284280,1938322.225815,35720.000000,0,false,
SAT_P2_S4,-6200439.432047,2212125.723252,2163070.558356,35760.000000,0,false,
SAT_P2_S4,-6184469.624692,2021999.961360,2383659.084260,35800.000000,0,false,
SAT_P2_S4,-6157814.688705,1827890.078864,2599664.303819,35840.000000,0,false,
SAT_P2_S4,-6120549.748074,1630105.059802,2810671.702837,35880.000000,0,false,
SAT_P2_S4,-6072768.454041,1428961.305060,3016276.564121,35920.000000,0,false,
SAT_P2_S4,-6014582.735981,1224782.119572,3216084.743160,35960.000000,0,false,
SAT_P2_S4,-5946122.479559,1017897.171216,3409713.406333,36000.000000,0,false,
SAT_P3_S1,-1141761.683823,4868384.279505,4795236.913354,0.000000,0,false,
SAT_P3_S1,-1345821.402871,4696504.630850,4912305.987016,40.000000,0,false,
SAT_P3_S1,-1548342.923612,4516864.106767,5019949.601180,80.000000,0,false,
SAT_P3_S1,-1748985.234235,4329796.271369,5117962.706226,120.000000,0,false,
SAT_P3_S1,-1947409.004705,4135646.681640,5206158.707269,160.000000,0,false,
SAT_P3_S1,-2143277.152518,3934772.243260,5284369.808435,200.000000,0,false,
SAT_P3_S1,-2336255.406504,3727540.547440,5352447.319125,240.000000,0,false,
SAT_P3_S1,-2526012.867521,3514329.185700,5410261.917936,280.000000,0,false,
SAT_P3_S1,-2712222.569345,3295525.058706,5457703.890013,320.000000,0,false,
SAT_P3_S1,-2894562.038604,3071523.670196,5494683.329125,360.000000,0,false,
SAT_P3_S1,-3072713.849616,2842728.409161,5521130.301974,400.000000,0,false,
SAT_P3_S1,-3246366.165045,2609549.812358,5536994.958522,440.000000,0,false,
SAT_P3_S1,-3415213.273197,2372404.820909,5542247.610369,480.000000,0,false,
SAT_P3_S1,-3578956.133533,2131716.046218,5536878.801375,520.000000,0,false,
SAT_P3_S1,-3737302.906302,1887911.024619,5520899.328477,560.000000,0,false,
SAT_P3_S1,-3889969.443902,1641421.435353,5494340.168805,600.000000,0,false,
SAT_P3_S1,-4036679.811927,1392682.359178,5457252.446620,640.000000,0,false,
SAT_P3_S1,-4177166.788608,1142131.515946,5409707.337065,680.000000,0,false,
SAT_P3_S1,-4311172.344915,890208.501629,5351795.925155,720.000000,0,false,
SAT_P3_S1,-4438448.108758,637354.023436,5283629.023092,760.000000,0,false,
SAT_P3_S1,-4558755.831499,384009.139597,5205336.971081,800.000000,0,false,
SAT_P3_S1,-4671867.865544,130614.508247,5117069.434806,840.000000,0,false,
SAT_P3_S1,-4777567.569050,-122390.379649,5018995.089663,880.000000,0,false,
SAT_P3_S1,-4875649.732460,-374567.953023,4911301.318266,920.000000,0,false,
SAT_P3_S1,-4965920.997597,-625483.310140,4794193.881222,960.000000,0,false,
SAT_P3_S1,-5048200.250398,-874704.965664,4667896.540416,1000.000000,0,false,
SAT_P3_S1,-5122318.983934,-1121805.588096,4532650.637477,1040.000000,0,false,
SAT_P3_S1,-5188121.648778,-1366362.730997,4388714.643568,1080.000000,0,false,
SAT_P3_S1,-5245466.012280,-1607959.560382,4236363.701895,1120.000000,0,false,
SAT_P3_S1,-5294223.486443,-1846185.568838,4075889.127660,1160.000000,0,false,
SAT_P3_S1,-5334279.382211,-2080637.269995,3907597.826501,1200.000000,0,false,
SAT_P3_S1,-5365533.213062,-2310918.891398,3731811.748599,1240.000000,0,false,
SAT_P3_S1,-5387898.951644,-2536643.053057,3548867.286055,1280.000000,0,false,
SAT_P3_S1,-5401305.253722,-2757431.423674,3359114.636721,1320.000000,0,false,
SAT_P3_S1,-5405695.651839,-2972915.357569,3162917.135492,1360.000000,0,false,
SAT_P3_S1,-5401028.742673,-3182736.523052,2960650.569919,1400.000000,0,false,
SAT_P3_S1,-5387278.380242,-3386547.526388,2752702.489587,1440.000000,0,false,
SAT_P3_S1,-5364433.764732,-3584012.477623,2539471.441076,1480.000000,0,false,
SAT_P3_S1,-5332499.552924,-3774807.558267,2321366.209885,1520.000000,0,false,
SAT_P3_S1,-5291495.947613,-3958621.571846,2098805.043219,1560.000000,0,false,
SAT_P3_S1,-5241458.740500,-4135156.458993,1872214.841376,1600.000000,0,false,
SAT_P3_S1,-5182439.329467,-4304127.789043,1642030.333064,1640.000000,0,false,
SAT_P3_S1,-5114504.719405,-4465265.236735,1408693.236263,1680.000000,0,false,
SAT_P3_S1,-5037737.481359,-4618313.020362,1172651.400434,1720.000000,0,false,
SAT_P3_S1,-4952235.672162,-4763030.302975,934357.932410,1760.000000,0,false,
SAT_P3_S1,-4858112.737655,-4899191.576671,694270.313779,1800.000000,0,false,
SAT_P3_S1,-4755497.418767,-5026587.045482,452849.516600,1840.000000,0,false,
SAT_P3_S1,-4644533.572178,-5145022.926100,210559.098288,1880.000000,0,false,
SAT_P3_S1,-4525379.972728,-5254321.727803,-32135.706697,1920.000000,0,false,
SAT_P3_S1,-4398210.118808,-5354322.529213,-274768.891537,1960.000000,0,false,
SAT_P3_S1,-4263211.991537,-5444881.207950,-516874.588946,2000.000000,0,false,
SAT_P3_S1,-4120587.775697,-5525870.622938,-757987.979875,2040.000000,0,false,
SAT_P3_S1,-3970553.554399,-5597180.765764,-997646.199918,2080.000000,0,false,
SAT_P3_S1,-3813338.998611,-5658718.906044,-1235389.243400,2120.000000,0,false,
SAT_P3_S1,-3649187.039428,-5710409.713267,-1470760.861071,2160.000000,0,false,
SAT_P3_S1,-3478353.445263,-5752195.260975,-1703309.442776,2200.000000,0,false,
SAT_P3_S1,-3301106.447636,-5784035.087603,-1932588.896250,2240.000000,0,false,
SAT_P3_S1,-3117726.316829,-5805906.197241,-2158159.515294,2280.000000,0,false,
SAT_P3_S1,-2928504.911405,-5817803.019611,-2379588.829228,2320.000000,0,false,
SAT_P3_S1,-2733745.199073,-5819737.326624,-2596452.432275,2360.000000,0,false,
SAT_P3_S1,-2533760.763836,-5811738.132378,-2808334.801107,2400.000000,0,false,
SAT_P3_S1,-2328875.312805,-5793851.598501,-3014830.106772,2440.000000,0,false,
SAT_P3_S1,-2119422.129350,-5766140.842940,-3215542.980031,2480.000000,0,false,
SAT_P3_S1,-1905743.514497,-5728685.731492,-3410089.259106,2520.000000,0,false,
SAT_P3_S1,-1688190.230965,-5681582.676172,-3598096.727443,2560.000000,0,false,
SAT_P3_S1,-1467120.919951,-5624944.384626,-3779205.819286,2600.000000,0,false,
SAT_P3_S1,-1242901.500844,-5558899.567856,-3953070.288188,2640.000000,0,false,
SAT_P3_S1,-1015904.558440,-5483592.623252,-4119357.848853,2680.000000,0,false,
SAT_P3_S1,-786508.727374,-5399183.320122,-4277750.807749,2720.000000,0,false,
SAT_P3_S1,-555098.070663,-5305846.471601,-4427946.670244,2760.000000,0,false,
SAT_P3_S1,-322061.420029,-5203771.495889,-4569658.662646,2800.000000,0,false,
SAT_P3_S1,-87791.738355,-5093162.048799,-4702616.281459,2840.000000,0,false,
SAT_P3_S1,147314.539352,-4974235.604869,-4826565.795883,2880.000000,0,false,
SAT_P3_S1,382858.170024,-4847223.012877,-4941270.711224,2920.000000,0,false,
SAT_P3_S1,618437.772958,-4712368.022850,-5046512.190915,2960.000000,0,false,
SAT_P3_S1,853650.506323,-4569926.807786,-5142089.458163,3000.000000,0,false,
SAT_P3_S1,1088092.748610,-4420167.499571,-5227820.194369,3040.000000,0,false,
SAT_P3_S1,1321360.782152,-4263369.653269,-5303540.849592,3080.000000,0,false,
SAT_P3_S1,1553051.479926,-4099823.706514,-5369106.928849,3120.000000,0,false,
SAT_P3_S1,1782762.994662,-3929830.454832,-5424393.273205,3160.000000,0,false,
SAT_P3_S1,2010095.449259,-3753700.495206,-5469294.289019,3200.000000,0,false,
SAT_P3_S1,2234651.620084,-3571753.648913,-5503724.127794,3240.000000,0,false,
SAT_P3_S1,2456037.618775,-3384318.374032,-5527616.831693,3280.000000,0,false,
SAT_P3_S1,2673863.579191,-3191731.186154,-5540926.468801,3320.000000,0,false,
SAT_P3_S1,2887744.342234,-2994336.077567,-5543627.242169,3360.000000,0,false,
SAT_P3_S1,3097300.109722,-2792483.869648,-5535713.482794,3400.000000,0,false,
SAT_P3_S1,3302157.119436,-2586531.620401,-5517199.692635,3440.000000,0,false,
SAT_P3_S1,3501948.309152,-2376842.002657,-5488120.526371,3480.000000,0,false,
SAT_P3_S1,3696313.967398,-2163782.674986,-5448530.731060,3520.000000,0,false,
SAT_P3_S1,3884902.369958,-1947725.642790,-5398505.040390,3560.000000,0,false,
SAT_P3_S1,4067370.417148,-1729046.620197,-5338138.047717,3600.000000,0,false,
SAT_P3_S1,4243384.283661,-1508124.402239,-5267544.077917,3640.000000,0,false,
SAT_P3_S1,4412620.018495,-1285340.208961,-5186856.963389,3680.000000,0,false,
SAT_P3_S1,4574764.140905,-1061077.031452,-5096229.795808,3720.000000,0,false,
SAT_P3_S1,4729514.245455,-835718.989728,-4995834.675320,3760.000000,0,false,
SAT_P3_S1,4876579.581604,-609650.680839,-4885862.404515,3800.000000,0,false,
SAT_P3_S1,5015681.604497,-383256.527927,-4766522.135775,3840.000000,0,false,
SAT_P3_S1,5146554.510131,-156920.131086,-4638040.984868,3880.000000,0,false,
SAT_P3_S1,5268945.775293,68976.376004,-4500663.632785,3920.000000,0,false,
SAT_P3_S1,5382616.686331,294052.963236,-4354651.902661,3960.000000,0,false,
SAT_P3_S1,5487342.775643,517932.345725,-4200284.231718,4000.000000,0,false,
SAT_P3_S1,5582914.312978,740240.609062,-4037855.187322,4040.000000,0,false,
SAT_P3_S1,5669136.753568,960607.835114,-3867674.925736,4080.000000,0,false,
SAT_P3_S1,5745831.154888,1178668.717200,-3690068.615915,4120.000000,0,false,
SAT_P3_S1,5812834.558390,1394063.165278,-3505375.825588,4160.000000,0,false,
SAT_P3_S1,5870000.361168,1606436.905968,-3313949.886942,4200.000000,0,false,
SAT_P3_S1,5917198.697956,1815442.080436,-3116157.256550,4240.000000,0,false,
SAT_P3_S1,5954316.730134,2020737.817667,-2912376.805436,4280.000000,0,false,
SAT_P3_S1,5981258.917612,2221990.798860,-2702999.089238,4320.000000,0,false,
SAT_P3_S1,5997947.296087,2418875.816404,-2488425.614390,4360.000000,0,false,
SAT_P3_S1,6004321.701674,2611076.314928,-2269068.064838,4400.000000,0,false,
SAT_P3_S1,6000339.947042,2798284.907336,-2045347.501727,4440.000000,0,false,
SAT_P3_S1,5985977.964932,2980203.873676,-1817693.542387,4480.000000,0,false,
SAT_P3_S1,5961229.945669,3156545.653539,-1586543.530400,4520.000000,0,false,
SAT_P3_S1,5926108.450394,3327033.321364,-1352341.693193,4560.000000,0,false,
SAT_P3_S1,5880644.398053,3491400.999097,-1115538.252682,4600.000000,0,false,
SAT_P3_S1,5824887.113776,3649394.289366,-876588.557869,4640.000000,0,false,
SAT_P3_S1,5758904.312908,3800770.675001,-635952.193044,4680.000000,0,false,
SAT_P3_S1,5682782.042717,3945299.888638,-394092.077717,4720.000000,0,false,
SAT_P3_S1,5596624.578050,4082764.251341,-151473.557935,4760.000000,0,false,
SAT_P3_S1,5500554.298053,4212958.998139,91436.506719,4800.000000,0,false,
SAT_P3_S1,5394711.566811,4335692.604413,334170.656370,4840.000000,0,false,
SAT_P3_S1,5279254.511788,4450787.042457,576261.752589,4880.000000,0,false,
SAT_P3_S1,5154358.779828,4558078.021829,817243.899736,4920.000000,0,false,
SAT_P3_S1,5020217.295434,4657415.228661,1056653.361853,4960.000000,0,false,
SAT_P3_S1,4877039.961552,4748662.524805,1294029.479618,5000.000000,0,false,
SAT_P3_S1,4725053.314351,4831698.106089,1528915.575748,5040.000000,0,false,
SAT_P3_S1,4564500.145151,4906414.633786,1760859.852095,5080.000000,0,false,
SAT_P3_S1,4395639.113068,4972719.360777,1989416.282168,5120.000000,0,false,
SAT_P3_S1,4218744.335361,5030534.236639,2214145.491721,5160.000000,0,false,
SAT_P3_S1,4034104.871761,5079795.909759,2434615.602166,5200.000000,0,false,
SAT_P3_S1,3842024.260342,5120455.779209,2650403.078120,5240.000000,0,false,
SAT_P3_S1,3642819.999596,5152479.995121,2861093.551276,5280.000000,0,false,
SAT_P3_S1,3436823.000884,5175849.424343,3066282.618151,5320.000000,0,false,
SAT_P3_S1,3224377.008908,5190559.579694,3265576.610399,5360.000000,0,false,
SAT_P3_S1,3005838.009334,5196620.537615,3458593.349349,5400.000000,0,false,
SAT_P3_S1,2781573.640402,5194056.864368,3644962.894037,5440.000000,0,false,
SAT_P3_S1,2551962.539340,5182907.458655,3824328.231590,5480.000000,0,false,
SAT_P3_S1,2317393.676777,5163225.382381,3996345.947593,5520.000000,0,false,
SAT_P3_S1,2078265.696649,5135077.701059,4160686.886818,5560.000000,0,false,
SAT_P3_S1,1834986.222055,5098545.282850,4317036.776197,5600.000000,0,false,
SAT_P3_S1,1587971.141446,5053722.562421,4465096.805096,5640.000000,0,false,
SAT_P3_S1,1337643.879905,5000717.284607,4604584.174923,5680.000000,0,false,
SAT_P3_S1,1084434.666354,4939650.252058,4735232.636345,5720.000000,0,false,
SAT_P3_S1,828779.793522,4870655.061948,4856792.999568,5760.000000,0,false,
SAT_P3_S1,571120.837228,4793877.744539,4969033.543890,5800.000000,0,false,
SAT_P3_S1,311903.900302,4709476.467638,5071740.461279,5840.000000,0,false,
SAT_P3_S1,51578.836666,4617621.197362,5164718.244265,5880.000000,0,false,
SAT_P3_S1,-209401.528377,4518493.337836,5247790.031202,5920.000000,0,false,
SAT_P3_S1,-470582.182986,4412285.344428,5320797.903439,5960.000000,0,false,
SAT_P3_S1,-731506.714438,4299200.354862,5383603.181386,6000.000000,0,false,
SAT_P3_S1,-991718.096630,4179451.798332,5436086.675073,6040.000000,0,false,
SAT_P3_S1,-1250759.480160,4053262.970820,5478148.876111,6080.000000,0,false,
SAT_P3_S1,-1508174.985841,3920866.627589,5509710.149382,6120.000000,0,false,
SAT_P3_S1,-1763510.495062,3782504.549899,5530710.870638,6160.000000,0,false,
SAT_P3_S1,-2016314.437526,3638427.094261,5541111.519503,6200.000000,0,false,
SAT_P3_S1,-2266138.582342,3488892.742376,5540892.752736,6240.000000,0,false,
SAT_P3_S1,-2512538.836170,3334167.665775,5530055.476382,6280.000000,0,false,
SAT_P3_S1,-2755076.019582,3174525.234533,5508620.814660,6320.000000,0,false,
SAT_P3_S1,-2993316.644883,3010245.532421,5476630.063701,6360.000000,0,false,
SAT_P3_S1,-3226833.696410,2841614.882873,5434144.635810,6400.000000,0,false,
SAT_P3_S1,-3455207.399506,2668925.354528,5381245.948275,6440.000000,0,false,
SAT_P3_S1,-3678025.970258,2492474.254842,5318035.261841,6480.000000,0,false,
SAT_P3_S1,-3894886.356048,2312563.619360,5244633.484398,6520.000000,0,false,
SAT_P3_S1,-4105394.980213,2129499.709798,5161180.963905,6560.000000,0,false,
SAT_P3_S1,-4309168.474791,1943592.511807,5067837.249781,6600.000000,0,false,
SAT_P3_S1,-4505834.350223,1755155.190996,4964780.742649,6640.000000,0,false,
SAT_P3_S1,-4695031.701137,1564503.591013,4852208.393793,6680.000000,0,false,
SAT_P3_S1,-4876411.879968,1371955.713369,4730335.341321,6720.000000,0,false,
SAT_P3_S1,-5049639.143921,1177831.196976,4599394.507614,6760.000000,0,false,
SAT_P3_S1,-5214391.274283,982450.795448,4459636.155993,6800.000000,0,false,
SAT_P3_S1,-5370360.189086,786135.858858,4311327.428746,6840.000000,0,false,
SAT_P3_S1,-5517252.564430,589207.825789,4154751.883540,6880.000000,0,false,
SAT_P3_S1,-5654790.375691,391987.701125,3990208.942629,6920.000000,0,false,
SAT_P3_S1,-5782711.434690,194795.541163,3818013.330176,6960.000000,0,false,
SAT_P3_S1,-5900769.927705,-2050.052437,3638494.502713,7000.000000,0,false,
SAT_P3_S1,-6008736.913950,-198232.440937,3451996.034232,7040.000000,0,false,
SAT_P3_S1,-6106400.780843,-393437.450498,3258874.965001,7080.000000,0,false,
SAT_P3_S1,-6193567.673964,-587353.869809,3059501.123623,7120.000000,0,false,
SAT_P3_S1,-6270061.927963,-779673.943695,2854256.438378,7160.000000,0,false,
SAT_P3_S1,-6335726.471549,-970093.859456,2643534.225633,7200.000000,0,false,
SAT_P3_S1,-6390423.110096,-1158314.221684,2427738.404127,7240.000000,0,false,
SAT_P3_S1,-6434032.874888,-1344040.522534,2207282.741103,7280.000000,0,false,
SAT_P3_S1,-6466456.296976,-1526983.602310,1982590.052939,7320.000000,0,false,
SAT_P3_S1,-6487613.639569,-1706860.095602,1754091.386047,7360.000000,0,false,
SAT_P3_S1,-6497445.099509,-1883392.867314,1522225.182383,7400.000000,0,false,
SAT_P3_S1,-6495910.983529,-2056311.439908,1287436.431152,7440.000000,0,false,
SAT_P3_S1,-6482991.826393,-2225352.400635,1050175.802602,7480.000000,0,false,
SAT_P3_S1,-6458688.462428,-2390259.792327,810898.767977,7520.000000,0,false,
SAT_P3_S1,-6423022.080509,-2550785.496706,570064.713565,7560.000000,0,false,
SAT_P3_S1,-6376034.278574,-2706689.613829,328136.054290,7600.000000,0,false,
SAT_P3_S1,-6317786.984355,-2857740.795546,85577.322368,7640.000000,0,false,
SAT_P3_S1,-6248362.393110,-3003716.580309,-157145.737510,7680.000000,0,false,
SAT_P3_S1,-6167862.877777,-3144403.716132,-399567.075901,7720.000000,0,false,
SAT_P3_S1,-6076410.843278,-3279598.460424,-641221.250353,7760.000000,0,false,
SAT_P3_S1,-5974148.526301,-3409106.852428,-881644.333395,7800.000000,0,false,
SAT_P3_S1,-5861237.762454,-3532744.970534,-1120374.818223,7840.000000,0,false,
SAT_P3_S1,-5737859.749678,-3650339.188699,-1356954.522885,7880.000000,0,false,
SAT_P3_S1,-5604214.761057,-3761726.404892,-1590929.484679,7920.000000,0,false,
SAT_P3_S1,-5460521.750759,-3866754.212917,-1821850.837817,7960.000000,0,false,
SAT_P3_S1,-5307018.015568,-3965281.101502,-2049275.688179,8000.000000,0,false,
SAT_P3_S1,-5143958.786311,-4057176.616412,-2272767.973543,8040.000000,0,false,
SAT_P3_S1,-4971616.778056,-4142321.493909,-2491899.302245,8080.000000,0,false,
SAT_P3_S1,-4790281.701119,-4220607.768882,-2706249.771758,8120.000000,0,false,
SAT_P3_S1,-4600259.758979,-4291938.876365,-2915408.775424,8160.000000,0,false,
SAT_P3_S1,-4401873.148157,-4356229.755867,-3118975.800696,8200.000000,0,false,
SAT_P3_S1,-4195459.452326,-4413406.878410,-3316561.174572,8240.000000,0,false,
SAT_P3_S1,-3981371.054903,-4463408.288597,-3507786.804247,8280.000000,0,false,
SAT_P3_S1,-3759974.533211,-4506183.635584,-3692286.899595,8320.000000,0,false,
SAT_P3_S1,-3531650.013968,-4541694.175173,-3869708.664894,8360.000000,0,false,
SAT_P3_S1,-3296790.496192,-4569912.741652,-4039712.953709,8400.000000,0,false,
SAT_P3_S1,-3055801.154727,-4590823.706250,-4201974.900273,8440.000000,0,false,
SAT_P3_S1,-2809098.643054,-4604422.943013,-4356184.543560,8480.000000,0,false,
SAT_P3_S1,-2557110.369138,-4610717.766877,-4502047.412772,8520.000000,0,false,
SAT_P3_S1,-2300273.710153,-4609726.803912,-4639285.039629,8560.000000,0,false,
SAT_P3_S1,-2039035.266410,-4601479.911123,-4767635.494193,8600.000000,0,false,
SAT_P3_S1,-1773850.076397,-4586018.055397,-4886853.869373,8640.000000,0,false,
SAT_P3_S1,-1505180.817688,-4563393.169246,-4996712.723142,8680.000000,0,false,
SAT_P3_S1,-1233496.993245,-4533667.986078,-5097002.481461,8720.000000,0,false,
SAT_P3_S1,-959274.114083,-4496915.876461,-5187531.823225,8760.000000,0,false,
SAT_P3_S1,-682992.885585,-4453220.696977,-5268128.058305,8800.000000,0,false,
SAT_P3_S1,-405138.356429,-4402676.561728,-5338637.404228,8840.000000,0,false,
SAT_P3_S1,-126199.078245,-4345387.640138,-5398925.268755,8880.000000,0,false,
SAT_P3_S1,153333.739945,-4281467.950821,-5448876.507825,8920.000000,0,false,
SAT_P3_S1,432967.087658,-4211041.132958,-5488395.637462,8960.000000,0,false,
SAT_P3_S1,712207.011307,-4134240.196269,-5517406.997029,9000.000000,0,false,
SAT_P3_S1,990559.476719,-4051207.264415,-5535854.883086,9040.000000,0,false,
SAT_P3_S1,1267531.235859,-3962093.331278,-5543703.678251,9080.000000,0,false,
SAT_P3_S1,1542630.692892,-3867057.998294,-5540937.932657,9120.000000,0,false,
SAT_P3_S1,1815368.767430,-3766269.154696,-5527562.348340,9160.000000,0,false,
SAT_P3_S1,2085259.758878,-3659902.709975,-5503601.806821,9200.000000,0,false,
SAT_P3_S1,2351822.209879,-3548142.292910,-5469101.330336,9240.000000,0,false,
SAT_P3_S1,2614579.757988,-3431178.937480,-5424125.997953,9280.000000,0,false,
SAT_P3_S1,2873061.978163,-3309210.756353,-5368760.818757,9320.000000,0,false,
SAT_P3_S1,3126805.224698,-3182442.618366,-5303110.586553,9360.000000,0,false,
SAT_P3_S1,3375353.475901,-3051085.839224,-5227299.729305,9400.000000,0,false,
SAT_P3_S1,3618259.136701,-2915357.816748,-5141472.048288,9440.000000,0,false,
SAT_P3_S1,3855083.848233,-2775481.689222,-5045790.467006,9480.000000,0,false,
SAT_P3_S1,4085399.291645,-2631685.993014,-4940436.754698,9520.000000,0,false,
SAT_P3_S1,4308787.973007,-2484204.306146,-4825611.202660,9560.000000,0,false,
SAT_P3_S1,4524843.981817,-2333274.880771,-4701532.254589,9600.000000,0,false,
SAT_P3_S1,4733173.738609,-2179140.272473,-4568436.107775,9640.000000,0,false,
SAT_P3_S1,4933396.750014,-2022046.977943,-4426576.307277,9680.000000,0,false,
SAT_P3_S1,5125146.335403,-1862245.063218,-4276223.296612,9720.000000,0,false,
SAT_P3_S1,5308070.285467,-1699987.759108,-4117663.880679,9760.000000,0,false,
SAT_P3_S1,5481831.561220,-1535531.089194,-3951200.726747,9800.000000,0,false,
SAT_P3_S1,5646108.948794,-1369133.478061,-3777151.804095,9840.000000,0,false,
SAT_P3_S1,5800597.676961,-1201055.356512,-3595849.787680,9880.000000,0,false,
SAT_P3_S1,5945010.000207,-1031558.762821,-3407641.426473,9920.000000,0,false,
SAT_P3_S1,6079075.771727,-860906.946359,-3212886.893928,9960.000000,0,false,
SAT_P3_S1,6202543.018236,-689363.978034,-3011959.130642,10000.000000,0,false,
SAT_P3_S1,6315178.401752,-517194.343458,-2805243.109503,10040.000000,0,false,
SAT_P3_S1,6416767.696282,-344662.546906,-2593135.105249,10080.000000,0,false,
SAT_P3_S1,6507116.242325,-172032.717119,-2376041.944521,10120.000000,0,false,
SAT_P3_S1,6586049.352180,431.788213,-2154380.224332,10160.000000,0,false,
SAT_P3_S1,6653412.661553,172468.775240,-1928575.504202,10200.000000,0,false,
SAT_P3_S1,6709072.451215,343817.604847,-1699061.480199,10240.000000,0,false,
SAT_P3_S1,6752915.968773,514219.580965,-1466279.152331,10280.000000,0,false,
SAT_P3_S1,6784851.696533,683418.334415,-1230675.971038,10320.000000,0,false,
SAT_P3_S1,6804809.502751,851160.203395,-992704.943486,10360.000000,0,false,
SAT_P3_S1,6812740.851237,1017194.608470,-752823.759158,10400.000000,0,false,
SAT_P3_S1,6808618.931862,1181274.424743,-511493.888342,10440.000000,0,false,
SAT_P3_S1,6792438.736039,1343156.343031,-269179.673327,10480.000000,0,false,
SAT_P3_S1,6764217.079849,1502601.221988,-26347.412114,10520.000000,0,false,
SAT_P3_S1,6723992.606278,1659374.436170,216535.561269,10560.000000,0,false,
SAT_P3_S1,6671825.783322,1813246.221417,459001.796250,10600.000000,0,false,
SAT_P3_S1,6607798.759554,1963991.991001,700584.649656,10640.000000,0,false,
SAT_P3_S1,6532015.235209,2111392.652086,940819.204238,10680.000000,0,false,
SAT_P3_S1,6444600.303412,2255234.914232,1179243.183960,10720.000000,0,false,
SAT_P3_S1,6345700.232685,2395311.582629,1415397.863366,10760.000000,0,false,
SAT_P3_S1,6235482.191818,2531421.832945,1648828.964515,10800.000000,0,false,
SAT_P3_S1,6114133.941672,2663371.476959,1879087.545365,10840.000000,0,false,
SAT_P3_S1,5981863.525793,2790973.229182,2105730.883725,10880.000000,0,false,
SAT_P3_S1,5838898.908846,2914046.955262,2328323.343971,10920.000000,0,false,
SAT_P3_S1,5685487.500719,3032419.882930,2546437.214657,10960.000000,0,false,
SAT_P3_S1,5521895.744049,3145926.833567,2759653.547093,11000.000000,0,false,
SAT_P3_S1,5348408.625765,3254410.430711,2967562.971851,11040.000000,0,false,
SAT_P3_S1,5165329.146005,3357721.288059,3169766.486969,11080.000000,0,false,
SAT_P3_S1,4972977.745860,3455718.179848,3365876.219869,11120.000000,0,false,
SAT_P3_S1,4771691.720458,3548268.208513,3555516.175039,11160.000000,0,false,
SAT_P3_S1,4561824.632700,3635246.976736,3738322.972819,11200.000000,0,false,
SAT_P3_S1,4343745.619165,3716538.697112,3913946.516729,11240.000000,0,false,
SAT_P3_S1,4117838.714830,3792036.315703,4082050.657704,11280.000000,0,false,
SAT_P3_S1,3884502.160528,3861641.627600,4242313.835308,11320.000000,0,false,
SAT_P3_S1,3644147.673201,3925265.369722,4394429.680292,11360.000000,0,false,
SAT_P3_S1,3397199.684518,3982827.289692,4538107.574348,11400.000000,0,false,
SAT_P3_S1,3144094.563169,4034256.205415,4673073.182441,11440.000000,0,false,
SAT_P3_S1,2885279.841744,4079490.073153,4799068.976698,11480.000000,0,false,
SAT_P3_S1,2621213.418913,4118476.034182,4915854.717765,11520.000000,0,false,
SAT_P3_S1,2352362.697842,4151170.406716,5023207.855539,11560.000000,0,false,
SAT_P3_S1,2079203.772794,4177538.721810,5120923.958139,11600.000000,0,false,
SAT_P3_S1,1802220.574537,4197555.727641,5208817.085473,11640.000000,0,false,
SAT_P3_S1,1521904.003857,4211205.374630,5286720.117926,11680.000000,0,false,
SAT_P3_S1,1238751.049601,4218480.778964,5354485.036946,11720.000000,0,false,
SAT_P3_S1,953263.916715,4219384.218027,5411983.223033,11760.000000,0,false,
SAT_P3_S1,665949.128557,4213927.069897,5459105.661643,11800.000000,0,false,
SAT_P3_S1,377316.629869,4202129.759820,5495763.134948,11840.000000,0,false,
SAT_P3_S1,87878.887040,4184021.702678,5521886.385444,11880.000000,0,false,
SAT_P3_S1,-201850.016293,4159641.219649,5537426.222849,11920.000000,0,false,
SAT_P3_S1,-491355.285177,4129035.444865,5542353.594648,11960.000000,0,false,
SAT_P3_S1,-780122.317266,4092260.241314,5536659.645292,12000.000000,0,false,
SAT_P3_S1,-1067637.602941,4049380.121089,5520355.757480,12040.000000,0,false,
SAT_P3_S1,-1353389.631500,4000468.090533,5493473.471485,12080.000000,0,false,
SAT_P3_S1,-1636869.785895,3945605.550556,5456064.452907,12120.000000,0,false,
SAT_P3_S1,-1917573.241313,3884882.171513,5408200.404266,12160.000000,0,false,
SAT_P3_S1,-2194999.855558,3818395.754377,5349972.934219,12200.000000,0,false,
SAT_P3_S1,-2468655.049699,3746252.075148,5281493.380314,12240.000000,0,false,
SAT_P3_S1,-2738050.687378,3668564.728736,5202892.608170,12280.000000,0,false,
SAT_P3_S1,-3002705.959650,3585454.987974,5114320.808846,12320.000000,0,false,
SAT_P3_S1,-3262148.241120,3497051.618843,5015947.211694,12360.000000,0,false,
SAT_P3_S1,-3515913.933449,3403490.681516,4907959.754728,12400.000000,0,false,
SAT_P3_S1,-3763549.313250,3304915.353961,4790564.763698,12440.000000,0,false,
SAT_P3_S1,-4004611.359353,3201475.730080,4663986.573180,12480.000000,0,false,
SAT_P3_S1,-4238668.551388,3093328.602158,4528467.102459,12520.000000,0,false,
SAT_P3_S1,-4465301.649046,2980637.234069,4384265.396525,12560.000000,0,false,
SAT_P3_S1,-4684104.467751,2863571.139731,4231657.153532,12600.000000,0,false,
SAT_P3_S1,-4894684.643156,2742305.863981,4070934.234431,12640.000000,0,false,
SAT_P3_S1,-5096664.309601,2617022.706767,3902404.069821,12680.000000,0,false,
SAT_P3_S1,-5289680.812266,2487908.487798,3726389.105722,12720.000000,0,false,
SAT_P3_S1,-5473387.381785,2355155.291223,3543226.201146,12760.000000,0,false,
SAT_P3_S1,-5647453.773449,2218960.201213,3353265.993233,12800.000000,0,false,
SAT_P3_S1,-5811566.866854,2079525.026390,3156872.227892,12840.000000,0,false,
SAT_P3_S1,-5965431.249828,1937056.023158,2954421.071955,12880.000000,0,false,
SAT_P3_S1,-6108769.808477,1791763.628206,2746300.422263,12920.000000,0,false,
SAT_P3_S1,-6241324.234794,1643862.164002,2532909.158548,12960.000000,0,false,
SAT_P3_S1,-6362855.496018,1493569.534680,2314656.367967,13000.000000,0,false,
SAT_P3_S1,-6473144.319397,1341106.936579,2091960.577204,13040.000000,0,false,
SAT_P3_S1,-6571991.608614,1186698.549407,1865248.943137,13080.000000,0,false,
SAT_P3_S1,-6659218.824273,1030571.224079,1634956.426832,13120.000000,0,false,
SAT_P3_S1,-6734668.331025,872954.166623,1401524.951080,13160.000000,0,false,
SAT_P3_S1,-6798203.713947,714078.618592,1165402.543654,13200.000000,0,false,
SAT_P3_S1,-6849710.030611,554177.531738,927042.463092,13240.000000,0,false,
SAT_P3_S1,-6889094.018017,393485.239155,686902.312463,13280.000000,0,false,
SAT_P3_S1,-6916284.284884,232237.126986,445443.148659,13320.000000,0,false,
SAT_P3_S1,-6931231.490838,70669.308540,203128.590345,13360.000000,0,false,
SAT_P3_S1,-6933908.373908,-90981.714036,-39576.097414,13400.000000,0,false,
SAT_P3_S1,-6924309.827251,-252479.378450,-282204.905409,13440.000000,0,false,
SAT_P3_S1,-6902452.919110,-413587.394556,-524291.989606,13480.000000,0,false,
SAT_P3_S1,-6868376.858259,-574070.075632,-765372.579686,13520.000000,0,false,
SAT_P3_S1,-6822142.900539,-733692.667291,-1004983.883442,13560.000000,0,false,
SAT_P3_S1,-6763834.225978,-892221.676193,-1242665.988593,13600.000000,0,false,
SAT_P3_S1,-6693555.817904,-1049425.199627,-1477962.763086,13640.000000,0,false,
SAT_P3_S1,-6611434.252339,-1205073.248443,-1710422.742189,13680.000000,0,false,
SAT_P3_S1,-6517617.411330,-1358938.065658,-1939600.003134,13720.000000,0,false,
SAT_P3_S1,-6412274.231608,-1510794.445711,-2165055.034637,13760.000000,0,false,
SAT_P3_S1,-6295594.379846,-1660420.049251,-2386355.591987,13800.000000,0,false,
SAT_P3_S1,-6167787.874788,-1807595.707800,-2603077.528591,13840.000000,0,false,
SAT_P3_S1,-6029084.667688,-1952105.722271,-2814805.608062,13880.000000,0,false,
SAT_P3_S1,-5879734.211664,-2093738.161791,-3021134.305348,13920.000000,0,false,
SAT_P3_S1,-5720005.023814,-2232285.161894,-3221668.595313,13960.000000,0,false,
SAT_P3_S1,-5550184.110794,-2367543.191089,-3416024.680741,14000.000000,0,false,
SAT_P3_S1,-5370576.449100,-2499313.331050,-3603830.726427,14040.000000,0,false,
SAT_P3_S1,-5181504.418879,-2627401.548055,-3784727.565091,14080.000000,0,false,
SAT_P3_S1,-4983307.199058,-2751618.953108,-3958369.370937,14120.000000,0,false,
SAT_P3_S1,-4776340.122507,-2871782.048606,-4124424.296908,14160.000000,0,false,
SAT_P3_S1,-4560974.014303,-2987712.972731,-4282575.090952,14200.000000,0,false,
SAT_P3_S1,-4337594.538273,-3099239.752437,-4432519.707115,14240.000000,0,false,
SAT_P3_S1,-4106601.484230,-3206196.530874,-4573971.861199,14280.000000,0,false,
SAT_P3_S1,-3868408.005516,-3308423.775643,-4706661.538663,14320.000000,0,false,
SAT_P3_S1,-3623439.893491,-3405768.506292,-4830335.511587,14360.000000,0,false,
SAT_P3_S1,-3372134.804134,-3498084.503808,-4944757.808901,14400.000000,0,false,
SAT_P3_S1,-3114941.460438,-3585232.503060,-5049710.141637,14440.000000,0,false,
SAT_P3_S1,-2852318.835461,-3667080.375036,-5144992.292161,14480.000000,0,false,
SAT_P3_S1,-2584735.333497,-3743503.313978,-5230422.488694,14520.000000,0,false,
SAT_P3_S1,-2312667.972950,-3814384.029776,-5305837.765831,14560.000000,0,false,
SAT_P3_S1,-2036601.501588,-3879612.877595,-5371094.212299,14600.000000,0,false,
SAT_P3_S1,-1757027.548294,-3939088.023795,-5426067.248523,14640.000000,0,false,
SAT_P3_S1,-1474443.754670,-3992715.596637,-5470651.859124,14680.000000,0,false,
SAT_P3_S1,-1189352.895524,-4040409.821884,-5504762.781225,14720.000000,0,false,
SAT_P3_S1,-902261.989547,-4082093.140799,-5528334.645175,14760.000000,0,false,
SAT_P3_S1,-613681.407031,-4117696.326919,-5541322.090073,14800.000000,0,false,
SAT_P3_S1,-324123.982993,-4147158.618705,-5543699.877769,14840.000000,0,false,
SAT_P3_S1,-34104.117468,-4170427.817474,-5535462.936126,14880.000000,0,false,
SAT_P3_S1,255863.135912,-4187460.358455,-5516626.341974,14920.000000,0,false,
SAT_P3_S1,545262.964939,-4198221.414618,-5487225.326390,14960.000000,0,false,
SAT_P3_S1,833581.706559,-4202684.974709,-5447315.221270,15000.000000,0,false,
SAT_P3_S1,1120307.749014,-4200833.902326,-5396971.358373,15040.000000,0,false,
SAT_P3_S1,1404932.432063,-4192659.982908,-5336288.929746,15080.000000,0,false,
SAT_P3_S1,1686950.947988,-4178163.976885,-5265382.833609,15120.000000,0,false,
SAT_P3_S1,1965863.241288,-4157355.680009,-5184387.507345,15160.000000,0,false,
SAT_P3_S1,2241174.887058,-4130253.906761,-5093456.638471,15200.000000,0,false,
SAT_P3_S1,2512397.973081,-4096886.517786,-4992762.911665,15240.000000,0,false,
SAT_P3_S1,2779051.973663,-4057290.426437,-4882497.706811,15280.000000,0,false,
SAT_P3_S1,3040664.607730,-4011511.586992,-4762870.753170,15320.000000,0,false,
SAT_P3_S1,3296772.676890,-3959604.962228,-4634109.737907,15360.000000,0,false,
SAT_P3_S1,3546922.894530,-3901634.486381,-4496459.888639,15400.000000,0,false,
SAT_P3_S1,3790672.716629,-3837673.040848,-4350183.551174,15440.000000,0,false,
SAT_P3_S1,4027591.135133,-3767802.392302,-4195559.703523,15480.000000,0,false,
SAT_P3_S1,4257259.440701,-3692113.099971,-4032883.415063,15520.000000,0,false,
SAT_P3_S1,4479271.995279,-3610704.453158,-3862465.324245,15560.000000,0,false,
SAT_P3_S1,4693236.975463,-3523684.378623,-3684631.063114,15600.000000,0,false,
SAT_P3_S1,4898777.080101,-3431169.328160,-3499720.644668,15640.000000,0,false,
SAT_P3_S1,5095530.211947,-3333284.151294,-3308087.818670,15680.000000,0,false,
SAT_P3_S1,5283150.154085,-3230161.968842,-3110099.413215,15720.000000,0,false,
SAT_P3_S1,5461307.240451,-3121944.048799,-2906134.664396,15760.000000,0,false,
SAT_P3_S1,5629688.918887,-3008779.611704,-2696584.461166,15800.000000,0,false,
SAT_P3_S1,5788000.349645,-2890825.669962,-2481850.613717,15840.000000,0,false,
SAT_P3_S1,5935964.963238,-2768246.843706,-2262345.086517,15880.000000,0,false,
SAT_P3_S1,6073324.974320,-2641215.158005,-2038489.204282,15920.000000,0,false,
SAT_P3_S1,6199841.845961,-2509909.820647,-1810712.832478,15960.000000,0,false,
SAT_P3_S1,6315296.728652,-2374516.991094,-1579453.541907,16000.000000,0,false,
SAT_P3_S1,6419490.899352,-2235229.552868,-1345155.768077,16040.000000,0,false,
SAT_P3_S1,6512246.120157,-2092246.856773,-1108269.942419,16080.000000,0,false,
SAT_P3_S1,6593404.929175,-1945774.438889,-869251.599602,16120.000000,0,false,
SAT_P3_S1,6662830.955933,-1796023.755582,-628560.494941,16160.000000,0,false,
SAT_P3_S1,6720409.171119,-1643211.894311,-386659.700274,16200.000000,0,false,
SAT_P3_S1,6766046.077889,-1487561.271166,-144014.693080,16240.000000,0,false,
SAT_P3_S1,6799669.857735,-1329299.316918,98907.560670,16280.000000,0,false,
SAT_P3_S1,6821230.502548,-1168658.159970,341639.526356,16320.000000,0,false,
SAT_P3_S1,6830699.934379,-1005874.308162,583714.020567,16360.000000,0,false,
SAT_P3_S1,6828071.968414,-841188.293515,824665.135926,16400.000000,0,false,
SAT_P3_S1,6813362.327870,-674844.332335,1064029.158447,16440.000000,0,false,
SAT_P3_S1,6786608.599244,-507089.971255,1301345.484119,16480.000000,0,false,
SAT_P3_S1,6747870.131676,-338175.724964,1536157.526633,16520.000000,0,false,
SAT_P3_S1,6697227.877076,-168354.706849,1768013.612027,16560.000000,0,false,
SAT_P3_S1,6634784.200135,2117.745424,1996467.864496,16600.000000,0,false,
SAT_P3_S1,6560662.689210,172984.446006,2221081.087362,16640.000000,0,false,
SAT_P3_S1,6475007.879911,343986.742748,2441421.617564,16680.000000,0,false,
SAT_P3_S1,6377984.906155,514864.905316,2657066.156528,16720.000000,0,false,
SAT_P3_S1,6269779.186804,685358.509950,2867600.596676,16760.000000,0,false,
SAT_P3_S1,6150596.044383,855206.829895,3072620.823692,16800.000000,0,false,
SAT_P3_S1,6020660.273685,1024149.223666,3271733.487992,16840.000000,0,false,
SAT_P3_S1,5880215.672398,1191925.523727,3464556.751448,16880.000000,0,false,
SAT_P3_S1,5729524.564967,1358276.428043,3650721.021998,16920.000000,0,false,
SAT_P3_S1,5568867.323383,1522943.893235,3829869.675476,16960.000000,0,false,
SAT_P3_S1,5398541.751024,1685671.516090,4001659.701426,17000.000000,0,false,
SAT_P3_S1,5218862.526218,1846204.922313,4165762.361776,17040.000000,0,false,
SAT_P3_S1,5030160.599610,2004292.154213,4321863.815847,17080.000000,0,false,
SAT_P3_S1,4832782.554628,2159684.052921,4469665.707964,17120.000000,0,false,
SAT_P3_S1,4627089.930590,2312134.632720,4608885.713214,17160.000000,0,false,
SAT_P3_S1,4413458.530387,2461401.455666,4739258.058705,17200.000000,0,false,
SAT_P3_S1,4192277.736797,2607246.014250,4860534.038389,17240.000000,0,false,
SAT_P3_S1,3963949.774525,2749434.095290,4972482.463980,17280.000000,0,false,
SAT_P3_S1,3728888.928078,2887736.130315,5074890.061133,17320.000000,0,false,
SAT_P3_S1,3487520.796878,3021927.560892,5167561.876749,17360.000000,0,false,
SAT_P3_S1,3240281.509551,3151789.191494,5250321.633586,17400.000000,0,false,
SAT_P3_S1,2987616.916396,3277107.526794,5323012.034699,17440.000000,0,false,
SAT_P3_S1,2729981.769186,3397675.103276,5385495.033436,17480.000000,0,false,
SAT_P3_S1,2467838.917033,3513290.837909,5437652.108889,17520.000000,0,false,
SAT_P3_S1,2201658.454401,3623760.334062,5479384.445910,17560.000000,0,false,
SAT_P3_S1,1931916.883572,3728896.206076,5510613.121950,17600.000000,0,false,
SAT_P3_S1,1659096.262925,3828518.387582,5531279.244817,17640.000000,0,false,
SAT_P3_S1,1383683.343098,3922454.421740,5541344.039546,17680.000000,0,false,
SAT_P3_S1,1106168.700548,4010539.749144,5540788.908257,17720.000000,0,false,
SAT_P3_S1,827045.878568,4092618.009139,5529615.487300,17760.000000,0,false,
SAT_P3_S1,546810.515703,4168541.310230,5507845.636378,17800.000000,0,false,
SAT_P3_S1,265959.460149,4238170.469460,5475521.358581,17840.000000,0,false,
SAT_P3_S1,-15010.092975,4301375.283506,5432704.747290,17880.000000,0,false,
SAT_P3_S1,-295601.475686,4358034.774439,5379477.872146,17920.000000,0,false,
SAT_P3_S1,-575319.415658,4408037.415218,5315942.618253,17960.000000,0,false,
SAT_P3_S1,-853670.901208,4451281.341852,5242220.486672,18000.000000,0,false,
SAT_P3_S1,-1130166.042039,4487674.571408,5158452.380768,18040.000000,0,false,
SAT_P3_S1,-1404318.923809,4517135.228907,5064798.383160,18080.000000,0,false,
SAT_P3_S1,-1675648.454339,4539591.694630,4961437.413955,18120.000000,0,false,
SAT_P3_S1,-1943679.202471,4554982.793214,4848566.922427,18160.000000,0,false,
SAT_P3_S1,-2207942.232334,4563257.963864,4726402.535438,18200.000000,0,false,
SAT_P3_S1,-2467975.925133,4564377.408851,4595177.662975,18240.000000,0,false,
SAT_P3_S1,-2723326.783380,4558312.216920,4455143.059493,18280.000000,0,false,
SAT_P3_S1,-2973550.227181,4545044.478878,4306566.359270,18320.000000,0,false,
SAT_P3_S1,-3218211.391849,4524567.414711,4149731.606284,18360.000000,0,false,
SAT_P3_S1,-3456885.894594,4496885.458129,3984938.725623,18400.000000,0,false,
SAT_P3_S1,-3689160.569990,4462014.296467,3812502.935095,18440.000000,0,false,
SAT_P3_S1,-3914634.213947,4419980.944595,3632754.178141,18480.000000,0,false,
SAT_P3_S1,-4132918.298861,4370823.779816,3446036.503646,18520.000000,0,false,
SAT_P3_S1,-4343637.654913,4314592.549370,3252707.410882,18560.000000,0,false,
SAT_P3_S1,-4546431.124698,4251348.356413,3053137.164378,18600.000000,0,false,
SAT_P3_S1,-4740952.208439,4181163.644085,2847708.095384,18640.000000,0,false,
SAT_P3_S1,-4926869.700853,4104122.181511,2636813.894406,18680.000000,0,false,
SAT_P3_S1,-5103868.234026,4020318.962354,2420858.827067,18720.000000,0,false,
SAT_P3_S1,-5271648.842770,3929860.139234,2200256.970671,18760.000000,0,false,
SAT_P3_S1,-5429929.497389,3832862.933168,1975431.423142,18800.000000,0,false,
SAT_P3_S1,-5578445.584425,3729455.507766,1746813.483294,18840.000000,0,false,
SAT_P3_S1,-5716950.366314,3619776.833588,1514841.819318,18880.000000,0,false,
SAT_P3_S1,-5845215.409120,3503976.533048,1279961.620211,18920.000000,0,false,
SAT_P3_S1,-5963030.981067,3382214.708671,1042623.733552,18960.000000,0,false,
SAT_P3_S1,-6070206.394789,3254661.740238,803283.786969,19000.000000,0,false,
SAT_P3_S1,-6166570.314979,3121498.062979,562401.298794,19040.000000,0,false,
SAT_P3_S1,-6251971.058225,2982913.942684,320438.784368,19080.000000,0,false,
SAT_P3_S1,-6326276.865584,2839109.238813,77860.857848,19120.000000,0,false,
SAT_P3_S1,-6389376.041835,2690293.095956,-164866.685830,19160.000000,0,false,
SAT_P3_S1,-6441177.154181,2536683.672889,-407277.775099,19200.000000,0,false,
SAT_P3_S1,-6481609.161193,2378507.834922,-648906.974587,19240.000000,0,false,
SAT_P3_S1,-6510621.492700,2216000.827482,-889290.393616,19280.000000,0,false,
SAT_P3_S1,-6528184.077491,2049405.928885,-1127966.589653,19320.000000,0,false,
SAT_P3_S1,-6534287.348570,1878974.093872,-1364477.467762,19360.000000,0,false,
SAT_P3_S1,-6528942.250486,1704963.598479,-1598369.176329,19400.000000,0,false,
SAT_P3_S1,-6512180.135654,1527639.644466,-1829192.985208,19440.000000,0,false,
SAT_P3_S1,-6484052.635789,1347273.954577,-2056506.154348,19480.000000,0,false,
SAT_P3_S1,-6444631.536977,1164144.370427,-2279872.794182,19520.000000,0,false,
SAT_P3_S1,-6394008.594766,978534.428198,-2498864.710644,19560.000000,0,false,
SAT_P3_S1,-6332295.295828,790732.921383,-2713062.225757,19600.000000,0,false,
SAT_P3_S1,-6259622.585013,601033.452611,-2922054.980584,19640.000000,0,false,
SAT_P3_S1,-6176140.588407,409733.980584,-3125442.730059,19680.000000,0,false,
SAT_P3_S1,-6082018.313897,217136.360863,-3322836.120014,19720.000000,0,false,
SAT_P3_S1,-5977443.216027,23545.861025,-3513857.402115,19760.000000,0,false,
SAT_P3_S1,-5862620.835058,-170729.312727,-3698141.163577,19800.000000,0,false,
SAT_P3_S1,-5737774.369448,-365378.503295,-3875335.020199,19840.000000,0,false,
SAT_P3_S1,-5603144.211419,-560089.093572,-4045100.275398,19880.000000,0,false,
SAT_P3_S1,-5458987.442957,-754547.001041,-4207112.543401,19920.000000,0,false,
SAT_P3_S1,-5305577.319798,-948437.176190,-4361062.352600,19960.000000,0,false,
SAT_P3_S1,-5143202.766766,-1141444.103842,-4506655.742100,20000.000000,0,false,
SAT_P3_S1,-4972167.786004,-1333252.303426,-4643614.785941,20040.000000,0,false,
SAT_P3_S1,-4792790.854270,-1523546.831451,-4771678.094156,20080.000000,0,false,
SAT_P3_S1,-4605404.335475,-1712013.785887,-4890601.306355,20120.000000,0,false,
SAT_P3_S1,-4410353.852214,-1898340.811816,-5000157.541887,20160.000000,0,false,
SAT_P3_S1,-4207997.628023,-2082217.601081,-5100137.804214,20200.000000,0,false,
SAT_P3_S1,-3998705.812757,-2263336.392023,-5190351.353821,20240.000000,0,false,
SAT_P3_S1,-3782859.813195,-2441392.476468,-5270626.071752,20280.000000,0,false,
SAT_P3_S1,-3560851.617114,-2616084.707500,-5340808.798456,20320.000000,0,false,
SAT_P3_S1,-3333083.030804,-2787115.978697,-5400765.561302,20360.000000,0,false,
SAT_P3_S1,-3099964.978625,-2954193.727337,-5450381.847498,20400.000000,0,false,
SAT_P3_S1,-2861916.762540,-3117030.427814,-5489562.816995,20440.000000,0,false,
SAT_P3_S1,-2619365.308710,-3275344.075113,-5518233.472333,20480.000000,0,false,
SAT_P3_S1,-2372744.398826,-3428858.657224,-5536338.782462,20520.000000,0,false,
SAT_P3_S1,-2122493.899855,-3577304.629248,-5543843.784136,20560.000000,0,false,
SAT_P3_S1,-1869059.004358,-3720419.399227,-5540733.680544,20600.000000,0,false,
SAT_P3_S1,-1612889.435011,-3857947.773477,-5527013.846079,20640.000000,0,false,
SAT_P3_S1,-1354438.649376,-3989642.400392,-5502709.806116,20680.000000,0,false,
SAT_P3_S1,-1094163.057972,-4115264.224895,-5467867.214672,20720.000000,0,false,
SAT_P3_S1,-832521.228193,-4234582.925044,-5422551.778831,20760.000000,0,false,
SAT_P3_S1,-569973.085884,-4347377.327763,-5366849.134380,20800.000000,0,false,
SAT_P3_S1,-306979.115900,-4453435.815688,-5300864.687570,20840.000000,0,false,
SAT_P3_S1,-43999.566853,-4552556.743289,-5224723.447616,20880.000000,0,false,
SAT_P3_S1,218506.340550,-4644548.849093,-5138569.834389,20920.000000,0,false,
SAT_P3_S1,480081.217927,-4729231.591729,-5042567.367495,20960.000000,0,false,
SAT_P3_S1,740270.294608,-4806435.539447,-4936898.407787,21000.000000,0,false,
SAT_P3_S1,998622.208280,-4876002.726050,-4821763.834773,21040.000000,0,false,
SAT_P3_S1,1254689.786476,-4937786.984895,-4697382.683885,21080.000000,0,false,
SAT_P3_S1,1508030.819208,-4991654.257779,-4563991.740341,21120.000000,0,false,
SAT_P3_S1,1758208.826999,-5037482.899298,-4421845.110542,21160.000000,0,false,
SAT_P3_S1,2004793.826850,-5075163.993720,-4271213.788678,21200.000000,0,false,
SAT_P3_S1,2247363.073865,-5104601.600649,-4112385.140117,21240.000000,0,false,
SAT_P3_S1,2485501.793946,-5125712.990904,-3945662.361135,21280.000000,0,false,
SAT_P3_S1,2718803.911356,-5138428.892775,-3771363.935260,21320.000000,0,false,
SAT_P3_S1,2946872.759585,-5142693.701299,-3589823.041485,21360.000000,0,false,
SAT_P3_S1,3169321.766618,-5138465.652553,-3401386.924001,21400.000000,0,false,
SAT_P3_S1,3385775.123852,-5125716.976624,-3206416.232917,21440.000000,0,false,
SAT_P3_S1,3595868.451160,-5104434.052193,-3005284.352939,21480.000000,0,false,
SAT_P3_S1,3799249.446422,-5074617.547074,-2798376.711285,21520.000000,0,false,
SAT_P3_S1,3995578.465231,-5036282.453577,-2586090.004723,21560.000000,0,false,
SAT_P3_S1,4184529.126524,-4989458.182662,-2368831.458945,21600.000000,0,false,
SAT_P3_S1,4365788.880370,-4934188.605393,-2147018.043395,21640.000000,0,false,
SAT_P3_S1,4539059.541609,-4870532.061997,-1921075.663264,21680.000000,0,false,
SAT_P3_S1,4704057.787209,-4798561.334958,-1691438.327814,21720.000000,0,false,
SAT_P3_S1,4860515.636608,-4718363.607995,-1458547.305752,21760.000000,0,false,
SAT_P3_S1,5008180.930234,-4630040.429647,-1222850.277156,21800.000000,0,false,
SAT_P3_S1,5146817.727421,-4533707.596167,-984800.450477,21840.000000,0,false,
SAT_P3_S1,5276206.682746,-4429495.017204,-744855.670990,21880.000000,0,false,
SAT_P3_S1,5396145.419263,-4317546.585994,-503477.530805,21920.000000,0,false,
SAT_P3_S1,5506448.855279,-4198020.005296,-261130.462075,21960.000000,0,false,
SAT_P3_S1,5606949.482342,-4071086.576216,-18280.824375,22000.000000,0,false,
SAT_P3_S1,5697497.611306,-3936930.961199,224604.012844,22040.000000,0,false,
SAT_P3_S1,5777961.612158,-3795750.941486,467056.589636,22080.000000,0,false,
SAT_P3_S1,5848228.129252,-3647757.157194,708610.274868,22120.000000,0,false,
SAT_P3_S1,5908202.171275,-3493172.752782,948800.188445,22160.000000,0,false,
SAT_P3_S1,5957807.258893,-3332233.068932,1187164.115440,22200.000000,0,false,
SAT_P3_S1,5996985.506817,-3165185.284522,1423243.419729,22240.000000,0,false,
SAT_P3_S1,6025697.660322,-2992288.031638,1656583.945906,22280.000000,0,false,
SAT_P3_S1,6043923.083269,-2813810.981295,1886736.908105,22320.000000,0,false,
SAT_P3_S1,6051659.725232,-2630034.415191,2113259.770430,22360.000000,0,false,
SAT_P3_S1,6048924.090448,-2441248.797250,2335717.122261,22400.000000,0,false,
SAT_P3_S1,6035751.104085,-2247754.290906,2553681.519344,22440.000000,0,false,
SAT_P3_S1,6012193.956349,-2049860.263705,2766734.310059,22480.000000,0,false,
SAT_P3_S1,5978323.951213,-1847884.794730,2974466.451881,22520.000000,0,false,
SAT_P3_S1,5934230.301656,-1642154.153443,3176479.302468,22560.000000,0,false,
SAT_P3_S1,5880019.877143,-1433002.259535,3372385.378608,22600.000000,0,false,
SAT_P3_S1,5815816.921836,-1220770.128518,3561809.091920,22640.000000,0,false,
SAT_P3_S1,5741762.772972,-1005805.313187,3744387.474262,22680.000000,0,false,
SAT_P3_S1,5658015.561936,-788461.337384,3919770.881812,22720.000000,0,false,
SAT_P3_S1,5564749.789877,-569097.087179,4087623.622955,22760.000000,0,true,Paris
SAT_P3_S1,5462155.978079,-348076.224631,4247624.607480,22800.000000,0,true,Paris
SAT_P3_S1,5350440.258015,-125766.578540,4399467.952328,22840.000000,0,true,Paris
SAT_P3_S1,5229823.929717,97460.471245,4542863.549227,22880.000000,0,true,Paris
SAT_P3_S1,5100542.985653,321230.616924,4677537.592006,22920.000000,0,true,Paris
SAT_P3_S1,4962847.625553,545167.251010,4803233.082420,22960.000000,0,true,Paris
SAT_P3_S1,4817001.783721,768892.096938,4919710.329933,23000.000000,0,true,Paris
SAT_P3_S1,4663282.577248,992025.845293,5026747.369216,23040.000000,0,true,Paris
SAT_P3_S1,4501979.746205,1214188.792743,5124140.352468,23080.000000,0,true,Paris
SAT_P3_S1,4333395.110159,1435001.481209,5211703.935038,23120.000000,0,true,Paris
SAT_P3_S1,4157841.989113,1654085.340680,5289271.612182,23160.000000,0,true,Paris
SAT_P3_S1,3975644.594646,1871063.325464,5356696.000987,23200.000000,0,true,Paris
SAT_P3_S1,3787137.427513,2085560.557719,5413849.112550,23240.000000,0,false,
SAT_P3_S1,3592664.662646,2297204.968483,5460622.587433,23280.000000,0,false,
SAT_P3_S1,3392579.504636,2505627.930584,5496927.873880,23320.000000,0,false,
SAT_P3_S1,3187243.551108,2710464.898831,5522696.396564,23360.000000,0,false,
SAT_P3_S1,2977026.133298,2911356.037042,5537879.668542,23400.000000,0,false,
SAT_P3_S1,2762303.643530,3107946.837247,5542449.360216,23440.000000,0,false,
SAT_P3_S1,2543458.865345,3299888.741927,5536397.350012,23480.000000,0,false,
SAT_P3_S1,2320880.315140,3486839.773620,5519735.769142,23520.000000,0,false,
SAT_P3_S1,2094961.531824,3668465.118079,5492496.931139,23560.000000,0,false,
SAT_P3_S1,1866100.390429,3844437.721685,5454733.273581,23600.000000,0,false,
SAT_P3_S1,1634698.414690,4014438.884355,5406517.271753,23640.000000,0,false,
SAT_P3_S1,1401160.079709,4178158.835129,5347941.303700,23680.000000,0,false,
SAT_P3_S1,1165892.109792,4335297.285896,5279117.466697,23720.000000,0,false,
SAT_P3_S1,929302.776853,4485563.977720,5200177.364619,23760.000000,0,false,
SAT_P3_S1,691801.207735,4628679.237074,5111271.891029,23800.000000,0,false,
SAT_P3_S1,453796.689540,4764374.508319,5012570.964722,23840.000000,0,false,
SAT_P3_S1,215697.958428,4892392.830695,4904263.173139,23880.000000,0,false,
SAT_P3_S1,-22087.484705,5012489.355992,4786555.458963,23920.000000,0,false,
SAT_P3_S1,-259154.068221,5124431.832004,4659672.741812,23960.000000,0,false,
SAT_P3_S1,-495098.835608,5228001.058311,4523857.499309,24000.000000,0,false,
SAT_P3_S1,-729522.125486,5322991.317522,4379369.308956,24040.000000,0,false,
SAT_P3_S1,-962028.246216,5409210.804098,4226484.371763,24080.000000,0,false,
SAT_P3_S1,-1192226.144004,5486482.061081,4065495.028583,24120.000000,0,false,
SAT_P3_S1,-1419730.056077,5554642.320662,3896709.180386,24160.000000,0,false,
SAT_P3_S1,-1644160.156667,5613543.867035,3720449.717588,24200.000000,0,false,
SAT_P3_S1,-1865143.194209,5663054.383561,3537053.924973,24240.000000,0,false,
SAT_P3_S1,-2082313.114798,5703057.262661,3346872.847633,24280.000000,0,false,
SAT_P3_S1,-2295311.666451,5733451.875635,3150270.621397,24320.000000,0,false,
SAT_P3_S1,-2503788.991930,5754153.822366,2947623.780501,24360.000000,0,false,
SAT_P3_S1,-2707404.218276,5765095.186280,2739320.559259,24400.000000,0,false,
SAT_P3_S1,-2905826.024318,5766224.747269,2525760.161690,24440.000000,0,false,
SAT_P3_S1,-3098733.170833,5757508.104883,2307351.970538,24480.000000,0,false,
SAT_P3_S1,-3285815.040633,5738927.853916,2084514.784504,24520.000000,0,false,
SAT_P3_S1,-3466772.151592,5710483.698160,1857676.012158,24560.000000,0,false,
SAT_P3_S1,-3641316.638318,5672192.518027,1627270.843530,24600.000000,0,false,
SAT_P3_S1,-3809172.720925,5624088.422926,1393741.410424,24640.000000,0,false,
SAT_P3_S1,-3970077.151819,5566222.770795,1157535.928853,24680.000000,0,false,
SAT_P3_S1,-4123779.637156,5498664.154619,919107.827838,24720.000000,0,false,
SAT_P3_S1,-4270043.219873,5421498.338549,678914.863132,24760.000000,0,false,
SAT_P3_S1,-4408644.640715,5334828.166712,437418.222005,24800.000000,0,false,
SAT_P3_S1,-4539374.694720,5238773.470432,195081.625590,24840.000000,0,false,
SAT_P3_S1,-4662038.549962,5133470.931449,-47629.575314,24880.000000,0,false,
SAT_P3_S1,-4776455.994017,5019073.850731,-290249.318919,24920.000000,0,false,
SAT_P3_S1,-4882461.710176,4895751.967192,-532311.737707,24960.000000,0,false,
SAT_P3_S1,-4979905.505743,4763691.213447,-773352.072011,25000.000000,0,false,
SAT_P3_S1,-5068652.500857,4623093.433067,-1012907.577106,25040.000000,0,false,
SAT_P3_S1,-5148583.281696,4474176.060562,-1250518.424816,25080.000000,0,false,
SAT_P3_S1,-5219594.041421,4317171.787062,-1485728.601309,25120.000000,0,false,
SAT_P3_S1,-5281596.720501,4152328.224696,-1718086.800750,25160.000000,0,false,
SAT_P3_S1,-5334519.042740,3979907.471415,-1947147.295621,25200.000000,0,false,
SAT_P3_S1,-5378304.565386,3800185.689405,-2172470.801307,25240.000000,0,false,
SAT_P3_S1,-5412912.708573,3613452.663728,-2393625.329100,25280.000000,0,false,
SAT_P3_S1,-5438318.741949,3420011.323097,-2610187.019871,25320.000000,0,false,
SAT_P3_S1,-5454513.728385,3220177.227579,-2821740.952409,25360.000000,0,false,
SAT_P3_S1,-5461504.445055,3014278.036714,-3027881.934385,25400.000000,0,false,
SAT_P3_S1,-5459313.307209,2802652.976716,-3228215.285289,25440.000000,0,false,
SAT_P3_S1,-5447978.252930,2585652.280322,-3422357.590571,25480.000000,0,false,
SAT_P3_S1,-5427552.542274,2363636.564664,-3609937.406457,25520.000000,0,false,
SAT_P3_S1,-5398104.610074,2136976.246579,-3790595.973730,25560.000000,0,false,
SAT_P3_S1,-5359717.865461,1906050.916323,-3963987.896774,25600.000000,0,false,
SAT_P3_S1,-5312490.458150,1671248.693736,-4129781.786924,25640.000000,0,false,
SAT_P3_S1,-5256535.014525,1432965.565821,-4287660.873096,25680.000000,0,false,
SAT_P3_S1,-5191978.369135,1191604.716068,-4437323.596884,25720.000000,0,false,
SAT_P3_S1,-5118961.305214,947575.852284,-4578484.200465,25760.000000,0,false,
SAT_P3_S1,-5037638.194929,701294.493277,-4710873.225332,25800.000000,0,false,
SAT_P3_S1,-4948176.665481,453181.261916,-4834238.012999,25840.000000,0,false,
SAT_P3_S1,-4850757.253797,203661.170449,-4948343.180548,25880.000000,0,false,
SAT_P3_S1,-4745573.028636,-46837.106543,-5052971.052044,25920.000000,0,false,
SAT_P3_S1,-4632829.183442,-297881.965356,-5147922.043361,25960.000000,0,false,
SAT_P3_S1,-4512742.617629,-549039.611304,-5233015.017733,26000.000000,0,false,
SAT_P3_S1,-4385541.529298,-799874.798562,-5308087.633763,26040.000000,0,false,
SAT_P3_S1,-4251464.984130,-1049951.571995,-5372996.648302,26080.000000,0,false,
SAT_P3_S1,-4110762.418473,-1298834.016410,-5427618.132691,26120.000000,0,false,
SAT_P3_S1,-3963693.200338,-1546087.000011,-5471847.724144,26160.000000,0,false,
SAT_P3_S1,-3810526.151637,-1791276.925765,-5505600.819266,26200.000000,0,false,
SAT_P3_S1,-3651539.054637,-2033972.477012,-5528812.723138,26240.000000,0,false,
SAT_P3_S1,-3487018.143162,-2273745.360688,-5541438.756858,26280.000000,0,false,
SAT_P3_S1,-3317257.596506,-2510171.055431,-5543454.348351,26320.000000,0,false,
SAT_P3_S1,-3142559.046106,-2742829.567333,-5534855.119333,26360.000000,0,false,
SAT_P3_S1,-2963231.018419,-2971306.156503,-5515656.856961,26400.000000,0,false,
SAT_P3_S1,-2779588.402184,-3195192.073744,-5485895.496004,26440.000000,0,false,
SAT_P3_S1,-2591951.912947,-3414085.295995,-5445627.073601,26480.000000,0,false,
SAT_P3_S1,-2400647.541574,-3627591.249116,-5394927.633484,26520.000000,0,false,
SAT_P3_S1,-2206005.991847,-3835323.512159,-5333893.080924,26560.000000,0,false,
SAT_P3_S1,-2008362.115471,-4036904.514927,-5262639.006937,26600.000000,0,false,
SAT_P3_S1,-1808054.356504,-4231966.242740,-5181300.505858,26640.000000,0,false,
SAT_P3_S1,-1605424.188640,-4420150.920309,-5090031.946825,26680.000000,0,false,
SAT_P3_S1,-1400815.522953,-4601111.646233,-4989006.653207,26720.000000,0,false,
SAT_P3_S1,-1194574.150017,-4774513.060553,-4878416.623454,26760.000000,0,false,
SAT_P3_S1,-987047.164562,-4940031.983587,-4758472.189279,26800.000000,0,false,
SAT_P3_S1,-778582.390575,-5097358.027829,-4629401.632685,26840.000000,0,false,
SAT_P3_S1,-569527.805203,-5246194.186398,-4491450.763068,26880.000000,0,false,
SAT_P3_S1,-360230.965953,-5386257.419944,-4344882.475988,26920.000000,0,false,
SAT_P3_S1,-151038.444581,-5517279.252682,-4189976.305188,26960.000000,0,false,
SAT_P3_S1,57704.748230,-5639006.273754,-4027027.873978,27000.000000,0,false,
SAT_P3_S1,265655.727631,-5751200.658445,-3856348.353652,27040.000000,0,false,
SAT_P3_S1,472474.295145,-5853640.674587,-3678263.896347,27080.000000,0,false,
SAT_P3_S1,677823.495171,-5946121.149757,-3493115.025202,27120.000000,0,false,
SAT_P3_S1,881370.162199,-6028453.895900,-3301255.986738,27160.000000,0,false,
SAT_P3_S1,1082785.461367,-6100468.111550,-3103054.078057,27200.000000,0,false,
SAT_P3_S1,1281745.424060,-6162010.787366,-2898888.965860,27240.000000,0,false,
SAT_P3_S1,1477931.471494,-6212947.068322,-2689151.973036,27280.000000,0,false,
SAT_P3_S1,1671030.922564,-6253160.520297,-2474245.302374,27320.000000,0,false,
SAT_P3_S1,1860737.498891,-6282553.449346,-2254581.287499,27360.000000,0,false,
SAT_P3_S1,2046751.819681,-6301047.158500,-2030581.599789,27400.000000,0,false,
SAT_P3_S1,2228781.878002,-6308582.158384,-1802676.433005,27440.000000,0,false,
SAT_P3_S1,2406543.501432,-6305118.334091,-1571303.665373,27480.000000,0,false,
SAT_P3_S1,2579760.806989,-6290635.097120,-1336908.009002,27520.000000,0,false,
SAT_P3_S1,2748166.654225,-6265131.537189,-1099940.152804,27560.000000,0,false,
SAT_P3_S1,2911503.046590,-6228626.440339,-860855.864143,27600.000000,0,false,
SAT_P3_S1,3069521.535183,-6181158.323043,-620115.093248,27640.000000,0,false,
SAT_P3_S1,3221983.607901,-6122785.437024,-378181.068328,27680.000000,0,false,
SAT_P3_S1,3368661.050822,-6053585.716983,-135519.378738,27720.000000,0,false,
SAT_P3_S1,3509336.278664,-5973656.673225,107402.946545,27760.000000,0,false,
SAT_P3_S1,3643802.646082,-5883115.251306,350118.362728,27800.000000,0,false,
SAT_P3_S1,3771864.753697,-5782097.687736,592159.731572,27840.000000,0,false,
SAT_P3_S1,3893338.722238,-5670759.315563,833061.240488,27880.000000,0,false,
SAT_P3_S1,4008052.408755,-5549274.265681,1072359.320335,27920.000000,0,false,
SAT_P3_S1,4115845.645793,-5417835.222789,1309593.552430,27960.000000,0,false,
SAT_P3_S1,4216570.443755,-5276653.113338,1544307.572833,28000.000000,0,false,
SAT_P3_S1,4310091.161483,-5125956.750834,1776049.962071,28040.000000,0,false,
SAT_P3_S1,4396284.649234,-4965992.440305,2004375.122177,28080.000000,0,false,
SAT_P3_S1,4475040.384718,-4797023.568423,2228844.146834,28120.000000,0,false,
SAT_P3_S1,4546260.612446,-4619330.194026,2449025.686662,28160.000000,0,false,
SAT_P3_S1,4609860.395657,-4433208.524176,2664496.775111,28200.000000,0,false,
SAT_P3_S1,4665767.683963,-4238970.407226,2874843.650344,28240.000000,0,false,
SAT_P3_S1,4713923.365919,-4036942.803062,3079662.562157,28280.000000,0,false,
SAT_P3_S1,4754281.286663,-3827467.209608,3278560.552662,28320.000000,0,false,
SAT_P3_S1,4786808.230265,-3610899.052229,3471156.204667,28360.000000,0,false,
SAT_P3_S1,4811483.884136,-3387607.050713,3657080.368183,28400.000000,0,false,
SAT_P3_S1,4828300.807128,-3157972.584298,3835976.877754,28440.000000,0,false,
SAT_P3_S1,4837264.364778,-2922389.026478,4007503.233969,28480.000000,0,false,
SAT_P3_S1,4838392.591765,-2681261.013343,4171331.221866,28520.000000,0,false,
SAT_P3_S1,4831716.102015,-2435003.752605,4327147.544274,28560.000000,0,false,
SAT_P3_S1,4817277.954672,-2184042.289693,4474654.410925,28600.000000,0,false,
SAT_P3_S1,4795133.492172,-1928810.755496,4613570.086683,28640.000000,0,false,
SAT_P3_S1,4765350.153688,-1669751.595420,4743629.402186,28680.000000,0,false,
SAT_P3_S1,4728007.287353,-1407314.792375,4864584.246964,28720.000000,0,true,Paris
SAT_P3_S1,4683195.973661,-1141957.091735,4976204.055147,28760.000000,0,true,Paris
SAT_P3_S1,4631018.760411,-874141.179728,5078276.191234,28800.000000,0,true,Paris
SAT_P3_S1,4571589.424100,-604334.873023,5170606.339864,28840.000000,0,true,Paris
SAT_P3_S1,4505032.723752,-333010.302042,5253018.868849,28880.000000,0,true,Paris
SAT_P3_S1,4431484.127526,-60643.081922,5325357.144749,28920.000000,0,true,Paris
SAT_P3_S1,4351089.507228,212288.522443,5387483.790391,28960.000000,0,true,Paris
SAT_P3_S1,4264004.860481,485304.431911,5439280.954702,29000.000000,0,true,Paris
SAT_P3_S1,4170395.984435,757923.591805,5480650.501977,29040.000000,0,true,Paris
SAT_P3_S1,4070438.156822,1029664.812875,5511514.188939,29080.000000,0,true,Paris
SAT_P3_S1,3964315.807010,1300047.612802,5531813.806698,29120.000000,0,true,Paris
SAT_P3_S1,3852222.163194,1568593.054134,5541511.268364,29160.000000,0,true,Paris
SAT_P3_S1,3734358.892570,1834824.581956,5540588.664436,29200.000000,0,false,
SAT_P3_S1,3610935.753868,2098268.864838,5529048.311457,29240.000000,0,false,
SAT_P3_S1,3482170.244080,2358456.632481,5506912.768172,29280.000000,0,false,
SAT_P3_S1,3348287.176888,2614923.496130,5474224.735072,29320.000000,0,false,
SAT_P3_S1,3209518.321204,2867210.778274,5431047.008935,29360.000000,0,false,
SAT_P3_S1,3066102.005633,3114866.334824,5377462.368051,29400.000000,0,false,
SAT_P3_S1,2918282.713607,3357445.361805,5313573.414524,29440.000000,0,false,
SAT_P3_S1,2766310.666946,3594511.186752,5239502.371414,29480.000000,0,false,
SAT_P3_S1,2610441.411603,3825636.057049,5155390.858290,29520.000000,0,false,
SAT_P3_S1,2450935.416230,4050401.933095,5061399.662576,29560.000000,0,false,
SAT_P3_S1,2288057.631282,4268401.228531,4957708.413161,29600.000000,0,false,
SAT_P3_S1,2122077.057513,4479237.548919,4844515.243321,29640.000000,0,false,
SAT_P3_S1,1953266.323989,4682526.428861,4722036.443351,29680.000000,0,false,
SAT_P3_S1,1781901.254372,4877896.043890,4590506.065005,29720.000000,0,false,
SAT_P3_S1,1608260.426952,5064987.890694,4450175.481792,29760.000000,0,false,
SAT_P3_S1,1432624.733319,5243457.451464,4301312.919592,29800.000000,0,false,
SAT_P3_S1,1255276.944690,5412974.863614,4144202.979489,29840.000000,0,false,
SAT_P3_S1,1076501.278387,5573225.570552,3979146.131615,29880.000000,0,false,
SAT_P3_S1,896582.934939,5723910.879375,3806458.108113,29920.000000,0,false,
SAT_P3_S1,715807.666229,5864748.572577,3626469.342742,29960.000000,0,false,
SAT_P3_S1,534461.329019,5995473.467299,3439524.348543,30000.000000,0,false,
SAT_P3_S1,352829.441176,6115837.935964,3245981.063482,30040.000000,0,false,
SAT_P3_S1,171196.739143,6225612.385837,3046210.162257,30080.000000,0,false,
SAT_P3_S1,-10153.260839,6324585.722612,2840594.349865,30120.000000,0,false,
SAT_P3_S1,-190938.694911,6412565.815709,2629527.648962,30160.000000,0,false,
SAT_P3_S1,-370879.781880,6489379.855731,2413414.627386,30200.000000,0,false,
SAT_P3_S1,-549699.246523,6554874.703702,2192669.618600,30240.000000,0,false,
SAT_P3_S1,-727122.735350,6608917.232901,1967715.936550,30280.000000,0,false,
SAT_P3_S1,-902879.226259,6651394.612390,1738985.061888,30320.000000,0,false,
SAT_P3_S1,-1076701.430713,6682214.548154,1506915.809679,30360.000000,0,false,
SAT_P3_S1,-1248326.187784,6701305.500323,1271953.488409,30400.000000,0,false,
SAT_P3_S1,-1417494.854894,6708616.870241,1034549.042346,30440.000000,0,false,
SAT_P3_S1,-1583953.688428,6704119.141654,795158.180113,30480.000000,0,false,
SAT_P3_S1,-1747454.211862,6687803.964947,554240.489051,30520.000000,0,false,
SAT_P3_S1,-1907753.578731,6659684.213799,312258.539753,30560.000000,0,false,
SAT_P3_S1,-2064614.936929,6619794.043498,69676.985199,30600.000000,0,false,
SAT_P3_S1,-2217807.769175,6568188.858996,-173038.350777,30640.000000,0,false,
SAT_P3_S1,-2367108.213897,6504945.207503,-415421.392539,30680.000000,0,false,
SAT_P3_S1,-2512299.391241,6430160.701196,-657006.726523,30720.000000,0,false,
SAT_P3_S1,-2653171.707786,6343953.864841,-897330.518392,30760.000000,0,false,
SAT_P3_S1,-2789523.139028,6246463.927100,-1135931.422444,30800.000000,0,false,
SAT_P3_S1,-2921159.494964,6137850.567271,-1372351.483692,30840.000000,0,false,
SAT_P3_S1,-3047894.679494,6018293.648013,-1606137.033374,30880.000000,0,false,
SAT_P3_S1,-3169550.942959,5887992.937327,-1836839.575077,30920.000000,0,false,
SAT_P3_S1,-3285959.078897,5747167.690919,-2064016.645658,30960.000000,0,false,
SAT_P3_S1,-3396958.638052,5596056.286423,-2287232.670610,31000.000000,0,false,
SAT_P3_S1,-3502398.123090,5434915.807089,-2506059.805011,31040.000000,0,false,
SAT_P3_S1,-3602135.162058,5264021.582177,-2720078.753558,31080.000000,0,false,
SAT_P3_S1,-3696036.657854,5083666.681743,-2928879.565687,31120.000000,0,false,
SAT_P3_S1,-3783978.929413,4894161.389642,-3132062.415988,31160.000000,0,false,
SAT_P3_S1,-3865847.860169,4695832.680656,-3329238.380107,31200.000000,0,false,
SAT_P3_S1,-3941539.005425,4489023.629391,-3520030.169368,31240.000000,0,false,
SAT_P3_S1,-4010957.668104,4274092.763464,-3704072.829967,31280.000000,0,false,
SAT_P3_S1,-4074018.996974,4051413.449459,-3881014.444365,31320.000000,0,false,
SAT_P3_S1,-4130648.053763,3821373.225021,-4050516.796324,31360.000000,0,false,
SAT_P3_S1,-4180779.854969,3584373.099352,-4212255.997636,31400.000000,0,false,
SAT_P3_S1,-4224359.396500,3340826.828695,-4365923.084011,31440.000000,0,false,
SAT_P3_S1,-4261341.679659,3091160.187078,-4511224.596780,31480.000000,0,false,
SAT_P3_S1,-4291691.739213,2835810.235831,-4647883.150143,31520.000000,0,false,
SAT_P3_S1,-4315384.593034,2575224.509255,-4775637.904933,31560.000000,0,false,
SAT_P3_S1,-4332405.232476,2309860.239807,-4894245.063061,31600.000000,0,false,
SAT_P3_S1,-4342748.590485,2040183.554072,-5003478.322769,31640.000000,0,false,
SAT_P3_S1,-4346419.489279,1766668.649931,-5103129.292996,31680.000000,0,false,
SAT_P3_S1,-4343432.565090,1489796.956209,-5193007.862471,31720.000000,0,false,
SAT_P3_S1,-4333812.188109,1210056.283521,-5272942.543963,31760.000000,0,false,
SAT_P3_S1,-4317592.396509,927939.976703,-5342780.814921,31800.000000,0,false,
SAT_P3_S1,-4294816.788669,643946.045800,-5402389.388242,31840.000000,0,false,
SAT_P3_S1,-4265538.384282,358576.279705,-5451654.425030,31880.000000,0,false,
SAT_P3_S1,-4229819.519310,72335.375600,-5490481.764258,31920.000000,0,false,
SAT_P3_S1,-4187731.711365,-214269.947340,-5518797.095604,31960.000000,0,false,
SAT_P3_S1,-4139355.505859,-500731.834860,-5536546.084174,32000.000000,0,false,
SAT_P3_S1,-4084780.310678,-786542.186336,-5543694.457376,32040.000000,0,false,
SAT_P3_S1,-4024104.238850,-1071193.543373,-5540228.078759,32080.000000,0,false,
SAT_P3_S1,-3957433.960799,-1354179.976207,-5526153.010326,32120.000000,0,false,
SAT_P3_S1,-3884884.481463,-1634997.972222,-5501495.453413,32160.000000,0,false,
SAT_P3_S1,-3806578.966187,-1913147.319014,-5466301.728401,32200.000000,0,false,
SAT_P3_S1,-3722648.547296,-2188131.990641,-5420638.206418,32240.000000,0,false,
SAT_P3_S1,-3633232.115890,-2459461.027266,-5364591.196521,32280.000000,0,false,
SAT_P3_S1,-3538476.096856,-2726649.403527,-5298266.784879,32320.000000,0,false,
SAT_P3_S1,-3438534.221205,-2989218.895411,-5221790.647097,32360.000000,0,false,
SAT_P3_S1,-3333567.311092,-3246698.954685,-5135307.856184,32400.000000,0,false,
SAT_P3_S1,-3223743.032303,-3498627.554978,-5038982.618473,32440.000000,0,false,
SAT_P3_S1,-3109235.621899,-3744552.015023,-4932997.949605,32480.000000,0,false,
SAT_P3_S1,-2990225.644862,-3984029.834039,-4817555.369707,32520.000000,0,false,
SAT_P3_S1,-2866899.726951,-4216629.502976,-4692874.540402,32560.000000,0,false,
SAT_P3_S1,-2739450.275002,-4441931.287773,-4559192.857878,32600.000000,0,false,
SAT_P3_S1,-2608075.189162,-4659527.992791,-4416765.010454,32640.000000,0,false,
SAT_P3_S1,-2472977.580737,-4869025.721616,-4265862.522944,32680.000000,0,false,
SAT_P3_S1,-2334365.497362,-5070044.634396,-4106773.289970,32720.000000,0,false,
SAT_P3_S1,-2192451.595565,-5262219.620262,-3939801.001916,32760.000000,0,false,
SAT_P3_S1,-2047452.847680,-5445201.001375,-3765264.604670,32800.000000,0,false,
SAT_P3_S1,-1899590.233419,-5618655.208342,-3583497.714268,32840.000000,0,false,
SAT_P3_S1,-1749088.422215,-5782265.421183,-3394847.994374,32880.000000,0,false,
SAT_P3_S1,-1596175.446276,-5935732.168743,-3199676.496241,32920.000000,0,false,
SAT_P3_S1,-1441082.370428,-6078773.909898,-2998356.974479,32960.000000,0,false,
SAT_P3_S1,-1284042.966299,-6211127.620448,-2791275.193295,33000.000000,0,false,
SAT_P3_S1,-1125293.371889,-6332549.304318,-2578828.184381,33040.000000,0,false,
SAT_P3_S1,-965071.739710,-6442814.441988,-2361423.464957,33080.000000,0,false,
SAT_P3_S1,-803617.898823,-6541718.464952,-2139478.265610,33120.000000,0,false,
SAT_P3_S1,-641173.007184,-6629077.166631,-1913418.722190,33160.000000,0,false,
SAT_P3_S1,-477979.202481,-6704727.058573,-1683679.045548,33200.000000,0,false,
SAT_P3_S1,-314279.252054,-6768525.684509,-1450700.673504,33240.000000,0,false,
SAT_P3_S1,-150316.206229,-6820351.922487,-1214931.416626,33280.000000,0,false,
SAT_P3_S1,13666.943248,-6860106.276240,-976824.600716,33320.000000,0,false,
SAT_P3_S1,177427.617523,-6887711.020208,-736838.163084,33360.000000,0,false,
SAT_P3_S1,340723.992352,-6903110.395373,-495433.768064,33400.000000,0,false,
SAT_P3_S1,503315.344271,-6906270.750177,-253075.903350,33440.000000,0,false,
SAT_P3_S1,664962.395098,-6897180.627570,-10230.967174,33480.000000,0,false,
SAT_P3_S1,825427.652809,-6875850.792032,232633.650179,33520.000000,0,false,
SAT_P3_S1,984475.752526,-6842314.225373,475050.490245,33560.000000,0,false,
SAT_P3_S1,1141873.800265,-6796626.121744,716552.954578,33600.000000,0,false,
SAT_P3_S1,1297391.706190,-6738863.786541,956676.230175,33640.000000,0,false,
SAT_P3_S1,1450802.509618,-6669126.455412,1194958.210506,33680.000000,0,false,
SAT_P3_S1,1601882.706767,-6587535.143406,1430940.413030,33720.000000,0,false,
SAT_P3_S1,1750412.568199,-6494232.415877,1664168.887304,33760.000000,0,false,
SAT_P3_S1,1896176.443197,-6389382.100862,1894195.106112,33800.000000,0,false,
SAT_P3_S1,2038963.054519,-6273168.956054,2120576.841303,33840.000000,0,false,
SAT_P3_S1,2178565.789931,-6145798.322975,2342879.028445,33880.000000,0,false,
SAT_P3_S1,2314782.989310,-6007495.772256,2560674.618064,33920.000000,0,false,
SAT_P3_S1,2447418.197243,-5858506.604860,2773545.385043,33960.000000,0,false,
SAT_P3_S1,2576280.426443,-5699095.410813,2981082.735655,34000.000000,0,false,
SAT_P3_S1,2701184.410196,-5529545.577646,3182888.493717,34040.000000,0,false,
SAT_P3_S1,2821950.841094,-5350158.756524,3378575.659787,34080.000000,0,false,
SAT_P3_S1,2938406.593770,-5161254.283788,3567769.139107,34120.000000,0,false,
SAT_P3_S1,3050384.943833,-4963168.582508,3750106.451863,34160.000000,0,false,
SAT_P3_S1,3157725.794820,-4756254.570720,3925238.439506,34200.000000,0,false,
SAT_P3_S1,3260275.875898,-4540881.001547,4092829.920606,34240.000000,0,false,
SAT_P3_S1,3357888.918071,-4317431.748129,4252560.303681,34280.000000,0,false,
SAT_P3_S1,3450425.849601,-4086305.124663,4404124.206483,34320.000000,0,false,
SAT_P3_S1,3537754.970607,-3847913.153731,4547232.031424,34360.000000,0,false,
SAT_P3_S1,3619752.108768,-3602680.803347,4681610.497998,34400.000000,0,false,
SAT_P3_S1,3696300.763374,-3351045.200215,4807003.140429,34440.000000,0,false,
SAT_P3_S1,3767292.253434,-3093454.839652,4923170.789876,34480.000000,0,false,
SAT_P3_S1,3832625.870020,-2830368.795691,5029892.041146,34520.000000,0,false,
SAT_P3_S1,3892208.962498,-2562255.848322,5126963.613519,34560.000000,0,false,
SAT_P3_S1,3945957.061780,-2289593.652418,5214200.736665,34600.000000,0,false,
SAT_P3_S1,3993793.985696,-2012867.879416,5291437.492323,34640.000000,0,false,
SAT_P3_S1,4035651.925316,-1732571.341715,5358527.108873,34680.000000,0,false,
SAT_P3_S1,4071471.514087,-1449203.103221,5415342.210908,34720.000000,0,true,Paris
SAT_P3_S1,4101201.909453,-1163267.592728,5461775.063946,34760.000000,0,true,Paris
SAT_P3_S1,4124800.838401,-875273.699216,5497737.748113,34800.000000,0,true,Paris
SAT_P3_S1,4142234.652151,-585733.867848,5523162.322101,34840.000000,0,true,Paris
SAT_P3_S1,4153478.359918,-295163.190079,5538000.936343,34880.000000,0,true,Paris
SAT_P3_S1,4158515.643897,-4078.489645,5542225.898055,34920.000000,0,true,Paris
SAT_P3_S1,4157338.873915,287002.590559,5535829.712794,34960.000000,0,true,Paris
SAT_P3_S1,4149949.137950,577562.495548,5518825.124346,35000.000000,0,true,Paris
SAT_P3_S1,4136356.225034,867084.670331,5491245.066961,35040.000000,0,true,Paris
SAT_P3_S1,4116578.599544,1155054.470646,5453142.582466,35080.000000,0,true,Paris
SAT_P3_S1,4090643.397543,1440960.064300,5404590.743835,35120.000000,0,true,Paris
SAT_P3_S1,4058586.400162,1724293.335300,5345682.524106,35160.000000,0,true,Paris
SAT_P3_S1,4020451.988034,2004550.776346,5276530.617167,35200.000000,0,false,
SAT_P3_S1,3976293.086479,2281234.375906,5197267.223322,35240.000000,0,false,
SAT_P3_S1,3926171.119742,2553852.506580,5108043.823859,35280.000000,0,false,
SAT_P3_S1,3870155.966687,2821920.809221,5009030.934960,35320.000000,0,false,
SAT_P3_S1,3808325.840122,3084963.038432,4900417.740090,35360.000000,0,false,
SAT_P3_S1,3740767.220190,3342511.922937,4782411.771586,35400.000000,0,false,
SAT_P3_S1,3667574.757337,3594110.007379,4655238.531639,35440.000000,0,false,
SAT_P3_S1,3588851.160148,3839310.471803,4519141.073327,35480.000000,0,false,
SAT_P3_S1,3504707.065488,4077677.926248,4374379.539058,35520.000000,0,false,
SAT_P3_S1,3415260.906446,4308789.194523,4221230.676920,35560.000000,0,false,
SAT_P3_S1,3320638.792620,4532234.099108,4059987.353849,35600.000000,0,false,
SAT_P3_S1,3220974.347130,4747616.190205,3890957.995138,35640.000000,0,false,
SAT_P3_S1,3116408.533462,4954553.453334,3714465.993456,35680.000000,0,false,
SAT_P3_S1,3007089.499566,5152679.020219,3530849.122717,35720.000000,0,false,
SAT_P3_S1,2893172.398270,5341641.845910,3340458.904829,35760.000000,0,false,
SAT_P3_S1,2774819.191001,5521107.344109,3143659.941165,35800.000000,0,false,
SAT_P3_S1,2652198.440619,5690757.995392,2940829.216128,35840.000000,0,false,
SAT_P3_S1,2525485.106357,5850293.952176,2732355.388289,35880.000000,0,false,
SAT_P3_S1,2394860.336382,5999433.628282,2518638.064875,35920.000000,0,false,
SAT_P3_S1,2260511.201689,6137914.161085,2300086.999441,35960.000000,0,false,
SAT_P3_S1,2122630.467936,6265491.936114,2077121.320761,36000.000000,0,false,
SAT_P3_S2,-4998868.065690,-3909795.987143,2779189.754498,0.000000,0,false,
SAT_P3_S2,-4956082.779709,-4104740.308560,2566586.723694,40.000000,0,false,
SAT_P3_S2,-4904947.585073,-4292119.145458,2349046.486865,80.000000,0,false,
SAT_P3_S2,-4845513.596771,-4471621.885728,2126986.777900,120.000000,0,false,
SAT_P3_S2,-4777846.104280,-4642952.566717,1900834.189372,160.000000,0,false,
SAT_P3_S2,-4702024.542965,-4805830.374964,1671023.349270,200.000000,0,false,
SAT_P3_S2,-4618142.452251,-4959990.131852,1437996.083141,240.000000,0,false,
SAT_P3_S2,-4526307.398986,-5105182.739750,1202200.557412,280.000000,0,false,
SAT_P3_S2,-4426640.862949,-5241175.584818,964090.404878,320.000000,0,false,
SAT_P3_S2,-4319278.104944,-5367752.918628,724123.839908,360.000000,0,false,
SAT_P3_S2,-4204368.037556,-5484716.239239,482762.770764,400.000000,0,false,
SAT_P3_S2,-4082073.034177,-5591884.597673,240471.894510,440.000000,0,false,
SAT_P3_S2,-3952568.697724,-5689094.855857,-2282.219055,480.000000,0,false,
SAT_P3_S2,-3816043.648247,-5776201.958978,-245032.035957,520.000000,0,false,
SAT_P3_S2,-3672699.265045,-5853079.153500,-487309.977057,560.000000,0,false,
SAT_P3_S2,-3522749.395874,-5919618.154463,-728649.334434,600.000000,0,false,
SAT_P3_S2,-3366420.040161,-5975729.275599,-968585.186326,640.000000,0,false,
SAT_P3_S2,-3203949.024348,-6021341.549740,-1206655.310900,680.000000,0,false,
SAT_P3_S2,-3035585.669174,-6056402.836313,-1442401.096071,720.000000,0,false,
SAT_P3_S2,-2861590.371050,-6080879.793909,-1675368.433105,760.000000,0,false,
SAT_P3_S2,-2682234.217658,-6094757.905300,-1905108.607740,800.000000,0,false,
SAT_P3_S2,-2497798.567124,-6098041.447458,-2131179.181326,840.000000,0,false,
SAT_P3_S2,-2308574.602595,-6090753.415513,-2353144.854618,880.000000,0,false,
SAT_P3_S2,-2114862.861694,-6072935.397107,-2570578.310538,920.000000,0,false,
SAT_P3_S2,-1916972.752052,-6044647.424163,-2783061.043988,960.000000,0,false,
SAT_P3_S2,-1715222.065303,-6005967.829038,-2990184.186365,1000.000000,0,false,
SAT_P3_S2,-1509936.456206,-5956993.017601,-3191549.290022,1040.000000,0,false,
SAT_P3_S2,-1301448.898361,-5897837.191042,-3386769.083837,1080.000000,0,false,
SAT_P3_S2,-1090099.150811,-5828632.095571,-3575468.226059,1120.000000,0,false,
SAT_P3_S2,-876233.199724,-5749526.715582,-3757284.024574,1160.000000,0,false,
SAT_P3_S2,-660202.687589,-5660686.923570,-3931867.120215,1200.000000,0,false,
SAT_P3_S2,-442364.331268,-5562295.100086,-4098882.141485,1240.000000,0,false,
SAT_P3_S2,-223079.335453,-5454549.752427,-4258008.346725,1280.000000,0,false,
SAT_P3_S2,-2712.803032,-5337665.130935,-4408940.250910,1320.000000,0,false,
SAT_P3_S2,218366.882454,-5211870.722705,-4551388.161765,1360.000000,0,false,
SAT_P3_S2,439788.663202,-5077410.809794,-4685078.738788,1400.000000,0,false,
SAT_P3_S2,661179.427647,-4934543.983565,-4809755.511006,1440.000000,0,false,
SAT_P3_S2,882164.635490,-4783542.629355,-4925179.354417,1480.000000,0,false,
SAT_P3_S2,1102368.945606,-4624692.379360,-5031128.924888,1520.000000,0,false,
SAT_P3_S2,1321416.849431,-4458291.555543,-5127401.066680,1560.000000,0,false,
SAT_P3_S2,1538933.311314,-4284650.624912,-5213811.216592,1600.000000,0,false,
SAT_P3_S2,1754544.403821,-4104091.598790,-5290193.733747,1640.000000,0,false,
SAT_P3_S2,1967877.942181,-3916947.400530,-5356402.179112,1680.000000,0,false,
SAT_P3_S2,2178564.124170,-3723561.266043,-5412309.605410,1720.000000,0,false,
SAT_P3_S2,2386236.167502,-3524286.108415,-5457808.791519,1760.000000,0,false,
SAT_P3_S2,2590530.937524,-3319483.863025,-5492812.427213,1800.000000,0,false,
SAT_P3_S2,2791089.570763,-3109524.820283,-5517253.260124,1840.000000,0,false,
SAT_P3_S2,2987558.103294,-2894786.964324,-5531084.229909,1880.000000,0,false,
SAT_P3_S2,3179588.101429,-2675655.317905,-5534278.587553,1920.000000,0,false,
SAT_P3_S2,3366837.252220,-2452521.218324,-5526829.890513,1960.000000,0,false,
SAT_P3_S2,3548969.977946,-2225781.641433,-5508752.041295,2000.000000,0,false,
SAT_P3_S2,3725658.040367,-1995838.503405,-5480079.273064,2040.000000,0,false,
SAT_P3_S2,3896581.131256,-1763097.953809,-5440866.090480,2080.000000,0,false,
SAT_P3_S2,4061427.445413,-1527969.659881,-5391187.161816,2120.000000,0,false,
SAT_P3_S2,4219894.251931,-1290866.089997,-5331137.185202,2160.000000,0,false,
SAT_P3_S2,4371688.478850,-1052201.805351,-5260830.752083,2200.000000,0,false,
SAT_P3_S2,4516527.255048,-812392.736388,-5180402.130804,2240.000000,0,false,
SAT_P3_S2,4654138.427911,-571855.452325,-5090004.996640,2280.000000,0,false,
SAT_P3_S2,4784261.103385,-331006.448984,-4989812.177444,2320.000000,0,false,
SAT_P3_S2,4906646.156445,-90261.428600,-4880015.339642,2360.000000,0,false,
SAT_P3_S2,5021056.712688,149965.415468,-4760824.627820,2400.000000,0,false,
SAT_P3_S2,5127268.611342,389262.109951,-4632468.267792,2440.000000,0,false,
SAT_P3_S2,5225070.870983,627219.606771,-4495192.156222,2480.000000,0,false,
SAT_P3_S2,5314266.154915,863432.480055,-4349259.435812,2520.000000,0,false,
SAT_P3_S2,5394671.138333,1097499.619434,-4194949.958318,2560.000000,0,false,
SAT_P3_S2,5466116.925087,1329024.911567,-4032559.786571,2600.000000,0,false,
SAT_P3_S2,5528449.429660,1557617.918064,-3862400.646843,2640.000000,0,false,
SAT_P3_S2,5581529.727555,1782894.540831,-3684799.343583,2680.000000,0,false,
SAT_P3_S2,5625234.368704,2004477.672159,-3500097.134715,2720.000000,0,false,
SAT_P3_S2,5659455.676970,2221997.837297,-3308649.083457,2760.000000,0,false,
SAT_P3_S2,5684102.058994,2435093.836141,-3110823.403178,2800.000000,0,false,
SAT_P3_S2,5699098.239600,2643413.353751,-2907000.744681,2840.000000,0,false,
SAT_P3_S2,5704385.450298,2846613.549161,-2697573.444217,2880.000000,0,false,
SAT_P3_S2,5699921.642637,3044361.644442,-2482944.780883,2920.000000,0,false,
SAT_P3_S2,5685681.646446,3236335.487515,-2263528.192377,2960.000000,0,false,
SAT_P3_S2,5661657.282901,3422224.084087,-2039746.464804,3000.000000,0,false,
SAT_P3_S2,5627857.443818,3601728.106068,-1812030.901659,3040.000000,0,false,
SAT_P3_S2,5584308.163507,3774560.389984,-1580820.484651,3080.000000,0,false,
SAT_P3_S2,5531052.681061,3940446.422021,-1346561.028123,3120.000000,0,false,
SAT_P3_S2,5468151.377193,4099124.745758,-1109704.282494,3160.000000,0,false,
SAT_P3_S2,5395681.763218,4250347.390360,-870707.059543,3200.000000,0,false,
SAT_P3_S2,5313738.419909,4393880.265735,-630030.336606,3240.000000,0,false,
SAT_P3_S2,5222432.895694,4529503.523621,-388138.350981,3280.000000,0,false,
SAT_P3_S2,5121893.560043,4657011.880755,-145497.686100,3320.000000,0,false,
SAT_P3_S2,5012265.435313,4776214.924297,97423.647186,3360.000000,0,false,
SAT_P3_S2,4893710.031053,4886937.418856,340157.130325,3400.000000,0,false,
SAT_P3_S2,4766405.101792,4989019.545920,582234.661669,3440.000000,0,false,
SAT_P3_S2,4630544.354287,5082317.099300,823189.482803,3480.000000,0,false,
SAT_P3_S2,4486337.176505,5166701.695341,1062557.097452,3520.000000,0,false,
SAT_P3_S2,4334008.309480,5242060.932250,1299876.189745,3560.000000,0,false,
SAT_P3_S2,4173797.479106,5308298.504032,1534689.529813,3600.000000,0,false,
SAT_P3_S2,4005958.996656,5365334.280718,1766544.868908,3640.000000,0,false,
SAT_P3_S2,3830761.350068,5413104.378968,1994995.827279,3680.000000,0,false,
SAT_P3_S2,3648486.786384,5451561.220421,2219602.771453,3720.000000,0,false,
SAT_P3_S2,3459430.795515,5480673.473319,2439933.654967,3760.000000,0,false,
SAT_P3_S2,3263901.635858,5500426.040285,2655564.858502,3800.000000,0,false,
SAT_P3_S2,3062219.820793,5510820.000929,2866082.010043,3840.000000,0,false,
SAT_P3_S2,2854717.578063,5511872.516453,3071080.779892,3880.000000,0,false,
SAT_P3_S2,2641738.280616,5503616.693077,3270167.647068,3920.000000,0,false,
SAT_P3_S2,2423635.863515,5486101.429752,3462960.648913,3960.000000,0,false,
SAT_P3_S2,2200774.242685,5459391.275353,3649090.125286,4000.000000,0,false,
SAT_P3_S2,1973526.689328,5423566.213545,3828199.413018,4040.000000,0,false,
SAT_P3_S2,1742275.175210,5378721.404250,3999945.504867,4080.000000,0,false,
SAT_P3_S2,1507409.734568,5324966.955431,4163999.708429,4120.000000,0,false,
SAT_P3_S2,1269327.793513,5262427.644986,4320048.264334,4160.000000,0,false,
SAT_P3_S2,1028433.484844,5191242.606766,4467792.921770,4200.000000,0,false,
SAT_P3_S2,785136.950381,5111564.992108,4606951.480170,4240.000000,0,false,
SAT_P3_S2,539853.639460,5023561.632188,4737258.315054,4280.000000,0,false,
SAT_P3_S2,293003.605799,4927412.700238,4858464.885102,4320.000000,0,false,
SAT_P3_S2,45010.773734,4823311.269399,4970340.137201,4360.000000,0,false,
SAT_P3_S2,-203697.778779,4711462.930070,5072670.937184,4400.000000,0,false,
SAT_P3_S2,-452692.548883,4592085.373789,5165262.455126,4440.000000,0,false,
SAT_P3_S2,-701542.340360,4465407.954880,5247938.508633,4480.000000,0,false,
SAT_P3_S2,-949814.996989,4331671.222589,5320541.855224,4520.000000,0,false,
SAT_P3_S2,-1197078.140071,4191126.475739,5382934.490358,4560.000000,0,false,
SAT_P3_S2,-1442899.905427,4044035.287014,5434997.891358,4600.000000,0,false,
SAT_P3_S2,-1686849.681121,3890669.004697,5476633.216251,4640.000000,0,false,
SAT_P3_S2,-1928498.851030,3731308.263504,5507761.494797,4680.000000,0,false,
SAT_P3_S2,-2167421.532049,3566242.469125,5528323.763879,4720.000000,0,false,
SAT_P3_S2,-2403195.308507,3395769.267829,5538281.161822,4760.000000,0,false,
SAT_P3_S2,-2635401.971548,3220194.018345,5537615.006065,4800.000000,0,false,
SAT_P3_S2,-2863628.265808,3039829.274609,5526326.865055,4840.000000,0,false,
SAT_P3_S2,-3087466.602394,2854994.205827,5504438.511866,4880.000000,0,false,
SAT_P3_S2,-3306515.784153,2666014.043718,5471991.893228,4920.000000,0,false,
SAT_P3_S2,-3520381.727334,2473219.524704,5429049.066211,4960.000000,0,false,
SAT_P3_S2,-3728678.168983,2276946.318414,5375692.084850,5000.000000,0,false,
SAT_P3_S2,-3931027.354660,2077534.446297,5312022.837043,5040.000000,0,false,
SAT_P3_S2,-4127060.718971,1875327.699214,5238162.851201,5080.000000,0,false,
SAT_P3_S2,-4316419.573292,1670673.066088,5154253.097014,5120.000000,0,false,
SAT_P3_S2,-4498755.768396,1463920.154842,5060453.735550,5160.000000,0,false,
SAT_P3_S2,-4673732.309182,1255420.587837,4956943.782882,5200.000000,0,false,
SAT_P3_S2,-4841024.000633,1045527.431407,4843920.812530,5240.000000,0,false,
SAT_P3_S2,-5000318.063285,834594.609931,4721600.596790,5280.000000,0,false,
SAT_P3_S2,-5151314.720358,622976.321860,4590216.707454,5320.000000,0,false,
SAT_P3_S2,-5293727.761343,411026.456169,4450020.078819,5360.000000,0,false,
SAT_P3_S2,-5427285.103845,199098.013503,4301278.555006,5400.000000,0,false,
SAT_P3_S2,-5551729.362890,-12457.465010,4144276.432094,5440.000000,0,false,
SAT_P3_S2,-5666818.325031,-223290.477266,3979313.899165,5480.000000,0,false,
SAT_P3_S2,-5772325.447411,-433054.127691,3806706.493732,5520.000000,0,false,
SAT_P3_S2,-5868040.339436,-641404.691502,3626784.529267,5560.000000,0,false,
SAT_P3_S2,-5953769.207413,-848002.174428,3439892.482001,5600.000000,0,false,
SAT_P3_S2,-6029335.257473,-1052510.862489,3246388.340645,5640.000000,0,false,
SAT_P3_S2,-6094579.077835,-1254599.865554,3046642.931215,5680.000000,0,false,
SAT_P3_S2,-6149359.026377,-1453943.657560,2841039.233024,5720.000000,0,false,
SAT_P3_S2,-6193551.569665,-1650222.602933,2629971.658734,5760.000000,0,false,
SAT_P3_S2,-6227051.530957,-1843123.463719,2413845.275765,5800.000000,0,false,
SAT_P3_S2,-6249772.390209,-2032339.907027,2193075.051338,5840.000000,0,false,
SAT_P3_S2,-6261646.511152,-2217572.994638,1968085.052266,5880.000000,0,false,
SAT_P3_S2,-6262625.331155,-2398531.655343,1739307.625829,5920.000000,0,false,
SAT_P3_S2,-6252679.522009,-2574933.144198,1507182.564509,5960.000000,0,false,
SAT_P3_S2,-6231799.125822,-2746503.490940,1272156.255920,6000.000000,0,false,
SAT_P3_S2,-6199993.634000,-2912977.922056,1034680.813988,6040.000000,0,false,
SAT_P3_S2,-6157292.023139,-3074101.262754,795213.195831,6080.000000,0,false,
SAT_P3_S2,-6103742.776820,-3229628.331255,554214.311886,6120.000000,0,false,
SAT_P3_S2,-6039413.904533,-3379324.328900,312148.133746,6160.000000,0,false,
SAT_P3_S2,-5964392.825178,-3522965.166482,69480.776032,6200.000000,0,false,
SAT_P3_S2,-5878786.280462,-3660337.800420,-173320.413815,6240.000000,0,false,
SAT_P3_S2,-5782720.210909,-3791240.549895,-415787.771794,6280.000000,0,false,
SAT_P3_S2,-5676339.580050,-3915483.384773,-657454.236619,6320.000000,0,false,
SAT_P3_S2,-5559808.146755,-4032888.180450,-897854.265762,6360.000000,0,false,
SAT_P3_S2,-5433308.207772,-4143288.954981,-1136524.749577,6400.000000,0,false,
SAT_P3_S2,-5297040.337741,-4246532.105696,-1373005.924307,6440.000000,0,false,
SAT_P3_S2,-5151223.071426,-4342476.605344,-1606842.274028,6480.000000,0,false,
SAT_P3_S2,-4996092.498884,-4430994.139624,-1837583.417613,6520.000000,0,false,
SAT_P3_S2,-4831901.904367,-4511969.272169,-2064784.992238,6560.000000,0,false,
SAT_P3_S2,-4658921.341625,-4585299.567103,-2288009.523072,6600.000000,0,false,
SAT_P3_S2,-4477437.169157,-4650895.677218,-2506827.271048,6640.000000,0,false,
SAT_P3_S2,-4287751.549759,-4708681.403949,-2720817.061528,6680.000000,0,false,
SAT_P3_S2,-4090181.938389,-4758593.751036,-2929567.102583,6720.000000,0,false,
SAT_P3_S2,-3885060.568968,-4800582.979878,-3132675.794938,6760.000000,0,false,
SAT_P3_S2,-3672733.837457,-4834612.570217,-3329752.485669,6800.000000,0,false,
SAT_P3_S2,-3453561.711668,-4860659.208162,-3520418.222675,6840.000000,0,false,
SAT_P3_S2,-3227917.114099,-4878712.753139,-3704306.487651,6880.000000,0,false,
SAT_P3_S2,-2996185.270447,-4888776.172063,-3881063.897365,6920.000000,0,false,
SAT_P3_S2,-2758763.028085,-4890865.439259,-4050350.867590,6960.000000,0,false,
SAT_P3_S2,-2516058.156929,-4885009.421562,-4211842.253763,7000.000000,0,false,
SAT_P3_S2,-2268488.649104,-4871249.771333,-4365227.984549,7040.000000,0,false,
SAT_P3_S2,-2016481.989269,-4849640.779581,-4510213.648929,7080.000000,0,false,
SAT_P3_S2,-1760474.379209,-4820249.165937,-4646521.017958,7120.000000,0,false,
SAT_P3_S2,-1500909.991038,-4783153.914904,-4773888.584334,7160.000000,0,false,
SAT_P3_S2,-1238240.188043,-4738446.069337,-4892072.051758,7200.000000,0,false,
SAT_P3_S2,-972922.733205,-4686228.497475,-5000844.780053,7240.000000,0,false,
SAT_P3_S2,-705420.985535,-4626615.639032,-5099998.191857,7280.000000,0,false,
SAT_P3_S2,-436203.092834,-4559733.253492,-5189342.162985,7320.000000,0,false,
SAT_P3_S2,-165741.185819,-4485718.179923,-5268705.404666,7360.000000,0,false,
SAT_P3_S2,105489.459575,-4404718.008720,-5337935.737000,7400.000000,0,false,
SAT_P3_S2,377011.248637,-4316890.791579,-5396900.379185,7440.000000,0,false,
SAT_P3_S2,648345.103088,-4222404.738324,-5445486.206570,7480.000000,0,false,
SAT_P3_S2,919011.303006,-4121437.890768,-5483599.961010,7520.000000,0,false,
SAT_P3_S2,1188530.328891,-4014177.774375,-5511168.411295,7560.000000,0,false,
SAT_P3_S2,1456423.707142,-3900821.043442,-5528138.484134,7600.000000,0,false,
SAT_P3_S2,1722214.861072,-3781573.139143,-5534477.390129,7640.000000,0,false,
SAT_P3_S2,1985429.956497,-3656647.921355,-5530172.691193,7680.000000,0,false,
SAT_P3_S2,2245598.738285,-3526267.253639,-5515232.282260,7720.000000,0,false,
SAT_P3_S2,2502255.372614,-3390660.634021,-5489684.407697,7760.000000,0,false,
SAT_P3_S2,2754939.283091,-3250064.795100,-5453577.613320,7800.000000,0,false,
SAT_P3_S2,3003195.972343,-3104723.291306,-5406980.651030,7840.000000,0,false,
SAT_P3_S2,3246577.833120,-2954886.075801,-5349982.341611,7880.000000,0,false,
SAT_P3_S2,3484644.959607,-2800809.082948,-5282691.421156,7920.000000,0,false,
SAT_P3_S2,3716965.961673,-2642753.823292,-5205236.381209,7960.000000,0,false,
SAT_P3_S2,3943118.728629,-2480986.922376,-5117765.190385,8000.000000,0,false,
SAT_P3_S2,4162691.207528,-2315779.689974,-5020445.038563,8040.000000,0,false,
SAT_P3_S2,4375282.171988,-2147407.683009,-4913462.046111,8080.000000,0,false,
SAT_P3_S2,4580501.969831,-1976150.257298,-4797020.926255,8120.000000,0,false,
SAT_P3_S2,4777973.242420,-1802290.110905,-4671344.600616,8160.000000,0,false,
SAT_P3_S2,4967331.632958,-1626112.825835,-4536673.785815,8200.000000,0,false,
SAT_P3_S2,5148226.503307,-1447906.417492,-4393266.573129,8240.000000,0,false,
SAT_P3_S2,5320321.611303,-1267960.874987,-4241397.955519,8280.000000,0,false,
SAT_P3_S2,5483295.724812,-1086567.681995,-4081359.277917,8320.000000,0,false,
SAT_P3_S2,5636843.272631,-904019.362616,-3913457.717992,8360.000000,0,false,
SAT_P3_S2,5780674.948916,-720609.015126,-3738015.708513,8400.000000,0,false,
SAT_P3_S2,5914518.277379,-536629.847041,-3555370.322651,8440.000000,0,false,
SAT_P3_S2,6038118.141404,-352374.710878,-3365872.625446,8480.000000,0,false,
SAT_P3_S2,6151237.305705,-168135.644747,-3169887.009748,8520.000000,0,false,
SAT_P3_S2,6253656.938378,15796.579375,-2967790.524725,8560.000000,0,false,
SAT_P3_S2,6345177.011665,199132.914756,-2759972.121412,8600.000000,0,false,
SAT_P3_S2,6425616.731430,381586.486881,-2546831.912631,8640.000000,0,false,
SAT_P3_S2,6494814.935287,562873.037956,-2328780.407305,8680.000000,0,false,
SAT_P3_S2,6552630.441891,742711.366879,-2106237.714611,8720.000000,0,false,
SAT_P3_S2,6598942.346258,920823.760533,-1879632.722158,8760.000000,0,false,
SAT_P3_S2,6633650.286131,1096936.420044,-1649402.256851,8800.000000,0,false,
SAT_P3_S2,6656674.709222,1270779.884727,-1415990.239638,8840.000000,0,false,
SAT_P3_S2,6667957.073739,1442089.443343,-1179846.816603,8880.000000,0,false,
SAT_P3_S2,6667459.947259,1610605.529202,-941427.456709,8920.000000,0,false,
SAT_P3_S2,6655167.154013,1776074.115353,-701192.065798,8960.000000,0,false,
SAT_P3_S2,6631083.845730,1938247.096196,-459604.077165,9000.000000,0,false,
SAT_P3_S2,6595236.516719,2096882.650943,-217129.535875,9040.000000,0,false,
SAT_P3_S2,6547672.969902,2251745.592024,25763.822656,9080.000000,0,false,
SAT_P3_S2,6488462.265534,2402607.706504,268607.495197,9120.000000,0,false,
SAT_P3_S2,6417694.665185,2549248.092281,510933.130770,9160.000000,0,false,
SAT_P3_S2,6335481.430306,2691453.449585,752273.456670,9200.000000,0,false,
SAT_P3_S2,6241954.652856,2829018.377402,992163.195640,9240.000000,0,false,
SAT_P3_S2,6137267.047055,2961745.656388,1230139.980550,9280.000000,0,false,
SAT_P3_S2,6021591.686911,3089446.511002,1465745.262203,9320.000000,0,false,
SAT_P3_S2,5895121.688991,3211940.847451,1698525.204224,9360.000000,0,false,
SAT_P3_S2,5758069.865080,3329057.480114,1928031.569460,9400.000000,0,false,
SAT_P3_S2,5610668.374874,3440634.360257,2153822.602396,9440.000000,0,false,
SAT_P3_S2,5453168.317157,3546518.775294,2375463.890938,9480.000000,0,false,
SAT_P3_S2,5285839.226368,3646567.504274,2592529.200059,9520.000000,0,false,
SAT_P3_S2,5108968.620244,3740646.997311,2804601.305046,9560.000000,0,false,
SAT_P3_S2,4922861.477759,3828633.523457,3011272.800547,9600.000000,0,false,
SAT_P3_S2,4727839.675997,3910413.292330,3212146.879634,9640.000000,0,false,
SAT_P3_S2,4524241.390484,3985882.554458,3406838.086215,9680.000000,0,false,
SAT_P3_S2,4312420.484414,4054947.697836,3594973.052645,9720.000000,0,false,
SAT_P3_S2,4092745.898234,4117525.346797,3776191.225816,9760.000000,0,false,
SAT_P3_S2,3865600.934857,4173542.385004,3950145.520124,9800.000000,0,false,
SAT_P3_S2,3631382.575462,4222936.002024,4116502.972486,9840.000000,0,false,
SAT_P3_S2,3390500.771913,4265653.724726,4274945.370259,9880.000000,0,false,
SAT_P3_S2,3143377.707886,4301653.423861,4425169.841497,9920.000000,0,false,
SAT_P3_S2,2890447.032111,4330903.294223,4566889.402961,9960.000000,0,false,
SAT_P3_S2,2632153.077958,4353381.825705,4699833.482429,10000.000000,0,false,
SAT_P3_S2,2368950.087690,4369077.785207,4823748.434488,10040.000000,0,false,
SAT_P3_S2,2101301.408353,4377990.167542,4938398.006322,10080.000000,0,false,
SAT_P3_S2,1829678.639378,4380128.094846,5043563.732017,10120.000000,0,false,
SAT_P3_S2,1554560.817519,4375510.759686,5139045.350021,10160.000000,0,false,
SAT_P3_S2,1276433.566803,4364167.333690,5224661.165728,10200.000000,0,false,
SAT_P3_S2,995788.238424,4346136.853757,5300248.366365,10240.000000,0,false,
SAT_P3_S2,713121.040762,4321468.092667,5365663.296379,10280.000000,0,false,
SAT_P3_S2,428932.174950,4290219.455662,5420781.741538,10320.000000,0,false,
SAT_P3_S2,143724.951313,4252458.815933,5465499.117575,10360.000000,0,false,
SAT_P3_S2,-141995.090497,4208263.372617,5499730.663746,10400.000000,0,false,
SAT_P3_S2,-427721.064736,4157719.489514,5523411.589532,10440.000000,0,false,
SAT_P3_S2,-712945.624317,4100922.512296,5536497.170881,10480.000000,0,false,
SAT_P3_S2,-997161.845873,4037976.582754,5538962.819804,10520.000000,0,false,
SAT_P3_S2,-1279864.113459,3968994.469399,5530804.152199,10560.000000,0,false,
SAT_P3_S2,-1560548.999801,3894097.370182,5512036.995783,10600.000000,0,false,
SAT_P3_S2,-1838716.148117,3813414.675453,5482697.323266,10640.000000,0,false,
SAT_P3_S2,-2113869.148039,3727083.774955,5442841.218617,10680.000000,0,false,
SAT_P3_S2,-2385516.414776,3635249.835455,5392544.782895,10720.000000,0,false,
SAT_P3_S2,-2653172.055296,3538065.563727,5331903.994293,10760.000000,0,false,
SAT_P3_S2,-2916356.727006,3435690.958048,5261034.528205,10800.000000,0,false,
SAT_P3_S2,-3174598.498976,3328293.064314,5180071.561109,10840.000000,0,false,
SAT_P3_S2,-3427433.716832,3216045.741815,5089169.565084,10880.000000,0,false,
SAT_P3_S2,-3674407.817087,3099129.365283,4988501.982843,10920.000000,0,false,
SAT_P3_S2,-3915076.157574,2977730.559970,4878260.928065,10960.000000,0,false,
SAT_P3_S2,-4149004.833899,2852041.925265,4758656.844987,11000.000000,0,false,
SAT_P3_S2,-4375771.472230,2722261.744547,4629918.122259,11040.000000,0,false,
SAT_P3_S2,-4594965.992943,2588593.682173,4492290.661601,11080.000000,0,false,
SAT_P3_S2,-4806191.360378,2451246.478127,4346037.419529,11120.000000,0,false,
SAT_P3_S2,-5009064.335467,2310433.653341,4191437.943660,11160.000000,0,false,
SAT_P3_S2,-5203216.185080,2166373.198176,4028787.856824,11200.000000,0,false,
SAT_P3_S2,-5388293.338742,2019287.235599,3858398.276742,11240.000000,0,false,
SAT_P3_S2,-5563958.070241,1869401.714275,3680595.262744,11280.000000,0,false,
SAT_P3_S2,-5729889.139340,1716946.082958,3495719.210566,11320.000000,0,false,
SAT_P3_S2,-5885782.392996,1562152.959065,3304124.213239,11360.000000,0,false,
SAT_P3_S2,-6031351.334823,1405257.791853,3106177.391444,11400.000000,0,false,
SAT_P3_S2,-6166327.688790,1246498.528074,2902258.209945,11440.000000,0,false,
SAT_P3_S2,-6290461.963415,1086115.283284,2692757.785700,11480.000000,0,false,
SAT_P3_S2,-6403523.891058,924349.982885,2478078.115672,11520.000000,0,false,
SAT_P3_S2,-6505302.902945,761446.020195,2258631.321226,11560.000000,0,false,
SAT_P3_S2,-6595608.568552,597647.908796,2034838.864644,11600.000000,0,false,
SAT_P3_S2,-6674270.969903,433200.928860,1807130.733446,11640.000000,0,false,
SAT_P3_S2,-6741141.052057,268350.774286,1575944.610606,11680.000000,0,false,
SAT_P3_S2,-6796090.935930,103343.198381,1341725.026254,11720.000000,0,false,
SAT_P3_S2,-6839014.192996,-61576.340065,1104922.494553,11760.000000,0,false,
SAT_P3_S2,-6869826.055458,-226163.029679,865992.633077,11800.000000,0,false,
SAT_P3_S2,-6888463.588912,-390173.058165,625395.271541,11840.000000,0,false,
SAT_P3_S2,-6894885.858683,-553363.961839,383593.557414,11880.000000,0,false,
SAT_P3_S2,-6889074.054228,-715494.971099,141053.055464,11920.000000,0,false,
SAT_P3_S2,-6871031.475950,-876327.353049,-101759.174665,11960.000000,0,false,
SAT_P3_S2,-6840783.590310,-1035624.749532,-344375.484460,12000.000000,0,false,
SAT_P3_S2,-6798378.004314,-1193153.513805,-586328.555260,12040.000000,0,false,
SAT_P3_S2,-6743884.387588,-1348683.038629,-827152.313375,12080.000000,0,false,
SAT_P3_S2,-6677394.340258,-1501986.077150,-1066382.842291,12120.000000,0,false,
SAT_P3_S2,-6599021.238958,-1652839.062121,-1303559.293570,12160.000000,0,false,
SAT_P3_S2,-6508900.083596,-1801022.426330,-1538224.796722,12200.000000,0,false,
SAT_P3_S2,-6407187.210543,-1946320.898572,-1769927.350416,12240.000000,0,false,
SAT_P3_S2,-6294060.001359,-2088523.799318,-1998220.707808,12280.000000,0,false,
SAT_P3_S2,-6169716.578104,-2227425.333890,-2222665.253801,12320.000000,0,false,
SAT_P3_S2,-6034375.436431,-2362824.872956,-2442828.865501,12360.000000,0,false,
SAT_P3_S2,-5888275.024072,-2494527.216935,-2658287.748653,12400.000000,0,false,
SAT_P3_S2,-5731673.285338,-2622342.852371,-2868627.256794,12440.000000,0,false,
SAT_P3_S2,-5564847.201911,-2746088.210043,-3073442.701842,12480.000000,0,false,
SAT_P3_S2,-5388092.300112,-2865585.911948,-3272340.141662,12520.000000,0,false,
SAT_P3_S2,-5201722.037904,-2980664.977418,-3464937.112373,12560.000000,0,false,
SAT_P3_S2,-5006067.261934,-3091161.054529,-3650863.372465,12600.000000,0,false,
SAT_P3_S2,-4801475.596592,-3196916.630883,-3829761.611735,12640.000000,0,false,
SAT_P3_S2,-4588310.799049,-3297781.228236,-4001288.126175,12680.000000,0,false,
SAT_P3_S2,-4366952.078230,-3393611.581757,-4165113.459154,12720.000000,0,false,
SAT_P3_S2,-4137793.402181,-3484271.818849,-4320923.025895,12760.000000,0,false,
SAT_P3_S2,-3901242.811759,-3569633.647254,-4468417.732645,12800.000000,0,false,
SAT_P3_S2,-3657721.645168,-3649576.490450,-4607314.514542,12840.000000,0,false,
SAT_P3_S2,-3407663.766773,-3723987.630021,-4737346.863201,12880.000000,0,false,
SAT_P3_S2,-3151514.793782,-3792762.350593,-4858265.338596,12920.000000,0,false,
SAT_P3_S2,-2889731.287156,-3855804.064159,-4969838.036051,12960.000000,0,false,
SAT_P3_S2,-2622779.918247,-3913024.413371,-5071851.005939,13000.000000,0,false,
SAT_P3_S2,-2351136.621024,-3964343.366465,-5164108.641733,13040.000000,0,false,
SAT_P3_S2,-2075285.746163,-4009689.320947,-5246434.058138,13080.000000,0,false,
SAT_P3_S2,-1795719.204131,-4048999.196502,-5318669.433526,13120.000000,0,false,
SAT_P3_S2,-1512935.553571,-4082218.465969,-5380676.249279,13160.000000,0,false,
SAT_P3_S2,-1227439.131815,-4109301.236307,-5432335.571360,13200.000000,0,false,
SAT_P3_S2,-939739.155460,-4130210.299768,-5473548.270224,13240.000000,0,false,
SAT_P3_S2,-650348.815625,-4144917.169390,-5504235.196775,13280.000000,0,false,
SAT_P3_S2,-359784.365477,-4153402.098448,-5524337.313821,13320.000000,0,false,
SAT_P3_S2,-68564.206105,-4155654.103067,-5533815.808289,13360.000000,0,false,
SAT_P3_S2,222792.024010,-4151671.001175,-5532652.201772,13400.000000,0,false,
SAT_P3_S2,513764.376104,-4141459.388475,-5520848.354134,13440.000000,0,false,
SAT_P3_S2,803833.514080,-4125034.627163,-5498426.460479,13480.000000,0,false,
SAT_P3_S2,1092481.635374,-4102420.841573,-5465429.033984,13520.000000,0,false,
SAT_P3_S2,1379193.395450,-4073650.891231,-5421918.835295,13560.000000,0,false,
SAT_P3_S2,1663456.824429,-4038766.323586,-5367978.751292,13600.000000,0,false,
SAT_P3_S2,1944764.240880,-3997817.318819,-5303711.639997,13640.000000,0,false,
SAT_P3_S2,2222613.167256,-3950862.644954,-5229240.166113,13680.000000,0,false,
SAT_P3_S2,2496507.236858,-3897969.602953,-5144706.599942,13720.000000,0,false,
SAT_P3_S2,2765957.072780,-3839213.905785,-5050272.504911,13760.000000,0,false,
SAT_P3_S2,3030481.177172,-3774679.611643,-4946118.475096,13800.000000,0,false,
SAT_P3_S2,3289606.804381,-3704459.023825,-4832443.805357,13840.000000,0,false,
SAT_P3_S2,3542870.812743,-3628652.576043,-4709466.120273,13880.000000,0,false,
SAT_P3_S2,3789820.495846,-3547368.701662,-4577420.960443,13920.000000,0,false,
SAT_P3_S2,4030014.407114,-3460723.703952,-4436561.348871,13960.000000,0,false,
SAT_P3_S2,4263023.186352,-3368841.639596,-4287157.353596,14000.000000,0,false,
SAT_P3_S2,4488430.324165,-3271854.144631,-4129495.555887,14040.000000,0,false,
SAT_P3_S2,4705832.923767,-3169900.269986,-3963878.511821,14080.000000,0,false,
SAT_P3_S2,4914842.456030,-3063126.321345,-3790624.200753,14120.000000,0,false,
SAT_P3_S2,5115085.482470,-2951685.677046,-3610065.427750,14160.000000,0,false,
SAT_P3_S2,5306204.338298,-2835738.588483,-3422549.187243,14200.000000,0,false,
SAT_P3_S2,5487857.792614,-2715451.971319,-3228435.999160,14240.000000,0,false,
SAT_P3_S2,5659721.708307,-2590999.201098,-3028099.234863,14280.000000,0,false,
SAT_P3_S2,5821489.671686,-2462559.898999,-2821924.416164,14320.000000,0,false,
SAT_P3_S2,5972873.516382,-2330319.665586,-2610308.437776,14360.000000,0,false,
SAT_P3_S2,6113603.899065,-2194469.852244,-2393658.823230,14400.000000,0,false,
SAT_P3_S2,6243430.812173,-2055207.303943,-2172392.933830,14440.000000,0,false,
SAT_P3_S2,6362124.049615,-1912734.091207,-1946937.155097,14480.000000,0,false,
SAT_P3_S2,6469473.624353,-1767257.229623,-1717726.059841,14520.000000,0,false,
SAT_P3_S2,6565290.166234,-1618988.396689,-1485201.559384,14560.000000,0,false,
SAT_P3_S2,6649405.319116,-1468143.653706,-1249812.051763,14600.000000,0,false,
SAT_P3_S2,6721672.014788,-1314943.134342,-1012011.529448,14640.000000,0,false,
SAT_P3_S2,6781964.740174,-1159610.736674,-772258.685814,14680.000000,0,false,
SAT_P3_S2,6830179.789526,-1002373.816209,-531016.018301,14720.000000,0,false,
SAT_P3_S2,6866235.455636,-843462.866011,-288748.916040,14760.000000,0,false,
SAT_P3_S2,6890072.159160,-683111.189508,-45924.741294,14800.000000,0,false,
SAT_P3_S2,6901652.539354,-521554.567977,196988.093731,14840.000000,0,false,
SAT_P3_S2,6900961.538846,-359030.927691,439521.051220,14880.000000,0,false,
SAT_P3_S2,6888006.444729,-195780.003627,681206.391810,14920.000000,0,false,
SAT_P3_S2,6862816.784373,-32042.985733,921578.101269,14960.000000,0,false,
SAT_P3_S2,6825444.293813,131937.822217,1160172.807451,15000.000000,0,false,
SAT_P3_S2,6775962.799985,295919.354021,1396530.696000,15040.000000,0,false,
SAT_P3_S2,6714468.049755,459658.131701,1630196.412894,15080.000000,0,false,
SAT_P3_S2,6641077.484469,622910.616647,1860719.953708,15120.000000,0,false,
SAT_P3_S2,6555929.992873,785433.561588,2087657.543767,15160.000000,0,false,
SAT_P3_S2,6459185.665614,946984.362564,2310572.511154,15200.000000,0,false,
SAT_P3_S2,6351025.420498,1107321.405835,2529036.124171,15240.000000,0,false,
SAT_P3_S2,6231650.626568,1266204.414515,2742628.417792,15280.000000,0,false,
SAT_P3_S2,6101282.719001,1423394.794334,2950939.006890,15320.000000,0,false,
SAT_P3_S2,5960162.757331,1578655.976406,3153567.874663,15360.000000,0,false,
SAT_P3_S2,5808550.933119,1731753.752347,3350126.129422,15400.000000,0,false,
SAT_P3_S2,5646726.048227,1882456.607337,3540236.739752,15440.000000,0,false,
SAT_P3_S2,5474984.994461,2030536.057070,3723535.260999,15480.000000,0,false,
SAT_P3_S2,5293642.203320,2175766.979946,3899670.535294,15520.000000,0,false,
SAT_P3_S2,5103028.975312,2317927.926011,4068305.321358,15560.000000,0,false,
SAT_P3_S2,4903492.885747,2456801.443191,4229116.945062,15600.000000,0,false,
SAT_P3_S2,4695397.122567,2592174.392821,4381797.905060,15640.000000,0,false,
SAT_P3_S2,4479119.793950,2723838.254373,4526056.439743,15680.000000,0,false,
SAT_P3_S2,4255053.203669,2851589.420131,4661617.055144,15720.000000,0,false,
SAT_P3_S2,4023603.118014,2975229.490879,4788221.032581,15760.000000,0,false,
SAT_P3_S2,3785188.041808,3094565.579498,4905626.928714,15800.000000,0,false,
SAT_P3_S2,3540238.414210,3209410.574973,5013610.985737,15840.000000,0,false,
SAT_P3_S2,3289195.812950,3319583.412670,5111967.530209,15880.000000,0,false,
SAT_P3_S2,3032512.161479,3424909.347722,5200509.355321,15920.000000,0,false,
SAT_P3_S2,2770648.907260,3525220.213844,5279068.056072,15960.000000,0,false,
SAT_P3_S2,2504076.176568,3620354.660669,5347494.308598,16000.000000,0,false,
SAT_P3_S2,2233271.938046,3710158.406619,5405658.150263,16040.000000,0,false,
SAT_P3_S2,1958721.147051,3794484.471340,5453449.205725,16080.000000,0,false,
SAT_P3_S2,1680914.877557,3873193.397542,5490776.873730,16120.000000,0,false,
SAT_P3_S2,1400349.453606,3946153.476790,5517570.496361,16160.000000,0,false,
SAT_P3_S2,1117525.567771,4013240.952210,5533779.471758,16200.000000,0,false,
SAT_P3_S2,832947.393309,4074340.210648,5539373.328288,16240.000000,0,false,
SAT_P3_S2,547121.698352,4129343.981537,5534341.784868,16280.000000,0,false,
SAT_P3_S2,260556.965001,4178153.543407,5518694.799412,16320.000000,0,false,
SAT_P3_S2,-26237.516666,4220678.859473,5492462.493755,16360.000000,0,false,
SAT_P3_S2,-312752.533326,4256838.755202,5455695.116091,16400.000000,0,false,
SAT_P3_S2,-598479.838291,4286561.078873,5408462.956083,16440.000000,0,false,
SAT_P3_S2,-882913.038430,4309782.845545,5350856.215627,16480.000000,0,false,
SAT_P3_S2,-1165548.475560,4326450.361544,5282984.832635,16520.000000,0,false,
SAT_P3_S2,-1445886.104385,4336519.346738,5204978.279860,16560.000000,0,false,
SAT_P3_S2,-1723430.367990,4339955.073004,5116985.362480,16600.000000,0,false,
SAT_P3_S2,-1997691.062319,4336732.464701,5019173.947120,16640.000000,0,false,
SAT_P3_S2,-2268184.192463,4326836.167538,4911730.630484,16680.000000,0,false,
SAT_P3_S2,-2534432.825034,4310260.651610,4794860.431610,16720.000000,0,false,
SAT_P3_S2,-2795967.934187,4287010.283737,4668786.425181,16760.000000,0,false,
SAT_P3_S2,-3052329.227031,4257099.377654,4533749.331532,16800.000000,0,false,
SAT_P3_S2,-3303065.955314,4220552.228268,4390007.070088,16840.000000,0,false,
SAT_P3_S2,-3547737.725270,4177403.148390,4237834.296942,16880.000000,0,false,
SAT_P3_S2,-3785915.304158,4127696.509237,4077521.928873,16920.000000,0,false,
SAT_P3_S2,-4017181.359908,4071486.698389,3909376.562453,16960.000000,0,false,
SAT_P3_S2,-4241131.220719,4008838.118307,3733719.921628,17000.000000,0,false,
SAT_P3_S2,-4457373.608930,3939825.159716,3550888.262831,17040.000000,0,false,
SAT_P3_S2,-4665531.343800,3864532.152575,3361231.743922,17080.000000,0,false,
SAT_P3_S2,-4865242.008400,3783053.292571,3165113.757007,17120.000000,0,false,
SAT_P3_S2,-5056158.598530,3695492.558910,2962910.240065,17160.000000,0,false,
SAT_P3_S2,-5237950.171927,3601963.640836,2755008.983785,17200.000000,0,false,
SAT_P3_S2,-5410302.438215,3502589.823904,2541808.892246,17240.000000,0,false,
SAT_P3_S2,-5572918.298399,3397503.841045,2323719.202780,17280.000000,0,false,
SAT_P3_S2,-5725518.402472,3286847.751021,2101158.721360,17320.000000,0,false,
SAT_P3_S2,-5867841.653397,3170772.779641,1874555.017229,17360.000000,0,false,
SAT_P3_S2,-5999645.668622,3049439.141329,1644343.597132,17400.000000,0,false,
SAT_P3_S2,-6120707.217337,2923015.850949,1410967.065880,17440.000000,0,false,
SAT_P3_S2,-6230822.630861,2791680.521493,1174874.270045,17480.000000,0,false,
SAT_P3_S2,-6329808.163747,2655619.140681,936519.425351,17520.000000,0,false,
SAT_P3_S2,-6417500.302626,2515025.825277,696361.229021,17560.000000,0,false,
SAT_P3_S2,-6493756.050746,2370102.565279,454861.963333,17600.000000,0,false,
SAT_P3_S2,-6558453.212694,2221058.969547,212486.596340,17640.000000,0,false,
SAT_P3_S2,-6611490.577110,2068111.972022,-30298.131520,17680.000000,0,false,
SAT_P3_S2,-6652788.056088,1911485.521887,-273024.625823,17720.000000,0,false,
SAT_P3_S2,-6682286.833916,1751410.281210,-515225.351638,17760.000000,0,false,
SAT_P3_S2,-6699949.451324,1588123.298554,-756433.752258,17800.000000,0,false,
SAT_P3_S2,-6705759.830725,1421867.666976,-996185.162581,17840.000000,0,false,
SAT_P3_S2,-6699723.260362,1252892.169798,-1234017.718708,17880.000000,0,false,
SAT_P3_S2,-6681866.369429,1081450.922933,-1469473.265137,17920.000000,0,false,
SAT_P3_S2,-6652237.082831,907803.012550,-1702098.255818,17960.000000,0,false,
SAT_P3_S2,-6610904.422749,732212.093353,-1931444.634308,18000.000000,0,false,
SAT_P3_S2,-6557958.379654,554946.005626,-2157070.712997,18040.000000,0,false,
SAT_P3_S2,-6493509.712266,376276.372310,-2378542.039712,18080.000000,0,false,
SAT_P3_S2,-6417689.698493,196478.188130,-2595432.244270,18120.000000,0,false,
SAT_P3_S2,-6330649.833411,15829.400454,-2807323.862172,18160.000000,0,false,
SAT_P3_S2,-6232561.503952,-165389.516239,-3013809.144801,18200.000000,0,false,
SAT_P3_S2,-6123615.667729,-346895.989456,-3214490.864224,18240.000000,0,false,
SAT_P3_S2,-6004022.432974,-528405.784719,-3408983.069719,18280.000000,0,false,
SAT_P3_S2,-5874010.600862,-709633.446410,-3596911.818966,18320.000000,0,false,
SAT_P3_S2,-5733827.226738,-890292.738839,-3777915.903319,18360.000000,0,false,
SAT_P3_S2,-5583737.124220,-1070097.091959,-3951647.537632,18400.000000,0,false,
SAT_P3_S2,-5424022.325484,-1248760.045034,-4117773.010912,18440.000000,0,false,
SAT_P3_S2,-5254981.513065,-1425995.691332,-4275973.307881,18480.000000,0,false,
SAT_P3_S2,-5076929.452038,-1601519.126856,-4425944.718367,18520.000000,0,false,
SAT_P3_S2,-4890196.415008,-1775046.900181,-4567399.427108,18560.000000,0,false,
SAT_P3_S2,-4695127.486747,-1946297.449017,-4700066.010421,18600.000000,0,false,
SAT_P3_S2,-4492081.940475,-2114991.547661,-4823689.961418,18640.000000,0,false,
SAT_P3_S2,-4281432.563234,-2280852.752697,-4938034.168839,18680.000000,0,false,
SAT_P3_S2,-4063564.955511,-2443607.842673,-5042879.355372,18720.000000,0,false,
SAT_P3_S2,-3838876.802405,-2602987.250534,-5138024.471871,18760.000000,0,false,
SAT_P3_S2,-3607777.136127,-2758725.498608,-5223287.068884,18800.000000,0,false,
SAT_P3_S2,-3370685.608741,-2910561.644378,-5298503.664993,18840.000000,0,false,
SAT_P3_S2,-3128031.708837,-3058239.699561,-5363530.031569,18880.000000,0,false,
SAT_P3_S2,-2880253.961447,-3201509.043977,-5418241.439651,18920.000000,0,false,
SAT_P3_S2,-2627799.149199,-3340124.852002,-5462532.910244,18960.000000,0,false,
SAT_P3_S2,-2371121.503659,-3473848.505676,-5496319.409677,19000.000000,0,false,
SAT_P3_S2,-2110681.882452,-3602447.991822,-5519535.994446,19040.000000,0,false,
SAT_P3_S2,-1846946.937701,-3725698.292139,-5532137.919300,19080.000000,0,false,
SAT_P3_S2,-1580388.289114,-3843381.781002,-5534100.733538,19120.000000,0,false,
SAT_P3_S2,-1311481.699924,-3955288.624486,-5525420.356733,19160.000000,0,false,
SAT_P3_S2,-1040706.206424,-4061217.117595,-5506113.030377,19200.000000,0,false,
SAT_P3_S2,-768543.285696,-4160974.064372,-5476215.318686,19240.000000,0,false,
SAT_P3_S2,-495476.005195,-4254375.136524,-5435784.049840,19280.000000,0,false,
SAT_P3_S2,-221988.171732,-4341245.215791,-5384896.213541,19320.000000,0,false,
SAT_P3_S2,51436.520647,-4421418.716983,-5323648.811096,19360.000000,0,false,
SAT_P3_S2,324315.341534,-4494739.909961,-5252158.681759,19400.000000,0,false,
SAT_P3_S2,596167.370642,-4561063.257111,-5170562.327277,19440.000000,0,false,
SAT_P3_S2,866514.344146,-4620253.697450,-5079015.648956,19480.000000,0,false,
SAT_P3_S2,1134881.497864,-4672186.915903,-4977693.646218,19520.000000,0,false,
SAT_P3_S2,1400798.401906,-4716749.632671,-4866790.122163,19560.000000,0,false,
SAT_P3_S2,1663799.792870,-4753839.862370,-4746517.332146,19600.000000,0,false,
SAT_P3_S2,1923426.391171,-4783367.145587,-4617105.586052,19640.000000,0,false,
SAT_P3_S2,2179225.708889,-4805252.764069,-4478802.815409,19680.000000,0,false,
SAT_P3_S2,2430752.854409,-4819429.960596,-4331874.127436,19720.000000,0,false,
SAT_P3_S2,2677571.328479,-4825844.155204,-4176601.339219,19760.000000,0,false,
SAT_P3_S2,2919253.778364,-4824453.066578,-4013282.402392,19800.000000,0,false,
SAT_P3_S2,3155382.762358,-4815226.888921,-3842230.869629,19840.000000,0,false,
SAT_P3_S2,3385551.493591,-4798148.429222,-3663775.306470,19880.000000,0,false,
SAT_P3_S2,3609364.558575,-4773213.217675,-3478258.667711,19920.000000,0,false,
SAT_P3_S2,3826438.607637,-4740429.587346,-3286037.636365,19960.000000,0,false,
SAT_P3_S2,4036403.032033,-4699818.743780,-3087481.941588,20000.000000,0,false,
SAT_P3_S2,4238900.640371,-4651414.843913,-2882973.671114,20040.000000,0,false,
SAT_P3_S2,4433588.274596,-4595265.007023,-2672906.524232,20080.000000,0,false,
SAT_P3_S2,4620137.398916,-4531429.300915,-2457685.037875,20120.000000,0,false,
SAT_P3_S2,4798234.689858,-4459980.744111,-2237723.817012,20160.000000,0,false,
SAT_P3_S2,4967582.585758,-4381005.266308,-2013446.728165,20200.000000,0,false,
SAT_P3_S2,5127899.791906,-4294601.634949,-1785286.069278,20240.000000,0,false,
SAT_P3_S2,5278921.754778,-4200881.358107,-1553681.721169,20280.000000,0,false,
SAT_P3_S2,5420401.127720,-4099968.584431,-1319080.291810,20320.000000,0,false,
SAT_P3_S2,5552108.217948,-3991999.993357,-1081934.252591,20360.000000,0,false,
SAT_P3_S2,5673831.317123,-3877124.588121,-842701.028619,20400.000000,0,false,
SAT_P3_S2,5785377.077207,-3755503.536834,-601842.111078,20440.000000,0,false,
SAT_P3_S2,5886570.830961,-3627309.968632,-359822.147911,20480.000000,0,false,
SAT_P3_S2,5977256.866578,-3492728.741800,-117108.028052,20520.000000,0,false,
SAT_P3_S2,6057298.652207,-3351956.181037,125832.039867,20560.000000,0,false,
SAT_P3_S2,6126579.037083,-3205199.800119,368529.451570,20600.000000,0,false,
SAT_P3_S2,6185000.453269,-3052678.025784,610516.130860,20640.000000,0,false,
SAT_P3_S2,6232485.019026,-2894619.865367,851325.453335,20680.000000,0,false,
SAT_P3_S2,6268974.600821,-2731264.551092,1090493.167353,20720.000000,0,false,
SAT_P3_S2,6294430.885072,-2562861.193557,1327558.307925,20760.000000,0,false,
SAT_P3_S2,6308835.387618,-2389668.400490,1562064.105570,20800.000000,0,false,
SAT_P3_S2,6312189.407698,-2211953.871738,1793558.879673,20840.000000,0,false,
SAT_P3_S2,6304513.943425,-2029993.976332,2021596.919727,20880.000000,0,false,
SAT_P3_S2,6285849.599114,-1844073.324903,2245739.359166,20920.000000,0,false,
SAT_P3_S2,6256256.474229,-1654484.335202,2465555.036682,20960.000000,0,false,
SAT_P3_S2,6215813.910914,-1461526.739612,2680621.315445,21000.000000,0,false,
SAT_P3_S2,6164620.308574,-1265507.121308,2890524.905519,21040.000000,0,false,
SAT_P3_S2,6102792.875519,-1066738.423046,3094862.661834,21080.000000,0,false,
SAT_P3_S2,6030467.338172,-865539.443243,3293242.354138,21120.000000,0,false,
SAT_P3_S2,5947797.604456,-662234.318506,3485283.406317,21160.000000,0,false,
SAT_P3_S2,5854955.410257,-457151.998480,3670617.617676,21200.000000,0,false,
SAT_P3_S2,5752129.975555,-250625.719504,3848889.877351,21240.000000,0,false,
SAT_P3_S2,5639527.570797,-42992.459527,4019758.820636,21280.000000,0,true,Paris
SAT_P3_S2,5517371.052239,165407.615551,4182897.455838,21320.000000,0,true,Paris
SAT_P3_S2,5385899.420490,374231.701834,4337993.786324,21360.000000,0,true,Paris
SAT_P3_S2,5245367.328086,583134.919055,4484751.391873,21400.000000,0,true,Paris
SAT_P3_S2,5096044.550037,791770.873970,4622889.966580,21440.000000,0,true,Paris
SAT_P3_S2,4938215.431037,999792.227331,4752145.824732,21480.000000,0,true,Paris
SAT_P3_S2,4772178.335794,1206851.264685,4872272.394117,21520.000000,0,true,Paris
SAT_P3_S2,4598245.095384,1412600.468642,4983040.688665,21560.000000,0,true,Paris
SAT_P3_S2,4416740.346199,1616693.088124,5084239.676411,21600.000000,0,true,Paris
SAT_P3_S2,4228000.937713,1818783.711351,5175676.682133,21640.000000,0,true,Paris
SAT_P3_S2,4032375.297249,2018528.840746,5257177.738143,21680.000000,0,false,
SAT_P3_S2,3830222.772664,2215587.462238,5328587.889983,21720.000000,0,false,
SAT_P3_S2,3621912.954664,2409621.610259,5389771.459340,21760.000000,0,false,
SAT_P3_S2,3407825.013207,2600296.943237,5440612.306349,21800.000000,0,false,
SAT_P3_S2,3188346.992340,2787283.299588,5481014.015384,21840.000000,0,false,
SAT_P3_S2,2963875.113998,2970255.263600,5510900.075496,21880.000000,0,false,
SAT_P3_S2,2734813.064355,3148892.719726,5530214.011483,21920.000000,0,false,
SAT_P3_S2,2501571.264363,3322881.394556,5538919.466134,21960.000000,0,false,
SAT_P3_S2,2264566.138791,3491913.398523,5537000.257875,22000.000000,0,false,
SAT_P3_S2,2024219.397623,3655687.778198,5524460.436510,22040.000000,0,false,
SAT_P3_S2,1780957.288371,3813911.035860,5501324.258078,22080.000000,0,false,
SAT_P3_S2,1535209.837016,3966297.635034,5467636.112832,22120.000000,0,false,
SAT_P3_S2,1287410.112802,4112570.522215,5423460.466639,22160.000000,0,false,
SAT_P3_S2,1037993.476115,4252461.629493,5368881.745968,22200.000000,0,false,
SAT_P3_S2,787396.824577,4385712.355487,5304004.175243,22240.000000,0,false,
SAT_P3_S2,536057.838291,4512074.034435,5228951.578165,22280.000000,0,false,
SAT_P3_S2,284414.230384,4631308.411613,5143867.167495,22320.000000,0,false,
SAT_P3_S2,32903.003891,4743188.120768,5048913.319390,22360.000000,0,false,
SAT_P3_S2,-218040.307149,4847497.081269,4944271.226039,22400.000000,0,false,
SAT_P3_S2,-467982.375318,4944030.942456,4830140.594150,22440.000000,0,false,
SAT_P3_S2,-716492.820782,5032597.500046,4706739.288256,22480.000000,0,false,
SAT_P3_S2,-963144.944593,5113017.088846,4574302.933308,22520.000000,0,false,
SAT_P3_S2,-1207516.452971,5185122.947478,4433084.473983,22560.000000,0,false,
SAT_P3_S2,-1449190.175653,5248761.575641,4283353.710205,22600.000000,0,false,
SAT_P3_S2,-1687754.780297,5303793.103904,4125396.828335,22640.000000,0,false,
SAT_P3_S2,-1922805.468541,5350091.601656,3959515.863596,22680.000000,0,false,
SAT_P3_S2,-2153944.660079,5387545.353752,3786028.121565,22720.000000,0,false,
SAT_P3_S2,-2380782.671736,5416057.160559,3605265.609924,22760.000000,0,false,
SAT_P3_S2,-2602938.383141,5435544.596431,3417574.421361,22800.000000,0,false,
SAT_P3_S2,-2820039.879264,5445940.231236,3223314.081010,22840.000000,0,false,
SAT_P3_S2,-3031725.077178,5447191.826238,3022856.865271,22880.000000,0,false,
SAT_P3_S2,-3237642.348329,5439262.528397,2816587.108304,22920.000000,0,false,
SAT_P3_S2,-3437451.131914,5422131.058179,2604900.494988,22960.000000,0,false,
SAT_P3_S2,-3630822.484080,5395791.781252,2388203.274530,23000.000000,0,false,
SAT_P3_S2,-3817439.646906,5360254.834212,2166911.501451,23040.000000,0,false,
SAT_P3_S2,-3996998.588369,5315546.202761,1941450.239596,23080.000000,0,false,
SAT_P3_S2,-4169208.505791,5261707.754544,1712252.740127,23120.000000,0,false,
SAT_P3_S2,-4333792.311823,5198797.253230,1479759.605069,23160.000000,0,false,
SAT_P3_S2,-4490487.093086,5126888.342175,1244417.933795,23200.000000,0,false,
SAT_P3_S2,-4639044.549343,5046070.506503,1006680.455779,23240.000000,0,false,
SAT_P3_S2,-4779231.388315,4956448.988345,767004.647179,23280.000000,0,false,
SAT_P3_S2,-4910829.688535,4858144.668655,525851.835578,23320.000000,0,false,
SAT_P3_S2,-5033637.251261,4751293.939441,283686.299342,23360.000000,0,false,
SAT_P3_S2,-5147467.943957,4636048.571384,40974.364859,23400.000000,0,false,
SAT_P3_S2,-5252151.936861,4512575.468665,-201816.516516,23440.000000,0,false,
SAT_P3_S2,-5347535.968129,4381056.460354,-444218.681935,23480.000000,0,false,
SAT_P3_S2,-5433483.571399,4241688.052970,-685765.176297,23520.000000,0,false,
SAT_P3_S2,-5509875.260616,4094681.145076,-925990.670285,23560.000000,0,false,
SAT_P3_S2,-5576608.668064,3940260.703335,-1164432.372545,23600.000000,0,false,
SAT_P3_S2,-5633598.658548,3778665.417045,-1400630.938206,23640.000000,0,false,
SAT_P3_S2,-5680777.444331,3610147.351099,-1634131.375554,23680.000000,0,false,
SAT_P3_S2,-5718094.633091,3434971.548766,-1864483.936653,23720.000000,0,false,
SAT_P3_S2,-5745517.208416,3253415.582286,-2091244.991189,23760.000000,0,false,
SAT_P3_S2,-5763029.541904,3065769.128603,-2313977.896507,23800.000000,0,false,
SAT_P3_S2,-5770633.347420,2872333.500567,-2532253.850502,23840.000000,0,false,
SAT_P3_S2,-5768347.589829,2673421.150771,-2745652.719681,23880.000000,0,false,
SAT_P3_S2,-5756208.358543,2469355.152044,-2953763.846651,23920.000000,0,false,
SAT_P3_S2,-5734268.733928,2260468.670337,-3156186.846823,23960.000000,0,false,
SAT_P3_S2,-5702598.651989,2047104.434697,-3352532.394524,24000.000000,0,false,
SAT_P3_S2,-5661284.644930,1829614.138127,-3542422.946234,24040.000000,0,false,
SAT_P3_S2,-5610429.629133,1608357.862369,-3725493.470408,24080.000000,0,false,
SAT_P3_S2,-5550152.655933,1383703.478430,-3901392.150606,24120.000000,0,false,
SAT_P3_S2,-5480588.624252,1156026.027766,-4069781.055287,24160.000000,0,false,
SAT_P3_S2,-5401887.953398,925707.086619,-4230336.769223,24200.000000,0,false,
SAT_P3_S2,-5314216.239372,693134.119148,-4382751.002174,24240.000000,0,false,
SAT_P3_S2,-5217753.920533,458699.827034,-4526731.191565,24280.000000,0,false,
SAT_P3_S2,-5112695.886818,222801.482241,-4662001.049256,24320.000000,0,false,
SAT_P3_S2,-4999251.031627,-14159.758211,-4788301.051350,24360.000000,0,false,
SAT_P3_S2,-4877641.847258,-251779.528556,-4905388.940892,24400.000000,0,false,
SAT_P3_S2,-4748103.973109,-489650.945415,-5013040.179795,24440.000000,0,false,
SAT_P3_S2,-4610885.715208,-727365.301171,-5111048.354561,24480.000000,0,false,
SAT_P3_S2,-4466247.544875,-964512.761151,-5199225.544297,24520.000000,0,false,
SAT_P3_S2,-4314461.600443,-1200683.064239,-5277402.673607,24560.000000,0,false,
SAT_P3_S2,-4155811.197748,-1435466.225162,-5345429.854220,24600.000000,0,false,
SAT_P3_S2,-3990590.247620,-1668453.235949,-5403176.612599,24640.000000,0,false,
SAT_P3_S2,-3819102.723381,-1899236.769104,-5450532.145460,24680.000000,0,false,
SAT_P3_S2,-3641662.105985,-2127411.884379,-5487405.533689,24720.000000,0,false,
SAT_P3_S2,-3458590.809457,-2352576.732456,-5513725.910778,24760.000000,0,false,
SAT_P3_S2,-3270219.587020,-2574333.251105,-5529442.581928,24800.000000,0,false,
SAT_P3_S2,-3076886.932297,-2792287.862833,-5534525.115753,24840.000000,0,false,
SAT_P3_S2,-2878938.492333,-3006052.182838,-5528963.432745,24880.000000,0,false,
SAT_P3_S2,-2676726.451940,-3215243.708026,-5512767.824633,24920.000000,0,false,
SAT_P3_S2,-2470608.887628,-3419486.486771,-5485968.902713,24960.000000,0,false,
SAT_P3_S2,-2260949.156269,-3618411.806605,-5448617.572406,25000.000000,0,false,
SAT_P3_S2,-2048115.258887,-3811658.865488,-5400784.945270,25040.000000,0,false,
SAT_P3_S2,-1832479.197106,-3998875.423255,-5342562.202593,25080.000000,0,false,
SAT_P3_S2,-1614416.324255,-4179718.439769,-5274060.418823,25120.000000,0,false,
SAT_P3_S2,-1394304.701862,-4353854.715577,-5195410.369928,25160.000000,0,false,
SAT_P3_S2,-1172524.465053,-4520961.536597,-5106762.331698,25200.000000,0,false,
SAT_P3_S2,-949457.153103,-4680727.246513,-5008285.756643,25240.000000,0,false,
SAT_P3_S2,-725485.067223,-4832851.850533,-4900168.984139,25280.000000,0,false,
SAT_P3_S2,-500990.622330,-4977047.600792,-4782618.906234,25320.000000,0,false,
SAT_P3_S2,-276355.698147,-5113039.556693,-4655860.589040,25360.000000,0,false,
SAT_P3_S2,-51960.992386,-5240566.114678,-4520136.848351,25400.000000,0,false,
SAT_P3_S2,171814.622939,-5359379.527488,-4375707.798219,25440.000000,0,false,
SAT_P3_S2,394594.739616,-5469246.434638,-4222850.393585,25480.000000,0,false,
SAT_P3_S2,616006.046466,-5569948.340848,-4061857.912803,25520.000000,0,false,
SAT_P3_S2,835678.958738,-5661282.040173,-3893039.378435,25560.000000,0,false,
SAT_P3_S2,1053248.236297,-5743060.075067,-3716718.999955,25600.000000,0,false,
SAT_P3_S2,1268353.597454,-5815111.147964,-3533235.562264,25640.000000,0,false,
SAT_P3_S2,1480640.318120,-5877280.492494,-3342941.777923,25680.000000,0,false,
SAT_P3_S2,1689759.819818,-5929430.213188,-3146203.608152,25720.000000,0,false,
SAT_P3_S2,1895370.251565,-5971439.619884,-2943399.570138,25760.000000,0,false,
SAT_P3_S2,2097137.064860,-6003205.560800,-2734920.035187,25800.000000,0,false,
SAT_P3_S2,2294733.554654,-6024642.630122,-2521166.444569,25840.000000,0,false,
SAT_P3_S2,2487841.402081,-6035683.419103,-2302550.546919,25880.000000,0,false,
SAT_P3_S2,2676151.203166,-6036278.726041,-2079493.604048,25920.000000,0,false,
SAT_P3_S2,2859362.976569,-6026397.720742,-1852425.569962,25960.000000,0,false,
SAT_P3_S2,3037186.645520,-6006028.059127,-1621784.245851,26000.000000,0,false,
SAT_P3_S2,3209342.505784,-5975175.971942,-1388014.419310,26040.000000,0,false,
SAT_P3_S2,3375561.691469,-5933866.354539,-1151566.997617,26080.000000,0,false,
SAT_P3_S2,3535586.599656,-5882142.783807,-912898.117296,26120.000000,0,false,
SAT_P3_S2,3689171.273383,-5820067.459818,-672468.230660,26160.000000,0,false,
SAT_P3_S2,3836081.794805,-5747721.181903,-430741.203693,26200.000000,0,false,
SAT_P3_S2,3976096.640217,-5665203.259487,-188183.396892,26240.000000,0,false,
SAT_P3_S2,4109006.998893,-5572631.374235,54737.257134,26280.000000,0,false,
SAT_P3_S2,4234617.063193,-5470141.402800,297552.178356,26320.000000,0,false,
SAT_P3_S2,4352744.307869,-5357887.228526,539793.062323,26360.000000,0,false,
SAT_P3_S2,4463219.760970,-5236040.548445,780992.798501,26400.000000,0,false,
SAT_P3_S2,4565888.185632,-5104790.550794,1020686.390550,26440.000000,0,false,
SAT_P3_S2,4660608.285735,-4964343.636507,1258411.865567,26480.000000,0,false,
SAT_P3_S2,4747252.881723,-4814923.097439,1493711.180298,26520.000000,0,false,
SAT_P3_S2,4825709.051821,-4656768.752115,1726131.117097,26560.000000,0,false,
SAT_P3_S2,4895878.234733,-4490136.538000,1955224.164653,26600.000000,0,false,
SAT_P3_S2,4957676.314558,-4315298.080119,2180549.389299,26640.000000,0,false,
SAT_P3_S2,5011033.709932,-4132540.259011,2401673.302680,26680.000000,0,false,
SAT_P3_S2,5055895.406511,-3942164.720712,2618170.702225,26720.000000,0,false,
SAT_P3_S2,5092220.932000,-3744487.326612,2829625.483192,26760.000000,0,false,
SAT_P3_S2,5119984.362454,-3539837.633743,3035631.449834,26800.000000,0,false,
SAT_P3_S2,5139174.278936,-3328558.323894,3235793.098747,26840.000000,0,false,
SAT_P3_S2,5149793.686375,-3111004.602262,3429726.369758,26880.000000,0,false,
SAT_P3_S2,5151859.903606,-2887543.570788,3617059.369450,26920.000000,0,false,
SAT_P3_S2,5145404.449069,-2658553.594866,3797433.080134,26960.000000,0,false,
SAT_P3_S2,5130472.926878,-2424423.669087,3970502.055206,27000.000000,0,false,
SAT_P3_S2,5107124.807264,-2185552.705882,4135935.036391,27040.000000,0,false,
SAT_P3_S2,5075433.250793,-1942348.854963,4293415.580380,27080.000000,0,false,
SAT_P3_S2,5035484.903406,-1695228.798449,4442642.653109,27120.000000,0,false,
SAT_P3_S2,4987379.661116,-1444617.026617,4583331.185729,27160.000000,0,true,Paris
SAT_P3_S2,4931230.402554,-1190945.096703,4715212.587650,27200.000000,0,true,Paris
SAT_P3_S2,4867162.710772,-934650.882209,4838035.234597,27240.000000,0,true,Paris
SAT_P3_S2,4795314.607754,-676177.822381,4951564.951073,27280.000000,0,true,Paris
SAT_P3_S2,4715836.241609,-415974.153262,5055585.432177,27320.000000,0,true,Paris
SAT_P3_S2,4628889.525496,-154492.118856,5149898.603716,27360.000000,0,true,Paris
SAT_P3_S2,4534647.820011,107812.802540,5234324.999350,27400.000000,0,true,Paris
SAT_P3_S2,4433295.576073,370482.688411,5308704.083268,27440.000000,0,true,Paris
SAT_P3_S2,4325027.948935,633057.963287,5372894.518305,27480.000000,0,true,Paris
SAT_P3_S2,4210050.421549,895078.193994,5426774.425755,27520.000000,0,true,Paris
SAT_P3_S2,4088578.405004,1156082.883479,5470241.595065,27560.000000,0,true,Paris
SAT_P3_S2,3960836.829603,1415612.267410,5503213.662056,27600.000000,0,true,Paris
SAT_P3_S2,3827059.732404,1673208.112213,5525628.260977,27640.000000,0,true,Paris
SAT_P3_S2,3687489.820631,1928414.507272,5537443.121565,27680.000000,0,false,
SAT_P3_S2,3542378.026115,2180778.656130,5538636.131617,27720.000000,0,false,
SAT_P3_S2,3391983.069378,2429851.672548,5529205.390290,27760.000000,0,false,
SAT_P3_S2,3236571.025419,2675189.376117,5509169.239410,27800.000000,0,false,
SAT_P3_S2,3076414.818148,2916353.059745,5478566.170010,27840.000000,0,false,
SAT_P3_S2,2911793.771578,3152910.274097,5437454.782124,27880.000000,0,false,
SAT_P3_S2,2742993.132315,3384435.601040,5385913.680755,27920.000000,0,false,
SAT_P3_S2,2570303.583626,3610511.411973,5324041.328979,27960.000000,0,false,
SAT_P3_S2,2394020.749061,3830728.609064,5251955.854918,28000.000000,0,false,
SAT_P3_S2,2214444.697843,4044687.362586,5169794.835817,28040.000000,0,false,
SAT_P3_S2,2031879.463409,4251997.855202,5077715.079793,28080.000000,0,false,
SAT_P3_S2,1846632.533153,4452280.978760,4975892.321357,28120.000000,0,false,
SAT_P3_S2,1659014.337424,4645169.019633,4864520.887322,28160.000000,0,false,
SAT_P3_S2,1469337.755313,4830306.351813,4743813.366150,28200.000000,0,false,
SAT_P3_S2,1277917.608002,5007350.105147,4614000.225735,28240.000000,0,false,
SAT_P3_S2,1085070.149316,5175970.802100,4475329.387216,28280.000000,0,false,
SAT_P3_S2,891112.555293,5335852.977166,4328065.766336,28320.000000,0,false,
SAT_P3_S2,696362.418943,5486695.801039,4172490.803587,28360.000000,0,false,
SAT_P3_S2,501137.248815,5628213.696138,4008901.973138,28400.000000,0,false,
SAT_P3_S2,305753.948404,5760136.847401,3837612.184901,28440.000000,0,false,
SAT_P3_S2,110528.317888,5882211.770219,3658949.229647,28480.000000,0,false,
SAT_P3_S2,-84225.450330,5994201.828586,3473255.167487,28520.000000,0,false,
SAT_P3_S2,-278195.270287,6095887.715944,3280885.683142,28560.000000,0,false,
SAT_P3_S2,-471071.655461,6187067.894284,3082209.406458,28600.000000,0,false,
SAT_P3_S2,-662548.206204,6267559.016292,2877607.213779,28640.000000,0,false,
SAT_P3_S2,-852322.090730,6337196.352093,2667471.524413,28680.000000,0,false,
SAT_P3_S2,-1040094.515078,6395834.123512,2452205.542334,28720.000000,0,false,
SAT_P3_S2,-1225571.185490,6443345.810280,2232222.478404,28760.000000,0,false,
SAT_P3_S2,-1408462.763245,6479624.464992,2007944.774756,28800.000000,0,false,
SAT_P3_S2,-1588485.310504,6504582.972044,1779803.296898,28840.000000,0,false,
SAT_P3_S2,-1765360.723168,6518154.257622,1548236.503553,28880.000000,0,false,
SAT_P3_S2,-1938817.156473,6520291.483976,1313689.607526,28920.000000,0,false,
SAT_P3_S2,-2108589.442353,6510968.205748,1076613.716573,28960.000000,0,false,
SAT_P3_S2,-2274419.495477,6490178.489436,837464.959715,29000.000000,0,false,
SAT_P3_S2,-2436056.699129,6457936.972893,596703.597881,29040.000000,0,false,
SAT_P3_S2,-2593258.280594,6414278.890955,354793.123027,29080.000000,0,false,
SAT_P3_S2,-2745789.686183,6359260.096470,112199.350145,29120.000000,0,false,
SAT_P3_S2,-2893424.934589,6292957.027124,-130610.498493,29160.000000,0,false,
SAT_P3_S2,-3035946.923903,6215466.553618,-373168.719629,29200.000000,0,false,
SAT_P3_S2,-3173147.757841,6126905.884297,-615008.049129,29240.000000,0,false,
SAT_P3_S2,-3304829.040063,6027412.391589,-855662.586054,29280.000000,0,false,
SAT_P3_S2,-3430802.142029,5917143.388337,-1094668.709872,29320.000000,0,false,
SAT_P3_S2,-3550888.446864,5796275.856574,-1331565.990664,29360.000000,0,false,
SAT_P3_S2,-3664919.584050,5665006.158714,-1565898.093423,29400.000000,0,false,
SAT_P3_S2,-3772737.662377,5523549.748695,-1797213.675752,29440.000000,0,false,
SAT_P3_S2,-3874195.437008,5372140.758253,-2025067.262743,29480.000000,0,false,
SAT_P3_S2,-3969156.483672,5211031.599364,-2249020.114242,29520.000000,0,false,
SAT_P3_S2,-4057495.361358,5040492.544250,-2468641.080894,29560.000000,0,false,
SAT_P3_S2,-4139097.747476,4860811.255856,-2683507.441803,29600.000000,0,false,
SAT_P3_S2,-4213860.542250,4672292.273414,-2893205.716201,29640.000000,0,false,
SAT_P3_S2,-4281691.958326,4475256.470986,-3097332.458434,29680.000000,0,false,
SAT_P3_S2,-4342511.614848,4270040.513642,-3295495.047141,29720.000000,0,false,
SAT_P3_S2,-4396250.603453,4056996.275440,-3487312.445832,29760.000000,0,false,
SAT_P3_S2,-4442851.485715,3836490.169496,-3672415.907828,29800.000000,0,false,
SAT_P3_S2,-4482268.334802,3608902.528693,-3850449.695579,29840.000000,0,false,
SAT_P3_S2,-4514466.735199,3374626.930431,-4021071.760474,29880.000000,0,false,
SAT_P3_S2,-4539423.755834,3134069.494363,-4183954.386159,29920.000000,0,false,
SAT_P3_S2,-4557127.899247,2887648.153344,-4338784.797677,29960.000000,0,false,
SAT_P3_S2,-4567579.048215,2635791.916122,-4485265.753827,30000.000000,0,false,
SAT_P3_S2,-4570788.421509,2378940.133373,-4623116.131821,30040.000000,0,false,
SAT_P3_S2,-4566778.448381,2117541.693526,-4752071.423689,30080.000000,0,false,
SAT_P3_S2,-4555582.664077,1852054.232374,-4871884.233009,30120.000000,0,false,
SAT_P3_S2,-4537245.598726,1582943.332354,-4982324.748250,30160.000000,0,false,
SAT_P3_S2,-4511822.638973,1310681.698227,-5083181.172042,30200.000000,0,false,
SAT_P3_S2,-4479379.862973,1035748.317797,-5174260.102554,30240.000000,0,false,
SAT_P3_S2,-4439993.865101,758627.612600,-5255386.884698,30280.000000,0,false,
SAT_P3_S2,-4393751.591417,479808.587062,-5326405.953635,30320.000000,0,false,
SAT_P3_S2,-4340750.152952,199783.968576,-5387181.132153,30360.000000,0,false,
SAT_P3_S2,-4281096.574182,-80950.675654,-5437595.833581,30400.000000,0,false,
SAT_P3_S2,-4214907.596437,-361897.803485,-5477553.303032,30440.000000,0,false,
SAT_P3_S2,-4142309.445043,-642558.777093,-5506976.795993,30480.000000,0,false,
SAT_P3_S2,-4063437.579462,-922434.740528,-5525809.711199,30520.000000,0,false,
SAT_P3_S2,-3978436.427984,-1201027.497778,-5534015.680516,30560.000000,0,false,
SAT_P3_S2,-3887459.127145,-1477840.392022,-5531578.641569,30600.000000,0,false,
SAT_P3_S2,-3790667.277343,-1752379.185278,-5518502.907395,30640.000000,0,false,
SAT_P3_S2,-3688230.629000,-2024152.931699,-5494813.121235,30680.000000,0,false,
SAT_P3_S2,-3580326.794932,-2292674.850811,-5460554.220746,30720.000000,0,false,
SAT_P3_S2,-3467140.961441,-2557463.201062,-5415791.376857,30760.000000,0,false,
SAT_P3_S2,-3348865.579562,-2818042.147696,-5360609.881284,30800.000000,0,false,
SAT_P3_S2,-3225700.040028,-3073942.615197,-5295114.983696,30840.000000,0,false,
SAT_P3_S2,-3097850.342688,-3324703.134562,-5219431.696509,30880.000000,0,false,
SAT_P3_S2,-2965528.775500,-3569870.696607,-5133704.591149,30920.000000,0,false,
SAT_P3_S2,-2828953.580386,-3809001.586600,-5038097.547520,30960.000000,0,false,
SAT_P3_S2,-2688348.574831,-4041662.171892,-4932793.406965,31000.000000,0,false,
SAT_P3_S2,-2543942.815371,-4267429.716229,-4817993.666903,31040.000000,0,false,
SAT_P3_S2,-2395970.236658,-4485893.164652,-4693918.111758,31080.000000,0,false,
SAT_P3_S2,-2244669.282799,-4696653.900847,-4560804.402510,31120.000000,0,false,
SAT_P3_S2,-2090282.530778,-4899326.479994,-4418907.626430,31160.000000,0,false,
SAT_P3_S2,-1933056.317838,-5093539.356759,-4268499.829935,31200.000000,0,false,
SAT_P3_S2,-1773240.380105,-5278935.618328,-4109869.547630,31240.000000,0,false,
SAT_P3_S2,-1611087.451805,-5455173.631901,-3943321.229881,31280.000000,0,false,
SAT_P3_S2,-1446852.881349,-5621927.705032,-3769174.678063,31320.000000,0,false,
SAT_P3_S2,-1280794.247182,-5778888.732185,-3587764.455718,31360.000000,0,false,
SAT_P3_S2,-1113170.964011,-5925764.802500,-3399439.255345,31400.000000,0,false,
SAT_P3_S2,-944243.885139,-6062281.761789,-3204561.227294,31440.000000,0,false,
SAT_P3_S2,-774274.903553,-6188183.749152,-3003505.281886,31480.000000,0,false,
SAT_P3_S2,-603526.557054,-6303233.733965,-2796658.380443,31520.000000,0,false,
SAT_P3_S2,-432261.632702,-6407214.005512,-2584418.794451,31560.000000,0,false,
SAT_P3_S2,-260742.761518,-6499926.556174,-2367195.304605,31600.000000,0,false,
SAT_P3_S2,-89232.029338,-6581193.517143,-2145406.424244,31640.000000,0,false,
SAT_P3_S2,82009.415927,-6650857.524996,-1919479.584459,31680.000000,0,false,
SAT_P3_S2,252721.752042,-6708782.037639,-1689850.299081,31720.000000,0,false,
SAT_P3_S2,422646.866666,-6754851.603041,-1456961.310368,31760.000000,0,false,
SAT_P3_S2,591528.737490,-6788972.112561,-1221261.727009,31800.000000,0,false,
SAT_P3_S2,759113.807015,-6811071.056243,-983206.161850,31840.000000,0,false,
SAT_P3_S2,925151.354003,-6821097.639479,-743253.825911,31880.000000,0,false,
SAT_P3_S2,1089393.859722,-6819022.915963,-501867.629353,31920.000000,0,false,
SAT_P3_S2,1251597.371123,-6804839.893385,-259513.273887,31960.000000,0,false,
SAT_P3_S2,1411521.858624,-6778563.577665,-16658.330979,32000.000000,0,false,
SAT_P3_S2,1568931.561948,-6740230.955008,226228.684005,32040.000000,0,false,
SAT_P3_S2,1723595.330214,-6689900.935122,468679.241819,32080.000000,0,false,
SAT_P3_S2,1875286.962362,-6627654.286584,710225.732219,32120.000000,0,false,
SAT_P3_S2,2023785.533147,-6553593.512718,950402.393515,32160.000000,0,false,
SAT_P3_S2,2168875.688624,-6467842.601847,1188746.232831,32200.000000,0,false,
SAT_P3_S2,2310347.953560,-6370546.836047,1424797.942828,32240.000000,0,false,
SAT_P3_S2,2447999.017161,-6261872.519014,1658102.806876,32280.000000,0,false,
SAT_P3_S2,2581632.000107,-6142006.652402,1888211.587018,32320.000000,0,false,
SAT_P3_S2,2711056.705013,-6011156.564492,2114681.395045,32360.000000,0,false,
SAT_P3_S2,2836089.860721,-5869549.524294,2337076.551095,32400.000000,0,false,
SAT_P3_S2,2956555.365325,-5717432.360572,2554969.431214,32440.000000,0,false,
SAT_P3_S2,3072284.484347,-5555070.950966,2767941.277156,32480.000000,0,false,
SAT_P3_S2,3183116.054616,-5382749.733984,2975582.997016,32520.000000,0,false,
SAT_P3_S2,3288896.681641,-5200771.201573,3177495.950411,32560.000000,0,false,
SAT_P3_S2,3389480.919122,-5009455.343028,3373292.708814,32600.000000,0,false,
SAT_P3_S2,3484731.426729,-4809139.045749,3562597.783165,32640.000000,0,false,
SAT_P3_S2,3574519.119276,-4600175.471034,3745048.330859,32680.000000,0,false,
SAT_P3_S2,3658723.322697,-4382933.430238,3920294.856459,32720.000000,0,false,
SAT_P3_S2,3737231.910266,-4157796.723927,4088001.878267,32760.000000,0,false,
SAT_P3_S2,3809941.386530,-3925163.392639,4247848.526459,32800.000000,0,false,
SAT_P3_S2,3876757.009339,-3685445.022807,4399529.162262,32840.000000,0,false,
SAT_P3_S2,3937592.880998,-3439065.997186,4542753.948922,32880.000000,0,false,
SAT_P3_S2,3992372.019467,-3186462.720310,4677249.381906,32920.000000,0,false,
SAT_P3_S2,4041026.411970,-2928082.819325,4802758.780594,32960.000000,0,false,
SAT_P3_S2,4083497.069093,-2664384.339239,4919042.761122,33000.000000,0,false,
SAT_P3_S2,4119734.088976,-2395834.944521,5025879.700812,33040.000000,0,false,
SAT_P3_S2,4149696.654144,-2122911.052735,5123066.105358,33080.000000,0,false,
SAT_P3_S2,4173353.048321,-1846096.985668,5210416.977387,33120.000000,0,false,
SAT_P3_S2,4190680.669566,-1565884.113838,5287766.160103,33160.000000,0,true,Paris
SAT_P3_S2,4201666.019792,-1282769.980461,5354966.631670,33200.000000,0,true,Paris
SAT_P3_S2,4206304.674875,-997257.414365,5411890.753488,33240.000000,0,true,Paris
SAT_P3_S2,4204601.262549,-709853.642893,5458430.506987,33280.000000,0,true,Paris
SAT_P3_S2,4196569.411870,-421069.394404,5494497.671983,33320.000000,0,true,Paris
SAT_P3_S2,4182231.707685,-131417.999230,5520023.989427,33360.000000,0,true,Paris
SAT_P3_S2,4161619.623485,158585.512778,5534961.273141,33400.000000,0,true,Paris
SAT_P3_S2,4134773.437302,448425.316853,5539281.476288,33440.000000,0,true,Paris
SAT_P3_S2,4101742.149849,737585.696912,5532976.737499,33480.000000,0,true,Paris
SAT_P3_S2,4062583.419586,1025551.944838,5516059.425730,33520.000000,0,true,Paris
SAT_P3_S2,4017363.440951,1311811.262460,5488562.086234,33560.000000,0,true,Paris
SAT_P3_S2,3966156.829531,1595853.659889,5450537.371840,33600.000000,0,true,Paris
SAT_P3_S2,3909046.520216,1877172.849728,5402057.967589,33640.000000,0,true,Paris
SAT_P3_S2,3846123.643840,2155267.141010,5343216.463235,33680.000000,0,false,
SAT_P3_S2,3777487.385905,2429640.320199,5274125.177310,33720.000000,0,false,
SAT_P3_S2,3703244.837973,2699802.527089,5194915.947977,33760.000000,0,false,
SAT_P3_S2,3623510.858857,2965271.134207,5105739.914513,33800.000000,0,false,
SAT_P3_S2,3538407.930715,3225571.618123,5006767.268591,33840.000000,0,false,
SAT_P3_S2,3448065.949395,3480238.386152,4898186.891898,33880.000000,0,false,
SAT_P3_S2,3352622.067727,3728815.625332,4780206.044565,33920.000000,0,false,
SAT_P3_S2,3252220.507871,3970858.127124,4653049.988879,33960.000000,0,false,
SAT_P3_S2,3147012.362003,4205932.088188,4516961.574232,34000.000000,0,false,
SAT_P3_S2,3037155.379245,4433615.886516,4372200.781098,34040.000000,0,false,
SAT_P3_S2,2922813.753591,4653500.849090,4219044.245580,34080.000000,0,false,
SAT_P3_S2,2804157.924656,4865192.022656,4057784.781418,34120.000000,0,false,
SAT_P3_S2,2681364.333522,5068308.878102,3888730.817245,34160.000000,0,false,
SAT_P3_S2,2554615.182612,5262486.007271,3712205.820185,34200.000000,0,false,
SAT_P3_S2,2424098.204101,5447373.817701,3528547.712371,34240.000000,0,false,
SAT_P3_S2,2290006.409349,5622639.192845,3338108.241772,34280.000000,0,false,
SAT_P3_S2,2152537.825648,5787966.109187,3141252.316802,34320.000000,0,false,
SAT_P3_S2,2011895.225295,5943056.227821,2938357.313336,34360.000000,0,false,
SAT_P3_S2,1868285.856939,6087629.485403,2729812.369157,34400.000000,0,false,
SAT_P3_S2,1721921.171665,6221424.658011,2516017.655202,34440.000000,0,false,
SAT_P3_S2,1573016.509548,6344199.801600,2297383.576474,34480.000000,0,false,
SAT_P3_S2,1421790.814606,6455732.752575,2074330.000640,34520.000000,0,false,
SAT_P3_S2,1268466.330519,6555821.558016,1847285.447230,34560.000000,0,false,
SAT_P3_S2,1113268.289476,6644284.852035,1616686.255775,34600.000000,0,false,
SAT_P3_S2,956424.599148,6720962.206092,1382975.741819,34640.000000,0,false,
SAT_P3_S2,798165.526892,6785714.434485,1146603.339784,34680.000000,0,false,
SAT_P3_S2,638723.381649,6838423.875615,908023.734779,34720.000000,0,false,
SAT_P3_S2,478332.192074,6878994.617162,667695.981898,34760.000000,0,false,
SAT_P3_S2,317227.380505,6907352.668175,426082.613956,34800.000000,0,false,
SAT_P3_S2,155645.436043,6923446.110994,183648.743270,34840.000000,0,false,
SAT_P3_S2,-6176.409816,6927245.259203,-59138.837624,34880.000000,0,false,
SAT_P3_S2,-168000.517905,6918742.691677,-301812.571850,34920.000000,0,false,
SAT_P3_S2,-329589.177059,6897953.263461,-543905.056290,34960.000000,0,false,
SAT_P3_S2,-490704.937766,6864914.116294,-784949.957609,35000.000000,0,false,
SAT_P3_S2,-651110.951054,6819684.619002,-1024482.933766,35040.000000,0,false,
SAT_P3_S2,-810571.304134,6762346.245965,-1262042.547796,35080.000000,0,false,
SAT_P3_S2,-968851.355948,6693002.412244,-1497171.176607,35120.000000,0,false,
SAT_P3_S2,-1125718.074962,6611778.296279,-1729415.917542,35160.000000,0,false,
SAT_P3_S2,-1280940.374457,6518820.628378,-1958329.484909,35200.000000,0,false,
SAT_P3_S2,-1434289.432209,6414297.333777,-2183471.073067,35240.000000,0,false,
SAT_P3_S2,-1585539.018206,6298397.243441,-2404407.223665,35280.000000,0,false,
SAT_P3_S2,-1734465.814737,6171329.730297,-2620712.670541,35320.000000,0,false,
SAT_P3_S2,-1880849.727673,6033324.299215,-2831971.160451,35360.000000,0,false,
SAT_P3_S2,-2024474.189181,5884630.128361,-3037776.248615,35400.000000,0,false,
SAT_P3_S2,-2165126.459300,5725515.593461,-3237732.079641,35440.000000,0,false,
SAT_P3_S2,-2302597.931476,5556267.801041,-3431454.161891,35480.000000,0,false,
SAT_P3_S2,-2436684.413006,5377192.013800,-3618570.089108,35520.000000,0,false,
SAT_P3_S2,-2567186.404293,5188611.061662,-3798720.244845,35560.000000,0,false,
SAT_P3_S2,-2693909.381564,4990864.761012,-3971558.497188,35600.000000,0,false,
SAT_P3_S2,-2816664.068366,4784309.279816,-4136752.859514,35640.000000,0,false,
SAT_P3_S2,-2935266.691759,4569316.463408,-4293986.111110,35680.000000,0,false,
SAT_P3_S2,-3049539.232101,4346273.134425,-4442956.389647,35720.000000,0,false,
SAT_P3_S2,-3159309.678515,4115580.390820,-4583377.773178,35760.000000,0,false,
SAT_P3_S2,-3264412.280048,3877652.888538,-4714980.836618,35800.000000,0,false,
SAT_P3_S2,-3364687.745044,3632918.025749,-4837513.109621,35840.000000,0,false,
SAT_P3_S2,-3459983.481402,3381815.191659,-4950739.575206,35880.000000,0,false,
SAT_P3_S2,-3550153.806626,3124794.959395,-5054443.101763,35920.000000,0,false,
SAT_P3_S2,-3635060.148615,2862318.263164,-5148424.839839,35960.000000,0,false,
SAT_P3_S2,-3714571.241933,2594855.563882,-5232504.590024,36000.000000,0,false,
SAT_P3_S3,1141761.683823,-4868384.279505,-4795236.913354,0.000000,0,false,
SAT_P3_S3,1345821.311682,-4696504.538415,-4912305.825668,40.000000,0,false,
SAT_P3_S3,1548342.523371,-4516863.771876,-5019948.970449,80.000000,0,false,
SAT_P3_S3,1748984.262986,-4329795.599106,-5117961.334715,120.000000,0,false,
SAT_P3_S3,1947407.172156,-4135645.630330,-5206156.377489,160.000000,0,false,
SAT_P3_S3,2143274.158217,-3934770.816248,-5284366.368981,200.000000,0,false,
SAT_P3_S3,2336250.959882,-3727538.782476,-5352442.693873,240.000000,0,false,
SAT_P3_S3,2526006.703432,-3514327.137112,-5410256.101929,280.000000,0,false,
SAT_P3_S3,2712214.457324,-3295522.769665,-5457696.928073,320.000000,0,false,
SAT_P3_S3,2894551.793379,-3071521.161210,-5494675.306002,360.000000,0,false,
SAT_P3_S3,3072701.338620,-2842725.678905,-5521121.337511,400.000000,0,false,
SAT_P3_S3,3246351.299753,-2609546.813414,-5536985.165789,440.000000,0,false,
SAT_P3_S3,3415196.010136,-2372401.470213,-5542237.091737,480.000000,0,false,
SAT_P3_S3,3578936.463555,-2131712.226887,-5536867.627247,520.000000,0,false,
SAT_P3_S3,3737280.833231,-1887906.583465,-5520887.503862,560.000000,0,false,
SAT_P3_S3,3889944.978692,-1641416.204114,-5494327.638321,600.000000,0,false,
SAT_P3_S3,4036652.955971,-1392676.160750,-5457239.079960,640.000000,0,false,
SAT_P3_S3,4177137.539047,-1142124.185535,-5409692.953889,680.000000,0,false,
SAT_P3_S3,4311140.680687,-890199.891910,-5351780.289883,720.000000,0,false,
SAT_P3_S3,4438413.990081,-637344.011150,-5283611.858390,760.000000,0,false,
SAT_P3_S3,4558719.207041,-383997.631809,-5205317.981633,800.000000,0,false,
SAT_P3_S3,4671828.653716,-130601.435755,-5117048.294388,840.000000,0,false,
SAT_P3_S3,4777525.660682,122405.062530,-5018971.456943,880.000000,0,false,
SAT_P3_S3,4875604.982857,374584.272442,-4911274.838034,920.000000,0,false,
SAT_P3_S3,4965873.224914,625501.276574,-4794164.191371,960.000000,0,false,
SAT_P3_S3,5048149.242983,874724.572991,-4667863.290617,1000.000000,0,false,
SAT_P3_S3,5122264.478525,1121826.815950,-4532613.472575,1040.000000,0,false,
SAT_P3_S3,5188063.341120,1366385.541820,-4388673.223546,1080.000000,0,false,
SAT_P3_S3,5245403.551382,1607983.893919,-4236317.704275,1120.000000,0,false,
SAT_P3_S3,5294156.455543,1846211.331985,-4075838.237543,1160.000000,0,false,
SAT_P3_S3,5334207.313093,2080664.329270,-3907541.758415,1200.000000,0,false,
SAT_P3_S3,5365455.580655,2310947.064532,-3731750.246443,1240.000000,0,false,
SAT_P3_S3,5387815.204711,2536672.111747,-3548800.151049,1280.000000,0,false,
SAT_P3_S3,5401214.815529,2757461.089070,-3359041.728313,1320.000000,0,false,
SAT_P3_S3,5405597.938334,2972945.306306,-3162838.381141,1360.000000,0,false,
SAT_P3_S3,5400923.190402,3182766.400210,-2960565.978514,1400.000000,0,false,
SAT_P3_S3,5387164.437555,3386576.944901,-2752612.137249,1440.000000,0,false,
SAT_P3_S3,5364310.910278,3584041.031831,-2539375.472719,1480.000000,0,false,
SAT_P3_S3,5332367.297374,3774834.830563,-2321264.828857,1520.000000,0,false,
SAT_P3_S3,5291353.841239,3958647.143713,-2098698.501733,1560.000000,0,false,
SAT_P3_S3,5241306.396700,4135179.930189,-1872103.439983,1600.000000,0,false,
SAT_P3_S3,5182276.400299,4304148.766076,-1641914.395619,1640.000000,0,false,
SAT_P3_S3,5114330.891090,4465283.326839,-1408573.100222,1680.000000,0,false,
SAT_P3_S3,5037552.474723,4618327.829231,-1172527.408605,1720.000000,0,false,
SAT_P3_S3,4952039.251350,4763041.436005,-934230.429885,1760.000000,0,false,
SAT_P3_S3,4857904.707965,4899198.626777,-694139.645357,1800.000000,0,false,
SAT_P3_S3,4755277.598734,5026589.556636,-452716.019931,1840.000000,0,false,
SAT_P3_S3,4644301.826981,5145020.413692,-210423.111920,1880.000000,0,false,
SAT_P3_S3,4525136.223766,5254313.677302,32273.839336,1920.000000,0,false,
SAT_P3_S3,4397954.338211,5354308.383761,274908.821341,1960.000000,0,false,
SAT_P3_S3,4262944.208571,5444860.370981,517015.958355,2000.000000,0,false,
SAT_P3_S3,4120308.090468,5525842.476873,758130.423967,2040.000000,0,false,
SAT_P3_S3,3970262.146987,5597144.689692,997789.348374,2080.000000,0,false,
SAT_P3_S3,3813036.115087,5658674.269703,1235532.721533,2120.000000,0,false,
SAT_P3_S3,3648872.968600,5710355.866659,1470904.292925,2160.000000,0,false,
SAT_P3_S3,3478028.549975,5752131.593132,1703452.459658,2200.000000,0,false,
SAT_P3_S3,3300771.129085,5783961.001572,1932731.135830,2240.000000,0,false,
SAT_P3_S3,3117381.002145,5805821.109309,2158300.618188,2280.000000,0,false,
SAT_P3_S3,2928150.044285,5817706.363413,2379728.437241,2320.000000,0,false,
SAT_P3_S3,2733381.237554,5819628.563595,2596590.186434,2360.000000,0,false,
SAT_P3_S3,2533388.174009,5811616.746412,2808470.331294,2400.000000,0,false,
SAT_P3_S3,2328494.549331,5793717.059110,3014963.008057,2440.000000,0,false,
SAT_P3_S3,2119033.656739,5765992.638955,3215672.816356,2480.000000,0,false,
SAT_P3_S3,1905347.816546,5728523.377332,3410215.556646,2520.000000,0,false,
SAT_P3_S3,1687787.813534,5681405.702907,3598218.963606,2560.000000,0,false,
SAT_P3_S3,1466712.322337,5624752.348399,3779323.421794,2600.000000,0,false,
SAT_P3_S3,1242487.308522,5558692.072889,3953182.648388,2640.000000,0,false,
SAT_P3_S3,1015485.413089,5483369.342898,4119464.337426,2680.000000,0,false,
SAT_P3_S3,786085.325105,5398943.992070,4277850.778129,2720.000000,0,false,
SAT_P3_S3,554671.150611,5305590.885583,4428039.463106,2760.000000,0,false,
SAT_P3_S3,321631.770976,5203499.551109,4569743.657282,2800.000000,0,false,
SAT_P3_S3,87360.176847,5092873.723560,4702692.890604,2840.000000,0,false,
SAT_P3_S3,-147747.183170,4973930.950996,4826633.473599,2880.000000,0,false,
SAT_P3_S3,-383291.069284,4846902.150827,4941328.961690,2920.000000,0,false,
SAT_P3_S3,-618870.119450,4712031.140806,5046560.577418,2960.000000,0,false,
SAT_P3_S3,-854081.522260,4569574.146658,5142127.593675,3000.000000,0,false,
SAT_P3_S3,-1088521.693208,4419799.310759,5227847.700325,3040.000000,0,false,
SAT_P3_S3,-1321786.953026,4262986.216230,5303557.366860,3080.000000,0,false,
SAT_P3_S3,-1553474.207878,4099425.324369,5369112.102621,3120.000000,0,false,
SAT_P3_S3,-1783181.633901,3929417.443073,5424386.728991,3160.000000,0,false,
SAT_P3_S3,-2010509.359301,3753273.181381,5469275.614085,3200.000000,0,false,
SAT_P3_S3,-2235060.153038,3571312.386096,5503692.874165,3240.000000,0,false,
SAT_P3_S3,-2456440.110801,3383863.565875,5527572.537703,3280.000000,0,false,
SAT_P3_S3,-2674259.333146,3191263.294074,5540868.658562,3320.000000,0,false,
SAT_P3_S3,-2888132.604777,2993855.605289,5543555.400743,3360.000000,0,false,
SAT_P3_S3,-3097680.084026,2791991.401370,5535627.118129,3400.000000,0,false,
SAT_P3_S3,-3302527.974992,2586027.833913,5517098.371559,3440.000000,0,false,
SAT_P3_S3,-3502309.176332,2376327.654170,5488003.868671,3480.000000,0,false,
SAT_P3_S3,-3696663.950424,2163258.597663,5448398.432500,3520.000000,0,false,
SAT_P3_S3,-3885240.575315,1947192.745798,5398356.907803,3560.000000,0,false,
SAT_P3_S3,-4067695.977081,1728505.881257,5337974.020018,3600.000000,0,false,
SAT_P3_S3,-4243696.348258,1507576.838651,5267364.193705,3640.000000,0,false,
SAT_P3_S3,-4412917.768403,1284786.860630,5186661.355153,3680.000000,0,false,
SAT_P3_S3,-4575046.830329,1060518.963819,5096018.726804,3720.000000,0,false,
SAT_P3_S3,-4729781.194425,835157.273063,4995608.504516,3760.000000,0,false,
SAT_P3_S3,-4876830.171212,609086.379896,4885621.561965,3800.000000,0,false,
SAT_P3_S3,-5015915.288285,382690.697750,4766267.116747,3840.000000,0,false,
SAT_P3_S3,-5146770.832152,156353.816314,4637772.352610,3880.000000,0,false,
SAT_P3_S3,-5269144.359865,-69542.141347,4500381.997332,3920.000000,0,false,
SAT_P3_S3,-5382797.199703,-294617.158661,4354357.874182,3960.000000,0,false,
SAT_P3_S3,-5487504.962640,-518493.960644,4199978.448104,4000.000000,0,false,
SAT_P3_S3,-5583058.008624,-740798.643685,4037538.318126,4040.000000,0,false,
SAT_P3_S3,-5669261.853242,-961161.301709,3867347.642542,4080.000000,0,false,
SAT_P3_S3,-5745937.613607,-1179216.642513,3689731.590322,4120.000000,0,false,
SAT_P3_S3,-5812922.407618,-1394604.600580,3505029.736941,4160.000000,0,false,
SAT_P3_S3,-5870069.714545,-1606970.935076,3313595.424755,4200.000000,0,false,
SAT_P3_S3,-5917249.703875,-1815967.816413,3115795.091163,4240.000000,0,false,
SAT_P3_S3,-5954349.558047,-2021254.407295,2912007.580737,4280.000000,0,false,
SAT_P3_S3,-5981273.795771,-2222497.438182,2702623.447158,4320.000000,0,false,
SAT_P3_S3,-5997944.473025,-2419371.744160,2488044.177837,4360.000000,0,false,
SAT_P3_S3,-6004301.421886,-2611560.804463,2268681.433093,4400.000000,0,false,
SAT_P3_S3,-6000302.450721,-2798757.266352,2044956.257512,4440.000000,0,false,
SAT_P3_S3,-5985923.494291,-2980663.443640,1817298.262379,4480.000000,0,false,
SAT_P3_S3,-5961158.733995,-3156991.798240,1586144.791868,4520.000000,0,false,
SAT_P3_S3,-5926020.697423,-3327465.410115,1351940.074046,4560.000000,0,false,
SAT_P3_S3,-5880540.309117,-3491818.418407,1115134.353402,4600.000000,0,false,
SAT_P3_S3,-5824766.893432,-3649796.434059,876183.006822,4640.000000,0,false,
SAT_P3_S3,-5758768.156551,-3801156.939268,635545.650506,4680.000000,0,false,
SAT_P3_S3,-5682630.170914,-3945669.685934,393685.244591,4720.000000,0,false,
SAT_P3_S3,-5596457.260546,-4083117.032327,151067.177945,4760.000000,0,false,
SAT_P3_S3,-5500371.856954,-4213294.259724,-91841.652058,4800.000000,0,false,
SAT_P3_S3,-5394514.360752,-4336009.888046,-334573.755780,4840.000000,0,false,
SAT_P3_S3,-5279042.945355,-4451085.953647,-576661.975352,4880.000000,0,false,
SAT_P3_S3,-5154133.312291,-4558358.247699,-817640.404940,4920.000000,0,false,
SAT_P3_S3,-5019978.412389,-4657676.528185,-1057045.308398,4960.000000,0,false,
SAT_P3_S3,-4876788.158650,-4748904.725732,-1294416.034720,5000.000000,0,false,
SAT_P3_S3,-4724789.118809,-4831921.130928,-1529295.926904,5040.000000,0,false,
SAT_P3_S3,-4564224.088848,-4906618.482247,-1761233.211956,5080.000000,0,false,
SAT_P3_S3,-4395351.723706,-4972904.098786,-1989781.888504,5120.000000,0,false,
SAT_P3_S3,-4218446.108863,-5030699.964646,-2214502.601539,5160.000000,0,false,
SAT_P3_S3,-4033796.297506,-5079942.778120,-2434963.497541,5200.000000,0,false,
SAT_P3_S3,-3841705.810322,-5120583.963467,-2650741.058310,5240.000000,0,false,
SAT_P3_S3,-3642492.118541,-5152589.668962,-2861420.922047,5280.000000,0,false,
SAT_P3_S3,-3436486.129013,-5175940.771223,-3066598.698572,5320.000000,0,false,
SAT_P3_S3,-3224031.597721,-5190632.798534,-3265880.738472,5360.000000,0,false,
SAT_P3_S3,-3005484.523366,-5196675.834773,-3458884.882167,5400.000000,0,false,
SAT_P3_S3,-2781212.548427,-5194094.433694,-3645241.200341,5440.000000,0,false,
SAT_P3_S3,-2551594.320537,-5182927.489578,-3824592.701601,5480.000000,0,false,
SAT_P3_S3,-2317018.828353,-5163228.070100,-3996596.001695,5520.000000,0,false,
SAT_P3_S3,-2077884.718854,-5135063.226211,-4160921.964489,5560.000000,0,false,
SAT_P3_S3,-1834599.610602,-5098513.803622,-4317256.330572,5600.000000,0,false,
SAT_P3_S3,-1587579.398946,-5053674.243554,-4465300.322647,5640.000000,0,false,
SAT_P3_S3,-1337247.503333,-5000652.279770,-4604771.159844,5680.000000,0,false,
SAT_P3_S3,-1084034.148012,-4939568.699688,-4735402.599495,5720.000000,0,false,
SAT_P3_S3,-828375.615096,-4870557.060524,-4856945.430011,5760.000000,0,false,
SAT_P3_S3,-570713.488224,-4793763.380905,-4969167.923144,5800.000000,0,false,
SAT_P3_S3,-311493.885453,-4709345.805539,-5071856.243179,5840.000000,0,false,
SAT_P3_S3,-51166.687072,-4617474.266081,-5164814.834520,5880.000000,0,false,
SAT_P3_S3,209815.235745,-4518330.158352,-5247866.806021,5920.000000,0,false,
SAT_P3_S3,470996.809072,-4412105.952674,-5320854.229877,5960.000000,0,false,
SAT_P3_S3,731921.548857,-4299004.795781,-5383638.411610,6000.000000,0,false,
SAT_P3_S3,992132.350056,-4179240.133458,-5436100.158526,6040.000000,0,false,
SAT_P3_S3,1251172.285317,-4053035.301206,-5478139.995640,6080.000000,0,false,
SAT_P3_S3,1508585.400104,-3920623.093491,-5509678.331517,6120.000000,0,false,
SAT_P3_S3,1763917.508370,-3782245.321868,-5530655.588337,6160.000000,0,false,
SAT_P3_S3,2016716.992322,-3638152.381212,-5541032.320377,6200.000000,0,false,
SAT_P3_S3,2266535.600982,-3488602.815418,-5540789.307448,6240.000000,0,false,
SAT_P3_S3,2512929.226968,-3333862.810718,-5529927.527197,6280.000000,0,false,
SAT_P3_S3,2755458.694948,-3174205.745960,-5508468.176752,6320.000000,0,false,
SAT_P3_S3,2993690.541453,-3009911.714293,-5476452.632514,6360.000000,0,false,
SAT_P3_S3,3227197.781633,-2841267.035413,-5433942.366939,6400.000000,0,false,
SAT_P3_S3,3455560.661895,-2668563.756051,-5381018.819180,6440.000000,0,false,
SAT_P3_S3,3678367.410396,-2492099.152762,-5317783.244199,6480.000000,0,false,
SAT_P3_S3,3895214.995007,-2312175.249717,-5244356.561700,6520.000000,0,false,
SAT_P3_S3,4105709.840141,-2129098.300744,-5160879.113628,6560.000000,0,false,
SAT_P3_S3,4309468.535502,-1943178.270491,-5067510.393176,6600.000000,0,false,
SAT_P3_S3,4506118.551635,-1754728.332916,-4964428.776537,6640.000000,0,false,
SAT_P3_S3,4695298.933387,-1564064.353806,-4851831.199621,6680.000000,0,false,
SAT_P3_S3,4876660.964096,-1371504.368946,-4729932.788964,6720.000000,0,false,
SAT_P3_S3,5049868.813315,-1177368.060501,-4598966.458673,6760.000000,0,false,
SAT_P3_S3,5214600.187754,-981976.239103,-4459182.495118,6800.000000,0,false,
SAT_P3_S3,5370546.971818,-785650.329896,-4310848.118589,6840.000000,0,false,
SAT_P3_S3,5517415.772628,-588711.836937,-4154246.938084,6880.000000,0,false,
SAT_P3_S3,5654928.516253,-391481.833119,-3989678.449440,6920.000000,0,false,
SAT_P3_S3,5782822.999257,-194280.443519,-3817457.477698,6960.000000,0,false,
SAT_P3_S3,5900853.406017,2573.666405,-3637913.585099,7000.000000,0,false,
SAT_P3_S3,6008790.788075,198763.798609,-3451390.442438,7040.000000,0,false,
SAT_P3_S3,6106423.530453,393975.725046,-3258245.181456,7080.000000,0,false,
SAT_P3_S3,6193557.826155,587898.183117,-3058847.743860,7120.000000,0,false,
SAT_P3_S3,6270018.060249,780223.366265,-2853580.165344,7160.000000,0,false,
SAT_P3_S3,6335647.170081,970647.408459,-2642835.838194,7200.000000,0,false,
SAT_P3_S3,6390307.013707,1158870.860367,-2427018.775004,7240.000000,0,false,
SAT_P3_S3,6433878.685089,1344599.160316,-2206542.833804,7280.000000,0,false,
SAT_P3_S3,6466262.777586,1527543.090738,-1981830.917770,7320.000000,0,false,
SAT_P3_S3,6487379.612280,1707419.225220,-1753314.154795,7360.000000,0,false,
SAT_P3_S3,6497169.459585,1883950.371823,-1521431.067960,7400.000000,0,false,
SAT_P3_S3,6495592.737117,2056866.006771,-1286626.734331,7440.000000,0,false,
SAT_P3_S3,6482630.066268,2225902.670760,-1049351.897500,7480.000000,0,false,
SAT_P3_S3,6458282.393684,2390804.374853,-810062.100802,7520.000000,0,false,
SAT_P3_S3,6422571.042041,2551322.985387,-569216.797960,7560.000000,0,false,
SAT_P3_S3,6375537.712821,2707218.587958,-327278.456385,7600.000000,0,false,
SAT_P3_S3,6317244.437244,2858259.829596,-84711.653501,7640.000000,0,false,
SAT_P3_S3,6247773.504815,3004224.250096,158017.829369,7680.000000,0,false,
SAT_P3_S3,6167227.395304,3144898.611095,400443.911021,7720.000000,0,false,
SAT_P3_S3,6075728.604703,3280079.180324,642101.120202,7760.000000,0,false,
SAT_P3_S3,5973419.440982,3409572.001568,882525.503911,7800.000000,0,false,
SAT_P3_S3,5860461.827694,3533193.163751,1121255.528903,7840.000000,0,false,
SAT_P3_S3,5737037.046282,3650769.044288,1357832.982921,7880.000000,0,false,
SAT_P3_S3,5603345.427150,3762136.522982,1591803.863820,7920.000000,0,false,
SAT_P3_S3,5459606.004554,3867143.177698,1822719.260432,7960.000000,0,false,
SAT_P3_S3,5306056.162715,3965647.478447,2050136.229646,8000.000000,0,false,
SAT_P3_S3,5142951.259816,4057518.969419,2273618.663460,8040.000000,0,false,
SAT_P3_S3,4970564.123452,4142638.371521,2492738.118166,8080.000000,0,false,
SAT_P3_S3,4789184.607729,4220897.724687,2707074.649243,8120.000000,0,false,
SAT_P3_S3,4599119.086599,4292200.492025,2916217.622764,8160.000000,0,false,
SAT_P3_S3,4400689.910995,4356461.636829,3119766.500802,8200.000000,0,false,
SAT_P3_S3,4194234.827255,4413607.670685,3317331.598769,8240.000000,0,false,
SAT_P3_S3,3980106.379463,4463576.691925,3508534.825894,8280.000000,0,false,
SAT_P3_S3,3758671.316205,4506318.430574,3693010.418073,8320.000000,0,false,
SAT_P3_S3,3530309.924083,4541794.229306,3870405.614584,8360.000000,0,false,
SAT_P3_S3,3295415.343169,4569977.011076,4040381.311684,8400.000000,0,false,
SAT_P3_S3,3054392.893431,4590851.257469,4202612.708117,8440.000000,0,false,
SAT_P3_S3,2807659.362009,4604412.954996,4356789.913965,8480.000000,0,false,
SAT_P3_S3,2555642.265182,4610669.512155,4502618.517964,8520.000000,0,false,
SAT_P3_S3,2298779.092301,4609639.660614,4639820.125402,8560.000000,0,false,
SAT_P3_S3,2037516.547118,4601353.362055,4768132.885515,8600.000000,0,false,
SAT_P3_S3,1772309.781239,4585851.709432,4887311.996476,8640.000000,0,false,
SAT_P3_S3,1503621.564082,4563186.739652,4997130.108880,8680.000000,0,false,
SAT_P3_S3,1231921.490612,4533421.305976,5097377.765331,8720.000000,0,false,
SAT_P3_S3,957685.158438,4496628.912776,5187863.785734,8760.000000,0,false,
SAT_P3_S3,681393.335745,4452893.530614,5268415.610469,8800.000000,0,false,
SAT_P3_S3,403531.118188,4402309.385558,5338879.594300,8840.000000,0,false,
SAT_P3_S3,124587.086641,4344980.767886,5399121.301563,8880.000000,0,false,
SAT_P3_S3,-154947.542471,4281021.813017,5449025.747566,8920.000000,0,false,
SAT_P3_S3,-434579.773468,4210556.258054,5488497.590052,8960.000000,0,false,
SAT_P3_S3,-713815.688130,4133717.211270,5517461.314545,9000.000000,0,false,
SAT_P3_S3,-992161.303350,4050646.895601,5535861.364821,9040.000000,0,false,
SAT_P3_S3,-1269123.429375,3961496.376868,5543662.231692,9080.000000,0,false,
SAT_P3_S3,-1544210.530116,3866425.296002,5540848.525293,9120.000000,0,false,
SAT_P3_S3,-1816933.585419,3765601.616970,5527425.045733,9160.000000,0,false,
SAT_P3_S3,-2086806.945350,3659201.308640,5503416.743195,9200.000000,0,false,
SAT_P3_S3,-2353349.185919,3547408.048788,5468868.684010,9240.000000,0,false,
SAT_P3_S3,-2616083.965793,3430412.928852,5423845.995039,9280.000000,0,false,
SAT_P3_S3,-2874540.877909,3308414.138934,5368433.757378,9320.000000,0,false,
SAT_P3_S3,-3128256.286517,3181616.636926,5302736.850635,9360.000000,0,false,
SAT_P3_S3,-3376774.159818,3050231.811956,5226879.764910,9400.000000,0,false,
SAT_P3_S3,-3619646.909652,2914477.156968,5141006.403835,9440.000000,0,false,
SAT_P3_S3,-3856436.215355,2774575.930031,5045279.843650,9480.000000,0,false,
SAT_P3_S3,-4086713.799424,2630756.769857,4939881.992340,9520.000000,0,false,
SAT_P3_S3,-4310062.232102,2483253.353528,4825013.291412,9560.000000,0,false,
SAT_P3_S3,-4526075.706163,2332304.029082,4700892.352038,9600.000000,0,false,
SAT_P3_S3,-4734360.784327,2178151.441110,4567755.550156,9640.000000,0,false,
SAT_P3_S3,-4934537.121138,2021042.148748,4425856.581302,9680.000000,0,false,
SAT_P3_S3,-5126238.178207,1861226.247176,4275465.997234,9720.000000,0,false,
SAT_P3_S3,-5309111.943027,1698956.999971,4116870.737950,9760.000000,0,false,
SAT_P3_S3,-5482821.563884,1534490.437542,3950373.569389,9800.000000,0,false,
SAT_P3_S3,-5647045.993702,1368084.970202,3776292.525012,9840.000000,0,false,
SAT_P3_S3,-5801480.622446,1200001.003732,3594960.328189,9880.000000,0,false,
SAT_P3_S3,-5945837.872663,1030500.547032,3406723.773154,9920.000000,0,false,
SAT_P3_S3,-6079847.751619,859846.816552,3211943.069348,9960.000000,0,false,
SAT_P3_S3,-6203258.380940,688303.839843,3010991.160399,10000.000000,0,false,
SAT_P3_S3,-6315836.530316,516136.063252,2804253.033822,10040.000000,0,false,
SAT_P3_S3,-6417368.111282,343607.958566,2592124.999929,10080.000000,0,false,
SAT_P3_S3,-6507658.562505,170983.616759,2375013.903172,10120.000000,0,false,
SAT_P3_S3,-6586533.295454,-1473.641716,2153336.362028,10160.000000,0,false,
SAT_P3_S3,-6653838.062024,-173501.663676,1927517.961095,10200.000000,0,false,
SAT_P3_S3,-6709439.278241,-344839.855367,1697992.423312,10240.000000,0,false,
SAT_P3_S3,-6753224.315710,-515229.571505,1465200.765738,10280.000000,0,false,
SAT_P3_S3,-6785101.764174,-684414.501656,1229590.440379,10320.000000,0,false,
SAT_P3_S3,-6805001.632255,-852141.049129,991614.457081,10360.000000,0,false,
SAT_P3_S3,-6812875.496981,-1018158.703359,751730.492311,10400.000000,0,false,
SAT_P3_S3,-6808696.633489,-1182220.408342,510399.991640,10440.000000,0,false,
SAT_P3_S3,-6792460.142943,-1344082.927498,268087.271608,10480.000000,0,false,
SAT_P3_S3,-6764182.941631,-1503507.190478,25258.598919,10520.000000,0,false,
SAT_P3_S3,-6723903.760670,-1660258.637463,-217618.725330,10560.000000,0,false,
SAT_P3_S3,-6671683.119952,-1814107.557783,-460077.283201,10600.000000,0,false,
SAT_P3_S3,-6607603.241457,-1964829.417444,-701650.461459,10640.000000,0,false,
SAT_P3_S3,-6531767.902499,-2112205.170904,-941873.368917,10680.000000,0,false,
SAT_P3_S3,-6444302.252778,-2256021.564815,-1180283.751518,10720.000000,0,false,
SAT_P3_S3,-6345352.627084,-2396071.442124,-1416422.906550,10760.000000,0,false,
SAT_P3_S3,-6235086.305710,-2532154.030567,-1649836.587499,10800.000000,0,false,
SAT_P3_S3,-6113691.149670,-2664075.195337,-1880075.890211,10840.000000,0,false,
SAT_P3_S3,-5981375.300698,-2791647.709155,-2106698.137993,10880.000000,0,false,
SAT_P3_S3,-5838366.800827,-2914691.499636,-2329267.751023,10920.000000,0,false,
SAT_P3_S3,-5684913.165140,-3033033.876930,-2547357.093353,10960.000000,0,false,
SAT_P3_S3,-5521280.908980,-3146509.743748,-2760547.298339,11000.000000,0,false,
SAT_P3_S3,-5347755.059047,-3254961.800848,-2968429.080991,11040.000000,0,false,
SAT_P3_S3,-5164638.666467,-3358240.754692,-3170603.541071,11080.000000,0,false,
SAT_P3_S3,-4972252.202998,-3456205.470751,-3366682.910797,11120.000000,0,false,
SAT_P3_S3,-4770932.972987,-3548723.135273,-3556291.295355,11160.000000,0,false,
SAT_P3_S3,-4561034.509136,-3635669.411037,-3739065.394969,11200.000000,0,false,
SAT_P3_S3,-4342925.924297,-3716928.572118,-3914655.194576,11240.000000,0,false,
SAT_P3_S3,-4116991.225216,-3792393.615224,-4082724.615256,11280.000000,0,false,
SAT_P3_S3,-3883628.604797,-3861966.361497,-4242952.141058,11320.000000,0,false,
SAT_P3_S3,-3643249.736098,-3925557.565749,-4395031.438075,11360.000000,0,false,
SAT_P3_S3,-3396279.037146,-3983087.006238,-4538671.936729,11400.000000,0,false,
SAT_P3_S3,-3143152.856028,-4034483.516665,-4673599.335922,11440.000000,0,false,
SAT_P3_S3,-2884318.709521,-4079685.061518,-4799556.133683,11480.000000,0,false,
SAT_P3_S3,-2620234.472398,-4118638.778019,-4916302.104435,11520.000000,0,false,
SAT_P3_S3,-2351367.548759,-4151300.998243,-5023614.733206,11560.000000,0,false,
SAT_P3_S3,-2078194.024625,-4177637.253171,-5121289.608544,11600.000000,0,false,
SAT_P3_S3,-1801197.816594,-4197622.277478,-5209140.795634,11640.000000,0,false,
SAT_P3_S3,-1520869.826610,-4211240.025738,-5287001.201716,11680.000000,0,false,
SAT_P3_S3,-1237707.048401,-4218483.621077,-5354722.838853,11720.000000,0,false,
SAT_P3_S3,-952211.687575,-4219355.323877,-5412177.087955,11760.000000,0,false,
SAT_P3_S3,-664890.279612,-4213866.499786,-5459254.939600,11800.000000,0,false,
SAT_P3_S3,-376252.794846,-4202037.567311,-5495867.187245,11840.000000,0,false,
SAT_P3_S3,-86811.738214,-4183897.924800,-5521944.570975,11880.000000,0,false,
SAT_P3_S3,202918.754491,-4159485.871837,-5537437.891267,11920.000000,0,false,
SAT_P3_S3,492423.819378,-4128848.544554,-5542318.117936,11960.000000,0,false,
SAT_P3_S3,781188.768933,-4092041.835233,-5536576.455434,12000.000000,0,false,
SAT_P3_S3,1068700.007267,-4049130.251301,-5520224.306095,12040.000000,0,false,
SAT_P3_S3,1354445.932021,-4000186.829430,-5493293.281181,12080.000000,0,false,
SAT_P3_S3,1637917.844049,-3945293.015262,-5455835.144236,12120.000000,0,false,
SAT_P3_S3,1918610.847428,-3884538.528223,-5407921.709860,12160.000000,0,false,
SAT_P3_S3,2196024.742235,-3818021.211558,-5349644.698526,12200.000000,0,false,
SAT_P3_S3,2469664.915835,-3745846.885112,-5281115.571690,12240.000000,0,false,
SAT_P3_S3,2739043.234607,-3668129.211254,-5202465.361283,12280.000000,0,false,
SAT_P3_S3,3003678.902010,-3584989.499261,-5113844.389761,12320.000000,0,false,
SAT_P3_S3,3263099.317419,-3496556.530138,-5015421.994999,12360.000000,0,false,
SAT_P3_S3,3516840.927809,-3402966.381878,-4907386.232380,12400.000000,0,false,
SAT_P3_S3,3764450.060842,-3304362.237032,-4789943.528962,12440.000000,0,false,
SAT_P3_S3,4005483.732417,-3200894.174342,-4663318.292036,12480.000000,0,false,
SAT_P3_S3,4239510.441506,-3092718.955684,-4527752.489039,12520.000000,0,false,
SAT_P3_S3,4466110.967379,-2979999.823966,-4383505.221536,12560.000000,0,false,
SAT_P3_S3,4684879.141934,-2862906.289059,-4230852.260422,12600.000000,0,false,
SAT_P3_S3,4895422.560500,-2741613.864753,-4070085.490848,12640.000000,0,false,
SAT_P3_S3,5097363.324174,-2616303.849968,-3901512.400107,12680.000000,0,false,
SAT_P3_S3,5290338.744184,-2487163.080625,-3725455.504675,12720.000000,0,false,
SAT_P3_S3,5474002.010582,-2354383.671631,-3542251.743234,12760.000000,0,false,
SAT_P3_S3,5648022.827456,-2218162.747663,-3352251.835130,12800.000000,0,false,
SAT_P3_S3,5812088.037692,-2078702.173550,-3155819.621297,12840.000000,0,false,
SAT_P3_S3,5965902.249355,-1936208.291210,-2953331.398085,12880.000000,0,false,
SAT_P3_S3,6109188.354401,-1790891.617677,-2745175.176064,12920.000000,0,false,
SAT_P3_S3,6241688.055751,-1642966.554273,-2531749.940733,12960.000000,0,false,
SAT_P3_S3,6363162.374006,-1492651.094581,-2313464.896685,13000.000000,0,false,
SAT_P3_S3,6473392.104163,-1340166.521215,-2090738.680942,13040.000000,0,false,
SAT_P3_S3,6572178.218741,-1185737.094803,-1863998.551522,13080.000000,0,false,
SAT_P3_S3,6659342.239722,-1029589.739633,-1633679.559503,13120.000000,0,false,
SAT_P3_S3,6734726.608090,-871953.733293,-1400223.716274,13160.000000,0,false,
SAT_P3_S3,6798195.004335,-713060.391710,-1164079.143395,13200.000000,0,false,
SAT_P3_S3,6849632.552268,-553142.732676,-925699.182453,13240.000000,0,false,
SAT_P3_S3,6888946.080352,-392435.159483,-685541.527240,13280.000000,0,false,
SAT_P3_S3,6916064.307692,-231173.130770,-444067.329656,13320.000000,0,false,
SAT_P3_S3,6930937.976195,-69592.830114,-201740.299622,13360.000000,0,false,
SAT_P3_S3,6933539.930593,92069.166480,40974.201790,13400.000000,0,false,
SAT_P3_S3,6923865.178206,253576.224036,283610.072554,13440.000000,0,false,
SAT_P3_S3,6901930.946563,414691.981266,525701.380087,13480.000000,0,false,
SAT_P3_S3,6867776.597813,575180.684332,766783.274758,13520.000000,0,false,
SAT_P3_S3,6821463.553638,734807.518757,1006392.898656,13560.000000,0,false,
SAT_P3_S3,6763075.193171,893338.940028,1244070.290478,13600.000000,0,false,
SAT_P3_S3,6692716.689021,1050543.001597,1479359.283717,13640.000000,0,false,
SAT_P3_S3,6610514.783929,1206189.676614,1711808.391372,13680.000000,0,false,
SAT_P3_S3,6516617.532572,1360051.176876,1940971.680719,13720.000000,0,false,
SAT_P3_S3,6411194.040965,1511902.272058,2166409.642050,13760.000000,0,false,
SAT_P3_S3,6294434.156971,1661520.601601,2387690.039626,13800.000000,0,false,
SAT_P3_S3,6166548.040814,1808686.972410,2604388.731759,13840.000000,0,false,
SAT_P3_S3,6027765.803321,1953185.663097,2816090.491474,13880.000000,0,false,
SAT_P3_S3,5878337.068953,2094804.721086,3022389.805091,13920.000000,0,false,
SAT_P3_S3,5718530.495722,2233336.248892,3222891.643131,13960.000000,0,false,
SAT_P3_S3,5548633.252853,2368576.681963,3417212.205449,14000.000000,0,false,
SAT_P3_S3,5368950.485105,2500327.067420,3604979.653211,14040.000000,0,false,
SAT_P3_S3,5179804.781218,2628393.348203,3785834.834193,14080.000000,0,false,
SAT_P3_S3,4981535.526441,2752586.610918,3959431.938657,14120.000000,0,false,
SAT_P3_S3,4774498.272395,2872723.342687,4125439.151423,14160.000000,0,false,
SAT_P3_S3,4559064.091684,2988625.686057,4283539.283752,14200.000000,0,false,
SAT_P3_S3,4335618.889966,3100121.680218,4433430.366969,14240.000000,0,false,
SAT_P3_S3,4104562.682819,3207045.485994,4574826.203816,14280.000000,0,false,
SAT_P3_S3,3866308.853734,3309237.605252,4707456.892076,14320.000000,0,false,
SAT_P3_S3,3621283.416060,3406545.107588,4831069.338941,14360.000000,0,false,
SAT_P3_S3,3369924.249940,3498821.843099,4945427.735490,14400.000000,0,false,
SAT_P3_S3,3112680.266207,3585928.612650,5050313.948160,14440.000000,0,false,
SAT_P3_S3,2850010.624545,3667733.372611,5145527.939805,14480.000000,0,false,
SAT_P3_S3,2582383.907505,3744111.417076,5230888.136223,14520.000000,0,false,
SAT_P3_S3,2310277.279494,3814945.544661,5306231.749280,14560.000000,0,false,
SAT_P3_S3,2034175.625694,3880126.206755,5371415.051537,14600.000000,0,false,
SAT_P3_S3,1754570.709513,3939551.688956,5426313.675051,14640.000000,0,false,
SAT_P3_S3,1471960.288701,3993128.237032,5470822.809566,14680.000000,0,false,
SAT_P3_S3,1186847.237292,4040770.198444,5504857.399481,14720.000000,0,false,
SAT_P3_S3,899738.659456,4082400.155238,5528352.305500,14760.000000,0,false,
SAT_P3_S3,611144.993512,4117949.034006,5541262.411519,14800.000000,0,false,
SAT_P3_S3,321579.111576,4147356.208229,5543562.697529,14840.000000,0,false,
SAT_P3_S3,31555.421190,4170569.610758,5535248.302880,14880.000000,0,false,
SAT_P3_S3,-258411.031878,4187545.842814,5516334.561614,14920.000000,0,false,
SAT_P3_S3,-547805.476989,4198250.214721,5486856.921336,14960.000000,0,false,
SAT_P3_S3,-836114.312979,4202656.841098,5446870.913622,15000.000000,0,false,
SAT_P3_S3,-1122826.010439,4200748.707095,5396452.061453,15040.000000,0,false,
SAT_P3_S3,-1407432.007037,4192517.720115,5335695.745118,15080.000000,0,false,
SAT_P3_S3,-1689427.597123,4177964.744697,5264717.023656,15120.000000,0,false,
SAT_P3_S3,-1968312.819872,4157099.639050,5183650.435921,15160.000000,0,false,
SAT_P3_S3,-2243593.348510,4129941.308118,5092649.800694,15200.000000,0,false,
SAT_P3_S3,-2514781.359975,4096517.698959,4991887.921197,15240.000000,0,false,
SAT_P3_S3,-2781396.400397,4056865.796830,4881556.269402,15280.000000,0,false,
SAT_P3_S3,-3042966.248952,4011031.633779,4761864.665535,15320.000000,0,false,
SAT_P3_S3,-3299027.769521,3959070.270907,4633040.903480,15360.000000,0,false,
SAT_P3_S3,-3549127.738819,3901045.758885,4495330.330528,15400.000000,0,false,
SAT_P3_S3,-3792823.661273,3837031.086621,4348995.393467,15440.000000,0,false,
SAT_P3_S3,-4029684.584157,3767108.135033,4194315.171449,15480.000000,0,false,
SAT_P3_S3,-4259291.898090,3691367.623259,4031584.881675,15520.000000,0,false,
SAT_P3_S3,-4481240.064382,3609908.984195,3861115.285854,15560.000000,0,false,
SAT_P3_S3,-4695137.375161,3522840.288168,3683232.136276,15600.000000,0,false,
SAT_P3_S3,-4900606.674246,3430278.133115,3498275.566505,15640.000000,0,false,
SAT_P3_S3,-5097286.044035,3332347.518068,3306599.449345,15680.000000,0,false,
SAT_P3_S3,-5284829.456515,3229181.697560,3108570.720266,15720.000000,0,false,
SAT_P3_S3,-5462907.409853,3120922.032500,2904568.683063,15760.000000,0,false,
SAT_P3_S3,-5631207.566975,3007717.850590,2694984.311616,15800.000000,0,false,
SAT_P3_S3,-5789435.306772,2889726.255137,2480219.487960,15840.000000,0,false,
SAT_P3_S3,-5937314.258488,2767111.930361,2260686.226138,15880.000000,0,false,
SAT_P3_S3,-6074586.834956,2640046.954444,2036805.893358,15920.000000,0,false,
SAT_P3_S3,-6201014.704943,2508710.582088,1809008.393100,15960.000000,0,false,
SAT_P3_S3,-6316379.232894,2373289.016695,1577731.331589,16000.000000,0,false,
SAT_P3_S3,-6420481.886278,2233975.171221,1343419.167257,16040.000000,0,false,
SAT_P3_S3,-6513144.614121,2090968.418565,1106522.344915,16080.000000,0,false,
SAT_P3_S3,-6594210.163391,1944474.322736,867496.412386,16120.000000,0,false,
SAT_P3_S3,-6663542.350814,1794704.356353,626801.124356,16160.000000,0,false,
SAT_P3_S3,-6721026.319510,1641875.614333,384899.540169,16200.000000,0,false,
SAT_P3_S3,-6766568.783191,1486210.526408,142257.118888,16240.000000,0,false,
SAT_P3_S3,-6800098.121356,1327936.527082,-100659.205887,16280.000000,0,false,
SAT_P3_S3,-6821564.518134,1167285.742377,-343381.941421,16320.000000,0,false,
SAT_P3_S3,-6830940.047111,1004494.662275,-585443.956790,16360.000000,0,false,
SAT_P3_S3,-6828218.700701,839803.802385,-826379.402602,16400.000000,0,false,
SAT_P3_S3,-6813416.359896,673457.355500,-1065724.625862,16440.000000,0,false,
SAT_P3_S3,-6786570.733890,505702.837082,-1303019.081542,16480.000000,0,false,
SAT_P3_S3,-6747741.301370,336790.730299,-1537806.242057,16520.000000,0,false,
SAT_P3_S3,-6697009.165242,166974.119272,-1769634.492949,16560.000000,0,false,
SAT_P3_S3,-6634476.825839,-3491.690473,-1998058.015116,16600.000000,0,false,
SAT_P3_S3,-6560267.992601,-174349.544268,-2222637.661867,16640.000000,0,false,
SAT_P3_S3,-6474527.321130,-345340.822457,-2442941.821503,16680.000000,0,false,
SAT_P3_S3,-6377420.095473,-516205.825630,-2658547.255446,16720.000000,0,false,
SAT_P3_S3,-6269131.866656,-686684.162726,-2869039.916086,16760.000000,0,false,
SAT_P3_S3,-6149868.078892,-856515.142358,-3074015.753547,16800.000000,0,false,
SAT_P3_S3,-6019853.688817,-1025438.165673,-3273081.510432,16840.000000,0,false,
SAT_P3_S3,-5879332.642857,-1193193.114536,-3465855.451897,16880.000000,0,false,
SAT_P3_S3,-5728567.407454,-1359520.742805,-3651968.101962,16920.000000,0,false,
SAT_P3_S3,-5567838.453693,-1524163.067583,-3831062.950243,16960.000000,0,false,
SAT_P3_S3,-5397443.700450,-1686863.756680,-4002797.124360,17000.000000,0,false,
SAT_P3_S3,-5217697.915149,-1847368.510344,-4166842.024125,17040.000000,0,false,
SAT_P3_S3,-5028932.097304,-2005425.443280,-4322883.932848,17080.000000,0,false,
SAT_P3_S3,-4831492.872635,-2160785.472357,-4470624.622004,17120.000000,0,false,
SAT_P3_S3,-4625741.827207,-2313202.691637,-4609781.900757,17160.000000,0,false,
SAT_P3_S3,-4412054.785078,-2462434.737644,-4740090.113823,17200.000000,0,false,
SAT_P3_S3,-4190821.130650,-2608243.165662,-4861300.649548,17240.000000,0,false,
SAT_P3_S3,-3962443.080095,-2750393.818461,-4973182.400402,17280.000000,0,false,
SAT_P3_S3,-3727334.926390,-2888657.182969,-5075522.177711,17320.000000,0,false,
SAT_P3_S3,-3485922.263391,-3022808.740566,-5168125.089317,17360.000000,0,false,
SAT_P3_S3,-3238641.209101,-3152629.322613,-5250814.902117,17400.000000,0,false,
SAT_P3_S3,-2985937.632737,-3277905.471630,-5323434.391626,17440.000000,0,false,
SAT_P3_S3,-2728266.302515,-3398429.753193,-5385845.575950,17480.000000,0,false,
SAT_P3_S3,-2466090.075268,-3514001.095482,-5437929.978296,17520.000000,0,false,
SAT_P3_S3,-2199879.064916,-3624425.117996,-5479588.844656,17560.000000,0,false,
SAT_P3_S3,-1930109.796845,-3729514.446708,-5510743.315559,17600.000000,0,false,
SAT_P3_S3,-1657264.349881,-3829089.012928,-5531334.548795,17640.000000,0,false,
SAT_P3_S3,-1381829.495858,-3922976.350286,-5541323.815304,17680.000000,0,false,
SAT_P3_S3,-1104295.848750,-4011011.904988,-5540692.592295,17720.000000,0,false,
SAT_P3_S3,-825156.997139,-4093039.315479,-5529442.587297,17760.000000,0,false,
SAT_P3_S3,-544908.619928,-4168910.664931,-5507595.697335,17800.000000,0,false,
SAT_P3_S3,-264047.627556,-4238486.763352,-5475193.992707,17840.000000,0,false,
SAT_P3_S3,16928.712598,-4301637.406445,-5432299.641549,17880.000000,0,false,
SAT_P3_S3,297523.647619,-4358241.614487,-5378994.787171,17920.000000,0,false,
SAT_P3_S3,577241.809464,-4408187.858443,-5315381.386749,17960.000000,0,false,
SAT_P3_S3,855590.083105,-4451374.292142,-5241581.035979,18000.000000,0,false,
SAT_P3_S3,1132078.470361,-4487708.992393,-5157734.783044,18040.000000,0,false,
SAT_P3_S3,1406220.948996,-4517110.118760,-5064002.820658,18080.000000,0,false,
SAT_P3_S3,1677536.324568,-4539506.116010,-4960564.213415,18120.000000,0,false,
SAT_P3_S3,1945549.078316,-4554835.895660,-4847616.578703,18160.000000,0,false,
SAT_P3_S3,2209790.203211,-4563048.995655,-4725375.723756,18200.000000,0,false,
SAT_P3_S3,2469798.023734,-4564105.715098,-4594075.237406,18240.000000,0,false,
SAT_P3_S3,2725119.007239,-4557977.241621,-4453966.055715,18280.000000,0,false,
SAT_P3_S3,2975308.574184,-4544645.790689,-4305316.022655,18320.000000,0,false,
SAT_P3_S3,3219931.878994,-4524104.701873,-4148409.389688,18360.000000,0,false,
SAT_P3_S3,3458564.564023,-4496358.494692,-3983546.257376,18400.000000,0,false,
SAT_P3_S3,3690793.517477,-4461422.957549,-3811042.037875,18440.000000,0,false,
SAT_P3_S3,3916217.606376,-4419325.200240,-3631226.864226,18480.000000,0,false,
SAT_P3_S3,4134448.377373,-4370103.679773,-3444444.963522,18520.000000,0,false,
SAT_P3_S3,4345110.733211,-4313808.205989,-3251053.999290,18560.000000,0,false,
SAT_P3_S3,4547843.601496,-4250499.946921,-3051424.400474,18600.000000,0,false,
SAT_P3_S3,4742300.596028,-4180251.436685,-2845938.680643,18640.000000,0,false,
SAT_P3_S3,4928150.588217,-4103146.493509,-2634990.675053,18680.000000,0,false,
SAT_P3_S3,5105078.302221,-4019280.177042,-2418984.800899,18720.000000,0,false,
SAT_P3_S3,5272784.876595,-3928758.717254,-2198335.285887,18760.000000,0,false,
SAT_P3_S3,5430988.386747,-3831699.416538,-1973465.371196,18800.000000,0,false,
SAT_P3_S3,5579424.322905,-3728230.523202,-1744806.490715,18840.000000,0,false,
SAT_P3_S3,5717846.045267,-3618491.091505,-1512797.435846,18880.000000,0,false,
SAT_P3_S3,5846025.239006,-3502630.845619,-1277883.516570,18920.000000,0,false,
SAT_P3_S3,5963752.300295,-3380810.000508,-1040515.696617,18960.000000,0,false,
SAT_P3_S3,6070836.657828,-3253199.041140,-801149.704323,19000.000000,0,false,
SAT_P3_S3,6167107.118071,-3119978.525827,-560245.155884,19040.000000,0,false,
SAT_P3_S3,6252412.150984,-2981338.851375,-318264.657509,19080.000000,0,false,
SAT_P3_S3,6326620.122406,-2837479.993834,-75672.902196,19120.000000,0,false,
SAT_P3_S3,6389619.484221,-2688611.228693,167064.238684,19160.000000,0,false,
SAT_P3_S3,6441318.950942,-2534950.844969,409480.625665,19200.000000,0,false,
SAT_P3_S3,6481647.665582,-2376725.856374,651110.760624,19240.000000,0,false,
SAT_P3_S3,6510555.223132,-2214171.646671,891490.698945,19280.000000,0,false,
SAT_P3_S3,6528011.737610,-2047531.638795,1130158.954294,19320.000000,0,false,
SAT_P3_S3,6534007.857787,-1877056.940792,1366657.401263,19360.000000,0,false,
SAT_P3_S3,6528554.731033,-1703005.972739,1600532.168679,19400.000000,0,false,
SAT_P3_S3,6511683.912053,-1525644.075226,1831334.519291,19440.000000,0,false,
SAT_P3_S3,6483447.244156,-1345243.107262,2058621.720302,19480.000000,0,false,
SAT_P3_S3,6443916.742824,-1162081.043341,2281957.909054,19520.000000,0,false,
SAT_P3_S3,6393184.400448,-976441.547787,2500914.933117,19560.000000,0,false,
SAT_P3_S3,6331361.918077,-788613.526276,2715073.165893,19600.000000,0,false,
SAT_P3_S3,6258580.475192,-598890.689343,2924022.318785,19640.000000,0,false,
SAT_P3_S3,6174990.434442,-407571.095148,3127362.229323,19680.000000,0,false,
SAT_P3_S3,6080760.998672,-214956.684247,3324703.618669,19720.000000,0,false,
SAT_P3_S3,5976079.831227,-21352.805975,3515668.824158,19760.000000,0,false,
SAT_P3_S3,5861152.669661,172932.259932,3699892.519473,19800.000000,0,false,
SAT_P3_S3,5736202.937896,367587.784271,3877022.422636,19840.000000,0,true,Paris
SAT_P3_S3,5601471.226746,562301.083873,4046719.928196,19880.000000,0,true,Paris
SAT_P3_S3,5457214.829543,756758.013475,4208660.751097,19920.000000,0,true,Paris
SAT_P3_S3,5303707.236924,950643.464695,4362535.538424,19960.000000,0,true,Paris
SAT_P3_S3,5141237.595251,1143641.867117,4508050.444407,20000.000000,0,true,Paris
SAT_P3_S3,4970110.128064,1335437.689171,4644927.664383,20040.000000,0,true,Paris
SAT_P3_S3,4790643.543108,1525715.942346,4772905.945079,20080.000000,0,true,Paris
SAT_P3_S3,4603170.449957,1714162.691352,4891741.089639,20120.000000,0,true,Paris
SAT_P3_S3,4408036.724597,1900465.558311,5001206.402573,20160.000000,0,true,Paris
SAT_P3_S3,4205600.824725,2084314.223234,5101093.078150,20200.000000,0,false,
SAT_P3_S3,3996233.146901,2265400.932016,5191210.603176,20240.000000,0,false,
SAT_P3_S3,3780315.340315,2443421.002228,5271387.107704,20280.000000,0,false,
SAT_P3_S3,3558239.596107,2618073.318379,5341469.665853,20320.000000,0,false,
SAT_P3_S3,3330407.925771,2789060.827098,5401324.566958,20360.000000,0,false,
SAT_P3_S3,3097231.449973,2956091.042696,5450837.582446,20400.000000,0,false,
SAT_P3_S3,2859129.640940,3118876.525417,5489914.148478,20440.000000,0,false,
SAT_P3_S3,2616529.578165,3277135.374080,5518479.550950,20480.000000,0,false,
SAT_P3_S3,2369865.186194,3430591.704602,5536479.059517,20520.000000,0,false,
SAT_P3_S3,2119576.457725,3578976.114947,5543878.013256,20560.000000,0,false,
SAT_P3_S3,1866108.674651,3722026.150079,5540661.882220,20600.000000,0,false,
SAT_P3_S3,1609911.639236,3859486.779199,5526836.327441,20640.000000,0,false,
SAT_P3_S3,1351438.879308,3991110.837373,5502427.179402,20680.000000,0,false,
SAT_P3_S3,1091146.843535,4116659.453043,5467480.370587,20720.000000,0,false,
SAT_P3_S3,829494.117007,4235902.494178,5422061.880603,20760.000000,0,false,
SAT_P3_S3,566940.621642,4348618.993995,5366257.624337,20800.000000,0,false,
SAT_P3_S3,303946.816760,4454597.555052,5300173.292221,20840.000000,0,false,
SAT_P3_S3,40972.899630,4553636.741674,5223934.154015,20880.000000,0,false,
SAT_P3_S3,-221521.990101,4645545.479421,5137684.850191,20920.000000,0,false,
SAT_P3_S3,-483080.560468,4730143.456897,5041589.166571,20960.000000,0,false,
SAT_P3_S3,-743248.163193,4807261.445909,4935829.688512,21000.000000,0,false,
SAT_P3_S3,-1001573.575041,4876741.671239,4820607.499600,21040.000000,0,false,
SAT_P3_S3,-1257609.779447,4938438.151868,4696141.825090,21080.000000,0,false,
SAT_P3_S3,-1510914.738291,4992217.019375,4562669.634579,21120.000000,0,false,
SAT_P3_S3,-1761052.152197,5037956.809341,4420445.201156,21160.000000,0,false,
SAT_P3_S3,-2007592.214912,5075548.746003,4269739.636661,21200.000000,0,false,
SAT_P3_S3,-2250112.366142,5104897.039811,4110840.422423,21240.000000,0,false,
SAT_P3_S3,-2488198.019732,5125919.124133,3944050.869863,21280.000000,0,false,
SAT_P3_S3,-2721443.277358,5138545.862421,3769689.540236,21320.000000,0,false,
SAT_P3_S3,-2949451.640528,5142721.778280,3588089.673371,21360.000000,0,false,
SAT_P3_S3,-3171836.704779,5138405.244599,3399598.566356,21400.000000,0,false,
SAT_P3_S3,-3388222.826646,5125568.637561,3204576.916097,21440.000000,0,false,
SAT_P3_S3,-3598245.771849,5104198.466019,3003398.132503,21480.000000,0,false,
SAT_P3_S3,-3801553.358415,5074295.498890,2796447.638232,21520.000000,0,false,
SAT_P3_S3,-3997806.089208,5035874.885639,2584122.153742,21560.000000,0,false,
SAT_P3_S3,-4186677.706487,4988966.168043,2366828.904608,21600.000000,0,false,
SAT_P3_S3,-4367855.771955,4933613.342980,2144984.854786,21640.000000,0,false,
SAT_P3_S3,-4541042.211703,4869874.881014,1919015.903803,21680.000000,0,false,
SAT_P3_S3,-4705953.817917,4797823.701490,1689356.057293,21720.000000,0,false,
SAT_P3_S3,-4862322.732542,4717547.133681,1456446.585202,21760.000000,0,false,
SAT_P3_S3,-5009896.901452,4629146.850314,1220735.162379,21800.000000,0,false,
SAT_P3_S3,-5148440.503089,4532738.778805,982674.995626,21840.000000,0,false,
SAT_P3_S3,-5277734.327357,4428452.969508,742723.934533,21880.000000,0,false,
SAT_P3_S3,-5397576.123667,4316433.437638,501343.571464,21920.000000,0,false,
SAT_P3_S3,-5507780.941684,4196838.000571,258998.337184,21960.000000,0,false,
SAT_P3_S3,-5608181.449235,4069838.098953,16154.592208,22000.000000,0,false,
SAT_P3_S3,-5698628.132186,3935618.516325,-226720.302334,22040.000000,0,false,
SAT_P3_S3,-5778989.545269,3794377.148994,-469158.900048,22080.000000,0,false,
SAT_P3_S3,-5849152.502204,3646324.723829,-710694.594039,22120.000000,0,false,
SAT_P3_S3,-5909022.220685,3491684.486384,-950862.537249,22160.000000,0,false,
SAT_P3_S3,-5958522.418986,3330691.856615,-1189200.557210,22200.000000,0,false,
SAT_P3_S3,-5997595.390964,3163594.069121,-1425250.066874,22240.000000,0,false,
SAT_P3_S3,-6026202.081829,2990649.813318,-1658556.972311,22280.000000,0,false,
SAT_P3_S3,-6044322.062993,2812128.812814,-1888672.559744,22320.000000,0,false,
SAT_P3_S3,-6051953.479823,2628311.388010,-2115154.371661,22360.000000,0,false,
SAT_P3_S3,-6049113.003980,2439488.022870,-2337567.074596,22400.000000,0,false,
SAT_P3_S3,-6035835.730201,2245958.898402,-2555483.309068,22440.000000,0,false,
SAT_P3_S3,-6012175.022830,2048033.402420,-2768484.513837,22480.000000,0,false,
SAT_P3_S3,-5978202.330378,1846029.621931,-2976161.731252,22520.000000,0,false,
SAT_P3_S3,-5934006.997702,1640273.831032,-3178116.403475,22560.000000,0,false,
SAT_P3_S3,-5879696.059918,1431099.969620,-3373961.150966,22600.000000,0,false,
SAT_P3_S3,-5815393.905990,1218849.065767,-3563320.488149,22640.000000,0,false,
SAT_P3_S3,-5741242.014534,1003868.687069,-3745831.553349,22680.000000,0,false,
SAT_P3_S3,-5657398.627381,786512.362255,-3921144.802715,22720.000000,0,false,
SAT_P3_S3,-5564038.387156,567138.991623,-4088924.669391,22760.000000,0,false,
SAT_P3_S3,-5461351.935890,346112.245273,-4248850.185533,22800.000000,0,false,
SAT_P3_S3,-5349545.501199,123799.953972,-4400615.583611,22840.000000,0,false,
SAT_P3_S3,-5228840.492940,-99426.502142,-4543930.890684,22880.000000,0,false,
SAT_P3_S3,-5099473.015166,-323192.819332,-4678522.447692,22920.000000,0,false,
SAT_P3_S3,-4961693.363662,-547122.400719,-4804133.401663,22960.000000,0,false,
SAT_P3_S3,-4815765.540327,-770836.985219,-4920524.190949,23000.000000,0,false,
SAT_P3_S3,-4661966.727273,-993957.283820,-5027472.983861,23040.000000,0,false,
SAT_P3_S3,-4500586.731057,-1216103.614980,-5124776.069952,23080.000000,0,false,
SAT_P3_S3,-4331927.410854,-1436896.541926,-5212248.218195,23120.000000,0,false,
SAT_P3_S3,-4156302.114548,-1655957.513778,-5289723.024672,23160.000000,0,false,
SAT_P3_S3,-3974035.111457,-1872909.507192,-5357053.236367,23200.000000,0,false,
SAT_P3_S3,-3785460.932855,-2087377.659007,-5414110.962199,23240.000000,0,false,
SAT_P3_S3,-3590923.780946,-2298989.906459,-5460787.929372,23280.000000,0,false,
SAT_P3_S3,-3390776.897310,-2507377.627154,-5496995.680597,23320.000000,0,false,
SAT_P3_S3,-3185381.917191,-2712176.271491,-5522665.727957,23360.000000,0,false,
SAT_P3_S3,-2975108.206897,-2913025.986754,-5537749.659979,23400.000000,0,false,
SAT_P3_S3,-2760332.199830,-3109572.243133,-5542219.225650,23440.000000,0,false,
SAT_P3_S3,-2541436.745079,-3301466.469708,-5536066.415622,23480.000000,0,false,
SAT_P3_S3,-2318810.414320,-3488366.656510,-5519303.449251,23520.000000,0,false,
SAT_P3_S3,-2092846.806956,-3669937.952854,-5491962.732770,23560.000000,0,false,
SAT_P3_S3,-1863943.872065,-3845853.273864,-5454096.817022,23600.000000,0,false,
SAT_P3_S3,-1632503.213519,-4015793.889943,-5405778.300294,23640.000000,0,false,
SAT_P3_S3,-1398929.389401,-4179449.995017,-5347099.681925,23680.000000,0,false,
SAT_P3_S3,-1163629.209720,-4336521.264476,-5278173.181521,23720.000000,0,false,
SAT_P3_S3,-927011.041705,-4486717.419383,-5199130.548731,23760.000000,0,false,
SAT_P3_S3,-689484.119877,-4629758.785650,-5110122.850061,23800.000000,0,false,
SAT_P3_S3,-451457.828102,-4765376.780499,-5011320.136301,23840.000000,0,false,
SAT_P3_S3,-213341.013526,-4893314.445242,-4902911.162973,23880.000000,0,false,
SAT_P3_S3,24458.710480,-5013326.946786,-4785103.048012,23920.000000,0,false,
SAT_P3_S3,261535.655792,-5125182.055152,-4658120.889849,23960.000000,0,false,
SAT_P3_S3,497486.746259,-5228660.593774,-4522207.342576,24000.000000,0,false,
SAT_P3_S3,731912.199710,-5323556.883784,-4377622.168934,24040.000000,0,false,
SAT_P3_S3,964416.204323,-5409679.200123,-4224641.789095,24080.000000,0,false,
SAT_P3_S3,1194607.584435,-5486850.153504,-4063558.748797,24120.000000,0,false,
SAT_P3_S3,1422100.458403,-5554907.057847,-3894681.162243,24160.000000,0,false,
SAT_P3_S3,1646514.888178,-5613702.308617,-3718332.154491,24200.000000,0,false,
SAT_P3_S3,1867477.519120,-5663103.720753,-3534849.257023,24240.000000,0,false,
SAT_P3_S3,2084622.201471,-5702994.827139,-3344583.766369,24280.000000,0,false,
SAT_P3_S3,2297590.599656,-5733275.152553,-3147900.075240,24320.000000,0,false,
SAT_P3_S3,2506032.796865,-5753860.488224,-2945174.993371,24360.000000,0,false,
SAT_P3_S3,2709607.887863,-5764683.151221,-2736797.050326,24400.000000,0,false,
SAT_P3_S3,2907984.526604,-5765692.125708,-2523165.717051,24440.000000,0,false,
SAT_P3_S3,3100841.485962,-5756853.266701,-2304690.661692,24480.000000,0,false,
SAT_P3_S3,3287868.193001,-5738149.445027,-2081790.961206,24520.000000,0,false,
SAT_P3_S3,3468765.237657,-5709580.653237,-1854894.290803,24560.000000,0,false,
SAT_P3_S3,3643244.852902,-5671164.068205,-1624436.090423,24600.000000,0,false,
SAT_P3_S3,3811031.380653,-5622934.095142,-1390858.718089,24640.000000,0,false,
SAT_P3_S3,3971861.734662,-5564942.414442,-1154610.599167,24680.000000,0,false,
SAT_P3_S3,4125485.800047,-5497257.935332,-916145.344201,24720.000000,0,false,
SAT_P3_S3,4271666.811957,-5419966.724655,-675920.858163,24760.000000,0,false,
SAT_P3_S3,4410181.730366,-5333171.941267,-434398.452669,24800.000000,0,false,
SAT_P3_S3,4540821.576228,-5236993.718507,-192041.944390,24840.000000,0,false,
SAT_P3_S3,4663391.727416,-5131569.001540,50683.250615,24880.000000,0,false,
SAT_P3_S3,4777712.188091,-5017051.354382,293311.025141,24920.000000,0,false,
SAT_P3_S3,4883617.852059,-4893610.762430,535375.487998,24960.000000,0,false,
SAT_P3_S3,4980958.747358,-4761433.417064,776411.868602,25000.000000,0,false,
SAT_P3_S3,5069600.182104,-4620721.382184,1015957.425646,25040.000000,0,false,
SAT_P3_S3,5149422.935112,-4471692.320925,1253552.344039,25080.000000,0,false,
SAT_P3_S3,5220323.397479,-4314579.161732,1488740.632443,25120.000000,0,false,
SAT_P3_S3,5282213.677310,-4149629.730044,1721071.008969,25160.000000,0,false,
SAT_P3_S3,5335021.664759,-3977106.342115,1950097.773735,25200.000000,0,false,
SAT_P3_S3,5378691.081002,-3797285.380409,2175381.673802,25240.000000,0,false,
SAT_P3_S3,5413181.530756,-3610456.868009,2396490.764597,25280.000000,0,false,
SAT_P3_S3,5438468.467871,-3416923.971686,2613001.236588,25320.000000,0,false,
SAT_P3_S3,5454543.139360,-3217002.485119,2824498.226604,25360.000000,0,false,
SAT_P3_S3,5461412.535864,-3011020.316479,3030576.620857,25400.000000,0,false,
SAT_P3_S3,5459099.295072,-2799316.937711,3230841.831591,25440.000000,0,false,
SAT_P3_S3,5447641.563417,-2582242.806050,3424910.541842,25480.000000,0,false,
SAT_P3_S3,5427092.832212,-2360158.766214,3612411.426641,25520.000000,0,false,
SAT_P3_S3,5397521.774299,-2133435.449311,3792985.863379,25560.000000,0,false,
SAT_P3_S3,5359012.067426,-1902452.662589,3966288.621723,25600.000000,0,false,
SAT_P3_S3,5311662.106977,-1667598.712184,4131988.478809,25640.000000,0,false,
SAT_P3_S3,5255584.784776,-1429269.763551,4289768.854731,25680.000000,0,false,
SAT_P3_S3,5190907.217133,-1187869.167451,4439328.406905,25720.000000,0,true,Paris
SAT_P3_S3,5117770.444250,-943806.773136,4580381.587276,25760.000000,0,true,Paris
SAT_P3_S3,5036329.098224,-697498.227192,4712659.159857,25800.000000,0,true,Paris
SAT_P3_S3,4946751.063376,-449364.264450,4835908.697508,25840.000000,0,true,Paris
SAT_P3_S3,4849217.149303,-199829.997458,4949895.073789,25880.000000,0,true,Paris
SAT_P3_S3,4743920.690492,50675.813955,5054400.873997,25920.000000,0,true,Paris
SAT_P3_S3,4631067.135660,301721.498635,5149226.778982,25960.000000,0,true,Paris
SAT_P3_S3,4510873.654789,552873.207540,5234191.944549,26000.000000,0,true,Paris
SAT_P3_S3,4383568.712113,803695.657085,5309134.331825,26040.000000,0,true,Paris
SAT_P3_S3,4249391.608762,1053752.872258,5373910.983034,26080.000000,0,true,Paris
SAT_P3_S3,4108592.036410,1302608.935501,5428398.291914,26120.000000,0,true,Paris
SAT_P3_S3,3961429.611477,1549828.734501,5472492.229751,26160.000000,0,true,Paris
SAT_P3_S3,3808173.388166,1794978.710050,5506108.526084,26200.000000,0,true,Paris
SAT_P3_S3,3649101.375964,2037627.609112,5529182.835181,26240.000000,0,false,
SAT_P3_S3,3484500.032393,2277347.230035,5541670.846419,26280.000000,0,false,
SAT_P3_S3,3314663.743128,2513713.164926,5543548.355296,26320.000000,0,false,
SAT_P3_S3,3139894.306655,2746305.547283,5534811.319739,26360.000000,0,false,
SAT_P3_S3,2960500.428090,2974709.805021,5515475.906758,26400.000000,0,false,
SAT_P3_S3,2776797.147523,3198517.375931,5485578.415732,26440.000000,0,false,
SAT_P3_S3,2589105.306319,3417326.440961,5445175.232921,26480.000000,0,false,
SAT_P3_S3,2397751.000290,3630742.649239,5394342.742238,26520.000000,0,false,
SAT_P3_S3,2203065.022008,3838379.828020,5333177.189593,26560.000000,0,false,
SAT_P3_S3,2005382.293657,4039860.673234,5261794.499219,26600.000000,0,false,
SAT_P3_S3,1805041.299722,4234817.434194,5180330.063041,26640.000000,0,false,
SAT_P3_S3,1602383.530831,4422892.606895,5088938.526871,26680.000000,0,false,
SAT_P3_S3,1397752.914096,4603739.594056,4987793.514298,26720.000000,0,false,
SAT_P3_S3,1191495.225853,4777023.329801,4877087.282512,26760.000000,0,false,
SAT_P3_S3,983957.531457,4942420.929331,4757030.405788,26800.000000,0,false,
SAT_P3_S3,775487.610144,5099622.310999,4627851.399858,26840.000000,0,false,
SAT_P3_S3,566433.380870,5248330.788097,4489796.303519,26880.000000,0,false,
SAT_P3_S3,357142.328036,5388263.638660,4343128.222872,26920.000000,0,false,
SAT_P3_S3,147960.930508,5519152.675769,4188126.858784,26960.000000,0,false,
SAT_P3_S3,-60765.903889,5640744.821670,4025088.022368,27000.000000,0,false,
SAT_P3_S3,-268695.409285,5752802.574744,3854323.046147,27040.000000,0,false,
SAT_P3_S3,-475487.520826,5855104.516188,3676158.218436,27080.000000,0,false,
SAT_P3_S3,-680805.430792,5947445.784485,3490934.178836,27120.000000,0,false,
SAT_P3_S3,-884316.137029,6029638.510837,3299005.276384,27160.000000,0,false,
SAT_P3_S3,-1085690.980918,6101512.211298,3100738.891855,27200.000000,0,false,
SAT_P3_S3,-1284606.177793,6162914.158419,2896514.738436,27240.000000,0,false,
SAT_P3_S3,-1480743.341914,6213709.757911,2686724.157172,27280.000000,0,false,
SAT_P3_S3,-1673789.995415,6253782.861726,2471769.371590,27320.000000,0,false,
SAT_P3_S3,-1863440.062828,6283036.011692,2252062.697611,27360.000000,0,false,
SAT_P3_S3,-2049394.361686,6301390.719708,2028025.771773,27400.000000,0,false,
SAT_P3_S3,-2231361.080892,6308787.687848,1800088.740379,27440.000000,0,false,
SAT_P3_S3,-2409056.238611,6305186.976204,1568689.425582,27480.000000,0,false,
SAT_P3_S3,-2582204.132776,6290568.155954,1334272.480675,27520.000000,0,false,
SAT_P3_S3,-2750537.778295,6264930.423997,1097288.525339,27560.000000,0,false,
SAT_P3_S3,-2913799.328192,6228292.680297,858193.265874,27600.000000,0,false,
SAT_P3_S3,-3071740.467739,6180693.546506,617446.599671,27640.000000,0,false,
SAT_P3_S3,-3224122.793350,6122191.351053,375511.708719,27680.000000,0,false,
SAT_P3_S3,-3370718.188738,6052864.108819,132854.147245,27720.000000,0,false,
SAT_P3_S3,-3511309.173019,5972809.449121,-110059.077501,27760.000000,0,false,
SAT_P3_S3,-3645689.191669,5882144.431675,-352760.435135,27800.000000,0,false,
SAT_P3_S3,-3773662.929908,5781005.416158,-594782.793859,27840.000000,0,false,
SAT_P3_S3,-3895046.587726,5669547.858767,-835660.346420,27880.000000,0,false,
SAT_P3_S3,-4009668.123346,5547946.061683,-1074929.529009,27920.000000,0,false,
SAT_P3_S3,-4117367.468169,5416392.877696,-1312129.933305,27960.000000,0,false,
SAT_P3_S3,-4217996.731465,5275099.398532,-1546805.212953,28000.000000,0,false,
SAT_P3_S3,-4311420.404201,5124294.643560,-1778503.984013,28040.000000,0,false,
SAT_P3_S3,-4397515.483048,4964225.128461,-2006780.702615,28080.000000,0,false,
SAT_P3_S3,-4476171.603638,4795154.449389,-2231196.535176,28120.000000,0,false,
SAT_P3_S3,-4547291.159463,4617362.845132,-2451320.217069,28160.000000,0,false,
SAT_P3_S3,-4610789.387124,4431146.711741,-2666728.892186,28200.000000,0,false,
SAT_P3_S3,-4666594.415896,4236818.075338,-2877008.926006,28240.000000,0,false,
SAT_P3_S3,-4714647.298876,4034704.039518,-3081756.700895,28280.000000,0,false,
SAT_P3_S3,-4754902.047034,3825146.230213,-3280579.403900,28320.000000,0,false,
SAT_P3_S3,-4787325.630956,3608500.206079,-3473095.785006,28360.000000,0,false,
SAT_P3_S3,-4811897.906593,3385134.789424,-3658936.860437,28400.000000,0,false,
SAT_P3_S3,-4828611.588370,3155431.443718,-3837746.627894,28440.000000,0,false,
SAT_P3_S3,-4837472.176101,2919783.600819,-4009182.742971,28480.000000,0,false,
SAT_P3_S3,-4838497.852638,2678595.964425,-4172917.158775,28520.000000,0,false,
SAT_P3_S3,-4831719.355122,2432283.789680,-4328636.731260,28560.000000,0,false,
SAT_P3_S3,-4817179.843244,2181272.155310,-4476043.807825,28600.000000,0,false,
SAT_P3_S3,-4794934.777364,1925995.238653,-4614856.808290,28640.000000,0,false,
SAT_P3_S3,-4765051.707687,1666895.528189,-4744810.716940,28680.000000,0,false,
SAT_P3_S3,-4727610.086131,1404423.048428,-4865657.574720,28720.000000,0,false,
SAT_P3_S3,-4682701.070342,1139034.575758,-4977166.947301,28760.000000,0,false,
SAT_P3_S3,-4630427.297845,871192.834132,-5079126.348284,28800.000000,0,false,
SAT_P3_S3,-4570902.632436,601365.679185,-5171341.614413,28840.000000,0,false,
SAT_P3_S3,-4504251.899461,330025.274664,-5253637.250090,28880.000000,0,false,
SAT_P3_S3,-4430610.631724,57647.268204,-5325856.763201,28920.000000,0,false,
SAT_P3_S3,-4350124.793044,-215290.038558,-5387862.955103,28960.000000,0,false,
SAT_P3_S3,-4262950.436443,-488306.536931,-5439538.118399,29000.000000,0,false,
SAT_P3_S3,-4169253.418670,-760921.142563,-5480784.271343,29040.000000,0,false,
SAT_P3_S3,-4069209.078396,-1032652.637961,-5511523.331600,29080.000000,0,false,
SAT_P3_S3,-3963001.898163,-1303020.511249,-5531697.244896,29120.000000,0,false,
SAT_P3_S3,-3850825.151309,-1571545.793774,-5541268.071346,29160.000000,0,false,
SAT_P3_S3,-3732880.553763,-1837751.899327,-5540218.055076,29200.000000,0,false,
SAT_P3_S3,-3609377.932070,-2101165.465424,-5528549.691279,29240.000000,0,false,
SAT_P3_S3,-3480534.822880,-2361317.181249,-5506285.678491,29280.000000,0,false,
SAT_P3_S3,-3346576.098664,-2617742.617784,-5473468.880465,29320.000000,0,false,
SAT_P3_S3,-3207733.592295,-2869983.057277,-5430162.262668,29360.000000,0,false,
SAT_P3_S3,-3064245.702788,-3117586.314194,-5376448.777640,29400.000000,0,false,
SAT_P3_S3,-2916356.986941,-3360107.539059,-5312431.200846,29440.000000,0,false,
SAT_P3_S3,-2764317.746712,-3597110.015579,-5238231.934855,29480.000000,0,false,
SAT_P3_S3,-2608383.626469,-3828165.962815,-5153992.805535,29520.000000,0,false,
SAT_P3_S3,-2448815.199975,-4052857.317390,-5059874.812936,29560.000000,0,false,
SAT_P3_S3,-2285877.518761,-4270776.467500,-4956057.788296,29600.000000,0,false,
SAT_P3_S3,-2119839.700521,-4481527.014276,-4842740.092722,29640.000000,0,false,
SAT_P3_S3,-1950974.496491,-4684724.504092,-4720138.254176,29680.000000,0,false,
SAT_P3_S3,-1779557.854328,-4879997.133375,-4588486.564173,29720.000000,0,false,
SAT_P3_S3,-1605868.475805,-5066986.429196,-4448036.635551,29760.000000,0,false,
SAT_P3_S3,-1430187.378849,-5245347.926145,-4299056.943808,29800.000000,0,false,
SAT_P3_S3,-1252797.469976,-5414751.849955,-4141832.364708,29840.000000,0,false,
SAT_P3_S3,-1073983.086712,-5574883.712839,-3976663.611310,29880.000000,0,false,
SAT_P3_S3,-894029.555359,-5725444.923379,-3803866.678664,29920.000000,0,false,
SAT_P3_S3,-713222.750393,-5866153.382445,-3623772.264867,29960.000000,0,false,
SAT_P3_S3,-531848.648908,-5996744.039701,-3436725.148700,30000.000000,0,false,
SAT_P3_S3,-350192.886096,-6116969.405461,-3243083.530344,30040.000000,0,false,
SAT_P3_S3,-168540.312829,-6226600.037679,-3043218.346610,30080.000000,0,false,
SAT_P3_S3,12825.441469,-6325425.029309,-2837512.576664,30120.000000,0,false,
SAT_P3_S3,193622.401582,-6413252.450511,-2626360.517322,30160.000000,0,false,
SAT_P3_S3,373570.679841,-6489909.689566,-2410166.998961,30200.000000,0,false,
SAT_P3_S3,552392.896822,-6555243.845358,-2189346.627260,30240.000000,0,false,
SAT_P3_S3,729814.600682,-6609122.055340,-1964322.986495,30280.000000,0,false,
SAT_P3_S3,905564.677086,-6651431.775543,-1735527.822802,30320.000000,0,false,
SAT_P3_S3,1079375.751894,-6682081.015763,-1503400.207680,30360.000000,0,false,
SAT_P3_S3,1250984.589688,-6700998.560921,-1268385.692677,30400.000000,0,false,
SAT_P3_S3,1420132.488862,-6708134.195443,-1030935.462124,30440.000000,0,false,
SAT_P3_S3,1586565.659086,-6703458.790947,-791505.442251,30480.000000,0,false,
SAT_P3_S3,1750035.596384,-6686964.410221,-550555.415696,30520.000000,0,false,
SAT_P3_S3,1910299.452428,-6658664.383781,-308548.126934,30560.000000,0,false,
SAT_P3_S3,2067120.391646,-6618593.325729,-65948.373615,30600.000000,0,false,
SAT_P3_S3,2220267.930323,-6566807.089970,176777.906436,30640.000000,0,false,
SAT_P3_S3,2369518.265334,-6503382.688839,419164.551934,30680.000000,0,false,
SAT_P3_S3,2514654.600815,-6428418.203674,660746.096506,30720.000000,0,false,
SAT_P3_S3,2655467.454349,-6342032.639804,901058.683490,30760.000000,0,false,
SAT_P3_S3,2791754.922629,-6244365.665064,1139640.973255,30800.000000,0,false,
SAT_P3_S3,2923322.962221,-6135577.403528,1376035.045146,30840.000000,0,false,
SAT_P3_S3,3049985.643144,-6015848.155519,1609787.290080,30880.000000,0,false,
SAT_P3_S3,3171565.379679,-5885378.070000,1840449.287305,30920.000000,0,false,
SAT_P3_S3,3287893.141355,-5744386.772733,2067578.666182,30960.000000,0,false,
SAT_P3_S3,3398808.657930,-5593112.981513,2290739.957723,31000.000000,0,false,
SAT_P3_S3,3504160.625413,-5431814.126778,2509505.437650,31040.000000,0,false,
SAT_P3_S3,3603806.855603,-5260765.847071,2723455.933864,31080.000000,0,false,
SAT_P3_S3,3697614.434807,-5080261.505922,2932181.626808,31120.000000,0,false,
SAT_P3_S3,3785459.874902,-4890611.688553,3135282.836075,31160.000000,0,false,
SAT_P3_S3,3867229.242119,-4692143.650579,3332370.783393,31200.000000,0,false,
SAT_P3_S3,3942818.260466,-4485200.725351,3523068.324240,31240.000000,0,false,
SAT_P3_S3,4012132.404005,-4270141.706060,3707010.659474,31280.000000,0,false,
SAT_P3_S3,4075086.995192,-4047340.225436,3883846.040546,31320.000000,0,false,
SAT_P3_S3,4131607.279827,-3817184.100327,4053236.441190,31360.000000,0,false,
SAT_P3_S3,4181628.442467,-3580074.595858,4214858.162785,31400.000000,0,false,
SAT_P3_S3,4225095.663367,-3336425.736939,4368402.459485,31440.000000,0,false,
SAT_P3_S3,4261964.140067,-3086663.569278,4513576.116970,31480.000000,0,false,
SAT_P3_S3,4292199.086647,-2831225.396878,4650101.991358,31520.000000,0,false,
SAT_P3_S3,4315775.713158,-2570558.996334,4777719.510718,31560.000000,0,false,
SAT_P3_S3,4332679.205001,-2305121.824974,4896185.158766,31600.000000,0,false,
SAT_P3_S3,4342904.712947,-2035380.233643,5005272.951144,31640.000000,0,false,
SAT_P3_S3,4346457.269718,-1761808.617449,5104774.815697,31680.000000,0,false,
SAT_P3_S3,4343351.727999,-1484888.581078,5194500.974782,31720.000000,0,true,Paris
SAT_P3_S3,4333612.694047,-1205108.096870,5274280.303194,31760.000000,0,true,Paris
SAT_P3_S3,4317274.437332,-922960.644136,5343960.639417,31800.000000,0,true,Paris
SAT_P3_S3,4294380.772055,-638944.336902,5403409.041400,31840.000000,0,true,Paris
SAT_P3_S3,4264984.962239,-353561.053124,5452512.051736,31880.000000,0,true,Paris
SAT_P3_S3,4229149.581695,-67315.552263,5491175.883979,31920.000000,0,true,Paris
SAT_P3_S3,4186946.383466,219285.408835,5519326.599912,31960.000000,0,true,Paris
SAT_P3_S3,4138456.155210,505733.962585,5536910.246230,32000.000000,0,true,Paris
SAT_P3_S3,4083768.552097,791522.018660,5543892.939198,32040.000000,0,true,Paris
SAT_P3_S3,4022981.925017,1076142.152837,5540260.920168,32080.000000,0,true,Paris
SAT_P3_S3,3956203.163492,1359088.495793,5526020.607011,32120.000000,0,true,Paris
SAT_P3_S3,3883547.521016,1639857.619167,5501198.598408,32160.000000,0,true,Paris
SAT_P3_S3,3805138.386856,1917949.421027,5465841.584253,32200.000000,0,false,
SAT_P3_S3,3721107.109918,2192868.007135,5420016.299782,32240.000000,0,false,
SAT_P3_S3,3631592.790367,2464122.574850,5363809.414650,32280.000000,0,false,
SAT_P3_S3,3536742.057764,2731228.283690,5297327.377668,32320.000000,0,false,
SAT_P3_S3,3436708.836079,2993707.116170,5220696.218916,32360.000000,0,false,
SAT_P3_S3,3331654.111254,3251088.739305,5134061.332562,32400.000000,0,false,
SAT_P3_S3,3221745.709709,3502911.370601,5037587.252408,32440.000000,0,false,
SAT_P3_S3,3107158.019312,3748722.592529,4931457.317415,32480.000000,0,false,
SAT_P3_S3,2988071.732196,3988080.176039,4815873.346294,32520.000000,0,false,
SAT_P3_S3,2864673.585049,4220552.894444,4691055.285004,32560.000000,0,false,
SAT_P3_S3,2737156.084619,4445721.313176,4557240.808017,32600.000000,0,false,
SAT_P3_S3,2605717.220215,4663178.550230,4414684.875116,32640.000000,0,false,
SAT_P3_S3,2470560.173071,4872531.022614,4263659.260683,32680.000000,0,false,
SAT_P3_S3,2331893.036057,5073399.197003,4104452.077487,32720.000000,0,false,
SAT_P3_S3,2189928.522099,5265418.309206,3937367.258956,32760.000000,0,false,
SAT_P3_S3,2044883.634686,5448239.017577,3762723.958508,32800.000000,0,false,
SAT_P3_S3,1896979.374974,5621528.092603,3580855.986456,32840.000000,0,false,
SAT_P3_S3,1746440.423882,5784969.063961,3392111.186765,32880.000000,0,false,
SAT_P3_S3,1593494.817815,5938262.827314,3196850.780252,32920.000000,0,false,
SAT_P3_S3,1438373.616559,6081128.214178,2995448.674123,32960.000000,0,false,
SAT_P3_S3,1281310.570305,6213302.550211,2788290.752544,33000.000000,0,false,
SAT_P3_S3,1122541.790283,6334542.213532,2575774.156649,33040.000000,0,false,
SAT_P3_S3,962305.395679,6444623.068516,2358306.497451,33080.000000,0,false,
SAT_P3_S3,800841.169775,6543340.914697,2136305.071280,33120.000000,0,false,
SAT_P3_S3,638390.216101,6630511.907760,1910196.058529,33160.000000,0,false,
SAT_P3_S3,475194.610261,6705972.919933,1680413.695787,33200.000000,0,false,
SAT_P3_S3,311497.050732,6769581.859353,1447399.430487,33240.000000,0,false,
SAT_P3_S3,147540.513381,6821217.957983,1211601.066745,33280.000000,0,false,
SAT_P3_S3,-16432.095299,6860782.029118,973471.896852,33320.000000,0,false,
SAT_P3_S3,-180178.283401,6888196.677330,733469.820617,33360.000000,0,false,
SAT_P3_S3,-343456.317895,6903406.449583,492056.451486,33400.000000,0,false,
SAT_P3_S3,-506025.568663,6906377.959463,249696.214406,33440.000000,0,false,
SAT_P3_S3,-667646.852140,6897100.016391,6855.440443,33480.000000,0,false,
SAT_P3_S3,-828082.772152,6875583.663718,-235998.550552,33520.000000,0,false,
SAT_P3_S3,-987098.059508,6841862.135888,-478398.377434,33560.000000,0,false,
SAT_P3_S3,-1144459.909377,6795990.851440,-719877.518174,33600.000000,0,false,
SAT_P3_S3,-1299938.317092,6738047.325215,-959971.237832,33640.000000,0,false,
SAT_P3_S3,-1453306.404209,6668131.020189,-1198217.508605,33680.000000,0,false,
SAT_P3_S3,-1604340.738120,6586363.149683,-1434157.923304,33720.000000,0,false,
SAT_P3_S3,-1752821.650283,6492886.460871,-1667338.604194,33760.000000,0,false,
SAT_P3_S3,-1898533.551542,6387865.003058,-1897311.104121,33800.000000,0,false,
SAT_P3_S3,-2041265.216636,6271483.747574,-2123633.274833,33840.000000,0,false,
SAT_P3_S3,-2180810.077771,6143948.255712,-2345870.133561,33880.000000,0,false,
SAT_P3_S3,-2316966.507366,6005484.294101,-2563594.711382,33920.000000,0,false,
SAT_P3_S3,-2449538.087586,5856337.402089,-2776388.878360,33960.000000,0,false,
SAT_P3_S3,-2578333.864929,5696772.408595,-2983844.142072,34000.000000,0,false,
SAT_P3_S3,-2703168.600078,5527072.926531,-3185562.429622,34040.000000,0,false,
SAT_P3_S3,-2823863.022838,5347540.855094,-3381156.863470,34080.000000,0,false,
SAT_P3_S3,-2940244.061658,5158495.807654,-3570252.496233,34120.000000,0,false,
SAT_P3_S3,-3052145.053311,4960274.475059,-3752487.009137,34160.000000,0,false,
SAT_P3_S3,-3159405.967431,4753230.030616,-3927511.412168,34200.000000,0,false,
SAT_P3_S3,-3261873.612486,4537731.472978,-4094990.708318,34240.000000,0,false,
SAT_P3_S3,-3359401.823064,4314162.933235,-4254604.518259,34280.000000,0,false,
SAT_P3_S3,-3451851.635064,4082922.953129,-4406047.672953,34320.000000,0,false,
SAT_P3_S3,-3539091.463071,3844423.757385,-4549030.791319,34360.000000,0,false,
SAT_P3_S3,-3620997.280251,3599090.524418,-4683280.842997,34400.000000,0,false,
SAT_P3_S3,-3697452.736424,3347360.561808,-4808541.612910,34440.000000,0,false,
SAT_P3_S3,-3768349.307911,3089682.525656,-4924574.186247,34480.000000,0,false,
SAT_P3_S3,-3833586.431270,2826515.609877,-5031157.392667,34520.000000,0,false,
SAT_P3_S3,-3893071.620282,2558328.713774,-5128088.207942,34560.000000,0,false,
SAT_P3_S3,-3946720.563654,2285599.588509,-5215182.109084,34600.000000,0,false,
SAT_P3_S3,-3994457.219698,2008813.975463,-5292273.403903,34640.000000,0,false,
SAT_P3_S3,-4036213.924810,1728464.751390,-5359215.557066,34680.000000,0,false,
SAT_P3_S3,-4071931.466084,1445051.044321,-5415881.446863,34720.000000,0,false,
SAT_P3_S3,-4101559.125190,1159077.324214,-5462163.561341,34760.000000,0,false,
SAT_P3_S3,-4125054.753576,871052.519492,-5497974.213205,34800.000000,0,false,
SAT_P3_S3,-4142384.820786,581489.110180,-5523245.696297,34840.000000,0,false,
SAT_P3_S3,-4153524.443650,290902.217767,-5537930.393180,34880.000000,0,false,
SAT_P3_S3,-4158457.403673,-191.308305,-5542000.843467,34920.000000,0,false,
SAT_P3_S3,-4157176.171125,-291273.802047,-5535449.797538,34960.000000,0,false,
SAT_P3_S3,-4149681.937497,-581827.687418,-5518290.257887,35000.000000,0,false,
SAT_P3_S3,-4135984.575042,-871336.397044,-5490555.398533,35040.000000,0,false,
SAT_P3_S3,-4116102.641200,-1159285.276322,-5452298.521112,35080.000000,0,false,
SAT_P3_S3,-4090063.366112,-1445162.490755,-5403592.964327,35120.000000,0,false,
SAT_P3_S3,-4057902.624484,-1728459.927864,-5344531.968942,35160.000000,0,false,
SAT_P3_S3,-4019664.888861,-2008674.090038,-5275228.494981,35200.000000,0,false,
SAT_P3_S3,-3975403.180723,-2285306.984816,-5195815.013005,35240.000000,0,false,
SAT_P3_S3,-3925179.037094,-2557867.018220,-5106443.292950,35280.000000,0,false,
SAT_P3_S3,-3869062.440067,-2825869.867872,-5007284.122092,35320.000000,0,false,
SAT_P3_S3,-3807131.715052,-3088839.338729,-4898526.960511,35360.000000,0,false,
SAT_P3_S3,-3739473.462558,-3346308.223333,-4780379.619229,35400.000000,0,false,
SAT_P3_S3,-3666182.459626,-3597819.143885,-4653067.878053,35440.000000,0,false,
SAT_P3_S3,-3587361.543276,-3842925.368056,-4516835.060035,35480.000000,0,false,
SAT_P3_S3,-3503121.481291,-4081191.605332,-4371941.570120,35520.000000,0,false,
SAT_P3_S3,-3413580.846735,-4312194.797772,-4218664.419559,35560.000000,0,false,
SAT_P3_S3,-3318865.898286,-4535524.904132,-4057296.739122,35600.000000,0,false,
SAT_P3_S3,-3219110.394394,-4750785.607883,-3888147.189529,35640.000000,0,false,
SAT_P3_S3,-3114455.445094,-4957595.047276,-3711539.403119,35680.000000,0,false,
SAT_P3_S3,-3005049.345735,-5155586.518751,-3527811.384869,35720.000000,0,false,
SAT_P3_S3,-2891047.395582,-5344409.147519,-3337314.878413,35760.000000,0,false,
SAT_P3_S3,-2772611.699438,-5523728.519161,-3140414.696376,35800.000000,0,false,
SAT_P3_S3,-2649910.963746,-5693227.294190,-2937488.029025,35840.000000,0,false,
SAT_P3_S3,-2523120.300273,-5852605.828167,-2728923.746721,35880.000000,0,false,
SAT_P3_S3,-2392420.999840,-6001582.723984,-2515121.654879,35920.000000,0,false,
SAT_P3_S3,-2258000.279370,-6139895.323930,-2296491.707102,35960.000000,0,false,
SAT_P3_S3,-2120051.051735,-6267300.229763,-2073453.232956,36000.000000,0,false,
SAT_P3_S4,4998868.065690,3909795.987143,-2779189.754498,0.000000,0,false,
SAT_P3_S4,4956082.640591,4104740.247432,-2566586.836623,40.000000,0,false,
SAT_P3_S4,4904947.052133,4292118.919350,-2349046.962849,80.000000,0,false,
SAT_P3_S4,4845512.451920,4471621.421875,-2126987.894123,120.000000,0,false,
SAT_P3_S4,4777844.162113,4642951.819694,-1900836.236285,160.000000,0,false,
SAT_P3_S4,4702021.655443,4805829.329211,-1671026.620727,200.000000,0,false,
SAT_P3_S4,4618138.510255,4959988.797004,-1438000.867719,240.000000,0,false,
SAT_P3_S4,4526302.324366,5105181.133022,-1202207.128685,280.000000,0,false,
SAT_P3_S4,4426634.607234,5241173.719802,-964099.015073,320.000000,0,false,
SAT_P3_S4,4319270.672238,5367750.820437,-724134.721956,360.000000,0,false,
SAT_P3_S4,4204359.494636,5484713.945547,-482776.138435,400.000000,0,false,
SAT_P3_S4,4082063.485094,5591882.126536,-240487.930891,440.000000,0,false,
SAT_P3_S4,3952558.309267,5689092.232950,2263.358469,480.000000,0,false,
SAT_P3_S4,3816032.651462,5776199.227078,245010.230087,520.000000,0,false,
SAT_P3_S4,3672687.947586,5853076.371948,487285.144952,560.000000,0,false,
SAT_P3_S4,3522738.087404,5919615.395045,728621.442257,600.000000,0,false,
SAT_P3_S4,3366409.104431,5975726.634054,968554.255831,640.000000,0,false,
SAT_P3_S4,3203938.864903,6021339.178845,1206621.427433,680.000000,0,false,
SAT_P3_S4,3035576.681418,6056400.894862,1442364.407799,720.000000,0,false,
SAT_P3_S4,2861582.935016,6080878.456458,1675329.151720,760.000000,0,false,
SAT_P3_S4,2682228.684379,6094757.358219,1905067.005385,800.000000,0,false,
SAT_P3_S4,2497795.245690,6098041.876620,2131135.580994,840.000000,0,false,
SAT_P3_S4,2308573.746541,6090754.980703,2353099.612034,880.000000,0,false,
SAT_P3_S4,2114864.663352,6072938.215382,2570531.796340,920.000000,0,false,
SAT_P3_S4,1916977.356176,6044651.587294,2783013.635129,960.000000,0,false,
SAT_P3_S4,1715229.581708,6005973.406422,2990136.250388,1000.000000,0,false,
SAT_P3_S4,1509946.953495,5957000.018126,3191501.158810,1040.000000,0,false,
SAT_P3_S4,1301462.430189,5897845.600152,3386721.055511,1080.000000,0,false,
SAT_P3_S4,1090115.767502,5828641.889229,3575420.566182,1120.000000,0,false,
SAT_P3_S4,876252.956756,5749537.866877,3757236.965881,1160.000000,0,false,
SAT_P3_S4,660225.648780,5660699.406080,3931820.865787,1200.000000,0,false,
SAT_P3_S4,442390.569600,5562308.906519,4098836.882562,1240.000000,0,false,
SAT_P3_S4,223108.933122,5454564.934411,4257964.297568,1280.000000,0,false,
SAT_P3_S4,2745.831644,5337681.754005,4408897.633031,1320.000000,0,false,
SAT_P3_S4,-218330.372128,5211888.879671,4551347.224321,1360.000000,0,false,
SAT_P3_S4,-439748.657062,5077430.616971,4685039.768372,1400.000000,0,false,
SAT_P3_S4,-661135.962175,4934565.567607,4809718.829803,1440.000000,0,false,
SAT_P3_S4,-882117.807549,4783566.101016,4925145.301631,1480.000000,0,false,
SAT_P3_S4,-1102318.918890,4624717.812495,5031097.838092,1520.000000,0,false,
SAT_P3_S4,-1321363.855835,4458318.993928,5127373.281502,1560.000000,0,false,
SAT_P3_S4,-1538877.641104,4284680.079532,5213787.048240,1600.000000,0,false,
SAT_P3_S4,-1754486.391042,4104123.010645,5290173.426387,1640.000000,0,false,
SAT_P3_S4,-1967817.949946,3916980.669453,5356385.913230,1680.000000,0,false,
SAT_P3_S4,-2178502.525601,3723596.256124,5412297.484729,1720.000000,0,false,
SAT_P3_S4,-2386173.321274,3524322.653715,5457800.827790,1760.000000,0,false,
SAT_P3_S4,-2590467.174723,3319521.788655,5492808.553184,1800.000000,0,false,
SAT_P3_S4,-2791025.188590,3109563.970149,5517253.358193,1840.000000,0,false,
SAT_P3_S4,-2987493.352291,2894827.211087,5531088.140933,1880.000000,0,false,
SAT_P3_S4,-3179523.166011,2675696.545901,5534286.090262,1920.000000,0,false,
SAT_P3_S4,-3366772.275025,2452563.358882,5526840.771133,1960.000000,0,false,
SAT_P3_S4,-3548905.067995,2225824.672252,5508766.114216,2000.000000,0,false,
SAT_P3_S4,-3725593.271599,1995882.432490,5480096.376047,2040.000000,0,false,
SAT_P3_S4,-3896516.553585,1763142.811989,5440886.096917,2080.000000,0,false,
SAT_P3_S4,-4061363.108035,1528015.495168,5391210.003196,2120.000000,0,false,
SAT_P3_S4,-4219830.218666,1290912.959138,5331162.859174,2160.000000,0,false,
SAT_P3_S4,-4371624.811644,1052249.752948,5260859.283810,2200.000000,0,false,
SAT_P3_S4,-4516464.015329,812441.784414,5180433.557903,2240.000000,0,false,
SAT_P3_S4,-4654075.714895,571905.611758,5090039.407589,2280.000000,0,false,
SAT_P3_S4,-4784199.031266,331057.708104,4989849.666668,2320.000000,0,false,
SAT_P3_S4,-4906584.849003,90313.757169,4880055.993122,2360.000000,0,false,
SAT_P3_S4,-5020996.311281,-149912.062189,4760868.521795,2400.000000,0,false,
SAT_P3_S4,-5127209.290395,-389207.785562,4632515.477026,2440.000000,0,false,
SAT_P3_S4,-5225012.830476,-627164.367619,4495242.741802,2480.000000,0,false,
SAT_P3_S4,-5314209.584119,-863376.382569,4349313.404534,2520.000000,0,false,
SAT_P3_S4,-5394616.261019,-1097442.720207,4195007.301608,2560.000000,0,false,
SAT_P3_S4,-5466064.000681,-1328967.269485,4032620.477191,2600.000000,0,false,
SAT_P3_S4,-5528398.730903,-1557559.594243,3862464.617556,2640.000000,0,false,
SAT_P3_S4,-5581481.536948,-1782835.601530,3684866.483990,2680.000000,0,false,
SAT_P3_S4,-5625188.989376,-2004418.198855,3500167.297193,2720.000000,0,false,
SAT_P3_S4,-5659413.431618,-2221937.931584,3308722.083837,2760.000000,0,false,
SAT_P3_S4,-5684063.242437,-2435033.606968,3110898.994612,2800.000000,0,false,
SAT_P3_S4,-5699063.098708,-2643352.912923,2907078.610847,2840.000000,0,false,
SAT_P3_S4,-5704354.222154,-2846553.023544,2697653.232073,2880.000000,0,false,
SAT_P3_S4,-5699894.506780,-3044301.154470,2483026.083502,2920.000000,0,false,
SAT_P3_S4,-5685658.710620,-3236275.132626,2263610.556943,2960.000000,0,false,
SAT_P3_S4,-5661638.584393,-3422163.936430,2039829.407266,3000.000000,0,false,
SAT_P3_S4,-5627842.959601,-3601668.207570,1812113.926013,3040.000000,0,false,
SAT_P3_S4,-5584297.812023,-3774500.743713,1580903.099639,3080.000000,0,false,
SAT_P3_S4,-5531046.302646,-3940386.975661,1346642.751997,3120.000000,0,false,
SAT_P3_S4,-5468148.773534,-4099065.410396,1109784.668902,3160.000000,0,false,
SAT_P3_S4,-5395682.698405,-4250288.039724,870785.706487,3200.000000,0,false,
SAT_P3_S4,-5313742.613474,-4393820.732672,630106.891022,3240.000000,0,false,
SAT_P3_S4,-5222440.050925,-4529443.626480,388212.517238,3280.000000,0,false,
SAT_P3_S4,-5121903.381270,-4656951.445544,145569.227688,3320.000000,0,false,
SAT_P3_S4,-5012277.626365,-4776153.794906,-97354.912533,3360.000000,0,false,
SAT_P3_S4,-4893724.280445,-4886875.453983,-340091.335566,3400.000000,0,false,
SAT_P3_S4,-4766421.077574,-4988956.625782,-582171.897557,3440.000000,0,false,
SAT_P3_S4,-4630561.715444,-5082253.141510,-823129.800939,3480.000000,0,false,
SAT_P3_S4,-4486355.548403,-5166636.635012,-1062500.513263,3520.000000,0,false,
SAT_P3_S4,-4334027.273756,-5241994.710172,-1299822.682721,3560.000000,0,false,
SAT_P3_S4,-4173816.601623,-5308231.089011,-1534639.046389,3600.000000,0,false,
SAT_P3_S4,-4005977.815001,-5365265.647628,-1766497.320455,3640.000000,0,false,
SAT_P3_S4,-3830779.383744,-5413034.503027,-1994951.086287,3680.000000,0,false,
SAT_P3_S4,-3648503.524827,-5451490.046364,-2219560.664090,3720.000000,0,false,
SAT_P3_S4,-3459445.732152,-5480600.937556,-2439893.966677,3760.000000,0,false,
SAT_P3_S4,-3263914.273150,-5500352.058434,-2655527.331408,3800.000000,0,false,
SAT_P3_S4,-3062229.669992,-5510744.450105,-2866046.338922,3840.000000,0,false,
SAT_P3_S4,-2854724.182030,-5511795.256694,-3071046.625683,3880.000000,0,false,
SAT_P3_S4,-2641741.227302,-5503537.581774,-3270134.649978,3920.000000,0,false,
SAT_P3_S4,-2423634.785157,-5486020.320821,-3462928.436183,3960.000000,0,false,
SAT_P3_S4,-2200768.806880,-5459308.006390,-3649058.310388,4000.000000,0,false,
SAT_P3_S4,-1973516.592520,-5423480.605347,-3828167.602250,4040.000000,0,false,
SAT_P3_S4,-1742260.147095,-5378633.276158,-3999913.308147,4080.000000,0,false,
SAT_P3_S4,-1507389.521791,-5324876.101630,-4163966.725627,4120.000000,0,false,
SAT_P3_S4,-1269302.152529,-5262333.823418,-4320014.074978,4160.000000,0,false,
SAT_P3_S4,-1028402.193396,-5191145.566968,-4467757.098298,4200.000000,0,false,
SAT_P3_S4,-785099.801913,-5111464.457119,-4606913.568744,4240.000000,0,false,
SAT_P3_S4,-539810.453084,-5023457.301765,-4737217.826305,4280.000000,0,false,
SAT_P3_S4,-292954.230019,-4927304.229142,-4858421.266513,4320.000000,0,false,
SAT_P3_S4,-44955.107766,-4823198.300215,-4970292.789096,4360.000000,0,false,
SAT_P3_S4,203759.770781,-4711345.093328,-5072619.203795,4400.000000,0,false,
SAT_P3_S4,452760.824207,-4591962.284415,-5165205.614766,4440.000000,0,false,
SAT_P3_S4,701616.763783,-4465279.243471,-5247875.802169,4480.000000,0,false,
SAT_P3_S4,949895.333352,-4331536.564090,-5320472.519005,4520.000000,0,false,
SAT_P3_S4,1197164.053028,-4190985.581973,-5382857.756803,4560.000000,0,false,
SAT_P3_S4,1442990.961766,-4043887.915819,-5434913.011175,4600.000000,0,false,
SAT_P3_S4,1686945.365065,-3890514.975419,-5476539.494086,4640.000000,0,false,
SAT_P3_S4,1928598.576614,-3731147.449224,-5507658.296381,4680.000000,0,false,
SAT_P3_S4,2167524.658675,-3566074.781199,-5528210.514600,4720.000000,0,false,
SAT_P3_S4,2403301.166360,-3395594.655897,-5538157.366243,4760.000000,0,false,
SAT_P3_S4,2635509.890285,-3220012.484663,-5537480.281682,4800.000000,0,false,
SAT_P3_S4,2863737.571380,-3039640.821977,-5526180.876453,4840.000000,0,false,
SAT_P3_S4,3087576.631725,-2854798.837763,-5504280.972480,4880.000000,0,false,
SAT_P3_S4,3306625.895536,-2665811.762598,-5471822.559856,4920.000000,0,false,
SAT_P3_S4,3520491.296821,-2473010.324870,-5428867.716394,4960.000000,0,false,
SAT_P3_S4,3728786.572287,-2276730.177521,-5375498.481516,5000.000000,0,false,
SAT_P3_S4,3931133.953361,-2077311.326518,-5311816.708763,5040.000000,0,false,
SAT_P3_S4,4127164.868840,-1875097.572372,-5237943.918432,5080.000000,0,false,
SAT_P3_S4,4316520.603152,-1670435.921266,-5154021.059642,5120.000000,0,false,
SAT_P3_S4,4498852.945571,-1463675.994454,-5060208.241223,5160.000000,0,false,
SAT_P3_S4,4673824.849777,-1255169.454183,-4956684.466619,5200.000000,0,false,
SAT_P3_S4,4841111.068926,-1045269.416155,-4843647.312761,5240.000000,0,false,
SAT_P3_S4,5000398.761428,-834329.860792,-4721312.563216,5280.000000,0,false,
SAT_P3_S4,5151388.079900,-622705.044716,-4589913.807164,5320.000000,0,false,
SAT_P3_S4,5293792.763481,-410748.917960,-4449702.025864,5360.000000,0,false,
SAT_P3_S4,5427340.721136,-198814.546850,-4300945.157245,5400.000000,0,false,
SAT_P3_S4,5551774.519087,12746.474897,-4143927.554647,5440.000000,0,false,
SAT_P3_S4,5666851.920868,223584.594781,-3978949.488017,5480.000000,0,false,
SAT_P3_S4,5772346.384779,433352.872634,-3806326.590814,5520.000000,0,false,
SAT_P3_S4,5868047.528631,641707.543886,-3626389.272529,5560.000000,0,false,
SAT_P3_S4,5953761.557645,848308.575459,-3439482.094285,5600.000000,0,false,
SAT_P3_S4,6029311.680698,1052820.216427,-3245963.124731,5640.000000,0,false,
SAT_P3_S4,6094538.536847,1254911.544416,-3046203.291701,5680.000000,0,false,
SAT_P3_S4,6149300.532737,1454256.997535,-2840585.668847,5720.000000,0,false,
SAT_P3_S4,6193474.154192,1650536.898355,-2629504.738109,5760.000000,0,false,
SAT_P3_S4,6226954.288857,1843437.971917,-2413365.653212,5800.000000,0,false,
SAT_P3_S4,6249654.494519,2032653.852500,-2192583.463267,5840.000000,0,false,
SAT_P3_S4,6261507.217222,2217885.570373,-1967582.310548,5880.000000,0,false,
SAT_P3_S4,6262463.974473,2398842.025020,-1738794.607609,5920.000000,0,false,
SAT_P3_S4,6252495.531062,2575240.453327,-1506660.204787,5960.000000,0,false,
SAT_P3_S4,6231592.053012,2746806.885451,-1271625.546341,6000.000000,0,false,
SAT_P3_S4,6199763.125957,2913276.548102,-1034142.781240,6040.000000,0,false,
SAT_P3_S4,6157037.835381,3074394.283747,-794668.893517,6080.000000,0,false,
SAT_P3_S4,6103464.781280,3229914.942288,-553664.810621,6120.000000,0,false,
SAT_P3_S4,6039112.047548,3379603.747173,-311594.503979,6160.000000,0,false,
SAT_P3_S4,5964067.122045,3523236.634667,-68924.081971,6200.000000,0,false,
SAT_P3_S4,5878436.795760,3660600.581000,173879.120614,6240.000000,0,false,
SAT_P3_S4,5782347.066462,3791493.929506,416347.452550,6280.000000,0,false,
SAT_P3_S4,5675942.941054,3915726.662175,658013.862671,6320.000000,0,false,
SAT_P3_S4,5559388.205643,4033120.652992,898412.816386,6360.000000,0,false,
SAT_P3_S4,5432865.204941,4143509.923280,1137081.206646,6400.000000,0,false,
SAT_P3_S4,5296574.560310,4246740.863973,1373559.265503,6440.000000,0,false,
SAT_P3_S4,5150734.838934,4342672.422573,1607391.463697,6480.000000,0,false,
SAT_P3_S4,4995582.187156,4431176.267154,1838127.402038,6520.000000,0,false,
SAT_P3_S4,4831369.953161,4512136.946808,2065322.699188,6560.000000,0,false,
SAT_P3_S4,4658368.288598,4585452.037498,2288539.869431,6600.000000,0,false,
SAT_P3_S4,4476863.631882,4651032.193227,2507349.160277,6640.000000,0,false,
SAT_P3_S4,4287158.245560,4708801.242577,2721329.396730,6680.000000,0,false,
SAT_P3_S4,4089569.696493,4758696.240612,2930068.801339,6720.000000,0,false,
SAT_P3_S4,3884430.302543,4800667.489343,3133165.788033,6760.000000,0,false,
SAT_P3_S4,3672086.543433,4834678.524756,3330229.727670,6800.000000,0,false,
SAT_P3_S4,3452898.456632,4860706.092649,3520881.697073,6840.000000,0,false,
SAT_P3_S4,3227239.037538,4878740.132386,3704755.221496,6880.000000,0,false,
SAT_P3_S4,2995493.572482,4888783.689004,3881496.961077,6920.000000,0,false,
SAT_P3_S4,2758058.952288,4890852.808068,4050767.373304,6960.000000,0,false,
SAT_P3_S4,2515342.996689,4884976.444319,4212241.368891,7000.000000,0,false,
SAT_P3_S4,2267763.740395,4871196.332748,4365608.930234,7040.000000,0,false,
SAT_P3_S4,2015748.696533,4849566.827159,4510575.687388,7080.000000,0,false,
SAT_P3_S4,1759734.102639,4820154.719902,4646863.463451,7120.000000,0,false,
SAT_P3_S4,1500164.161773,4783039.065942,4774210.808408,7160.000000,0,false,
SAT_P3_S4,1237490.275983,4738311.000508,4892373.510089,7200.000000,0,false,
SAT_P3_S4,972170.228467,4686073.460116,5001125.000208,7240.000000,0,false,
SAT_P3_S4,704667.394162,4626440.966347,5100256.796284,7280.000000,0,false,
SAT_P3_S4,435449.926234,4559539.369327,5189578.888384,7320.000000,0,false,
SAT_P3_S4,164989.935779,4485505.570114,5268920.082749,7360.000000,0,false,
SAT_P3_S4,-106237.336873,4404487.212143,5338128.291129,7400.000000,0,false,
SAT_P3_S4,-377754.349057,4316642.410683,5397070.842128,7440.000000,0,false,
SAT_P3_S4,-649082.090817,4222139.416487,5445634.696129,7480.000000,0,false,
SAT_P3_S4,-919740.921642,4121156.295653,5483726.658267,7520.000000,0,false,
SAT_P3_S4,-1189251.409622,4013880.597310,5511273.555682,7560.000000,0,false,
SAT_P3_S4,-1457135.168701,3900508.996316,5528222.360727,7600.000000,0,false,
SAT_P3_S4,-1722915.697317,3781246.927707,5534540.282181,7640.000000,0,false,
SAT_P3_S4,-1986119.221966,3656308.232319,5530214.850115,7680.000000,0,false,
SAT_P3_S4,-2246275.539650,3525914.796689,5515253.970179,7720.000000,0,false,
SAT_P3_S4,-2502918.845175,3390296.122013,5489685.858885,7760.000000,0,false,
SAT_P3_S4,-2755588.569425,3249688.952642,5453559.034728,7800.000000,0,false,
SAT_P3_S4,-3003830.213005,3104336.869547,5406942.239703,7840.000000,0,false,
SAT_P3_S4,-3247196.166618,2954489.873017,5349924.316580,7880.000000,0,false,
SAT_P3_S4,-3485246.517987,2800403.952169,5282614.038937,7920.000000,0,false,
SAT_P3_S4,-3717549.857914,2642340.655119,5205139.917585,7960.000000,0,false,
SAT_P3_S4,-3943684.093910,2480566.670815,5117650.001234,8000.000000,0,false,
SAT_P3_S4,-4163237.211008,2315353.370130,5020311.576140,8040.000000,0,false,
SAT_P3_S4,-4375808.030357,2146976.353662,4913310.849868,8080.000000,0,false,
SAT_P3_S4,-4581006.967320,1975715.009328,4796852.624168,8120.000000,0,false,
SAT_P3_S4,-4778456.762101,1801852.057155,4671159.915954,8160.000000,0,false,
SAT_P3_S4,-4967793.177800,1625673.087712,4536473.532089,8200.000000,0,false,
SAT_P3_S4,-5148665.680525,1447466.099474,4393051.613040,8240.000000,0,false,
SAT_P3_S4,-5320738.121851,1267521.044779,4241169.168305,8280.000000,0,false,
SAT_P3_S4,-5483689.402103,1086129.377753,4081117.584666,8320.000000,0,false,
SAT_P3_S4,-5637214.042890,903583.573008,3913204.032821,8360.000000,0,false,
SAT_P3_S4,-5781022.810450,720176.677113,3737750.922462,8400.000000,0,false,
SAT_P3_S4,-5914843.291802,536201.846050,3555095.297649,8440.000000,0,false,
SAT_P3_S4,-6038420.434296,351951.885238,3365588.199592,8480.000000,0,false,
SAT_P3_S4,-6151517.046292,167718.790114,3169593.994124,8520.000000,0,false,
SAT_P3_S4,-6253914.285726,-16206.710740,2967489.680066,8560.000000,0,false,
SAT_P3_S4,-6345412.156041,-199535.607510,2759664.191039,8600.000000,0,false,
SAT_P3_S4,-6425829.892917,-381981.061280,2546517.629336,8640.000000,0,false,
SAT_P3_S4,-6495006.341387,-563258.850876,2328460.488169,8680.000000,0,false,
SAT_P3_S4,-6552800.329617,-743087.813560,2105912.866572,8720.000000,0,false,
SAT_P3_S4,-6599090.972502,-921190.279769,1879303.646559,8760.000000,0,false,
SAT_P3_S4,-6633777.941225,-1097292.499853,1649069.653631,8800.000000,0,false,
SAT_P3_S4,-6656781.697140,-1271125.062859,1415654.800775,8840.000000,0,false,
SAT_P3_S4,-6668043.694971,-1442423.308259,1179509.218643,8880.000000,0,false,
SAT_P3_S4,-6667526.521721,-1610927.722388,941088.368065,8920.000000,0,false,
SAT_P3_S4,-6655213.990786,-1776384.323622,700852.140485,8960.000000,0,false,
SAT_P3_S4,-6631111.222916,-1938545.042140,459263.954369,9000.000000,0,false,
SAT_P3_S4,-6595244.716932,-2097168.093255,216789.850683,9040.000000,0,false,
SAT_P3_S4,-6547662.267134,-2252018.315157,-26102.437799,9080.000000,0,false,
SAT_P3_S4,-6488432.932539,-2402867.512518,-268944.402724,9120.000000,0,false,
SAT_P3_S4,-6417646.949529,-2549494.785896,-511267.684519,9160.000000,0,false,
SAT_P3_S4,-6335415.590936,-2691686.842622,-752604.996355,9200.000000,0,false,
SAT_P3_S4,-6241870.968116,-2829238.286147,-992491.043651,9240.000000,0,false,
SAT_P3_S4,-6137165.803295,-2961951.895204,-1230463.440668,9280.000000,0,false,
SAT_P3_S4,-6021473.201969,-3089638.903784,-1466063.625185,9320.000000,0,false,
SAT_P3_S4,-5894986.341683,-3212119.245551,-1698837.758444,9360.000000,0,false,
SAT_P3_S4,-5757918.087371,-3329221.768230,-1928337.610672,9400.000000,0,false,
SAT_P3_S4,-5610500.640804,-3440784.459781,-2154121.440871,9440.000000,0,false,
SAT_P3_S4,-5452985.121951,-3546654.646074,-2375754.860013,9480.000000,0,false,
SAT_P3_S4,-5285641.102574,-3646689.161645,-2592811.669773,9520.000000,0,false,
SAT_P3_S4,-5108756.102308,-3740754.501047,-2804874.680784,9560.000000,0,false,
SAT_P3_S4,-4922635.075657,-3828726.966959,-3011536.518903,9600.000000,0,false,
SAT_P3_S4,-4727599.894599,-3910492.815881,-3212400.418356,9640.000000,0,false,
SAT_P3_S4,-4523988.706953,-3985948.330304,-3407080.955510,9680.000000,0,false,
SAT_P3_S4,-4312155.345578,-4054999.921083,-3595204.787240,9720.000000,0,false,
SAT_P3_S4,-4092468.695185,-4117564.207173,-3776411.361962,9760.000000,0,false,
SAT_P3_S4,-3865312.024819,-4173568.071930,-3950353.598038,9800.000000,0,false,
SAT_P3_S4,-3631082.285930,-4222948.693293,-4116698.524951,9840.000000,0,false,
SAT_P3_S4,-3390189.394117,-4265653.565674,-4275127.902710,9880.000000,0,false,
SAT_P3_S4,-3143055.514947,-4301640.531951,-4425338.835516,9920.000000,0,false,
SAT_P3_S4,-2890114.302157,-4330877.771792,-4567044.328309,9960.000000,0,false,
SAT_P3_S4,-2631810.094268,-4353343.753842,-4699973.792203,10000.000000,0,false,
SAT_P3_S4,-2368597.140865,-4369027.218254,-4823873.559133,10040.000000,0,false,
SAT_P3_S4,-2100938.791114,-4377927.126090,-4938507.347075,10080.000000,0,false,
SAT_P3_S4,-1829306.665360,-4380052.584587,-5043656.679288,10120.000000,0,false,
SAT_P3_S4,-1554179.813091,-4375422.756604,-5139121.266522,10160.000000,0,false,
SAT_P3_S4,-1276043.870394,-4364066.774635,-5224719.373801,10200.000000,0,false,
SAT_P3_S4,-995390.220560,-4346023.661572,-5300288.173381,10240.000000,0,false,
SAT_P3_S4,-712715.106968,-4321342.170367,-5365683.986169,10280.000000,0,false,
SAT_P3_S4,-428518.773629,-4290080.670569,-5420782.552262,10320.000000,0,false,
SAT_P3_S4,-143304.590691,-4252307.015006,-5465479.258225,10360.000000,0,false,
SAT_P3_S4,142421.826289,-4208098.388728,-5499689.320624,10400.000000,0,false,
SAT_P3_S4,428153.500812,-4157541.137984,-5523347.921840,10440.000000,0,false,
SAT_P3_S4,713382.982974,-4100730.596762,-5536410.320663,10480.000000,0,false,
SAT_P3_S4,997603.238055,-4037770.929745,-5538851.961565,10520.000000,0,false,
SAT_P3_S4,1280308.535837,-3968774.938019,-5530668.512487,10560.000000,0,false,
SAT_P3_S4,1560995.341406,-3893863.833612,-5511875.839029,10600.000000,0,false,
SAT_P3_S4,1839163.201287,-3813167.050915,-5482510.002071,10640.000000,0,false,
SAT_P3_S4,2114315.630788,-3726822.028948,-5442627.194233,10680.000000,0,false,
SAT_P3_S4,2385960.988989,-3634973.977509,-5392303.628392,10720.000000,0,false,
SAT_P3_S4,2653613.346113,-3537775.632863,-5331635.387084,10760.000000,0,false,
SAT_P3_S4,2916793.350559,-3435387.019992,-5260738.257150,10800.000000,0,false,
SAT_P3_S4,3175029.094012,-3327975.223725,-5179747.552250,10840.000000,0,false,
SAT_P3_S4,3427856.934177,-3215714.094569,-5088817.815900,10880.000000,0,false,
SAT_P3_S4,3674822.330663,-3098783.996469,-4988122.560441,10920.000000,0,false,
SAT_P3_S4,3915480.667422,-2977371.539231,-4877853.960240,10960.000000,0,false,
SAT_P3_S4,4149398.055094,-2851669.299297,-4758222.502725,11000.000000,0,false,
SAT_P3_S4,4376152.108377,-2721875.527659,-4629456.595010,11040.000000,0,false,
SAT_P3_S4,4595332.714628,-2588193.856434,-4491802.145965,11080.000000,0,false,
SAT_P3_S4,4806542.810049,-2450833.017214,-4345522.145210,11120.000000,0,false,
SAT_P3_S4,5009399.110053,-2310006.534918,-4190896.178731,11160.000000,0,false,
SAT_P3_S4,5203532.800081,-2165932.400036,-4028219.887512,11200.000000,0,false,
SAT_P3_S4,5388590.247485,-2018832.767033,-3857804.446875,11240.000000,0,false,
SAT_P3_S4,5564233.675117,-1868933.631691,-3679975.990575,11280.000000,0,false,
SAT_P3_S4,5730141.794736,-1716464.500839,-3495074.997901,11320.000000,0,false,
SAT_P3_S4,5886010.410199,-1561658.055983,-3303455.648934,11360.000000,0,false,
SAT_P3_S4,6031553.014278,-1404749.819310,-3105485.164920,11400.000000,0,false,
SAT_P3_S4,6166501.379292,-1245977.824109,-2901543.136682,11440.000000,0,false,
SAT_P3_S4,6290606.025274,-1085582.254500,-2692020.771268,11480.000000,0,false,
SAT_P3_S4,6403636.729435,-923805.105761,-2477320.160538,11520.000000,0,false,
SAT_P3_S4,6505382.991457,-760889.837225,-2257853.516909,11560.000000,0,false,
SAT_P3_S4,6595654.452048,-597081.022115,-2034042.382968,11600.000000,0,false,
SAT_P3_S4,6674281.259267,-432623.994857,-1806316.816149,11640.000000,0,false,
SAT_P3_S4,6741114.409618,-267764.498436,-1575114.558282,11680.000000,0,false,
SAT_P3_S4,6796026.092522,-102748.335619,-1340880.200980,11720.000000,0,false,
SAT_P3_S4,6838909.951627,62178.983354,-1104064.322392,11760.000000,0,false,
SAT_P3_S4,6869681.272678,226772.597339,-865122.598397,11800.000000,0,false,
SAT_P3_S4,6888277.203161,390788.641812,-624514.925187,11840.000000,0,false,
SAT_P3_S4,6894656.901017,553984.600820,-382704.518375,11880.000000,0,false,
SAT_P3_S4,6888801.624255,716119.653395,-140157.005412,11920.000000,0,false,
SAT_P3_S4,6870714.773281,876955.016999,102660.488555,11960.000000,0,false,
SAT_P3_S4,6840421.917689,1036254.290206,345280.258059,12000.000000,0,false,
SAT_P3_S4,6797970.810109,1193783.793108,587234.935066,12040.000000,0,false,
SAT_P3_S4,6743431.242323,1349312.891146,828058.409198,12080.000000,0,false,
SAT_P3_S4,6676894.952088,1502614.321796,1067286.741811,12120.000000,0,false,
SAT_P3_S4,6598475.471603,1653464.514462,1304459.077992,12160.000000,0,false,
SAT_P3_S4,6508307.921386,1801643.900219,1539118.549511,12200.000000,0,false,
SAT_P3_S4,6406548.746763,1946937.209666,1770813.165054,12240.000000,0,false,
SAT_P3_S4,6293375.425907,2089133.765928,1999096.691964,12280.000000,0,false,
SAT_P3_S4,6168986.180693,2228027.779287,2223529.533567,12320.000000,0,false,
SAT_P3_S4,6033599.604710,2363418.621574,2443679.582251,12360.000000,0,false,
SAT_P3_S4,5887454.218660,2495111.085023,2659123.050833,12400.000000,0,false,
SAT_P3_S4,5730808.063726,2622915.649314,2869445.300452,12440.000000,0,false,
SAT_P3_S4,5563938.226467,2746648.735016,3074241.646973,12480.000000,0,false,
SAT_P3_S4,5387140.316739,2866132.939853,3273118.137431,12520.000000,0,false,
SAT_P3_S4,5200727.907893,2981197.264152,3465692.302574,12560.000000,0,false,
SAT_P3_S4,5005031.966848,3091677.338005,3651593.898320,12600.000000,0,false,
SAT_P3_S4,4800400.278170,3197415.650141,3830465.635448,12640.000000,0,false,
SAT_P3_S4,4587196.744330,3298261.720377,4001963.830439,12680.000000,0,false,
SAT_P3_S4,4365800.734896,3394072.298955,4165759.070246,12720.000000,0,false,
SAT_P3_S4,4136606.393690,3484711.549568,4321536.842367,12760.000000,0,false,
SAT_P3_S4,3900021.912363,3570051.214973,4468998.126819,12800.000000,0,false,
SAT_P3_S4,3656468.770788,3649970.763061,4607859.946118,12840.000000,0,false,
SAT_P3_S4,3406380.963225,3724357.527973,4737855.890685,12880.000000,0,false,
SAT_P3_S4,3150204.231476,3793106.861168,4858736.637979,12920.000000,0,false,
SAT_P3_S4,2888395.252745,3856122.248580,4970270.409587,12960.000000,0,false,
SAT_P3_S4,2621420.787713,3913315.400760,5072243.373834,13000.000000,0,false,
SAT_P3_S4,2349756.861226,3964606.369381,5164460.060768,13040.000000,0,false,
SAT_P3_S4,2073887.905510,4009923.639722,5246743.725872,13080.000000,0,false,
SAT_P3_S4,1794305.886057,4049204.199412,5318936.660842,13120.000000,0,false,
SAT_P3_S4,1511509.421383,4082393.609135,5380900.485056,13160.000000,0,false,
SAT_P3_S4,1226002.898076,4109446.071444,5432516.411904,13200.000000,0,false,
SAT_P3_S4,938295.566110,4130324.468128,5473685.450869,13240.000000,0,false,
SAT_P3_S4,648900.634604,4145000.408859,5504328.601364,13280.000000,0,false,
SAT_P3_S4,358334.358653,4153454.255317,5524386.990655,13320.000000,0,false,
SAT_P3_S4,67115.120738,4155675.129382,5533821.967024,13360.000000,0,false,
SAT_P3_S4,-224237.488264,4151660.924161,5532615.173002,13400.000000,0,false,
SAT_P3_S4,-515203.584021,4141418.329710,5520768.614420,13440.000000,0,false,
SAT_P3_S4,-805263.912797,4124962.794751,5498304.620650,13480.000000,0,false,
SAT_P3_S4,-1093900.769234,4102318.506108,5465265.804692,13520.000000,0,false,
SAT_P3_S4,-1380598.911461,4073518.371959,5421715.004843,13560.000000,0,false,
SAT_P3_S4,-1664846.475637,4038603.985078,5367735.176283,13600.000000,0,false,
SAT_P3_S4,-1946135.881039,3997625.566549,5303429.233325,13640.000000,0,false,
SAT_P3_S4,-2223964.732002,3950641.903445,5228919.860603,13680.000000,0,false,
SAT_P3_S4,-2497836.722781,3897720.299159,5144349.318237,13720.000000,0,false,
SAT_P3_S4,-2767262.533403,3838936.511128,5049879.207437,13760.000000,0,false,
SAT_P3_S4,-3031760.697865,3774374.624095,4945690.128008,13800.000000,0,false,
SAT_P3_S4,-3290858.485408,3704126.977989,4831981.386547,13840.000000,0,false,
SAT_P3_S4,-3544092.766108,3628294.059276,4708970.634219,13880.000000,0,false,
SAT_P3_S4,-3791010.853528,3546984.376807,4576893.462861,13920.000000,0,false,
SAT_P3_S4,-4031171.325547,3460314.320803,4436002.958251,13960.000000,0,false,
SAT_P3_S4,-4264144.838276,3368408.020826,4286569.231729,14000.000000,0,false,
SAT_P3_S4,-4489514.941122,3271397.213199,4128878.943983,14040.000000,0,false,
SAT_P3_S4,-4706878.818243,3169421.051380,3963234.735830,14080.000000,0,false,
SAT_P3_S4,-4915848.030532,3062625.928314,3789954.656276,14120.000000,0,false,
SAT_P3_S4,-5116049.245241,2951165.299236,3609371.573105,14160.000000,0,false,
SAT_P3_S4,-5307124.928762,2835199.485308,3421832.541650,14200.000000,0,false,
SAT_P3_S4,-5488733.996938,2714895.460468,3227698.136447,14240.000000,0,false,
SAT_P3_S4,-5660552.441386,2590426.631098,3027341.758398,14280.000000,0,false,
SAT_P3_S4,-5822273.955440,2461972.622756,2821148.935187,14320.000000,0,false,
SAT_P3_S4,-5973610.524791,2329719.056324,2609516.594470,14360.000000,0,false,
SAT_P3_S4,-6114292.916934,2193857.274402,2392852.264581,14400.000000,0,false,
SAT_P3_S4,-6244071.221551,2054584.107185,2171573.310585,14440.000000,0,false,
SAT_P3_S4,-6362715.327025,1912101.608202,1946106.122649,14480.000000,0,false,
SAT_P3_S4,-6470015.342832,1766616.777368,1716885.281308,14520.000000,0,false,
SAT_P3_S4,-6565782.000588,1618341.280633,1484352.709876,14560.000000,0,false,
SAT_P3_S4,-6649847.017386,1467491.159867,1248956.808428,14600.000000,0,false,
SAT_P3_S4,-6722063.416181,1314286.534435,1011151.573063,14640.000000,0,false,
SAT_P3_S4,-6782305.782872,1158951.290772,771395.699093,14680.000000,0,false,
SAT_P3_S4,-6830470.488237,1001712.766072,530151.675024,14720.000000,0,false,
SAT_P3_S4,-6866475.905243,842801.433395,287884.874626,14760.000000,0,false,
SAT_P3_S4,-6890262.564371,682450.578696,45062.641581,14800.000000,0,false,
SAT_P3_S4,-6901793.194595,520895.957559,-197846.641349,14840.000000,0,false,
SAT_P3_S4,-6901052.817474,358375.468007,-440374.468453,14880.000000,0,false,
SAT_P3_S4,-6888048.763602,195128.809657,-682053.136431,14920.000000,0,false,
SAT_P3_S4,-6862810.632285,31397.140862,-922416.663924,14960.000000,0,false,
SAT_P3_S4,-6825390.199454,-132577.267658,-1161001.706431,15000.000000,0,false,
SAT_P3_S4,-6775861.307544,-296551.381013,-1397348.468015,15040.000000,0,false,
SAT_P3_S4,-6714319.753924,-460281.748215,-1631001.609216,15080.000000,0,false,
SAT_P3_S4,-6640883.028730,-623524.855025,-1861511.133962,15120.000000,0,false,
SAT_P3_S4,-6555690.077178,-786037.475190,-2088433.271120,15160.000000,0,false,
SAT_P3_S4,-6458901.028550,-947577.022608,-2311331.345001,15200.000000,0,false,
SAT_P3_S4,-6350696.866024,-1107901.902668,-2529776.626998,15240.000000,0,false,
SAT_P3_S4,-6231279.040268,-1266771.858805,-2743349.161834,15280.000000,0,false,
SAT_P3_S4,-6100869.051544,-1423948.318043,-2951638.576095,15320.000000,0,false,
SAT_P3_S4,-5959708.031966,-1579194.738720,-3154244.877966,15360.000000,0,false,
SAT_P3_S4,-5808056.275372,-1732276.950860,-3350779.225638,15400.000000,0,false,
SAT_P3_S4,-5646192.664396,-1882963.483698,-3540864.646087,15440.000000,0,false,
SAT_P3_S4,-5474414.159848,-2031025.900994,-3724136.760475,15480.000000,0,false,
SAT_P3_S4,-5293035.223736,-2176239.129360,-3900244.472878,15520.000000,0,false,
SAT_P3_S4,-5102387.204950,-2318381.776285,-4068850.622049,15560.000000,0,false,
SAT_P3_S4,-4902817.690914,-2457236.440910,-4229632.599901,15600.000000,0,false,
SAT_P3_S4,-4694689.852942,-2592590.026851,-4382282.953778,15640.000000,0,false,
SAT_P3_S4,-4478381.800058,-2724234.060793,-4526509.980294,15680.000000,0,false,
SAT_P3_S4,-4254285.825226,-2851964.975065,-4662038.231170,15720.000000,0,false,
SAT_P3_S4,-4022807.682142,-2975584.403136,-4788609.022695,15760.000000,0,false,
SAT_P3_S4,-3784365.846078,-3094899.472734,-4905980.919182,15800.000000,0,false,
SAT_P3_S4,-3539390.741589,-3209723.086984,-5013930.173434,15840.000000,0,false,
SAT_P3_S4,-3288323.943698,-3319874.190412,-5112251.120502,15880.000000,0,false,
SAT_P3_S4,-3031617.366394,-3425178.031252,-5200756.542441,15920.000000,0,false,
SAT_P3_S4,-2769732.457459,-3525466.433444,-5279278.025804,15960.000000,0,false,
SAT_P3_S4,-2503139.371265,-3620578.052097,-5347666.270455,16000.000000,0,false,
SAT_P3_S4,-2232316.089657,-3710358.589907,-5405791.311878,16040.000000,0,false,
SAT_P3_S4,-1957747.587672,-3794661.047998,-5453542.776972,16080.000000,0,false,
SAT_P3_S4,-1679924.967069,-3873345.954503,-5490830.079772,16120.000000,0,false,
SAT_P3_S4,-1399344.582131,-3946281.577372,-5517582.571430,16160.000000,0,false,
SAT_P3_S4,-1116507.157160,-4013344.124720,-5533749.648457,16200.000000,0,false,
SAT_P3_S4,-831916.905776,-4074417.949954,-5539300.844278,16240.000000,0,false,
SAT_P3_S4,-546080.658365,-4129395.769815,-5534225.916394,16280.000000,0,false,
SAT_P3_S4,-259506.958499,-4178178.818792,-5518534.819094,16320.000000,0,false,
SAT_P3_S4,27294.824159,-4220677.029156,-5492257.690572,16360.000000,0,false,
SAT_P3_S4,313815.382331,-4256809.207562,-5455444.812113,16400.000000,0,false,
SAT_P3_S4,599546.363538,-4286503.193117,-5408166.519052,16440.000000,0,false,
SAT_P3_S4,883981.258678,-4309695.994988,-5350513.063138,16480.000000,0,false,
SAT_P3_S4,1166616.289117,-4326333.924422,-5282594.445435,16520.000000,0,false,
SAT_P3_S4,1446951.293147,-4336372.739862,-5204540.244049,16560.000000,0,false,
SAT_P3_S4,1724490.604893,-4339777.769901,-5116499.392668,16600.000000,0,false,
SAT_P3_S4,1998743.922510,-4336523.980733,-5018639.867537,16640.000000,0,false,
SAT_P3_S4,2269227.174090,-4326596.091069,-4911148.415391,16680.000000,0,false,
SAT_P3_S4,2535463.376075,-4309988.652713,-4794230.216865,16720.000000,0,false,
SAT_P3_S4,2796983.472955,-4286706.111086,-4668108.507958,16760.000000,0,false,
SAT_P3_S4,3053327.161482,-4256762.847737,-4533024.161728,16800.000000,0,false,
SAT_P3_S4,3304043.709492,-4220183.223878,-4389235.252090,16840.000000,0,false,
SAT_P3_S4,3548692.772807,-4177001.634391,-4237016.610940,16880.000000,0,false,
SAT_P3_S4,3786845.157351,-4127262.486711,-4076659.285106,16920.000000,0,false,
SAT_P3_S4,4018083.585663,-4071020.203968,-3908470.004042,16960.000000,0,false,
SAT_P3_S4,4242003.449467,-4008339.219381,-3732770.621459,17000.000000,0,false,
SAT_P3_S4,4458213.534397,-3939293.946263,-3549897.516000,17040.000000,0,false,
SAT_P3_S4,4666336.710119,-3863968.723548,-3360200.954376,17080.000000,0,false,
SAT_P3_S4,4866010.602131,-3782457.750509,-3164044.430023,17120.000000,0,false,
SAT_P3_S4,5056888.264174,-3694865.028703,-2961803.994460,17160.000000,0,false,
SAT_P3_S4,5238638.811673,-3601304.278433,-2753867.553760,17200.000000,0,false,
SAT_P3_S4,5410947.981430,-3501898.796780,-2540634.102054,17240.000000,0,false,
SAT_P3_S4,5573518.724777,-3396781.356578,-2322512.982375,17280.000000,0,false,
SAT_P3_S4,5726071.749992,-3286094.066009,-2099923.102618,17320.000000,0,false,
SAT_P3_S4,5868346.020061,-3169988.207100,-1873292.129053,17360.000000,0,false,
SAT_P3_S4,6000099.210111,-3048624.053476,-1643055.657759,17400.000000,0,false,
SAT_P3_S4,6121108.150234,-2922170.682149,-1409656.374608,17440.000000,0,false,
SAT_P3_S4,6231169.265129,-2790805.787309,-1173543.210176,17480.000000,0,false,
SAT_P3_S4,6330098.889814,-2654715.431068,-935170.452438,17520.000000,0,false,
SAT_P3_S4,6417733.600744,-2514093.807366,-694996.864747,17560.000000,0,false,
SAT_P3_S4,6493930.516803,-2369142.993631,-453484.793731,17600.000000,0,false,
SAT_P3_S4,6558567.545860,-2220072.679954,-211099.264529,17640.000000,0,false,
SAT_P3_S4,6611543.573666,-2067099.878246,31692.930348,17680.000000,0,false,
SAT_P3_S4,6652778.619706,-1910448.619476,274424.146629,17720.000000,0,false,
SAT_P3_S4,6682213.990320,-1750349.650581,516626.805216,17760.000000,0,false,
SAT_P3_S4,6699812.372373,-1587040.113058,757834.309329,17800.000000,0,false,
SAT_P3_S4,6705557.814963,-1420763.183009,997581.963341,17840.000000,0,false,
SAT_P3_S4,6699455.765331,-1251767.733620,1235407.883522,17880.000000,0,false,
SAT_P3_S4,6681533.028007,-1080307.970591,1470853.908179,17920.000000,0,false,
SAT_P3_S4,6651837.669975,-906643.056571,1703466.494546,17960.000000,0,false,
SAT_P3_S4,6610438.876507,-731036.723683,1932797.603819,18000.000000,0,false,
SAT_P3_S4,6557426.789680,-553756.879993,2158405.579282,18040.000000,0,false,
SAT_P3_S4,6492912.345449,-375075.214032,2379856.018540,18080.000000,0,false,
SAT_P3_S4,6417026.970422,-195266.775482,2596722.606036,18120.000000,0,false,
SAT_P3_S4,6329922.302912,-14609.558760,2808587.941592,18160.000000,0,false,
SAT_P3_S4,6231769.885123,166615.919527,3015044.353081,18200.000000,0,false,
SAT_P3_S4,6122760.802443,348127.050646,3215694.683382,18240.000000,0,false,
SAT_P3_S4,6003105.271717,529639.567412,3410153.046094,18280.000000,0,false,
SAT_P3_S4,5873032.202844,710867.982229,3598045.560950,18320.000000,0,false,
SAT_P3_S4,5732788.764498,891526.028960,3779011.081946,18360.000000,0,false,
SAT_P3_S4,5582639.902096,1071327.105777,3952701.890309,18400.000000,0,false,
SAT_P3_S4,5422867.757344,1249984.720048,4118784.328319,18440.000000,0,true,Paris
SAT_P3_S4,5253771.151683,1427212.934890,4276939.448363,18480.000000,0,true,Paris
SAT_P3_S4,5075665.005137,1602726.819357,4426863.619451,18520.000000,0,true,Paris
SAT_P3_S4,4888879.721138,1776242.893973,4568269.093603,18560.000000,0,true,Paris
SAT_P3_S4,4693760.539758,1947479.574312,4700884.535682,18600.000000,0,false,
SAT_P3_S4,4490666.884705,2116157.619055,4824455.536239,18640.000000,0,false,
SAT_P3_S4,4279971.717642,2282000.584604,4938745.116309,18680.000000,0,false,
SAT_P3_S4,4062060.795058,2444735.254681,5043534.132109,18720.000000,0,false,
SAT_P3_S4,3837331.953422,2604092.081093,5138621.685911,18760.000000,0,false,
SAT_P3_S4,3606194.381311,2759805.624463,5223825.508582,18800.000000,0,false,
SAT_P3_S4,3369067.862553,2911614.986428,5298982.294800,18840.000000,0,false,
SAT_P3_S4,3126381.991693,3059264.226493,5363947.982506,18880.000000,0,false,
SAT_P3_S4,2878575.406120,3202502.797874,5418598.042129,18920.000000,0,false,
SAT_P3_S4,2626094.978819,3341085.953292,5462827.684940,18960.000000,0,false,
SAT_P3_S4,2369395.015030,3474775.160564,5496552.063185,19000.000000,0,false,
SAT_P3_S4,2108936.436423,3603338.508066,5519706.428216,19040.000000,0,false,
SAT_P3_S4,1845185.949407,3726551.092356,5532246.235291,19080.000000,0,false,
SAT_P3_S4,1578615.208390,3844195.402194,5534147.218263,19120.000000,0,false,
SAT_P3_S4,1309699.986080,3956061.714226,5525405.459514,19160.000000,0,false,
SAT_P3_S4,1038919.334019,4061948.470348,5506037.409015,19200.000000,0,false,
SAT_P3_S4,766754.713843,4161662.610028,5476079.808557,19240.000000,0,false,
SAT_P3_S4,493689.160857,4255019.941848,5435589.658676,19280.000000,0,false,
SAT_P3_S4,220206.429405,4341845.488632,5384644.119374,19320.000000,0,false,
SAT_P3_S4,-53209.858841,4421973.813261,5323340.365308,19360.000000,0,false,
SAT_P3_S4,-326077.065651,4495249.328354,5251795.398259,19400.000000,0,false,
SAT_P3_S4,-597914.383621,4561526.609090,5170145.841580,19440.000000,0,false,
SAT_P3_S4,-868243.677593,4620670.718189,5078547.728900,19480.000000,0,false,
SAT_P3_S4,-1136590.324156,4672557.455120,4977176.179252,19520.000000,0,false,
SAT_P3_S4,-1402484.042395,4717073.631037,4866225.085363,19560.000000,0,false,
SAT_P3_S4,-1665459.719807,4754117.336297,4745906.773229,19600.000000,0,false,
SAT_P3_S4,-1925058.229831,4783598.182853,4616451.614321,19640.000000,0,false,
SAT_P3_S4,-2180827.233867,4805437.518863,4478107.592042,19680.000000,0,false,
SAT_P3_S4,-2432321.975226,4819568.632375,4331139.839284,19720.000000,0,false,
SAT_P3_S4,-2679106.072495,4825936.965429,4175830.168765,19760.000000,0,false,
SAT_P3_S4,-2920752.293449,4824500.297662,4012476.558567,19800.000000,0,false,
SAT_P3_S4,-3156843.294832,4815228.859954,3841392.555487,19840.000000,0,false,
SAT_P3_S4,-3386972.372241,4798105.497396,3662906.713502,19880.000000,0,false,
SAT_P3_S4,-3610744.186112,4773125.785997,3477361.973446,19920.000000,0,false,
SAT_P3_S4,-3827775.458274,4740298.119971,3285115.008182,19960.000000,0,false,
SAT_P3_S4,-4037695.642583,4699643.771487,3086535.534438,20000.000000,0,false,
SAT_P3_S4,-4240147.585387,4651196.944325,2882005.607972,20040.000000,0,false,
SAT_P3_S4,-4434788.181984,4595004.832086,2671918.911165,20080.000000,0,false,
SAT_P3_S4,-4621288.950105,4531127.583830,2456679.966963,20120.000000,0,false,
SAT_P3_S4,-4799336.610101,4459638.289908,2236703.359814,20160.000000,0,false,
SAT_P3_S4,-4968633.643317,4380622.951541,2012412.937801,20200.000000,0,false,
SAT_P3_S4,-5128898.804120,4294180.410165,1784240.984372,20240.000000,0,false,
SAT_P3_S4,-5279867.601337,4200422.254544,1552627.372696,20280.000000,0,false,
SAT_P3_S4,-5421292.751301,4099472.709512,1318018.706436,20320.000000,0,false,
SAT_P3_S4,-5552944.607230,3991468.506405,1080867.445617,20360.000000,0,false,
SAT_P3_S4,-5674611.539965,3876558.720331,841631.017235,20400.000000,0,false,
SAT_P3_S4,-5786100.273393,3754904.576345,600770.912658,20440.000000,0,false,
SAT_P3_S4,-5887236.200563,3626679.243240,358751.778274,20480.000000,0,false,
SAT_P3_S4,-5977863.699415,3492067.629686,116040.504947,20520.000000,0,false,
SAT_P3_S4,-6057846.339526,3351266.108085,-126894.698655,20560.000000,0,false,
SAT_P3_S4,-6127067.073970,3204482.231284,-369585.232149,20600.000000,0,false,
SAT_P3_S4,-6185428.422345,3051934.447347,-611563.026458,20640.000000,0,false,
SAT_P3_S4,-6232852.596188,2893851.779143,-852361.469247,20680.000000,0,false,
SAT_P3_S4,-6269281.568325,2730473.476190,-1091516.323188,20720.000000,0,false,
SAT_P3_S4,-6294677.106344,2562048.647799,-1328566.638672,20760.000000,0,false,
SAT_P3_S4,-6309020.799618,2388835.892981,-1563055.662229,20800.000000,0,false,
SAT_P3_S4,-6312314.053188,2211102.916141,-1794531.734546,20840.000000,0,false,
SAT_P3_S4,-6304577.949476,2029126.078594,-2022549.165449,20880.000000,0,false,
SAT_P3_S4,-6285853.177279,1843189.985780,-2246669.106449,20920.000000,0,false,
SAT_P3_S4,-6256199.889048,1653587.038462,-2466460.407177,20960.000000,0,false,
SAT_P3_S4,-6215697.513260,1460616.968399,-2681500.448882,21000.000000,0,false,
SAT_P3_S4,-6164444.519928,1264586.356416,-2891375.954498,21040.000000,0,false,
SAT_P3_S4,-6102558.169787,1065808.141804,-3095683.785105,21080.000000,0,false,
SAT_P3_S4,-6030174.270294,864601.130879,-3294031.729652,21120.000000,0,false,
SAT_P3_S4,-5947446.819414,661289.472521,-3486039.239545,21160.000000,0,false,
SAT_P3_S4,-5854547.642987,456202.129723,-3671338.147952,21200.000000,0,false,
SAT_P3_S4,-5751666.033476,249672.350175,-3849573.375738,21240.000000,0,false,
SAT_P3_S4,-5639008.337318,42037.121875,-4020403.601754,21280.000000,0,false,
SAT_P3_S4,-5516797.499338,-166363.377778,-4183501.892767,21320.000000,0,false,
SAT_P3_S4,-5385272.582707,-375186.338893,-4338556.304924,21360.000000,0,false,
SAT_P3_S4,-5244688.292702,-584086.878992,-4485270.473473,21400.000000,0,false,
SAT_P3_S4,-5095314.481961,-792718.604989,-4623364.173445,21440.000000,0,false,
SAT_P3_S4,-4937435.547055,-1000734.183707,-4752573.791398,21480.000000,0,false,
SAT_P3_S4,-4771349.899951,-1207785.907574,-4872652.826904,21520.000000,0,false,
SAT_P3_S4,-4597369.385399,-1413526.267001,-4983372.342308,21560.000000,0,false,
SAT_P3_S4,-4415818.675000,-1617608.519791,-5084521.371403,21600.000000,0,false,
SAT_P3_S4,-4227034.635495,-1819687.258801,-5175907.285919,21640.000000,0,false,
SAT_P3_S4,-4031365.694181,-2019418.983001,-5257356.142257,21680.000000,0,false,
SAT_P3_S4,-3829171.219396,-2216462.675021,-5328713.025260,21720.000000,0,false,
SAT_P3_S4,-3620820.829065,-2410480.362179,-5389842.296969,21760.000000,0,false,
SAT_P3_S4,-3406693.704645,-2601137.680692,-5440627.830172,21800.000000,0,false,
SAT_P3_S4,-3187177.916009,-2788104.444103,-5480973.232062,21840.000000,0,false,
SAT_P3_S4,-2962669.718524,-2971055.205388,-5510802.016509,21880.000000,0,false,
SAT_P3_S4,-2733572.833794,-3149669.806254,-5530057.726465,21920.000000,0,false,
SAT_P3_S4,-2500297.722691,-3323633.922638,-5538704.022817,21960.000000,0,false,
SAT_P3_S4,-2263260.865976,-3492639.618088,-5536724.764066,22000.000000,0,false,
SAT_P3_S4,-2022884.042087,-3656385.891837,-5524124.054647,22040.000000,0,false,
SAT_P3_S4,-1779593.554279,-3814579.178760,-5500926.178615,22080.000000,0,false,
SAT_P3_S4,-1533819.504444,-3966933.885149,-5467175.584828,22120.000000,0,false,
SAT_P3_S4,-1285995.043110,-4113172.902909,-5422936.807328,22160.000000,0,false,
SAT_P3_S4,-1036555.617948,-4253028.107130,-5368294.343505,22200.000000,0,false,
SAT_P3_S4,-785938.218605,-4386240.836289,-5303352.487777,22240.000000,0,false,
SAT_P3_S4,-534580.624573,-4512562.372694,-5228235.145332,22280.000000,0,false,
SAT_P3_S4,-282920.662046,-4631754.436092,-5143085.644643,22320.000000,0,false,
SAT_P3_S4,-31395.446996,-4743589.616087,-5048066.450788,22360.000000,0,false,
SAT_P3_S4,219559.364702,-4847851.807033,-4943358.865152,22400.000000,0,false,
SAT_P3_S4,469510.318502,-4944336.649501,-4829162.717243,22440.000000,0,false,
SAT_P3_S4,718026.903697,-5032851.944489,-4705696.004711,22480.000000,0,false,
SAT_P3_S4,964682.286939,-5113218.038184,-4573194.488371,22520.000000,0,false,
SAT_P3_S4,1209054.039942,-5185268.191934,-4431911.255733,22560.000000,0,false,
SAT_P3_S4,1450724.863348,-5248848.959082,-4282116.274461,22600.000000,0,false,
SAT_P3_S4,1689283.301412,-5303820.547075,-4124095.917800,22640.000000,0,false,
SAT_P3_S4,1924324.436703,-5350057.086923,-3958152.390532,22680.000000,0,false,
SAT_P3_S4,2155450.584309,-5387446.961981,-3784603.198818,22720.000000,0,false,
SAT_P3_S4,2382271.974224,-5415893.088909,-3603780.561818,22760.000000,0,false,
SAT_P3_S4,2604407.414431,-5435313.168197,-3416030.790217,22800.000000,0,false,
SAT_P3_S4,2821484.934980,-5445639.901372,-3221713.629403,22840.000000,0,false,
SAT_P3_S4,3033142.423706,-5446821.198670,-3021201.583835,22880.000000,0,false,
SAT_P3_S4,3239028.260641,-5438820.395150,-2814879.235538,22920.000000,0,false,
SAT_P3_S4,3438801.901679,-5421616.374610,-2603142.495011,22960.000000,0,false,
SAT_P3_S4,3632134.452633,-5395203.687262,-2386397.840342,23000.000000,0,false,
SAT_P3_S4,3818709.235515,-5359592.666854,-2165061.548972,23040.000000,0,false,
SAT_P3_S4,3998222.324115,-5314809.501605,-1939558.895378,23080.000000,0,false,
SAT_P3_S4,4170383.043358,-5260896.262632,-1710323.325093,23120.000000,0,false,
SAT_P3_S4,4334914.445025,-5197910.905370,-1477795.611223,23160.000000,0,false,
SAT_P3_S4,4491553.776871,-5125927.268323,-1242423.004014,23200.000000,0,false,
SAT_P3_S4,4640052.926411,-5045035.047504,-1004658.368649,23240.000000,0,false,
SAT_P3_S4,4780178.777503,-4955339.662762,-764959.283701,23280.000000,0,false,
SAT_P3_S4,4911713.602582,-4856962.182000,-523787.160337,23320.000000,0,false,
SAT_P3_S4,5034455.406181,-4750039.186084,-281606.339859,23360.000000,0,false,
SAT_P3_S4,5148218.229941,-4634722.598872,-38883.186598,23400.000000,0,false,
SAT_P3_S4,5252832.418287,-4511179.479393,203914.824321,23440.000000,0,false,
SAT_P3_S4,5348144.868537,-4379591.798577,446320.021568,23480.000000,0,false,
SAT_P3_S4,5434019.282748,-4240156.218158,687865.451757,23520.000000,0,false,
SAT_P3_S4,5510336.323887,-4093083.781329,928085.795067,23560.000000,0,false,
SAT_P3_S4,5576993.760978,-3938599.593635,1166518.277616,23600.000000,0,false,
SAT_P3_S4,5633906.608568,-3776942.499805,1402703.579319,23640.000000,0,false,
SAT_P3_S4,5681007.216391,-3608364.715960,1636186.736905,23680.000000,0,false,
SAT_P3_S4,5718245.310377,-3433131.426433,1866518.032110,23720.000000,0,false,
SAT_P3_S4,5745588.002950,-3251520.355833,2093253.869550,23760.000000,0,false,
SAT_P3_S4,5763019.798857,-3063821.334487,2315957.649731,23800.000000,0,false,
SAT_P3_S4,5770542.572274,-2870335.844194,2534200.627234,23840.000000,0,false,
SAT_P3_S4,5768175.426611,-2671376.486731,2747562.726584,23880.000000,0,false,
SAT_P3_S4,5755954.616013,-2467266.491884,2955633.365749,23920.000000,0,false,
SAT_P3_S4,5733933.404386,-2258339.182708,3158012.252436,23960.000000,0,false,
SAT_P3_S4,5702181.885908,-2044937.420389,3354310.151960,24000.000000,0,false,
SAT_P3_S4,5660786.765651,-1827413.026783,3544149.625961,24040.000000,0,false,
SAT_P3_S4,5609851.128416,-1606126.196968,3727165.755267,24080.000000,0,false,
SAT_P3_S4,5549494.217003,-1381444.912240,3903006.856455,24120.000000,0,false,
SAT_P3_S4,5479851.111543,-1153744.308632,4071335.132313,24160.000000,0,false,
SAT_P3_S4,5401072.406203,-923406.041018,4231827.306874,24200.000000,0,true,Paris
SAT_P3_S4,5313323.890140,-690817.646312,4384175.248036,24240.000000,0,true,Paris
SAT_P3_S4,5216786.184344,-456371.885885,4528086.550438,24280.000000,0,true,Paris
SAT_P3_S4,5111654.341773,-220466.077744,4663285.074510,24320.000000,0,true,Paris
SAT_P3_S4,4998137.427308,16498.580236,4789511.455448,24360.000000,0,true,Paris
SAT_P3_S4,4876458.102894,254117.691502,4906523.601784,24400.000000,0,true,Paris
SAT_P3_S4,4746852.197298,491984.346578,5014097.163779,24440.000000,0,true,Paris
SAT_P3_S4,4609568.178484,729689.824120,5112025.901766,24480.000000,0,true,Paris
SAT_P3_S4,4464866.695236,966824.284316,5200122.092643,24520.000000,0,true,Paris
SAT_P3_S4,4313020.071030,1202977.472601,5278216.878726,24560.000000,0,true,Paris
SAT_P3_S4,4154311.773656,1437739.420796,5346160.568438,24600.000000,0,true,Paris
SAT_P3_S4,3989035.875866,1670701.152209,5403822.909526,24640.000000,0,true,Paris
SAT_P3_S4,3817496.512013,1901455.388082,5451093.336690,24680.000000,0,false,
SAT_P3_S4,3640007.308226,2129597.250477,5487881.166862,24720.000000,0,false,
SAT_P3_S4,3456890.814397,2354724.971226,5514115.778114,24760.000000,0,false,
SAT_P3_S4,3268477.912221,2576440.590667,5529746.732180,24800.000000,0,false,
SAT_P3_S4,3075107.209741,2794350.651626,5534743.855538,24840.000000,0,false,
SAT_P3_S4,2877124.439123,3008066.898330,5529097.304039,24880.000000,0,false,
SAT_P3_S4,2674881.863943,3217206.981679,5512817.618529,24920.000000,0,false,
SAT_P3_S4,2468737.625047,3421395.120493,5485935.657253,24960.000000,0,false,
SAT_P3_S4,2259055.119774,3620262.781722,5448502.554145,25000.000000,0,false,
SAT_P3_S4,2046202.371732,3813449.352416,5400589.637306,25040.000000,0,false,
SAT_P3_S4,1830551.390255,4000602.795292,5342288.299616,25080.000000,0,false,
SAT_P3_S4,1612477.522053,4181380.283493,5273709.820102,25120.000000,0,false,
SAT_P3_S4,1392358.802922,4355448.829064,5194985.157325,25160.000000,0,false,
SAT_P3_S4,1170575.319791,4522485.921256,5106264.739602,25200.000000,0,false,
SAT_P3_S4,947508.563647,4682180.133180,5007718.195646,25240.000000,0,false,
SAT_P3_S4,723540.765135,4834231.686109,4899534.007972,25280.000000,0,false,
SAT_P3_S4,499054.257331,4978353.044756,4781919.199559,25320.000000,0,false,
SAT_P3_S4,274430.825406,5114269.481800,4655098.957743,25360.000000,0,false,
SAT_P3_S4,50051.060782,5241719.612160,4519316.214844,25400.000000,0,false,
SAT_P3_S4,-173706.282086,5360455.903839,4374831.189918,25440.000000,0,false,
SAT_P3_S4,-396464.924774,5470245.187981,4221920.912723,25480.000000,0,false,
SAT_P3_S4,-617851.697718,5570869.173876,4060878.736891,25520.000000,0,false,
SAT_P3_S4,-837497.167425,5662124.858101,3892013.749415,25560.000000,0,false,
SAT_P3_S4,-1055036.254679,5743824.968945,3715650.199856,25600.000000,0,false,
SAT_P3_S4,-1270108.845884,5815798.383271,3532126.894715,25640.000000,0,false,
SAT_P3_S4,-1482360.392931,5877890.504822,3341796.553686,25680.000000,0,false,
SAT_P3_S4,-1691442.497962,5929963.600008,3145025.129481,25720.000000,0,false,
SAT_P3_S4,-1897013.488483,5971897.113659,2942191.105690,25760.000000,0,false,
SAT_P3_S4,-2098738.987852,6003587.990851,2733684.789867,25800.000000,0,false,
SAT_P3_S4,-2296292.464667,6024950.941289,2519907.567061,25840.000000,0,false,
SAT_P3_S4,-2489355.758850,6035918.627105,2301271.102062,25880.000000,0,false,
SAT_P3_S4,-2677619.608483,6036441.893165,2078196.564352,25920.000000,0,false,
SAT_P3_S4,-2860784.157773,6026489.936133,1851113.811097,25960.000000,0,false,
SAT_P3_S4,-3038559.437772,6006050.422590,1620460.547057,26000.000000,0,false,
SAT_P3_S4,-3210665.838008,5975129.592283,1386681.472597,26040.000000,0,false,
SAT_P3_S4,-3376834.555771,5933752.319608,1150227.412451,26080.000000,0,false,
SAT_P3_S4,-3536808.029631,5881962.147504,911554.430739,26120.000000,0,false,
SAT_P3_S4,-3690340.337604,5819821.263714,671122.930358,26160.000000,0,false,
SAT_P3_S4,-3837197.571345,5747410.438921,429396.741610,26200.000000,0,false,
SAT_P3_S4,-3977158.201772,5664828.954202,186842.206130,26240.000000,0,false,
SAT_P3_S4,-4110013.430267,5572194.511918,-56072.741698,26280.000000,0,false,
SAT_P3_S4,-4235567.454543,5469643.012698,-298879.508847,26320.000000,0,false,
SAT_P3_S4,-4353637.762818,5357328.387926,-541109.766234,26360.000000,0,false,
SAT_P3_S4,-4464055.389169,5235422.373210,-782296.375722,26400.000000,0,false,
SAT_P3_S4,-4566665.134308,5104114.239156,-1021974.311691,26440.000000,0,false,
SAT_P3_S4,-4661325.749024,4963610.475997,-1259681.575035,26480.000000,0,false,
SAT_P3_S4,-4747910.100957,4814134.456551,-1494960.101386,26520.000000,0,false,
SAT_P3_S4,-4826305.343739,4655926.101710,-1727356.664826,26560.000000,0,false,
SAT_P3_S4,-4896413.017032,4489241.465469,-1956423.761920,26600.000000,0,false,
SAT_P3_S4,-4958149.112606,4314352.279116,-2181720.481658,26640.000000,0,false,
SAT_P3_S4,-5011444.153817,4131545.513788,-2402813.367071,26680.000000,0,false,
SAT_P3_S4,-5056243.230021,3941122.889796,-2619277.258614,26720.000000,0,false,
SAT_P3_S4,-5092505.990981,3743400.349482,-2830696.110414,26760.000000,0,false,
SAT_P3_S4,-5120206.614070,3538707.502761,-3036663.785328,26800.000000,0,false,
SAT_P3_S4,-5139333.768067,3327387.066341,-3236784.838696,26840.000000,0,false,
SAT_P3_S4,-5149890.568103,3109794.294624,-3430675.285981,26880.000000,0,false,
SAT_P3_S4,-5151894.422787,2886296.319741,-3617963.304340,26920.000000,0,false,
SAT_P3_S4,-5145376.935327,2657271.536288,-3798289.945837,26960.000000,0,false,
SAT_P3_S4,-5130383.762249,2423108.947481,-3971309.816942,27000.000000,0,false,
SAT_P3_S4,-5106974.441715,2184207.489852,-4136691.723638,27040.000000,0,false,
SAT_P3_S4,-5075222.188611,1940975.335159,-4294119.278798,27080.000000,0,false,
SAT_P3_S4,-5035213.680057,1693829.181611,-4443291.488748,27120.000000,0,false,
SAT_P3_S4,-4987048.853828,1443193.547080,-4583923.334873,27160.000000,0,false,
SAT_P3_S4,-4930840.640045,1189500.025983,-4715746.287415,27200.000000,0,false,
SAT_P3_S4,-4866714.665081,933186.528347,-4838508.780718,27240.000000,0,false,
SAT_P3_S4,-4794808.982703,674696.531204,-4951976.690319,27280.000000,0,false,
SAT_P3_S4,-4715273.765305,414478.307049,-5055933.760835,27320.000000,0,false,
SAT_P3_S4,-4628270.967280,152984.144986,-5150181.986356,27360.000000,0,false,
SAT_P3_S4,-4533973.971641,-109330.434739,-5234541.954965,27400.000000,0,false,
SAT_P3_S4,-4432567.242477,-372007.467773,-5308853.179346,27440.000000,0,false,
SAT_P3_S4,-4324245.979517,-634587.332379,-5372974.407951,27480.000000,0,false,
SAT_P3_S4,-4209215.683944,-896609.550446,-5426783.822216,27520.000000,0,false,
SAT_P3_S4,-4087691.784436,-1157613.577481,-5470179.272475,27560.000000,0,false,
SAT_P3_S4,-3959899.233318,-1417139.600050,-5503078.462110,27600.000000,0,false,
SAT_P3_S4,-3826072.087110,-1674729.330452,-5525419.088868,27640.000000,0,false,
SAT_P3_S4,-3686453.068887,-1929926.797703,-5537158.939487,27680.000000,0,false,
SAT_P3_S4,-3541293.130145,-2182279.140431,-5538275.961589,27720.000000,0,false,
SAT_P3_S4,-3390851.029516,-2431337.406142,-5528768.335726,27760.000000,0,false,
SAT_P3_S4,-3235392.867969,-2676657.334940,-5508654.463156,27800.000000,0,false,
SAT_P3_S4,-3075191.608895,-2917800.137828,-5477972.908829,27840.000000,0,false,
SAT_P3_S4,-2910526.625670,-3154333.280855,-5436782.356514,27880.000000,0,false,
SAT_P3_S4,-2741683.223906,-3385831.259734,-5385161.504887,27920.000000,0,false,
SAT_P3_S4,-2568952.152496,-3611876.355848,-5323208.915232,27960.000000,0,false,
SAT_P3_S4,-2392629.108411,-3832059.381705,-5251042.822214,28000.000000,0,false,
SAT_P3_S4,-2213014.248278,-4045980.428857,-5168800.931634,28040.000000,0,false,
SAT_P3_S4,-2030411.705469,-4253249.612687,-5076640.200347,28080.000000,0,false,
SAT_P3_S4,-1845129.061180,-4453487.751663,-4974736.498428,28120.000000,0,false,
SAT_P3_S4,-1657476.853818,-4646327.079155,-4863284.315680,28160.000000,0,false,
SAT_P3_S4,-1467768.073885,-4831411.931066,-4742496.414435,28200.000000,0,false,
SAT_P3_S4,-1276317.656000,-5008399.409150,-4612603.442529,28240.000000,0,false,
SAT_P3_S4,-1083441.967069,-5176960.015977,-4473853.503116,28280.000000,0,false,
SAT_P3_S4,-889458.296488,-5336778.282287,-4326511.701752,28320.000000,0,false,
SAT_P3_S4,-694684.354905,-5487553.406011,-4170859.690529,28360.000000,0,false,
SAT_P3_S4,-499437.762237,-5628999.825988,-4007195.138561,28400.000000,0,false,
SAT_P3_S4,-304035.533850,-5760847.765187,-3835831.162170,28440.000000,0,false,
SAT_P3_S4,-108793.580714,-5882843.792476,-3657095.764211,28480.000000,0,false,
SAT_P3_S4,85973.795097,-5994751.339677,-3471331.221577,28520.000000,0,false,
SAT_P3_S4,279954.398684,-6096351.175332,-3278893.436532,28560.000000,0,false,
SAT_P3_S4,472838.635803,-6187441.848239,-3080151.259026,28600.000000,0,false,
SAT_P3_S4,664320.001078,-6267840.126400,-2875485.796408,28640.000000,0,false,
SAT_P3_S4,854095.558825,-6337381.423736,-2665289.709132,28680.000000,0,false,
SAT_P3_S4,1041866.414398,-6395920.099402,-2449966.430215,28720.000000,0,false,
SAT_P3_S4,1227338.178735,-6443329.812977,-2229929.412308,28760.000000,0,false,
SAT_P3_S4,1410221.427143,-6479503.825838,-2005601.338906,28800.000000,0,false,
SAT_P3_S4,1590232.146200,-6504355.258101,-1777413.313344,28840.000000,0,false,
SAT_P3_S4,1767092.167674,-6517817.295499,-1545804.024967,28880.000000,0,false,
SAT_P3_S4,1940529.596674,-6519843.374619,-1311218.901535,28920.000000,0,false,
SAT_P3_S4,2110279.239855,-6510407.373758,-1074109.256966,28960.000000,0,false,
SAT_P3_S4,2276083.006586,-6489503.705121,-834931.408018,29000.000000,0,false,
SAT_P3_S4,2437690.295469,-6457147.355639,-594145.773956,29040.000000,0,false,
SAT_P3_S4,2594858.381332,-6413373.945998,-352215.981219,29080.000000,0,false,
SAT_P3_S4,2747352.781474,-6358239.719553,-109607.948906,29120.000000,0,false,
SAT_P3_S4,2894947.596788,-6291821.474257,133211.029734,29160.000000,0,false,
SAT_P3_S4,3037425.834553,-6214216.451424,375773.209230,29200.000000,0,false,
SAT_P3_S4,3174579.724233,-6125542.210592,617611.314486,29240.000000,0,false,
SAT_P3_S4,3306211.021424,-6025936.484824,858259.460564,29280.000000,0,false,
SAT_P3_S4,3432131.247290,-5915556.895195,1097254.066729,29320.000000,0,false,
SAT_P3_S4,3552161.949049,-5794580.722626,1334134.763816,29360.000000,0,false,
SAT_P3_S4,3666134.932177,-5663204.619336,1568445.295352,29400.000000,0,false,
SAT_P3_S4,3773892.466959,-5521644.276126,1799734.405551,29440.000000,0,false,
SAT_P3_S4,3875287.467676,-5370134.041800,2027556.712279,29480.000000,0,false,
SAT_P3_S4,3970183.661755,-5208926.521878,2251473.570746,29520.000000,0,false,
SAT_P3_S4,4058455.764644,-5038292.183201,2471053.933036,29560.000000,0,false,
SAT_P3_S4,4139989.602214,-4858518.872098,2685875.177790,29600.000000,0,false,
SAT_P3_S4,4214682.209384,-4669911.289188,2895523.921295,29640.000000,0,false,
SAT_P3_S4,4282441.943221,-4472790.485962,3099596.823699,29680.000000,0,false,
SAT_P3_S4,4343188.562798,-4267493.302385,3297701.371385,29720.000000,0,false,
SAT_P3_S4,4396853.278513,-4054371.765756,3489456.627189,29760.000000,0,false,
SAT_P3_S4,4443378.781490,-3833792.459514,3674493.956160,29800.000000,0,false,
SAT_P3_S4,4482719.272778,-3606135.883156,3852457.740265,29840.000000,0,false,
SAT_P3_S4,4514840.487141,-3371795.801221,4023006.076333,29880.000000,0,false,
SAT_P3_S4,4539719.627403,-3131178.498770,4185811.391092,29920.000000,0,false,
SAT_P3_S4,4557345.346164,-2884702.080238,4340561.076689,29960.000000,0,false,
SAT_P3_S4,4567717.693559,-2632795.728764,4486958.085204,30000.000000,0,false,
SAT_P3_S4,4570848.040446,-2375898.942979,4624721.484636,30040.000000,0,false,
SAT_P3_S4,4566758.974557,-2114460.750131,4753586.972888,30080.000000,0,false,
SAT_P3_S4,4555484.190544,-1848938.908908,4873307.369186,30120.000000,0,false,
SAT_P3_S4,4537068.393661,-1579799.115750,4983653.101252,30160.000000,0,true,Paris
SAT_P3_S4,4511567.146665,-1307514.173443,5084412.617937,30200.000000,0,true,Paris
SAT_P3_S4,4479046.694418,-1032563.141854,5175392.760558,30240.000000,0,true,Paris
SAT_P3_S4,4439583.814416,-755430.503248,5256419.139000,30280.000000,0,true,Paris
SAT_P3_S4,4393265.633382,-476605.303884,5327336.454126,30320.000000,0,true,Paris
SAT_P3_S4,4340189.416962,-196580.288278,5388008.767122,30360.000000,0,true,Paris
SAT_P3_S4,4280462.369374,84148.969825,5438319.760482,30400.000000,0,true,Paris
SAT_P3_S4,4214201.402742,365084.940497,5478172.939819,30440.000000,0,true,Paris
SAT_P3_S4,4141532.909322,645729.015170,5507491.818260,30480.000000,0,true,Paris
SAT_P3_S4,4062592.516400,925582.384735,5526220.055921,30520.000000,0,true,Paris
SAT_P3_S4,3977524.819981,1204146.917341,5534321.548929,30560.000000,0,true,Paris
SAT_P3_S4,3886483.116432,1480926.037332,5531780.492707,30600.000000,0,true,Paris
SAT_P3_S4,3789629.151216,1755425.606222,5518601.444117,30640.000000,0,true,Paris
SAT_P3_S4,3687132.831176,2027154.797528,5494809.310922,30680.000000,0,false,
SAT_P3_S4,3579171.906959,2295626.968226,5460449.277976,30720.000000,0,false,
SAT_P3_S4,3465931.692663,2560360.530419,5415586.757063,30760.000000,0,false,
SAT_P3_S4,3347604.756073,2820879.820809,5360307.274579,30800.000000,0,false,
SAT_P3_S4,3224390.594429,3076715.953623,5294716.310632,30840.000000,0,false,
SAT_P3_S4,3096495.300086,3327407.663543,5218939.098025,30880.000000,0,false,
SAT_P3_S4,2964131.231124,3572502.150076,5133120.404996,30920.000000,0,false,
SAT_P3_S4,2827516.688953,3811555.921725,5037424.303834,30960.000000,0,false,
SAT_P3_S4,2686875.538041,4044135.578385,4932033.819651,31000.000000,0,false,
SAT_P3_S4,2542436.862841,4269818.617152,4817150.613601,31040.000000,0,false,
SAT_P3_S4,2394434.611298,4488194.217736,4692994.619556,31080.000000,0,false,
SAT_P3_S4,2243107.229335,4698864.002791,4559803.638510,31120.000000,0,false,
SAT_P3_S4,2088697.285491,4901442.768678,4417832.888583,31160.000000,0,false,
SAT_P3_S4,1931451.095648,5095559.205358,4267354.530768,31200.000000,0,false,
SAT_P3_S4,1771618.359215,5280856.624540,4108657.192121,31240.000000,0,false,
SAT_P3_S4,1609451.776011,5456993.635218,3942045.425238,31280.000000,0,false,
SAT_P3_S4,1445206.646184,5623644.774804,3767839.111046,31320.000000,0,false,
SAT_P3_S4,1279140.493870,5780501.164313,3586372.882153,31360.000000,0,false,
SAT_P3_S4,1111512.673167,5927271.119363,3397995.489418,31400.000000,0,false,
SAT_P3_S4,942583.971542,6063680.716015,3203069.132594,31440.000000,0,false,
SAT_P3_S4,772616.210568,6189474.321746,3001968.759433,31480.000000,0,false,
SAT_P3_S4,601871.848841,6304415.117246,2795081.348732,31520.000000,0,false,
SAT_P3_S4,430613.589200,6408285.608728,2582805.180409,31560.000000,0,false,
SAT_P3_S4,259103.974040,6500888.004614,2365549.033211,31600.000000,0,false,
SAT_P3_S4,87604.994110,6582044.636212,2143731.401397,31640.000000,0,false,
SAT_P3_S4,-83622.302401,6651598.328366,1917779.684151,31680.000000,0,false,
SAT_P3_S4,-254318.196880,6709412.713503,1688129.351795,31720.000000,0,false,
SAT_P3_S4,-424224.684449,6755372.512183,1455223.096156,31760.000000,0,false,
SAT_P3_S4,-593085.850594,6789383.778743,1219509.971408,31800.000000,0,false,
SAT_P3_S4,-760648.246802,6811374.117236,981444.519609,31840.000000,0,false,
SAT_P3_S4,-926661.260244,6821292.852488,741485.883840,31880.000000,0,false,
SAT_P3_S4,-1090877.475989,6819111.140527,500096.907729,31920.000000,0,false,
SAT_P3_S4,-1253053.036208,6804822.049227,257743.225769,31960.000000,0,false,
SAT_P3_S4,-1412948.000277,6778440.641300,14892.349043,32000.000000,0,false,
SAT_P3_S4,-1570326.692355,6740003.976135,-227987.258740,32040.000000,0,false,
SAT_P3_S4,-1724958.034839,6689571.013350,-470427.115025,32080.000000,0,false,
SAT_P3_S4,-1876615.885512,6627222.561379,-711959.644758,32120.000000,0,false,
SAT_P3_S4,-2025079.361505,6553061.142800,-952119.111543,32160.000000,0,false,
SAT_P3_S4,-2170133.146565,6467210.801270,-1190442.540087,32200.000000,0,false,
SAT_P3_S4,-2311567.784992,6369816.858683,-1426470.630357,32240.000000,0,false,
SAT_P3_S4,-2449179.970260,6261045.653974,-1659748.664590,32280.000000,0,false,
SAT_P3_S4,-2582772.828930,6141084.273009,-1889827.404966,32320.000000,0,false,
SAT_P3_S4,-2712156.160618,6010140.135905,-2116263.961807,32360.000000,0,false,
SAT_P3_S4,-2837146.687439,5868440.624901,-2338622.655420,32400.000000,0,false,
SAT_P3_S4,-2957568.290248,5716232.670005,-2556475.861795,32440.000000,0,false,
SAT_P3_S4,-3073252.226990,5553782.287372,-2769404.835933,32480.000000,0,false,
SAT_P3_S4,-3184037.330403,5381374.069109,-2977000.508115,32520.000000,0,false,
SAT_P3_S4,-3289770.198224,5199310.649725,-3178864.263356,32560.000000,0,false,
SAT_P3_S4,-3390305.389563,5007912.178462,-3374608.715022,32600.000000,0,false,
SAT_P3_S4,-3485505.592127,4807515.729876,-3563858.440659,32640.000000,0,false,
SAT_P3_S4,-3575241.755229,4598474.638852,-3746250.674531,32680.000000,0,false,
SAT_P3_S4,-3659393.247026,4381157.883897,-3921436.006038,32720.000000,0,false,
SAT_P3_S4,-3737847.984802,4155949.409306,-4089079.040110,32760.000000,0,false,
SAT_P3_S4,-3810502.543315,3923247.414905,-4248859.018504,32800.000000,0,false,
SAT_P3_S4,-3877262.247063,3683463.618124,-4400470.407818,32840.000000,0,false,
SAT_P3_S4,-3938041.263118,3437022.510319,-4543623.471241,32880.000000,0,false,
SAT_P3_S4,-3992762.698368,3184360.615142,-4678044.827471,32920.000000,0,false,
SAT_P3_S4,-4041358.627154,2925925.659556,-4803477.914783,32960.000000,0,false,
SAT_P3_S4,-4083770.149718,2662175.780550,-4919683.469031,33000.000000,0,false,
SAT_P3_S4,-4119947.436240,2393578.709218,-5026439.966669,33040.000000,0,false,
SAT_P3_S4,-4149849.751483,2120610.933389,-5123544.025299,33080.000000,0,false,
SAT_P3_S4,-4173445.457665,1843756.841629,-5210810.757465,33120.000000,0,false,
SAT_P3_S4,-4190712.012434,1563507.858687,-5288074.097828,33160.000000,0,false,
SAT_P3_S4,-4201635.980632,1280361.585129,-5355187.126278,33200.000000,0,false,
SAT_P3_S4,-4206213.013564,994820.916352,-5412022.329399,33240.000000,0,false,
SAT_P3_S4,-4204447.787998,707393.135111,-5458471.790055,33280.000000,0,false,
SAT_P3_S4,-4196353.984856,418589.029324,-5494447.402949,33320.000000,0,false,
SAT_P3_S4,-4181954.237793,128921.989812,-5519881.030417,33360.000000,0,false,
SAT_P3_S4,-4161280.063408,-161092.892867,-5534724.610674,33400.000000,0,false,
SAT_P3_S4,-4134371.778874,-450939.733544,-5538950.226150,33440.000000,0,false,
SAT_P3_S4,-4101278.426184,-740102.755893,-5532550.156784,33480.000000,0,false,
SAT_P3_S4,-4062057.708333,-1028067.191476,-5515536.924950,33520.000000,0,false,
SAT_P3_S4,-4016775.853100,-1314320.184941,-5487943.221210,33560.000000,0,false,
SAT_P3_S4,-3965507.517713,-1598351.689797,-5449821.859514,33600.000000,0,false,
SAT_P3_S4,-3908335.681342,-1879655.366004,-5401245.692861,33640.000000,0,false,
SAT_P3_S4,-3845351.521469,-2157729.472458,-5342307.483444,33680.000000,0,false,
SAT_P3_S4,-3776654.272451,-2432077.748335,-5273119.724757,33720.000000,0,false,
SAT_P3_S4,-3702351.080764,-2702210.291804,-5193814.436128,33760.000000,0,false,
SAT_P3_S4,-3622556.873877,-2967644.444222,-5104542.953258,33800.000000,0,false,
SAT_P3_S4,-3537394.200549,-3227905.652710,-5005475.656198,33840.000000,0,false,
SAT_P3_S4,-3446993.034113,-3482528.306495,-4896801.623792,33880.000000,0,false,
SAT_P3_S4,-3351490.612941,-3731056.585420,-4778728.317233,33920.000000,0,false,
SAT_P3_S4,-3251031.252572,-3973045.285810,-4651481.202724,33960.000000,0,false,
SAT_P3_S4,-3145766.143467,-4208060.619303,-4515303.331724,34000.000000,0,false,
SAT_P3_S4,-3035853.137934,-4435680.990682,-4370454.884738,34040.000000,0,false,
SAT_P3_S4,-2921456.541307,-4655497.770524,-4217212.700594,34080.000000,0,false,
SAT_P3_S4,-2802746.912082,-4867116.065212,-4055869.797834,34120.000000,0,false,
SAT_P3_S4,-2679900.804489,-5070155.407471,-3886734.793637,34160.000000,0,false,
SAT_P3_S4,-2553100.542169,-5264250.468389,-3710131.347958,34200.000000,0,false,
SAT_P3_S4,-2422533.979874,-5449051.746891,-3526397.571625,34240.000000,0,false,
SAT_P3_S4,-2288394.251906,-5624226.225713,-3335885.396888,34280.000000,0,false,
SAT_P3_S4,-2150879.507494,-5789457.986209,-3138959.911477,34320.000000,0,false,
SAT_P3_S4,-2010192.640983,-5944448.804286,-2935998.668726,34360.000000,0,false,
SAT_P3_S4,-1866541.026993,-6088918.751831,-2727390.988816,34400.000000,0,false,
SAT_P3_S4,-1720136.237080,-6222606.735154,-2513537.217677,34440.000000,0,false,
SAT_P3_S4,-1571193.732535,-6345270.957077,-2294847.937928,34480.000000,0,false,
SAT_P3_S4,-1419932.577559,-6456689.414179,-2071743.195625,34520.000000,0,false,
SAT_P3_S4,-1266575.134343,-6556660.329048,-1844651.688906,34560.000000,0,false,
SAT_P3_S4,-1111346.751746,-6645002.529201,-1614009.935766,34600.000000,0,false,
SAT_P3_S4,-954475.448447,-6721555.781671,-1380261.423906,34640.000000,0,false,
SAT_P3_S4,-796191.597497,-6786181.112529,-1143855.753640,34680.000000,0,false,
SAT_P3_S4,-636727.615467,-6838761.118393,-905247.778679,34720.000000,0,false,
SAT_P3_S4,-476317.627949,-6879200.137014,-664896.706015,34760.000000,0,false,
SAT_P3_S4,-315197.148938,-6907424.454893,-423265.210007,34800.000000,0,false,
SAT_P3_S4,-153602.754335,-6923382.470899,-180818.532982,34840.000000,0,false,
SAT_P3_S4,8228.248457,-6927044.805808,61976.423400,34880.000000,0,false,
SAT_P3_S4,170058.152707,-6918404.352150,304652.011280,34920.000000,0,false,
SAT_P3_S4,331649.187327,-6897476.292672,546740.754331,34960.000000,0,false,
SAT_P3_S4,492763.854293,-6864298.119487,787776.269340,35000.000000,0,false,
SAT_P3_S4,653165.266119,-6818929.571136,1027294.185762,35040.000000,0,false,
SAT_P3_S4,812617.484077,-6761452.471341,1264833.061016,35080.000000,0,false,
SAT_P3_S4,970885.856197,-6691970.612143,1499935.292751,35120.000000,0,false,
SAT_P3_S4,1127737.355083,-6610609.554917,1732148.023555,35160.000000,0,false,
SAT_P3_S4,1282940.909029,-6517516.373747,1961024.028810,35200.000000,0,false,
SAT_P3_S4,1436267.728637,-6412859.350401,2186122.589244,35240.000000,0,false,
SAT_P3_S4,1587491.632692,-6296827.652964,2407010.353042,35280.000000,0,false,
SAT_P3_S4,1736389.372659,-6169631.007881,2623262.186697,35320.000000,0,false,
SAT_P3_S4,1882740.934658,-6031499.230139,2834461.980600,35360.000000,0,false,
SAT_P3_S4,2026329.847349,-5882681.797029,3040203.452279,35400.000000,0,false,
SAT_P3_S4,2166943.484048,-5723447.381169,3240090.929104,35440.000000,0,false,
SAT_P3_S4,2304373.355118,-5554083.338249,3433740.103594,35480.000000,0,false,
SAT_P3_S4,2438415.388187,-5374895.148638,3620778.756405,35520.000000,0,false,
SAT_P3_S4,2568870.205575,-5186205.837581,3800847.460409,35560.000000,0,false,
SAT_P3_S4,2695543.408376,-4988355.402651,3973600.280426,35600.000000,0,false,
SAT_P3_S4,2818245.842024,-4781700.182411,4138705.428580,35640.000000,0,false,
SAT_P3_S4,2936793.840739,-4566612.152925,4295845.868290,35680.000000,0,false,
SAT_P3_S4,3051009.490874,-4343478.273036,4444719.930903,35720.000000,0,false,
SAT_P3_S4,3160720.879152,-4112699.771439,4585041.888330,35760.000000,0,false,
SAT_P3_S4,3265762.325811,-3874691.403282,4716542.483716,35800.000000,0,false,
SAT_P3_S4,3365974.608182,-3629880.680596,4838969.426577,35840.000000,0,false,
SAT_P3_S4,3461205.188765,-3378707.097644,4952087.872210,35880.000000,0,false,
SAT_P3_S4,3551308.451073,-3121621.358634,5055680.890119,35920.000000,0,false,
SAT_P3_S4,3636145.876547,-2859084.519085,5149549.824213,35960.000000,0,false,
SAT_P3_S4,3715586.255349,-2591567.164912,5233514.678872,36000.000000,0,false,
SAT_P2_S3,-4599996.322723,4387934.992262,-2754113.764060,0.000000,0,false,
SAT_P2_S3,-4655394.130087,4190268.020388,-2961076.722156,40.000000,0,false,
SAT_P2_S3,-4703079.399184,3984901.353441,-3162345.138467,80.000000,0,false,
SAT_P2_S3,-4743006.540697,3772183.286629,-3357533.025970,120.000000,0,false,
SAT_P2_S3,-4775142.744990,3552475.791416,-3546266.231025,160.000000,0,false,
SAT_P2_S3,-4799467.952879,3326153.884305,-3728183.142451,200.000000,0,false,
SAT_P2_S3,-4815974.805146,3093604.973459,-3902935.373907,240.000000,0,false,
SAT_P2_S3,-4824668.555804,2855228.172634,-4070188.406866,280.000000,0,false,
SAT_P2_S3,-4825566.970449,2611433.598673,-4229622.209117,320.000000,0,false,
SAT_P2_S3,-4818700.232422,2362641.670607,-4380931.845032,360.000000,0,false,
SAT_P2_S3,-4804110.822083,2109282.386883,-4523828.049321,400.000000,0,false,
SAT_P2_S3,-4781853.321596,1851794.542755,-4658037.727406,440.000000,0,false,
SAT_P2_S3,-4751994.275104,1590624.988548,-4783304.479938,480.000000,0,false,
SAT_P2_S3,-4714612.004755,1326227.848612,-4899389.077534,520.000000,0,false,
SAT_P2_S3,-4669796.402780,1059063.728744,-5006069.893347,560.000000,0,false,
SAT_P2_S3,-4617648.701131,789598.910279,-5103143.295631,600.000000,0,false,
SAT_P2_S3,-4558281.240589,518304.538679,-5190424.021694,640.000000,0,false,
SAT_P2_S3,-4491817.251789,245655.812423,-5267745.544869,680.000000,0,false,
SAT_P2_S3,-4418390.556508,-27868.852862,-5334960.337674,720.000000,0,false,
SAT_P2_S3,-4338145.292520,-301788.654400,-5391940.137864,760.000000,0,false,
SAT_P2_S3,-4251235.635856,-575621.234287,-5438576.190330,800.000000,0,false,
SAT_P2_S3,-4157825.499841,-848883.516745,-5474779.441445,840.000000,0,false,
SAT_P2_S3,-4058088.213026,-1121092.544585,-5500480.684685,880.000000,0,false,
SAT_P2_S3,-3952206.191417,-1391766.316844,-5515630.677056,920.000000,0,false,
SAT_P2_S3,-3840370.625391,-1660424.628283,-5520200.251400,960.000000,0,false,
SAT_P2_S3,-3722781.151130,-1926589.906187,-5514180.385375,1000.000000,0,false,
SAT_P2_S3,-3599645.462224,-2189788.043331,-5497582.172188,1040.000000,0,false,
SAT_P2_S3,-3471178.978394,-2449549.231957,-5470436.838204,1080.000000,0,false,
SAT_P2_S3,-3337604.479157,-2705408.798637,-5432795.694791,1120.000000,0,false,
SAT_P2_S3,-3199151.721480,-2956908.024207,-5384730.040003,1160.000000,0,false,
SAT_P2_S3,-3056057.059040,-3203594.963986,-5326331.039048,1200.000000,0,false,
SAT_P2_S3,-2908563.054435,-3445025.263613,-5257709.571127,1240.000000,0,false,
SAT_P2_S3,-2756918.081290,-3680762.961079,-5178996.034349,1280.000000,0,false,
SAT_P2_S3,-2601375.912476,-3910381.268229,-5090340.101127,1320.000000,0,false,
SAT_P2_S3,-2442195.306682,-4133463.345087,-4991910.446198,1360.000000,0,false,
SAT_P2_S3,-2279639.606253,-4349603.080261,-4883894.469934,1400.000000,0,false,
SAT_P2_S3,-2113976.315862,-4558405.834901,-4766497.958908,1440.000000,0,false,
SAT_P2_S3,-1945476.660769,-4759489.151657,-4639944.683520,1480.000000,0,false,
SAT_P2_S3,-1774415.172964,-4952483.483674,-4504476.019345,1520.000000,0,false,
SAT_P2_S3,-1601069.259877,-5137032.895071,-4360350.512747,1560.000000,0,false,
SAT_P2_S3,-1425718.768519,-5312795.728356,-4207843.405150,1600.000000,0,false,
SAT_P2_S3,-1248645.545731,-5479445.248380,-4047246.121874,1640.000000,0,false,
SAT_P2_S3,-1070133.001805,-5636670.286035,-3878865.745620,1680.000000,0,false,
SAT_P2_S3,-890465.528124,-5784176.004854,-3703024.344428,1720.000000,0,false,
SAT_P2_S3,-709928.190294,-5921684.296911,-3520058.452990,1760.000000,0,false,
SAT_P2_S3,-528806.447484,-6048934.257571,-3330318.608762,1800.000000,0,false,
SAT_P2_S3,-347385.556436,-6165682.841664,-3134168.559891,1840.000000,0,false,
SAT_P2_S3,-165950.130080,-6271705.352975,-2931984.572727,1880.000000,0,false,
SAT_P2_S3,15216.302038,-6366795.892906,-2724154.708320,1920.000000,0,false,
SAT_P2_S3,195831.729495,-6450767.794935,-2511078.082902,1960.000000,0,false,
SAT_P2_S3,375616.090585,-6523454.059157,-2293164.121892,2000.000000,0,false,
SAT_P2_S3,554291.699700,-6584707.665690,-2070831.752757,2040.000000,0,false,
SAT_P2_S3,731583.667678,-6634401.900110,-1844508.600645,2080.000000,0,false,
SAT_P2_S3,907220.317442,-6672430.657397,-1614630.170502,2120.000000,0,false,
SAT_P2_S3,1080933.594324,-6698708.693827,-1381639.004751,2160.000000,0,false,
SAT_P2_S3,1252459.466417,-6713171.822616,-1145983.821864,2200.000000,0,false,
SAT_P2_S3,1421538.320161,-6715777.078023,-908118.641020,2240.000000,0,false,
SAT_P2_S3,1587915.356064,-6706502.879874,-668501.900624,2280.000000,0,false,
SAT_P2_S3,1751340.973972,-6685349.145117,-427595.562489,2320.000000,0,false,
SAT_P2_S3,1911571.136248,-6652337.271227,-185864.187656,2360.000000,0,false,
SAT_P2_S3,2068367.738692,-6607510.185019,56225.973662,2400.000000,0,false,
SAT_P2_S3,2221498.965961,-6550932.304462,298207.910500,2440.000000,0,false,
SAT_P2_S3,2370739.628557,-6482689.445636,539614.778876,2480.000000,0,false,
SAT_P2_S3,2515871.482823,-6402888.675846,779980.828831,2520.000000,0,false,
SAT_P2_S3,2656683.543328,-6311658.143129,1018842.329996,2560.000000,0,false,
SAT_P2_S3,2792972.391582,-6209146.899748,1255738.493603,2600.000000,0,false,
SAT_P2_S3,2924542.435243,-6095524.593437,1490212.377601,2640.000000,0,false,
SAT_P2_S3,3051206.168937,-5970981.169552,1721811.785062,2680.000000,0,false,
SAT_P2_S3,3172784.424299,-5835726.549457,1950090.152335,2720.000000,0,false,
SAT_P2_S3,3289106.597693,-5689990.256183,2174607.421416,2760.000000,0,false,
SAT_P2_S3,3400010.853018,-5534020.988617,2394930.891127,2800.000000,0,false,
SAT_P2_S3,3505344.312762,-5368086.167525,2610636.054117,2840.000000,0,false,
SAT_P2_S3,3604963.252756,-5192471.484098,2821307.427863,2880.000000,0,false,
SAT_P2_S3,3698733.275724,-5007480.405802,3026539.363056,2920.000000,0,false,
SAT_P2_S3,3786529.431423,-4813433.572269,3225936.809202,2960.000000,0,false,
SAT_P2_S3,3868236.371555,-4610668.258402,3419116.088389,3000.000000,0,false,
SAT_P2_S3,3943748.472430,-4399537.765164,3605705.638760,3040.000000,0,false,
SAT_P2_S3,4012969.934415,-4180410.776013,3785346.724835,3080.000000,0,false,
SAT_P2_S3,4075814.860269,-3953670.678251,3957694.116447,3120.000000,0,false,
SAT_P2_S3,4132207.330431,-3719714.871018,4122416.751445,3160.000000,0,false,
SAT_P2_S3,4182081.484852,-3478954.073495,4279198.389772,3200.000000,0,false,
SAT_P2_S3,4225381.532507,-3231811.547883,4427738.184036,3240.000000,0,false,
SAT_P2_S3,4262061.776788,-2978722.335259,4567751.247284,3280.000000,0,false,
SAT_P2_S3,4292086.634595,-2720132.479596,4698969.197354,3320.000000,0,false,
SAT_P2_S3,4315430.630140,-2456498.222381,4821140.658239,3360.000000,0,false,
SAT_P2_S3,4332078.362673,-2188285.174002,4934031.714727,3400.000000,0,false,
SAT_P2_S3,4342024.464417,-1915967.472361,5037426.337583,3440.000000,0,false,
SAT_P2_S3,4345273.569204,-1640026.943825,5131126.801097,3480.000000,0,false,
SAT_P2_S3,4341840.259765,-1360952.248203,5214954.056869,3520.000000,0,true,Paris
SAT_P2_S3,4331748.949753,-1079237.977285,5288748.015025,3560.000000,0,true,Paris
SAT_P2_S3,4315033.819362,-795383.789675,5352367.862296,3600.000000,0,true,Paris
SAT_P2_S3,4291738.713294,-509893.516876,5405692.317797,3640.000000,0,true,Paris
SAT_P2_S3,4261917.019862,-223274.265729,5448619.842889,3680.000000,0,true,Paris
SAT_P2_S3,4225631.532707,63964.484584,5481068.807258,3720.000000,0,true,Paris
SAT_P2_S3,4182954.315228,351311.785934,5502977.635784,3760.000000,0,true,Paris
SAT_P2_S3,4133966.579188,638256.120773,5514304.949986,3800.000000,0,true,Paris
SAT_P2_S3,4078758.493713,924286.311764,5515029.598017,3840.000000,0,true,Paris
SAT_P2_S3,4017429.018556,1208892.424397,5505150.691074,3880.000000,0,true,Paris
SAT_P2_S3,3950085.737404,1491566.668791,5484687.616104,3920.000000,0,true,Paris
SAT_P2_S3,3876844.671526,1771804.300971,5453679.999161,3960.000000,0,true,Paris
SAT_P2_S3,3797830.074693,2049104.515043,5412187.618667,4000.000000,0,false,
SAT_P2_S3,3713174.222954,2322971.332965,5360290.287954,4040.000000,0,false,
SAT_P2_S3,3623017.217636,2592914.498341,5298087.732385,4080.000000,0,false,
SAT_P2_S3,3527506.772925,2858450.359336,5225699.420642,4120.000000,0,false,
SAT_P2_S3,3426797.946824,3119102.723514,5143264.293361,4160.000000,0,false,
SAT_P2_S3,3321052.923949,3374403.726460,5050940.539376,4200.000000,0,false,
SAT_P2_S3,3210440.765407,3623894.682213,4948905.302998,4240.000000,0,false,
SAT_P2_S3,3095137.146842,3867126.910794,4837354.348776,4280.000000,0,false,
SAT_P2_S3,2975324.084518,4103662.545087,4716501.684708,4320.000000,0,false,
SAT_P2_S3,2851189.664332,4333075.331424,4586579.166979,4360.000000,0,false,
SAT_P2_S3,2722927.782835,4554951.430674,4447836.099725,4400.000000,0,false,
SAT_P2_S3,2590737.838375,4768890.150624,4300538.734614,4440.000000,0,false,
SAT_P2_S3,2454824.441133,4974504.684748,4144969.777025,4480.000000,0,false,
SAT_P2_S3,2315397.123408,5171422.839575,3981427.870628,4520.000000,0,false,
SAT_P2_S3,2172670.036158,5359287.730988,3810227.038622,4560.000000,0,false,
SAT_P2_S3,2026861.634638,5537758.441176,3631696.084939,4600.000000,0,false,
SAT_P2_S3,1878194.359843,5706510.655933,3446177.968590,4640.000000,0,false,
SAT_P2_S3,1726894.326066,5865237.306394,3254029.169223,4680.000000,0,false,
SAT_P2_S3,1573190.999578,6013649.171442,3055619.017211,4720.000000,0,false,
SAT_P2_S3,1417316.845009,6151475.381722,2851328.949596,4760.000000,0,false,
SAT_P2_S3,1259507.001106,6278463.976054,2641551.798478,4800.000000,0,false,
SAT_P2_S3,1099998.936679,6394382.386319,2426691.027881,4840.000000,0,false,
SAT_P2_S3,939032.103347,6499017.874865,2207159.946256,4880.000000,0,false,
SAT_P2_S3,776847.589021,6592177.946314,1983380.904418,4920.000000,0,false,
SAT_P2_S3,613687.771055,6673690.728029,1755784.477668,4960.000000,0,false,
SAT_P2_S3,449795.966818,6743405.289470,1524808.625689,5000.000000,0,false,
SAT_P2_S3,285416.083622,6801191.917068,1290897.836778,5040.000000,0,false,
SAT_P2_S3,120792.272472,6846942.375773,1054502.267750,5080.000000,0,false,
SAT_P2_S3,-43831.411864,6880570.166056,816076.884375,5120.000000,0,false,
SAT_P2_S3,-208211.363695,6902010.636188,576080.558972,5160.000000,0,false,
SAT_P2_S3,-372104.767500,6911221.134295,334975.184769,5200.000000,0,false,
SAT_P2_S3,-535269.941480,6908181.116364,93224.776877,5240.000000,0,false,
SAT_P2_S3,-697466.680368,6892892.198799,-148705.435724,5280.000000,0,false,
SAT_P2_S3,-858456.593847,6865378.150885,-390349.921084,5320.000000,0,false,
SAT_P2_S3,-1018003.444344,6825684.853974,-631243.758592,5360.000000,0,false,
SAT_P2_S3,-1175873.486924,6773880.258484,-870923.556310,5400.000000,0,false,
SAT_P2_S3,-1331835.800006,6710054.260996,-1108928.363128,5440.000000,0,false,
SAT_P2_S3,-1485662.605020,6634318.482963,-1344800.572400,5480.000000,0,false,
SAT_P2_S3,-1637129.589965,6546806.092842,-1578086.822263,5520.000000,0,false,
SAT_P2_S3,-1786016.222640,6447671.549882,-1808338.884135,5560.000000,0,false,
SAT_P2_S3,-1932106.051312,6337090.292797,-2035114.532856,5600.000000,0,false,
SAT_P2_S3,-2075186.995769,6215258.382891,-2257978.399897,5640.000000,0,false,
SAT_P2_S3,-2215051.635418,6082392.134298,-2476502.814520,5680.000000,0,false,
SAT_P2_S3,-2351497.495156,5938727.742258,-2690268.632633,5720.000000,0,false,
SAT_P2_S3,-2484327.298190,5784520.771853,-2898866.022551,5760.000000,0,false,
SAT_P2_S3,-2613349.227695,5620045.692323,-3101895.246564,5800.000000,0,false,
SAT_P2_S3,-2738377.180515,5445595.372877,-3298967.423012,5840.000000,0,false,
SAT_P2_S3,-2859231.007829,5261480.534473,-3489705.261268,5880.000000,0,false,
SAT_P2_S3,-2975736.739502,5068029.157895,-3673743.763884,5920.000000,0,false,
SAT_P2_S3,-3087726.803784,4865585.870246,-3850730.909223,5960.000000,0,false,
SAT_P2_S3,-3195040.254467,4654511.336118,-4020328.329061,6000.000000,0,false,
SAT_P2_S3,-3297522.973972,4435181.595023,-4182211.941222,6040.000000,0,false,
SAT_P2_S3,-3395027.846233,4207987.330387,-4336072.527811,6080.000000,0,false,
SAT_P2_S3,-3487414.953675,3973333.183907,-4481616.326364,6120.000000,0,false,
SAT_P2_S3,-3574551.751791,3731637.017405,-4618565.575062,6160.000000,0,false,
SAT_P2_S3,-3656313.225456,3483329.147645,-4746659.015891,6200.000000,0,false,
SAT_P2_S3,-3732582.032495,3228851.558434,-4865652.361972,6240.000000,0,false,
SAT_P2_S3,-3803248.650234,2968657.110208,-4975318.748826,6280.000000,0,false,
SAT_P2_S3,-3868211.529098,2703208.754750,-5075449.174682,6320.000000,0,false,
SAT_P2_S3,-3927377.183096,2432978.671908,-5165852.838283,6360.000000,0,false,
SAT_P2_S3,-3980660.310605,2158447.440705,-5246357.494629,6400.000000,0,false,
SAT_P2_S3,-4027983.903984,1880103.191554,-5316809.775171,6440.000000,0,false,
SAT_P2_S3,-4069279.342124,1598440.740842,-5377075.464078,6480.000000,0,false,
SAT_P2_S3,-4104486.463523,1313960.712127,-5427039.726781,6520.000000,0,false,
SAT_P2_S3,-4133553.635485,1027168.651020,-5466607.311301,6560.000000,0,false,
SAT_P2_S3,-4156437.836949,738574.143472,-5495702.745652,6600.000000,0,false,
SAT_P2_S3,-4173104.712273,448689.921268,-5514270.474078,6640.000000,0,false,
SAT_P2_S3,-4183528.586670,158030.949424,-5522274.918938,6680.000000,0,false,
SAT_P2_S3,-4187692.520350,-132886.465988,-5519700.571667,6720.000000,0,false,
SAT_P2_S3,-4185588.335634,-423545.583377,-5506552.024069,6760.000000,0,false,
SAT_P2_S3,-4177216.626564,-713430.128131,-5482853.953250,6800.000000,0,false,
SAT_P2_S3,-4162586.754602,-1002025.194215,-5448651.064754,6840.000000,0,false,
SAT_P2_S3,-4141716.866439,-1288818.145515,-5404008.041233,6880.000000,0,false,
SAT_P2_S3,-4114633.880676,-1573299.511843,-5349009.426910,6920.000000,0,false,
SAT_P2_S3,-4081373.461095,-1854963.882763,-5283759.471279,6960.000000,0,false,
SAT_P2_S3,-4041979.998634,-2133310.801286,-5208381.961262,7000.000000,0,false,
SAT_P2_S3,-3996506.566123,-2407845.643928,-5123019.995497,7040.000000,0,false,
SAT_P2_S3,-3945014.862145,-2678080.493966,-5027835.722485,7080.000000,0,false,
SAT_P2_S3,-3887575.161563,-2943535.016834,-4923010.065600,7120.000000,0,false,
SAT_P2_S3,-3824266.268035,-3203737.332385,-4808742.429290,7160.000000,0,false,
SAT_P2_S3,-3755175.391079,-3458224.837027,-4685250.287971,7200.000000,0,false,
SAT_P2_S3,-3680398.072055,-3706545.046669,-4552768.817657,7240.000000,0,false,
SAT_P2_S3,-3600038.082474,-3948256.417450,-4411550.472319,7280.000000,0,false,
SAT_P2_S3,-3514207.306426,-4182929.142172,-4261864.521165,7320.000000,0,false,
SAT_P2_S3,-3423025.604760,-4410145.919279,-4103996.544549,7360.000000,0,false,
SAT_P2_S3,-3326620.676217,-4629502.710286,-3938247.907906,7400.000000,0,false,
SAT_P2_S3,-3225127.930552,-4840609.500068,-3764935.232441,7440.000000,0,false,
SAT_P2_S3,-3118690.320884,-5043090.999912,-3584389.798542,7480.000000,0,false,
SAT_P2_S3,-3007458.160199,-5236587.323265,-3396956.913397,7520.000000,0,false,
SAT_P2_S3,-2891588.957375,-5420754.669979,-3202995.286656,7560.000000,0,false,
SAT_P2_S3,-2771247.227104,-5595265.973703,-3002876.358484,7600.000000,0,false,
SAT_P2_S3,-2646604.282918,-5759811.505256,-2796983.594595,7640.000000,0,false,
SAT_P2_S3,-2517838.027821,-5914099.434587,-2585711.768356,7680.000000,0,false,
SAT_P2_S3,-2385132.882304,-6057856.261829,-2369466.426204,7720.000000,0,false,
SAT_P2_S3,-2248679.288052,-6190827.617918,-2148662.736563,7760.000000,0,false,
SAT_P2_S3,-2108673.498988,-6312778.673372,-1923724.750695,7800.000000,0,false,
SAT_P2_S3,-1965317.380855,-6423494.537647,-1695084.666543,7840.000000,0,false,
SAT_P2_S3,-1818818.135588,-6522780.652836,-1463181.985064,7880.000000,0,false,
SAT_P2_S3,-1669388.015881,-6610463.147948,-1228462.650399,7920.000000,0,false,
SAT_P2_S3,-1517244.039733,-6686389.181993,-991378.183872,7960.000000,0,false,
SAT_P2_S3,-1362607.703133,-6750427.262761,-752384.811566,8000.000000,0,false,
SAT_P2_S3,-1205704.654310,-6802467.423803,-511942.555373,8040.000000,0,false,
SAT_P2_S3,-1046764.392031,-6842421.460244,-270514.343130,8080.000000,0,false,
SAT_P2_S3,-886019.946451,-6870223.097759,-28565.100815,8120.000000,0,false,
SAT_P2_S3,-723707.553137,-6885828.109813,213439.159073,8160.000000,0,false,
SAT_P2_S3,-560066.318807,-6889214.378192,455032.252447,8200.000000,0,false,
SAT_P2_S3,-395337.882336,-6880381.928761,695748.741344,8240.000000,0,false,
SAT_P2_S3,-229766.075256,-6859352.970962,935124.853415,8280.000000,0,false,
SAT_P2_S3,-63596.568537,-6826171.821287,1172699.396913,8320.000000,0,false,
SAT_P2_S3,102923.486746,-6780904.783068,1408014.671947,8360.000000,0,false,
SAT_P2_S3,269545.816800,-6723640.037528,1640617.377109,8400.000000,0,false,
SAT_P2_S3,436021.391117,-6654487.461754,1870059.507554,8440.000000,0,false,
SAT_P2_S3,602100.788546,-6573578.386480,2095899.234708,8480.000000,0,false,
SAT_P2_S3,767534.565236,-6481065.310893,2317701.771395,8520.000000,0,false,
SAT_P2_S3,932073.625129,-6377121.606332,2535040.228232,8560.000000,0,false,
SAT_P2_S3,1095469.590000,-6261941.197604,2747496.454846,8600.000000,0,false,
SAT_P2_S3,1257475.161315,-6135738.098241,2954661.830879,8640.000000,0,false,
SAT_P2_S3,1417844.486178,-5998746.015162,3156138.062896,8680.000000,0,false,
SAT_P2_S3,1576333.520376,-5851217.887222,3351537.952645,8720.000000,0,false,
SAT_P2_S3,1732700.385044,-5693425.381995,3540486.135016,8760.000000,0,false,
SAT_P2_S3,1886705.716590,-5525658.347701,3722619.783529,8800.000000,0,false,
SAT_P2_S3,2038113.016333,-5348224.249147,3897589.297788,8840.000000,0,false,
SAT_P2_S3,2186689.004739,-5161447.614228,4065058.985564,8880.000000,0,false,
SAT_P2_S3,2332203.956146,-4965669.391452,4224707.682609,8920.000000,0,false,
SAT_P2_S3,2474432.030001,-4761246.280898,4376229.344512,8960.000000,0,false,
SAT_P2_S3,2613151.608265,-4548550.087039,4519333.635040,9000.000000,0,false,
SAT_P2_S3,2748145.624367,-4327967.022096,4653746.472602,9040.000000,0,false,
SAT_P2_S3,2879201.879333,-4099896.976814,4779210.532633,9080.000000,0,false,
SAT_P2_S3,3006113.353245,-3864752.769570,4895485.717923,9120.000000,0,false,
SAT_P2_S3,3128678.523923,-3622959.396269,5002349.617205,9160.000000,0,false,
SAT_P2_S3,3246701.686784,-3374953.274489,5099597.942199,9200.000000,0,false,
SAT_P2_S3,3359993.226461,-3121181.395393,5187044.856278,9240.000000,0,false,
SAT_P2_S3,3468369.923902,-2862100.533308,5264523.340988,9280.000000,0,false,
SAT_P2_S3,3571655.246621,-2598176.414545,5331885.507657,9320.000000,0,false,
SAT_P2_S3,3669679.625856,-2329882.870095,5389002.864996,9360.000000,0,false,
SAT_P2_S3,3762280.718221,-2057700.970652,5435766.539053,9400.000000,0,false,
SAT_P2_S3,3849303.667058,-1782118.156354,5472087.468696,9440.000000,0,false,
SAT_P2_S3,3930601.376692,-1503627.373345,5497896.597356,9480.000000,0,false,
SAT_P2_S3,4006034.741208,-1222726.179129,5513144.974697,9520.000000,0,true,Paris
SAT_P2_S3,4075472.863702,-939915.842012,5517803.821616,9560.000000,0,true,Paris
SAT_P2_S3,4138793.291930,-655700.455801,5511864.598397,9600.000000,0,true,Paris
SAT_P2_S3,4195882.230972,-370586.041384,5495339.016702,9640.000000,0,true,Paris
SAT_P2_S3,4246634.734925,-85079.647951,5468259.001396,9680.000000,0,true,Paris
SAT_P2_S3,4290954.888671,200311.545162,5430676.616683,9720.000000,0,true,Paris
SAT_P2_S3,4328755.998552,485081.121177,5382663.982339,9760.000000,0,true,Paris
SAT_P2_S3,4359960.784159,768724.312292,5324313.170054,9800.000000,0,true,Paris
SAT_P2_S3,4384501.494885,1050738.895593,5255735.976063,9840.000000,0,true,Paris
SAT_P2_S3,4402320.080805,1330626.070553,5177063.746890,9880.000000,0,true,Paris
SAT_P2_S3,4413368.335338,1607891.340839,5088447.143895,9920.000000,0,true,Paris
SAT_P2_S3,4417608.020429,1882045.385588,4990055.866147,9960.000000,0,true,Paris
SAT_P2_S3,4415010.970546,2152604.919252,4882078.327790,10000.000000,0,false,
SAT_P2_S3,4405559.194132,2419093.547349,4764721.311602,10040.000000,0,false,
SAT_P2_S3,4389244.989378,2681042.623678,4638209.618486,10080.000000,0,false,
SAT_P2_S3,4366071.002310,2937992.075765,4502785.633741,10120.000000,0,false,
SAT_P2_S3,4336050.270287,3189491.217026,4358708.859356,10160.000000,0,false,
SAT_P2_S3,4299206.283732,3435099.557609,4206255.449939,10200.000000,0,false,
SAT_P2_S3,4255573.015902,3674387.592563,4045717.696935,10240.000000,0,false,
SAT_P2_S3,4205194.926904,3906937.560270,3877403.471837,10280.000000,0,false,
SAT_P2_S3,4148126.952170,4132344.180868,3701635.638819,10320.000000,0,false,
SAT_P2_S3,4084434.494882,4350215.389520,3518751.456621,10360.000000,0,false,
SAT_P2_S3,4014193.414680,4560173.055517,3329101.963362,10400.000000,0,false,
SAT_P2_S3,3937489.931998,4761853.620872,3133051.267099,10440.000000,0,false,
SAT_P2_S3,3854420.583873,4954908.768844,2930975.875361,10480.000000,0,false,
SAT_P2_S3,3765092.142690,5139006.054060,2723263.976121,10520.000000,0,false,
SAT_P2_S3,3669621.509498,5313829.489964,2510314.688738,10560.000000,0,false,
SAT_P2_S3,3568135.593870,5479080.114418,2292537.293152,10600.000000,0,false,
SAT_P2_S3,3460771.178689,5634476.524629,2070350.439324,10640.000000,0,false,
SAT_P2_S3,3347674.766687,5779755.381859,1844181.334553,10680.000000,0,false,
SAT_P2_S3,3229002.408714,5914671.879789,1614464.912208,10720.000000,0,false,
SAT_P2_S3,3104919.504202,6039000.158571,1381642.978600,10760.000000,0,false,
SAT_P2_S3,2975600.588091,6152533.689344,1146163.347552,10800.000000,0,false,
SAT_P2_S3,2841229.119653,6255085.654654,908478.972593,10840.000000,0,false,
SAT_P2_S3,2701997.243496,6346489.266652,669047.064083,10880.000000,0,false,
SAT_P2_S3,2558105.506067,6426597.996057,428328.183407,10920.000000,0,false,
SAT_P2_S3,2409762.600156,6495285.838252,186785.353934,10960.000000,0,false,
SAT_P2_S3,2257185.077469,6552447.514249,-55116.843926,11000.000000,0,false,
SAT_P2_S3,2100597.043612,6597998.617857,-296913.178250,11040.000000,0,false,
SAT_P2_S3,1940229.836574,6631875.717096,-538138.672636,11080.000000,0,false,
SAT_P2_S3,1776321.700354,6654036.441271,-778329.513253,11120.000000,0,false,
SAT_P2_S3,1609117.459212,6664459.565283,-1017023.954044,11160.000000,0,false,
SAT_P2_S3,1438868.141090,6663144.947871,-1253763.217723,11200.000000,0,false,
SAT_P2_S3,1265830.614817,6650113.502661,-1488092.391100,11240.000000,0,false,
SAT_P2_S3,1090267.213629,6625407.129099,-1719561.315351,11280.000000,0,false,
SAT_P2_S3,912445.342736,6589088.586957,-1947725.464838,11320.000000,0,false,
SAT_P2_S3,732637.074542,6541241.314026,-2172146.807963,11360.000000,0,false,
SAT_P2_S3,551118.735277,6481969.212545,-2392394.655639,11400.000000,0,false,
SAT_P2_S3,368170.489115,6411396.435057,-2608046.503395,11440.000000,0,false,
SAT_P2_S3,184075.911920,6329667.106813,-2818688.846095,11480.000000,0,false,
SAT_P2_S3,-878.451743,6236944.953900,-3023917.956283,11520.000000,0,false,
SAT_P2_S3,-186403.522695,6133412.983168,-3223340.663598,11560.000000,0,false,
SAT_P2_S3,-372208.133886,6019273.095591,-3416575.104590,11600.000000,0,false,
SAT_P2_S3,-557999.479159,5894745.655356,-3603251.439458,11640.000000,0,false,
SAT_P2_S3,-743483.565666,5760069.021604,-3783012.540103,11680.000000,0,false,
SAT_P2_S3,-928365.669973,5615499.073194,-3955514.663871,11720.000000,0,false,
SAT_P2_S3,-1112350.796575,5461308.739036,-4120428.117666,11760.000000,0,false,
SAT_P2_S3,-1295144.135451,5297787.403481,-4277437.842409,11800.000000,0,false,
SAT_P2_S3,-1476451.522098,5125240.352869,-4426244.003628,11840.000000,0,false,
SAT_P2_S3,-1655979.899708,4943988.195622,-4566562.554185,11880.000000,0,false,
SAT_P2_S3,-1833437.779570,4754366.244926,-4698125.757741,11920.000000,0,false,
SAT_P2_S3,-2008535.695843,4556723.867267,-4820682.668710,11960.000000,0,false,
SAT_P2_S3,-2180986.660915,4351423.816102,-4933999.585656,12000.000000,0,false,
SAT_P2_S3,-2350506.627440,4138841.574641,-5037860.497879,12040.000000,0,false,
SAT_P2_S3,-2516814.940535,3919364.662619,-5132067.480530,12080.000000,0,false,
SAT_P2_S3,-2679634.774373,3693391.882647,-5216441.016837,12120.000000,0,false,
SAT_P2_S3,-2838693.584314,3461332.617160,-5290820.345035,12160.000000,0,false,
SAT_P2_S3,-2993723.550643,3223606.083849,-5355063.750666,12200.000000,0,false,
SAT_P2_S3,-3144462.010508,2980640.574001,-5409048.813311,12240.000000,0,false,
SAT_P2_S3,-3290651.882460,2732872.675630,-5452672.613709,12280.000000,0,false,
SAT_P2_S3,-3432042.096247,2480746.497915,-5485851.925325,12320.000000,0,false,
SAT_P2_S3,-3568388.031864,2224712.904561,-5508523.399399,12360.000000,0,false,
SAT_P2_S3,-3699451.908067,1965228.687218,-5520643.634113,12400.000000,0,false,
SAT_P2_S3,-3825003.194132,1702755.767562,-5522189.264486,12440.000000,0,false,
SAT_P2_S3,-3944819.015731,1437760.390659,-5513157.017955,12480.000000,0,false,
SAT_P2_S3,-4058684.545537,1170712.307158,-5493563.722771,12520.000000,0,false,
SAT_P2_S3,-4166393.375107,902083.949304,-5463446.267549,12560.000000,0,false,
SAT_P2_S3,-4267747.882489,632349.605725,-5422861.532189,12600.000000,0,false,
SAT_P2_S3,-4362559.621820,361984.605850,-5371886.328006,12640.000000,0,false,
SAT_P2_S3,-4450649.648180,91464.487690,-5310617.227458,12680.000000,0,false,
SAT_P2_S3,-4531848.873896,-178735.824676,-5239170.414042,12720.000000,0,false,
SAT_P2_S3,-4605998.397837,-448142.843285,-5157681.477227,12760.000000,0,false,
SAT_P2_S3,-4672949.813208,-716285.335460,-5066305.160930,12800.000000,0,false,
SAT_P2_S3,-4732565.513572,-982695.140392,-4965215.088709,12840.000000,0,false,
SAT_P2_S3,-4784719.014634,-1246907.982803,-4854603.486310,12880.000000,0,false,
SAT_P2_S3,-4829295.219080,-1508464.277270,-4734680.821188,12920.000000,0,false,
SAT_P2_S3,-4866190.664672,-1766909.926312,-4605675.404888,12960.000000,0,false,
SAT_P2_S3,-4895313.792455,-2021797.112509,-4467833.001328,13000.000000,0,false,
SAT_P2_S3,-4916585.181363,-2272685.082556,-4321416.380590,13040.000000,0,false,
SAT_P2_S3,-4929937.753170,-2519140.911912,-4166704.830093,13080.000000,0,false,
SAT_P2_S3,-4935316.958788,-2760740.256728,-4003993.632969,13120.000000,0,false,
SAT_P2_S3,-4932680.967016,-2997068.102062,-3833593.533465,13160.000000,0,false,
SAT_P2_S3,-4922000.847547,-3227719.500005,-3655830.183986,13200.000000,0,false,
SAT_P2_S3,-4903260.657128,-3452300.253055,-3471043.495760,13240.000000,0,false,
SAT_P2_S3,-4876457.579587,-3670427.614529,-3279587.025933,13280.000000,0,false,
SAT_P2_S3,-4841602.024896,-3881730.962929,-3081827.316694,13320.000000,0,false,
SAT_P2_S3,-4798717.700145,-4085852.448399,-2878143.204042,13360.000000,0,false,
SAT_P2_S3,-4747841.648451,-4282447.608400,-2668925.094436,13400.000000,0,false,
SAT_P2_S3,-4689024.276634,-4471185.969836,-2454574.223012,13440.000000,0,false,
SAT_P2_S3,-4622329.391257,-4651751.652582,-2235501.906340,13480.000000,0,false,
SAT_P2_S3,-4547834.164926,-4823843.907182,-2012128.745055,13520.000000,0,false,
SAT_P2_S3,-4465629.075950,-4987177.624166,-1784883.803172,13560.000000,0,false,
SAT_P2_S3,-4375817.862464,-5141483.847381,-1554203.790370,13600.000000,0,false,
SAT_P2_S3,-4278517.432053,-5286510.243341,-1320532.212526,13640.000000,0,false,
SAT_P2_S3,-4173857.736363,-5422021.524033,-1084318.504698,13680.000000,0,false,
SAT_P2_S3,-4061981.619991,-5547799.836929,-846017.149605,13720.000000,0,false,
SAT_P2_S3,-3943044.663285,-5663645.145800,-606086.789135,13760.000000,0,false,
SAT_P2_S3,-3817215.012955,-5769375.591630,-364989.329808,13800.000000,0,false,
SAT_P2_S3,-3684673.119015,-5864827.729930,-123189.021919,13840.000000,0,false,
SAT_P2_S3,-3545611.514469,-5949856.816452,118848.448030,13880.000000,0,false,
SAT_P2_S3,-3400234.551337,-6024337.034019,360656.876378,13920.000000,0,false,
SAT_P2_S3,-3248758.109174,-6088161.672384,601770.460852,13960.000000,0,false,
SAT_P2_S3,-3091409.273689,-6141243.257296,841724.717086,14000.000000,0,false,
SAT_P2_S3,-2928426.001208,-6183513.656280,1080057.393334,14040.000000,0,false,
SAT_P2_S3,-2760056.784346,-6214924.185972,1316309.383039,14080.000000,0,false,
SAT_P2_S3,-2586560.264642,-6235445.621864,1550025.624882,14120.000000,0,false,
SAT_P2_S3,-2408204.823095,-6245068.168432,1780755.994222,14160.000000,0,false,
SAT_P2_S3,-2225268.179623,-6243801.441629,2008056.187531,14200.000000,0,false,
SAT_P2_S3,-2038036.959303,-6231674.391582,2231488.594366,14240.000000,0,false,
SAT_P2_S3,-1846806.236925,-6208735.172883,2450623.147531,14280.000000,0,false,
SAT_P2_S3,-1651879.064281,-6175050.979326,2665038.157005,14320.000000,0,false,
SAT_P2_S3,-1453565.991496,-6130707.873380,2874321.135989,14360.000000,0,false,
SAT_P2_S3,-1252184.580627,-6075810.600334,3078069.613234,14400.000000,0,false,
SAT_P2_S3,-1048058.867650,-6010482.263698,3275891.888567,14440.000000,0,false,
SAT_P2_S3,-841518.847333,-5934864.069845,3467407.799695,14480.000000,0,false,
SAT_P2_S3,-632899.932073,-5849115.010702,3652249.458426,14520.000000,0,false,
SAT_P2_S3,-422542.399439,-5753411.506185,3830061.954675,14560.000000,0,false,
SAT_P2_S3,-210790.828305,-5647947.003022,4000504.024923,14600.000000,0,false,
SAT_P2_S3,2006.472787,-5532931.556869,4163248.700435,14640.000000,0,false,
SAT_P2_S3,215498.040643,-5408591.422635,4317983.948920,14680.000000,0,false,
SAT_P2_S3,429329.842944,-5275168.560890,4464413.247587,14720.000000,0,false,
SAT_P2_S3,643145.869244,-5132920.115763,4602256.122288,14760.000000,0,false,
SAT_P2_S3,856588.720099,-4982117.915513,4731248.683342,14800.000000,0,false,
SAT_P2_S3,1069300.201573,-4823047.927975,4851144.114051,14840.000000,0,false,
SAT_P2_S3,1280921.917849,-4656009.683961,4961713.112648,14880.000000,0,false,
SAT_P2_S3,1491095.864551,-4481315.682213,5062744.300233,14920.000000,0,false,
SAT_P2_S3,1699465.024811,-4299290.801573,5154044.616348,14960.000000,0,false,
SAT_P2_S3,1905673.965635,-4110271.714000,5235439.694414,15000.000000,0,false,
SAT_P2_S3,2109369.425608,-3914606.198788,5306774.128033,15040.000000,0,false,
SAT_P2_S3,2310200.909853,-3712652.526271,5367911.777239,15080.000000,0,false,
SAT_P2_S3,2507821.286941,-3504778.801837,5418736.022627,15120.000000,0,false,
SAT_P2_S3,2701887.380077,-3291362.293160,5459149.977157,15160.000000,0,false,
SAT_P2_S3,2892060.550864,-3072788.737684,5489076.651339,15200.000000,0,false,
SAT_P2_S3,3078007.286939,-2849451.645347,5508459.095255,15240.000000,0,false,
SAT_P2_S3,3259399.803031,-2621751.611022,5517260.538883,15280.000000,0,false,
SAT_P2_S3,3435916.610180,-2390095.584541,5515464.442277,15320.000000,0,false,
SAT_P2_S3,3607243.077173,-2154896.129316,5503074.505240,15360.000000,0,false,
SAT_P2_S3,3773072.005160,-1916570.699769,5480114.682462,15400.000000,0,false,
SAT_P2_S3,3933104.182828,-1675540.897985,5446629.139039,15440.000000,0,false,
SAT_P2_S3,4087048.920483,-1432231.723439,5402682.155174,15480.000000,0,true,Paris
SAT_P2_S3,4234624.572138,-1187070.820047,5348357.993409,15520.000000,0,true,Paris
SAT_P2_S3,4375559.061259,-940487.730767,5283760.753429,15560.000000,0,true,Paris
SAT_P2_S3,4509590.403040,-692913.159363,5209014.206650,15600.000000,0,true,Paris
SAT_P2_S3,4636467.155730,-444778.203914,5124261.510279,15640.000000,0,true,Paris
SAT_P2_S3,4755948.913687,-196513.622953,5029664.970223,15680.000000,0,true,Paris
SAT_P2_S3,4867806.774249,51450.907394,4925405.746452,15720.000000,0,true,Paris
SAT_P2_S3,4971823.782411,298687.531008,4811683.517726,15760.000000,0,true,Paris
SAT_P2_S3,5067795.349539,544770.944536,4688716.102057,15800.000000,0,true,Paris
SAT_P2_S3,5155529.667555,789279.125908,4556739.054454,15840.000000,0,true,Paris
SAT_P2_S3,5234848.137933,1031794.058211,4416005.262012,15880.000000,0,true,Paris
SAT_P2_S3,5305585.733718,1271902.443900,4266784.458595,15920.000000,0,true,Paris
SAT_P2_S3,5367591.339309,1509196.411479,4109362.703660,15960.000000,0,false,
SAT_P2_S3,5420728.109200,1743274.214285,3944041.867203,16000.000000,0,false,
SAT_P2_S3,5464873.785265,1973740.919671,3771139.062471,16040.000000,0,false,
SAT_P2_S3,5499920.976983,2200209.078741,3590986.039902,16080.000000,0,false,
SAT_P2_S3,5525777.417068,2422299.382304,3403928.551209,16120.000000,0,false,
SAT_P2_S3,5542366.216357,2639641.310429,3210325.701891,16160.000000,0,false,
SAT_P2_S3,5549626.108625,2851873.770051,3010549.287952,16200.000000,0,false,
SAT_P2_S3,5547511.582784,3058645.684072,2804983.046999,16240.000000,0,false,
SAT_P2_S3,5535993.072939,3259616.591746,2594021.943772,16280.000000,0,false,
SAT_P2_S3,5515057.096182,3454457.223347,2378071.412115,16320.000000,0,false,
SAT_P2_S3,5484706.349089,3642850.045118,2157546.569612,16360.000000,0,false,
SAT_P2_S3,5444959.786501,3824489.788661,1932871.416607,16400.000000,0,false,
SAT_P2_S3,5395852.678249,3999083.964391,1704478.016441,16440.000000,0,false,
SAT_P2_S3,5337436.618688,4166353.337420,1472805.652732,16480.000000,0,false,
SAT_P2_S3,5269779.499019,4326032.373369,1238299.968340,16520.000000,0,false,
SAT_P2_S3,5192965.466787,4477869.672105,1001412.094857,16560.000000,0,false,
SAT_P2_S3,5107094.883842,4621628.396097,762597.778075,16600.000000,0,false,
SAT_P2_S3,5012284.171853,4757086.606064,522316.472349,16640.000000,0,false,
SAT_P2_S3,4908665.678585,4884037.607185,281030.441667,16680.000000,0,false,
SAT_P2_S3,4796387.517874,5002290.269383,39203.855360,16720.000000,0,false,
SAT_P2_S3,4675613.367029,5111669.305898,-202698.121558,16760.000000,0,false,
SAT_P2_S3,4546522.222617,5212015.507368,-444210.238390,16800.000000,0,false,
SAT_P2_S3,4409308.133318,5303185.951106,-684868.067643,16840.000000,0,false,
SAT_P2_S3,4264179.933759,5385054.208806,-924208.910475,16880.000000,0,false,
SAT_P2_S3,4111360.936584,5457510.506809,-1161772.696835,16920.000000,0,false,
SAT_P2_S3,3951088.546669,5520461.805534,-1397102.881844,16960.000000,0,false,
SAT_P2_S3,3783613.919750,5573831.918411,-1629747.331688,17000.000000,0,false,
SAT_P2_S3,3609201.565486,5617561.574757,-1859259.205797,17040.000000,0,false,
SAT_P2_S3,3428128.919963,5651608.439664,-2085197.821482,17080.000000,0,false,
SAT_P2_S3,3240685.888621,5675947.096015,-2307129.503482,17120.000000,0,false,
SAT_P2_S3,3047174.377234,5690569.014878,-2524628.425480,17160.000000,0,false,
SAT_P2_S3,2847907.820154,5695482.525778,-2737277.445370,17200.000000,0,false,
SAT_P2_S3,2643210.631927,5690712.669980,-2944668.890824,17240.000000,0,false,
SAT_P2_S3,2433417.673289,5676301.078502,-3146405.343006,17280.000000,0,false,
SAT_P2_S3,2218873.699545,5652305.825281,-3342100.400718,17320.000000,0,false,
SAT_P2_S3,1999932.783038,5618801.237722,-3531379.414600,17360.000000,0,false,
SAT_P2_S3,1776957.713610,5575877.664992,-3713880.186915,17400.000000,0,false,
SAT_P2_S3,1550319.386312,5523641.226470,-3889253.648627,17440.000000,0,false,
SAT_P2_S3,1320396.189157,5462213.567666,-4057164.527677,17480.000000,0,false,
SAT_P2_S3,1087573.371884,5391731.574012,-4217291.978060,17520.000000,0,false,
SAT_P2_S3,852242.377029,5312347.004142,-4369330.148430,17560.000000,0,false,
SAT_P2_S3,614800.195638,5224226.180559,-4512988.765324,17600.000000,0,false,
SAT_P2_S3,375648.695609,5127549.627314,-4647993.672266,17640.000000,0,false,
SAT_P2_S3,135193.942917,5022511.677817,-4774087.327340,17680.000000,0,false,
SAT_P2_S3,-106154.485941,4909320.056457,-4891029.263699,17720.000000,0,false,
SAT_P2_S3,-347984.196819,4788195.458492,-4998596.533358,17760.000000,0,false,
SAT_P2_S3,-589880.673025,4659371.139881,-5096584.142950,17800.000000,0,false,
SAT_P2_S3,-831427.981876,4523092.413142,-5184805.386403,17840.000000,0,false,
SAT_P2_S3,-1072209.479450,4379616.176556,-5263092.187615,17880.000000,0,false,
SAT_P2_S3,-1311808.518931,4229210.431631,-5331295.413347,17920.000000,0,false,
SAT_P2_S3,-1549809.160243,4072153.774990,-5389285.140126,17960.000000,0,false,
SAT_P2_S3,-1785796.875997,3908734.867301,-5436950.872994,18000.000000,0,false,
SAT_P2_S3,-2019359.258362,3739251.895312,-5474201.735725,18040.000000,0,false,
SAT_P2_S3,-2250086.731047,3564012.047500,-5500966.656473,18080.000000,0,false,
SAT_P2_S3,-2477573.254284,3383330.967590,-5517194.502662,18120.000000,0,false,
SAT_P2_S3,-2701417.016936,3197532.155955,-5522854.129710,18160.000000,0,false,
SAT_P2_S3,-2921221.139228,3006946.422474,-5517934.467435,18200.000000,0,false,
SAT_P2_S3,-3136594.369719,2811911.305816,-5502444.545033,18240.000000,0,false,
SAT_P2_S3,-3347151.768535,2612770.482666,-5476413.471083,18280.000000,0,false,
SAT_P2_S3,-3552515.379002,2409873.165361,-5439890.369006,18320.000000,0,false,
SAT_P2_S3,-3752314.915857,2203573.514095,-5392944.318629,18360.000000,0,false,
SAT_P2_S3,-3946188.425631,1994230.029471,-5335664.231264,18400.000000,0,false,
SAT_P2_S3,-4133782.936750,1782204.938166,-5268158.686308,18440.000000,0,false,
SAT_P2_S3,-4314755.111940,1567863.584335,-5190555.753048,18480.000000,0,false,
SAT_P2_S3,-4488771.871878,1351573.810659,-5103002.755257,18520.000000,0,false,
SAT_P2_S3,-4655511.006743,1133705.337384,-5005666.001450,18560.000000,0,false,
SAT_P2_S3,-4814661.793628,914629.147517,-4898730.504264,18600.000000,0,false,
SAT_P2_S3,-4965925.609511,694716.876525,-4782399.678796,18640.000000,0,false,
SAT_P2_S3,-5109016.462714,474340.176325,-4656894.925719,18680.000000,0,false,
SAT_P2_S3,-5243661.572999,253870.106711,-4522455.261916,18720.000000,0,false,
SAT_P2_S3,-5369601.917267,33676.516743,-4379336.891643,18760.000000,0,false,
SAT_P2_S3,-5486592.747525,-185872.569657,-4227812.739127,18800.000000,0,false,
SAT_P2_S3,-5594404.076863,-404411.564255,-4068171.939534,18840.000000,0,false,
SAT_P2_S3,-5692821.156124,-621577.921677,-3900719.306870,18880.000000,0,false,
SAT_P2_S3,-5781644.961052,-837012.742637,-3725774.795589,18920.000000,0,false,
SAT_P2_S3,-5860692.599085,-1050361.367014,-3543672.889869,18960.000000,0,false,
SAT_P2_S3,-5929797.692425,-1261273.959761,-3354761.964322,19000.000000,0,false,
SAT_P2_S3,-5988810.773260,-1469406.089713,-3159403.645193,19040.000000,0,false,
SAT_P2_S3,-6037599.631196,-1674419.298577,-2957972.127453,19080.000000,0,false,
SAT_P2_S3,-6076049.615376,-1875981.652558,-2750853.459200,19120.000000,0,false,
SAT_P2_S3,-6104063.906665,-2073768.281820,-2538444.801060,19160.000000,0,false,
SAT_P2_S3,-6121563.786954,-2267461.914363,-2321153.675479,19200.000000,0,false,
SAT_P2_S3,-6128488.892134,-2456753.398666,-2099397.201790,19240.000000,0,false,
SAT_P2_S3,-6124797.335751,-2641342.184714,-1873601.263692,19280.000000,0,false,
SAT_P2_S3,-6110465.896179,-2820936.814885,-1644199.704809,19320.000000,0,false,
SAT_P2_S3,-6085490.142039,-2995255.393725,-1411633.489096,19360.000000,0,false,
SAT_P2_S3,-6049884.514439,-3164026.034288,-1176349.844444,19400.000000,0,false,
SAT_P2_S3,-6003682.361156,-3326987.279378,-938801.389116,19440.000000,0,false,
SAT_P2_S3,-5946935.949564,-3483888.511566,-699445.247832,19480.000000,0,false,
SAT_P2_S3,-5879716.482336,-3634490.363369,-458742.164084,19520.000000,0,false,
SAT_P2_S3,-5802114.013632,-3778565.072567,-217155.591894,19560.000000,0,false,
SAT_P2_S3,-5714237.330760,-3915896.817669,24849.219579,19600.000000,0,false,
SAT_P2_S3,-5616213.843916,-4046282.054258,266806.138381,19640.000000,0,false,
SAT_P2_S3,-5508189.415128,-4169529.816676,508249.071404,19680.000000,0,false,
SAT_P2_S3,-5390328.136472,-4285461.983005,748712.883653,19720.000000,0,false,
SAT_P2_S3,-5262812.071757,-4393913.515201,987734.316120,19760.000000,0,false,
SAT_P2_S3,-5125840.988335,-4494732.693282,1224852.902568,19800.000000,0,false,
SAT_P2_S3,-4979632.068331,-4587781.333052,1459611.880978,19840.000000,0,false,
SAT_P2_S3,-4824419.494305,-4672934.908383,1691559.087028,19880.000000,0,false,
SAT_P2_S3,-4660454.092443,-4750082.714862,1920247.845651,19920.000000,0,false,
SAT_P2_S3,-4488002.914822,-4819127.987426,2145237.849888,19960.000000,0,false,
SAT_P2_S3,-4307348.784923,-4879987.983587,2366096.020445,20000.000000,0,false,
SAT_P2_S3,-4118789.803780,-4932594.030186,2582397.343874,20040.000000,0,false,
SAT_P2_S3,-3922638.838768,-4976891.556025,2793725.697293,20080.000000,0,false,
SAT_P2_S3,-3719223.015447,-5012840.129727,2999674.666170,20120.000000,0,false,
SAT_P2_S3,-3508883.137041,-5040413.423045,3199848.318043,20160.000000,0,false,
SAT_P2_S3,-3291973.081093,-5059599.153242,3393861.955323,20200.000000,0,false,
SAT_P2_S3,-3068859.207252,-5070399.037787,3581342.860268,20240.000000,0,false,
SAT_P2_S3,-2839919.723604,-5072828.709252,3761931.009762,20280.000000,0,false,
SAT_P2_S3,-2605544.025156,-5066917.594133,3935279.753439,20320.000000,0,false,
SAT_P2_S3,-2366132.011476,-5052708.770184,4101056.465764,20360.000000,0,false,
SAT_P2_S3,-2122093.398994,-5030258.826881,4258943.188623,20400.000000,0,false,
SAT_P2_S3,-1873847.023355,-4999637.717735,4408637.254735,20440.000000,0,false,
SAT_P2_S3,-1621820.072729,-4960928.505520,4549851.819144,20480.000000,0,false,
SAT_P2_S3,-1366447.356521,-4914227.171914,4682316.420578,20520.000000,0,false,
SAT_P2_S3,-1108170.539997,-4859642.379546,4805777.493418,20560.000000,0,false,
SAT_P2_S3,-847437.366175,-4797295.207296,4919998.837928,20600.000000,0,false,
SAT_P2_S3,-584700.864751,-4727318.856425,5024762.045352,20640.000000,0,false,
SAT_P2_S3,-320418.554813,-4649858.349516,5119866.897974,20680.000000,0,false,
SAT_P2_S3,-55051.648494,-4565070.241790,5205131.761802,20720.000000,0,false,
SAT_P2_S3,210935.760166,-4473122.269355,5280393.894160,20760.000000,0,false,
SAT_P2_S3,477077.509631,-4374192.985959,5345509.717456,20800.000000,0,false,
SAT_P2_S3,742906.178675,-4268471.421386,5400355.091098,20840.000000,0,false,
SAT_P2_S3,1007953.900844,-4156156.711763,5444825.531967,20880.000000,0,false,
SAT_P2_S3,1271753.176095,-4037457.708666,5478836.385530,20920.000000,0,false,
SAT_P2_S3,1533837.682736,-3912592.579050,5502322.963112,20960.000000,0,false,
SAT_P2_S3,1793743.091649,-3781788.417312,5515240.671137,21000.000000,0,false,
SAT_P2_S3,2051007.880233,-3645280.860827,5517565.120897,21040.000000,0,false,
SAT_P2_S3,2305174.137905,-3503313.623320,5509292.115271,21080.000000,0,false,
SAT_P2_S3,2555788.376580,-3356138.092970,5490437.689759,21120.000000,0,false,
SAT_P2_S3,2802402.341937,-3204012.896005,5461038.091539,21160.000000,0,false,
SAT_P2_S3,3044573.814618,-3047203.448188,5421149.715132,21200.000000,0,false,
SAT_P2_S3,3281867.399294,-2885981.491446,5370848.990349,21240.000000,0,false,
SAT_P2_S3,3513855.313445,-2720624.628517,5310232.245235,21280.000000,0,false,
SAT_P2_S3,3740118.185514,-2551415.867700,5239415.564312,21320.000000,0,false,
SAT_P2_S3,3960245.809679,-2378643.132400,5158534.555861,21360.000000,0,false,
SAT_P2_S3,4173837.888896,-2202598.766104,5067744.084357,21400.000000,0,false,
SAT_P2_S3,4380504.785022,-2023579.053562,4967218.004343,21440.000000,0,false,
SAT_P2_S3,4579868.242443,-1841883.727705,4857148.838908,21480.000000,0,false,
SAT_P2_S3,4771562.081588,-1657815.470276,4737747.411099,21520.000000,0,false,
SAT_P2_S3,4955232.874225,-1471679.411149,4609242.441515,21560.000000,0,true,Paris
SAT_P2_S3,5130540.619666,-1283782.636634,4471880.135622,21600.000000,0,true,Paris
SAT_P2_S3,5297159.411068,-1094433.704121,4325923.751611,21640.000000,0,true,Paris
SAT_P2_S3,5454778.011239,-903942.123816,4171653.057257,21680.000000,0,true,Paris
SAT_P2_S3,5603100.475157,-712617.875195,4009363.834993,21720.000000,0,true,Paris
SAT_P2_S3,5741846.732460,-520770.910917,3839367.330235,21760.000000,0,false,
SAT_P2_S3,5870753.136077,-328710.663178,3661989.665022,21800.000000,0,false,
SAT_P2_S3,5989572.972557,-136745.551425,3477571.214234,21840.000000,0,false,
SAT_P2_S3,6098076.958931,54817.507028,3286465.961132,21880.000000,0,false,
SAT_P2_S3,6196053.747739,245673.581186,3089040.847471,21920.000000,0,false,
SAT_P2_S3,6283310.340844,435520.208419,2885675.059849,21960.000000,0,false,
SAT_P2_S3,6359672.473974,624057.871799,2676759.291464,22000.000000,0,false,
SAT_P2_S3,6424985.013342,810990.469369,2462695.006470,22040.000000,0,false,
SAT_P2_S3,6479112.284525,996025.777285,2243893.661508,22080.000000,0,false,
SAT_P2_S3,6521938.365274,1178875.902712,2020775.908129,22120.000000,0,false,
SAT_P2_S3,6553367.357549,1359257.730640,1793770.779897,22160.000000,0,false,
SAT_P2_S3,6573323.617349,1536893.359569,1563314.859909,22200.000000,0,false,
SAT_P2_S3,6581751.926038,1711510.521806,1329851.426802,22240.000000,0,false,
SAT_P2_S3,6578617.630413,1882842.994214,1093829.587833,22280.000000,0,false,
SAT_P2_S3,6563906.782082,2050631.005185,855703.408487,22320.000000,0,false,
SAT_P2_S3,6537626.222176,2214621.624272,615931.028290,22360.000000,0,false,
SAT_P2_S3,6499803.551550,2374569.123203,374973.748697,22400.000000,0,false,
SAT_P2_S3,6450487.159710,2530235.343207,133295.139269,22440.000000,0,false,
SAT_P2_S3,6389746.176210,2681390.042660,-108639.873929,22480.000000,0,false,
SAT_P2_S3,6317670.370787,2827811.222416,-350365.919819,22520.000000,0,false,
SAT_P2_S3,6234370.004900,2969285.431756,-591418.094233,22560.000000,0,false,
SAT_P2_S3,6139975.664842,3105608.066983,-831332.870654,22600.000000,0,false,
SAT_P2_S3,6034638.092602,3236583.667789,-1069649.007556,22640.000000,0,false,
SAT_P2_S3,5918527.883745,3362026.155600,-1305908.447085,22680.000000,0,false,
SAT_P2_S3,5791835.203477,3481759.077702,-1539657.206963,22720.000000,0,false,
SAT_P2_S3,5654769.475606,3595615.838370,-1770446.264760,22760.000000,0,false,
SAT_P2_S3,5507559.019171,3703439.904103,-1997832.429750,22800.000000,0,false,
SAT_P2_S3,5350450.635343,3805084.980232,-2221379.195899,22840.000000,0,false,
SAT_P2_S3,5183709.165978,3900415.172880,-2440657.582056,22880.000000,0,false,
SAT_P2_S3,5007617.051963,3989305.152757,-2655246.966198,22920.000000,0,false,
SAT_P2_S3,4822473.846780,4071640.290937,-2864735.896491,22960.000000,0,false,
SAT_P2_S3,4628595.633256,4147316.736315,-3068722.862859,23000.000000,0,false,
SAT_P2_S3,4426314.496962,4216241.527126,-3266817.073498,23040.000000,0,false,
SAT_P2_S3,4215977.935531,4278332.665598,-3458639.201915,23080.000000,0,false,
SAT_P2_S3,3997948.235117,4333519.165879,-3643822.101641,23120.000000,0,false,
SAT_P2_S3,3772601.814942,4381741.078612,-3822011.491086,23160.000000,0,false,
SAT_P2_S3,3540328.561611,4422949.511998,-3992866.622677,23200.000000,0,false,
SAT_P2_S3,3301531.165824,4457106.659248,-4156060.942803,23240.000000,0,false,
SAT_P2_S3,3056624.374410,4484185.747345,-4311282.673114,23280.000000,0,false,
SAT_P2_S3,2806034.260349,4504171.006099,-4458235.391011,23320.000000,0,false,
SAT_P2_S3,2550197.479558,4517057.628307,-4596638.586351,23360.000000,0,false,
SAT_P2_S3,2289560.500064,4522851.703577,-4726228.178059,23400.000000,0,false,
SAT_P2_S3,2024578.809677,4521570.125396,-4846756.986665,23440.000000,0,false,
SAT_P2_S3,1755716.111658,4513240.488346,-4957995.179462,23480.000000,0,false,
SAT_P2_S3,1483443.522245,4497900.996496,-5059730.708877,23520.000000,0,false,
SAT_P2_S3,1208238.751518,4475600.347469,-5151769.706780,23560.000000,0,false,
SAT_P2_S3,930585.242881,4446397.553396,-5233936.794940,23600.000000,0,false,
SAT_P2_S3,650971.343853,4410361.814578,-5306075.427914,23640.000000,0,false,
SAT_P2_S3,369889.449355,4367572.355493,-5368048.178108,23680.000000,0,false,
SAT_P2_S3,87835.140793,4318118.241494,-5419736.976123,23720.000000,0,false,
SAT_P2_S3,-194693.680903,4262098.178267,-5461043.309401,23760.000000,0,false,
SAT_P2_S3,-477197.664532,4199620.314127,-5491888.402908,23800.000000,0,false,
SAT_P2_S3,-759176.876734,4130802.055762,-5512213.394016,23840.000000,0,false,
SAT_P2_S3,-1040131.677926,4055769.812237,-5521979.396312,23880.000000,0,false,
SAT_P2_S3,-1319563.593488,3974658.766117,-5521167.573110,23920.000000,0,false,
SAT_P2_S3,-1596976.185173,3887612.641796,-5509779.184507,23960.000000,0,false,
SAT_P2_S3,-1871875.920853,3794783.454629,-5487835.586373,24000.000000,0,false,
SAT_P2_S3,-2143773.035423,3696331.241885,-5455378.179937,24040.000000,0,false,
SAT_P2_S3,-2412182.389707,3592423.790255,-5412468.333345,24080.000000,0,false,
SAT_P2_S3,-2676624.337194,3483236.386397,-5359187.312448,24120.000000,0,false,
SAT_P2_S3,-2936625.560078,3368951.509033,-5295636.103464,24160.000000,0,false,
SAT_P2_S3,-3191719.919354,3249758.549840,-5221935.254721,24200.000000,0,false,
SAT_P2_S3,-3441449.285559,3125853.513572,-5138224.662705,24240.000000,0,false,
SAT_P2_S3,-3685364.353083,2997438.704548,-5044663.312900,24280.000000,0,false,
SAT_P2_S3,-3923025.451510,2864722.413602,-4941428.998310,24320.000000,0,false,
SAT_P2_S3,-4154003.364573,2727918.617718,-4828718.034941,24360.000000,0,false,
SAT_P2_S3,-4377880.099444,2587246.641034,-4706744.889750,24400.000000,0,false,
SAT_P2_S3,-4594249.645513,2442930.813774,-4575741.781610,24440.000000,0,false,
SAT_P2_S3,-4802718.738350,2295200.145649,-4435958.281811,24480.000000,0,false,
SAT_P2_S3,-5002907.595617,2144287.982137,-4287660.863085,24520.000000,0,false,
SAT_P2_S3,-5194450.619055,1990431.651439,-4131132.406111,24560.000000,0,false,
SAT_P2_S3,-5376997.076476,1833872.106802,-3966671.674607,24600.000000,0,false,
SAT_P2_S3,-5550211.785090,1674853.574270,-3794592.778909,24640.000000,0,false,
SAT_P2_S3,-5713775.781044,1513623.201565,-3615224.618043,24680.000000,0,false,
SAT_P2_S3,-5867386.885810,1350430.669466,-3428910.225041,24720.000000,0,false,
SAT_P2_S3,-6010760.325199,1185527.834462,-3236006.151385,24760.000000,0,false,
SAT_P2_S3,-6143629.298405,1019168.354588,-3036881.798350,24800.000000,0,false,
SAT_P2_S3,-6265745.506985,851607.312730,-2831918.717804,24840.000000,0,false,
SAT_P2_S3,-6376879.639257,683100.836001,-2621509.880524,24880.000000,0,false,
SAT_P2_S3,-6476821.836781,513905.714965,-2406058.925387,24920.000000,0,false,
SAT_P2_S3,-6565382.165230,344279.026839,-2185979.401244,24960.000000,0,false,
SAT_P2_S3,-6642390.980041,174477.750985,-1961693.957666,25000.000000,0,false,
SAT_P2_S3,-6707699.262857,4758.385505,-1733633.518448,25040.000000,0,false,
SAT_P2_S3,-6761178.961004,-164623.429740,-1502236.453934,25080.000000,0,false,
SAT_P2_S3,-6802723.264523,-333413.291395,-1267947.725826,25120.000000,0,false,
SAT_P2_S3,-6832246.824176,-501358.405718,-1031218.015482,25160.000000,0,false,
SAT_P2_S3,-6849685.929335,-668207.958154,-792502.839938,25200.000000,0,false,
SAT_P2_S3,-6854998.677107,-833713.479807,-552261.663826,25240.000000,0,false,
SAT_P2_S3,-6848165.114301,-997629.208262,-310957.006575,25280.000000,0,false,
SAT_P2_S3,-6829187.229300,-1159712.438778,-69053.522381,25320.000000,0,false,
SAT_P2_S3,-6798089.013732,-1319723.873304,172982.902425,25360.000000,0,false,
SAT_P2_S3,-6754916.448744,-1477427.964719,414686.065561,25400.000000,0,false,
SAT_P2_S3,-6699737.439926,-1632593.250739,655590.363902,25440.000000,0,false,
SAT_P2_S3,-6632641.696264,-1784992.677578,895231.707114,25480.000000,0,false,
SAT_P2_S3,-6553740.584525,-1934403.920467,1133148.430855,25520.000000,0,false,
SAT_P2_S3,-6463166.986060,-2080609.706168,1368882.209835,25560.000000,0,false,
SAT_P2_S3,-6361075.035793,-2223398.108658,1601978.957733,25600.000000,0,false,
SAT_P2_S3,-6247639.828704,-2362562.838453,1831989.720143,25640.000000,0,false,
SAT_P2_S3,-6123057.131474,-2497903.532894,2058471.561741,25680.000000,0,false,
SAT_P2_S3,-5987543.026301,-2629226.030743,2280988.439936,25720.000000,0,false,
SAT_P2_S3,-5841333.499604,-2756342.627537,2499112.055794,25760.000000,0,false,
SAT_P2_S3,-5684683.992364,-2879072.319606,2712422.687790,25800.000000,0,false,
SAT_P2_S3,-5517868.941630,-2997241.047985,2920510.016540,25840.000000,0,false,
SAT_P2_S3,-5341181.299284,-3110681.933944,3122973.931659,25880.000000,0,false,
SAT_P2_S3,-5154931.920545,-3219235.460888,3319425.278892,25920.000000,0,false,
SAT_P2_S3,-4959449.019425,-3322749.684827,3509486.618719,25960.000000,0,false,
SAT_P2_S3,-4755077.561955,-3421080.420775,3692792.949962,26000.000000,0,false,
SAT_P2_S3,-4542178.625144,-3514091.410926,3868992.400094,26040.000000,0,false,
SAT_P2_S3,-4321128.718943,-3601654.473755,4037746.880574,26080.000000,0,false,
SAT_P2_S3,-4092319.095731,-3683649.649910,4198732.723115,26120.000000,0,false,
SAT_P2_S3,-3856155.069094,-3759965.357807,4351641.310137,26160.000000,0,false,
SAT_P2_S3,-3613055.255018,-3830498.500430,4496179.636270,26200.000000,0,false,
SAT_P2_S3,-3363450.798004,-3895154.566081,4632070.845646,26240.000000,0,false,
SAT_P2_S3,-3107784.610673,-3953847.740559,4759054.763473,26280.000000,0,false,
SAT_P2_S3,-2846510.572353,-4006500.996148,4876888.384669,26320.000000,0,false,
SAT_P2_S3,-2580092.703526,-4053046.157990,4985346.316404,26360.000000,0,false,
SAT_P2_S3,-2309004.322933,-4093423.959233,5084221.188089,26400.000000,0,false,
SAT_P2_S3,-2033727.202409,-4127584.102986,5173324.050498,26440.000000,0,false,
SAT_P2_S3,-1754750.714314,-4155485.320058,5252484.749702,26480.000000,0,false,
SAT_P2_S3,-1472570.919964,-4177095.351551,5321552.186534,26520.000000,0,false,
SAT_P2_S3,-1187689.695919,-4192390.983889,5380394.619256,26560.000000,0,false,
SAT_P2_S3,-900613.833464,-4201358.052322,5428899.904742,26600.000000,0,false,
SAT_P2_S3,-611854.132073,-4203991.427272,5466975.694619,26640.000000,0,false,
SAT_P2_S3,-321924.486060,-4200294.981677,5494549.583543,26680.000000,0,false,
SAT_P2_S3,-31340.971009,-4190281.558401,5511569.233598,26720.000000,0,false,
SAT_P2_S3,259379.063366,-4173972.953906,5518002.495297,26760.000000,0,false,
SAT_P2_S3,549717.911501,-4151399.848686,5513837.435715,26800.000000,0,false,
SAT_P2_S3,839158.428514,-4122601.735062,5499082.338807,26840.000000,0,false,
SAT_P2_S3,1127184.937633,-4087626.864048,5473765.705899,26880.000000,0,false,
SAT_P2_S3,1413284.141920,-4046532.169559,5437936.203120,26920.000000,0,false,
SAT_P2_S3,1696946.027306,-3999383.173909,5391662.559960,26960.000000,0,false,
SAT_P2_S3,1977664.762295,-3946253.885394,5335033.434024,27000.000000,0,false,
SAT_P2_S3,2254939.599227,-3887226.706677,5268157.267296,27040.000000,0,false,
SAT_P2_S3,2528275.771724,-3822392.343113,5191162.119456,27080.000000,0,false,
SAT_P2_S3,2797185.365525,-3751849.636116,5104195.378403,27120.000000,0,false,
SAT_P2_S3,3061188.200182,-3675705.453908,5007423.525293,27160.000000,0,false,
SAT_P2_S3,3319812.699277,-3594074.549632,4901031.834277,27200.000000,0,false,
SAT_P2_S3,3572596.741812,-3507079.405138,4785224.030789,27240.000000,0,false,
SAT_P2_S3,3819088.492737,-3414850.057511,4660221.904916,27280.000000,0,false,
SAT_P2_S3,4058847.226361,-3317523.923434,4526264.901016,27320.000000,0,false,
SAT_P2_S3,4291444.153470,-3215245.634691,4383609.701888,27360.000000,0,false,
SAT_P2_S3,4516463.190627,-3108166.827902,4232529.729421,27400.000000,0,false,
SAT_P2_S3,4733501.713432,-2996445.929227,4073314.618686,27440.000000,0,false,
SAT_P2_S3,4942171.310254,-2880247.952445,3906269.690790,27480.000000,0,false,
SAT_P2_S3,5142098.500812,-2759744.275880,3731715.377587,27520.000000,0,false,
SAT_P2_S3,5332925.414413,-2635112.404354,3549986.607648,27560.000000,0,false,
SAT_P2_S3,5514310.442366,-2506535.723266,3361432.164065,27600.000000,0,false,
SAT_P2_S3,5685928.886778,-2374203.258318,3166414.032737,27640.000000,0,false,
SAT_P2_S3,5847473.590332,-2238309.434444,2965306.732787,27680.000000,0,false,
SAT_P2_S3,5998655.455577,-2099053.781630,2758496.561163,27720.000000,0,false,
SAT_P2_S3,6139204.015375,-1956640.680512,2546380.875741,27760.000000,0,false,
SAT_P2_S3,6268867.945867,-1811279.083166,2329367.331752,27800.000000,0,false,
SAT_P2_S3,6387415.529304,-1663182.223251,2107873.091889,27840.000000,0,false,
SAT_P2_S3,6494635.094816,-1512567.323674,1882324.021658,27880.000000,0,false,
SAT_P2_S3,6590335.431637,-1359655.298206,1653153.866260,27920.000000,0,false,
SAT_P2_S3,6674346.144537,-1204670.443215,1420803.405530,27960.000000,0,false,
SAT_P2_S3,6746517.960504,-1047840.121319,1185719.590723,28000.000000,0,false,
SAT_P2_S3,6806723.016513,-889394.443283,948354.672001,28040.000000,0,false,
SAT_P2_S3,6854855.144919,-729565.952805,709165.322825,28080.000000,0,false,
SAT_P2_S3,6890830.021592,-568589.289644,468611.734319,28120.000000,0,false,
SAT_P2_S3,6914585.322495,-406700.858549,227156.713415,28160.000000,0,false,
SAT_P2_S3,6926080.853491,-244138.497346,-14735.222451,28200.000000,0,false,
SAT_P2_S3,6925298.618593,-81141.139600,-256598.757491,28240.000000,0,false,
SAT_P2_S3,6912242.826482,82051.524186,-497968.689496,28280.000000,0,false,
SAT_P2_S3,6886939.860454,245199.386551,-738380.840893,28320.000000,0,false,
SAT_P2_S3,6849438.244741,408062.262209,-977372.967234,28360.000000,0,false,
SAT_P2_S3,6799808.557849,570400.226256,-1214485.659446,28400.000000,0,false,
SAT_P2_S3,6738143.218182,731973.955787,-1449263.238640,28440.000000,0,false,
SAT_P2_S3,6664556.336792,892545.065682,-1681254.642491,28480.000000,0,false,
SAT_P2_S3,6579183.488912,1051876.447279,-1910014.304590,28520.000000,0,false,
SAT_P2_S3,6482181.434987,1209732.601367,-2135103.015771,28560.000000,0,false,
SAT_P2_S3,6373727.792645,1365879.967524,-2356088.768763,28600.000000,0,false,
SAT_P2_S3,6254020.691604,1520087.253983,-2572547.593219,28640.000000,0,false,
SAT_P2_S3,6123278.430544,1672125.769378,-2784064.384177,28680.000000,0,false,
SAT_P2_S3,5981739.001850,1821769.735745,-2990233.683491,28720.000000,0,false,
SAT_P2_S3,5829659.632386,1968796.604911,-3190660.454994,28760.000000,0,false,
SAT_P2_S3,5667316.304815,2112987.373112,-3384960.843204,28800.000000,0,false,
SAT_P2_S3,5495003.227532,2254126.887167,-3572762.902601,28840.000000,0,false,
SAT_P2_S3,5313032.258806,2392004.138675,-3753707.291924,28880.000000,0,false,
SAT_P2_S3,5121732.305815,2526412.554107,-3927447.945038,28920.000000,0,false,
SAT_P2_S3,4921448.726707,2657150.289598,-4093652.732717,28960.000000,0,false,
SAT_P2_S3,4712542.697923,2784020.514841,-4252004.089860,29000.000000,0,false,
SAT_P2_S3,4495390.486056,2906831.666201,-4402199.572788,29040.000000,0,false,
SAT_P2_S3,4270382.784568,3025397.723023,-4543952.437084,29080.000000,0,false,
SAT_P2_S3,4037923.992680,3139538.467729,-4676992.168305,29120.000000,0,false,
SAT_P2_S3,3798431.469006,3249079.732340,-4801064.972265,29160.000000,0,false,
SAT_P2_S3,3552334.759618,3353853.633655,-4915934.227060,29200.000000,0,false,
SAT_P2_S3,3300074.821428,3453698.810964,-5021380.917435,29240.000000,0,false,
SAT_P2_S3,3042103.254126,3548460.673720,-5117204.063075,29280.000000,0,false,
SAT_P2_S3,2778881.457389,3637991.598860,-5203221.048963,29320.000000,0,false,
SAT_P2_S3,2510879.806324,3722151.143594,-5279267.957108,29360.000000,0,false,
SAT_P2_S3,2238576.821831,3800806.258104,-5345199.875923,29400.000000,0,false,
SAT_P2_S3,1962458.317909,3873831.481987,-5400891.162987,29440.000000,0,false,
SAT_P2_S3,1683016.534313,3941109.122460,-5446235.659316,29480.000000,0,false,
SAT_P2_S3,1400749.261704,4002529.427531,-5481146.873535,29520.000000,0,false,
SAT_P2_S3,1116158.970769,4057990.770865,-5505558.159819,29560.000000,0,false,
SAT_P2_S3,829751.932907,4107399.821849,-5519422.852541,29600.000000,0,false,
SAT_P2_S3,542037.308729,4150671.662360,-5522714.302190,29640.000000,0,false,
SAT_P2_S3,253526.267229,4187729.950320,-5515425.955572,29680.000000,0,false,
SAT_P2_S3,-35268.914491,4218507.054308,-5497571.371431,29720.000000,0,false,
SAT_P2_S3,-323835.749346,4242944.171817,-5469184.191898,29760.000000,0,false,
SAT_P2_S3,-611662.438491,4260991.429168,-5430318.066749,29800.000000,0,false,
SAT_P2_S3,-898238.768556,4272608.005103,-5381046.585681,29840.000000,0,false,
SAT_P2_S3,-1183057.004043,4277762.218505,-5321463.141432,29880.000000,0,false,
SAT_P2_S3,-1465612.777869,4276431.606926,-5251680.758204,29920.000000,0,false,
SAT_P2_S3,-1745405.978062,4268603.008269,-5171831.902082,29960.000000,0,false,
SAT_P2_S3,-2021941.622344,4254272.614483,-5082068.234921,30000.000000,0,false,
SAT_P2_S3,-2294730.725938,4233446.015677,-4982560.335002,30040.000000,0,false,
SAT_P2_S3,-2563291.168812,4206138.253585,-4873497.407889,30080.000000,0,false,
SAT_P2_S3,-2827148.554677,4172373.870969,-4755086.972038,30120.000000,0,false,
SAT_P2_S3,-3085837.033577,4132186.884546,-4627554.432531,30160.000000,0,false,
SAT_P2_S3,-3338900.137553,4085620.814274,-4491142.704294,30200.000000,0,false,
SAT_P2_S3,-3585891.598255,4032728.677655,-4346111.774036,30240.000000,0,false,
SAT_P2_S3,-3826376.141981,3973572.966593,-4192738.225164,30280.000000,0,false,
SAT_P2_S3,-4059930.260982,3908225.603745,-4031314.722746,30320.000000,0,false,
SAT_P2_S3,-4286142.976492,3836767.895554,-3862149.477800,30360.000000,0,false,
SAT_P2_S3,-4504616.605207,3759290.496369,-3685565.706958,30400.000000,0,false,
SAT_P2_S3,-4714967.462650,3675893.315409,-3501901.015695,30440.000000,0,false,
SAT_P2_S3,-4916826.553359,3586685.418639,-3311506.761633,30480.000000,0,false,
SAT_P2_S3,-5109840.260343,3491784.939948,-3114747.413626,30520.000000,0,false,
SAT_P2_S3,-5293670.998356,3391318.964171,-2911999.867348,30560.000000,0,false,
SAT_P2_S3,-5467997.824641,3285423.387469,-2703652.727796,30600.000000,0,false,
SAT_P2_S3,-5632517.022841,3174242.763477,-2490105.566240,30640.000000,0,false,
SAT_P2_S3,-5786942.683418,3057930.150640,-2271768.165455,30680.000000,0,false,
SAT_P2_S3,-5931007.260694,2936646.950663,-2049059.746326,30720.000000,0,false,
SAT_P2_S3,-6064462.011777,2810562.679266,-1822408.129553,30760.000000,0,false,
SAT_P2_S3,-6187077.488937,2679854.777135,-1592248.922591,30800.000000,0,false,
SAT_P2_S3,-6298643.968577,2544708.386043,-1359024.670203,30840.000000,0,false,
SAT_P2_S3,-6398971.832055,2405316.107988,-1123183.988702,30880.000000,0,false,
SAT_P2_S3,-6487891.894838,2261877.745085,-885180.683720,30920.000000,0,false,
SAT_P2_S3,-6565255.712166,2114600.031502,-645472.858909,30960.000000,0,false,
SAT_P2_S3,-6630935.883790,1963696.367562,-404522.022320,31000.000000,0,false,
SAT_P2_S3,-6684826.244224,1809386.514120,-162792.173284,31040.000000,0,false,
SAT_P2_S3,-6726842.026723,1651896.279925,79251.113569,31080.000000,0,false,
SAT_P2_S3,-6756920.024502,1491457.212063,321141.601084,31120.000000,0,false,
SAT_P2_S3,-6775018.688587,1328306.266351,562413.308634,31160.000000,0,false,
SAT_P2_S3,-6781118.165098,1162685.464640,802601.427682,31200.000000,0,false,
SAT_P2_S3,-6775220.292801,994841.542429,1041243.234985,31240.000000,0,false,
SAT_P2_S3,-6757348.593540,825025.594414,1277879.003823,31280.000000,0,false,
SAT_P2_S3,-6727548.233032,653492.714963,1512052.909077,31320.000000,0,false,
SAT_P2_S3,-6685885.830724,480501.606870,1743313.916738,31360.000000,0,false,
SAT_P2_S3,-6632449.344487,306314.207788,1971216.670700,31400.000000,0,false,
SAT_P2_S3,-6567347.876442,131195.298857,2195322.369063,31440.000000,0,false,
SAT_P2_S3,-6490711.429583,-44587.891456,2415199.621480,31480.000000,0,false,
SAT_P2_S3,-6402690.611623,-220766.089436,2630425.286135,31520.000000,0,false,
SAT_P2_S3,-6303456.317075,-397068.383043,2840585.295025,31560.000000,0,false,
SAT_P2_S3,-6193199.413141,-573222.631788,3045275.474028,31600.000000,0,false,
SAT_P2_S3,-6072130.312967,-748955.880574,3244102.313923,31640.000000,0,false,
SAT_P2_S3,-5940478.528869,-923994.776461,3436683.723859,31680.000000,0,false,
SAT_P2_S3,-5798492.231510,-1098065.986674,3622649.774528,31720.000000,0,false,
SAT_P2_S3,-5646437.752591,-1270896.619108,3801643.407717,31760.000000,0,false,
SAT_P2_S3,-5484599.041622,-1442214.639209,3973321.107544,31800.000000,0,false,
SAT_P2_S3,-5313277.094521,-1611749.287249,4137353.544085,31840.000000,0,false,
SAT_P2_S3,-5132789.383227,-1779231.500109,4293426.205311,31880.000000,0,false,
SAT_P2_S3,-4943469.269451,-1944394.332455,4441240.004193,31920.000000,0,false,
SAT_P2_S3,-4745665.300298,-2106973.359949,4580511.797988,31960.000000,0,false,
SAT_P2_S3,-4539740.578937,-2266707.096792,4710974.935487,32000.000000,0,false,
SAT_P2_S3,-4326072.077997,-2423337.407631,4832379.755397,32040.000000,0,false,
SAT_P2_S3,-4105049.927485,-2576609.911428,4944494.044301,32080.000000,0,false,
SAT_P2_S3,-3877076.674097,-2726274.377002,5047103.452096,32120.000000,0,false,
SAT_P2_S3,-3642566.533187,-2872085.120561,5140011.886441,32160.000000,0,false,
SAT_P2_S3,-3401944.651513,-3013801.412924,5223041.903680,32200.000000,0,false,
SAT_P2_S3,-3155646.304163,-3151187.854118,5296035.009668,32240.000000,0,false,
SAT_P2_S3,-2904116.086808,-3284014.748094,5358851.937114,32280.000000,0,false,
SAT_P2_S3,-2647807.120887,-3412058.485551,5411372.917155,32320.000000,0,false,
SAT_P2_S3,-2387180.229814,-3535101.912618,5453497.898577,32360.000000,0,false,
SAT_P2_S3,-2122703.099882,-3652934.682492,5485146.716480,32400.000000,0,false,
SAT_P2_S3,-1854849.432623,-3765353.600344,5506259.225917,32440.000000,0,false,
SAT_P2_S3,-1584098.102092,-3872162.976495,5516795.425123,32480.000000,0,false,
SAT_P2_S3,-1310932.311528,-3973174.976128,5516735.550974,32520.000000,0,false,
SAT_P2_S3,-1035838.705229,-4068209.908127,5506080.054385,32560.000000,0,false,
SAT_P2_S3,-759306.520483,-4157096.559338,5484849.627163,32600.000000,0,false,
SAT_P2_S3,-481826.719702,-4239672.503442,5453085.164197,32640.000000,0,false,
SAT_P2_S3,-203891.123567,-4315784.393587,5410847.682196,32680.000000,0,false,
SAT_P2_S3,74008.456364,-4385288.236900,5358218.192025,32720.000000,0,false,
SAT_P2_S3,351381.082219,-4448049.669448,5295297.549186,32760.000000,0,false,
SAT_P2_S3,627737.547801,-4503944.246668,5222206.302684,32800.000000,0,false,
SAT_P2_S3,902591.237971,-4552857.675097,5139084.447832,32840.000000,0,false,
SAT_P2_S3,1175458.982379,-4594686.042244,5046091.156555,32880.000000,0,false,
SAT_P2_S3,1445861.900671,-4629336.059622,4943404.505210,32920.000000,0,false,
SAT_P2_S3,1713326.244571,-4656725.278792,4831221.148624,32960.000000,0,false,
SAT_P2_S3,1977384.225163,-4676782.281444,4709755.947874,33000.000000,0,false,
SAT_P2_S3,2237574.831368,-4689446.856152,4579241.565041,33040.000000,0,false,
SAT_P2_S3,2493444.646015,-4694670.182342,4439928.047327,33080.000000,0,false,
SAT_P2_S3,2744548.651516,-4692415.006131,4292082.386069,33120.000000,0,false,
SAT_P2_S3,2990450.995696,-4682655.727713,4135987.968674,33160.000000,0,false,
SAT_P2_S3,3230725.769130,-4665378.546909,3971944.076912,33200.000000,0,false,
SAT_P2_S3,3464957.760878,-4640581.566272,3800265.326122,33240.000000,0,false,
SAT_P2_S3,3692743.188788,-4608274.869611,3621281.069936,33280.000000,0,false,
SAT_P2_S3,3913690.402986,-4568480.572642,3435334.768158,33320.000000,0,false,
SAT_P2_S3,4127420.577461,-4521232.865928,3242783.335337,33360.000000,0,false,
SAT_P2_S3,4333568.400937,-4466578.066916,3043996.484770,33400.000000,0,false,
SAT_P2_S3,4531782.702038,-4404574.600554,2839356.005476,33440.000000,0,false,
SAT_P2_S3,4721727.057735,-4335292.970151,2629255.022472,33480.000000,0,false,
SAT_P2_S3,4903080.398377,-4258815.736897,2414097.255692,33520.000000,0,false,
SAT_P2_S3,5075537.564867,-4175237.454982,2194296.238246,33560.000000,0,false,
SAT_P2_S3,5238809.834545,-4084664.586732,1970274.515949,33600.000000,0,false,
SAT_P2_S3,5392625.428469,-3987215.405919,1742462.831624,33640.000000,0,false,
SAT_P2_S3,5536729.984387,-3883019.877934,1511299.290361,33680.000000,0,false,
SAT_P2_S3,5670886.978735,-3772219.506092,1277228.503613,33720.000000,0,false,
SAT_P2_S3,5794878.119288,-3654967.159541,1040700.719937,33760.000000,0,false,
SAT_P2_S3,5908503.733267,-3531426.901380,802170.951245,33800.000000,0,false,
SAT_P2_S3,6011583.114895,-3401773.793642,562098.088028,33840.000000,0,false,
SAT_P2_S3,6103954.762928,-3266193.628329,320943.985300,33880.000000,0,false,
SAT_P2_S3,6185476.669260,-3124882.701671,79172.567037,33920.000000,0,false,
SAT_P2_S3,6256026.538885,-2978047.542885,-162751.086574,33960.000000,0,false,
SAT_P2_S3,6315501.960540,-2825904.620185,-404361.651452,34000.000000,0,false,
SAT_P2_S3,6363820.528698,-2668680.022662,-645194.471904,34040.000000,0,false,
SAT_P2_S3,6400919.946057,-2506609.132565,-884786.471618,34080.000000,0,false,
SAT_P2_S3,6426758.124646,-2339936.298253,-1122677.061459,34120.000000,0,false,
SAT_P2_S3,6441313.161351,-2168914.449477,-1358409.037237,34160.000000,0,false,
SAT_P2_S3,6444583.316323,-1993804.715785,-1591529.470572,34200.000000,0,false,
SAT_P2_S3,6436586.973430,-1814876.038261,-1821590.591509,34240.000000,0,false,
SAT_P2_S3,6417362.544709,-1632404.757881,-2048150.658415,34280.000000,0,false,
SAT_P2_S3,6386968.320363,-1446674.185956,-2270774.807937,34320.000000,0,false,
SAT_P2_S3,6345482.287422,-1257974.162584,-2489035.890911,34360.000000,0,false,
SAT_P2_S3,6293001.948080,-1066600.613012,-2702515.301208,34400.000000,0,false,
SAT_P2_S3,6229644.098353,-872855.092314,-2910803.783662,34440.000000,0,false,
SAT_P2_S3,6155544.485944,-677044.293248,-3113502.197721,34480.000000,0,false,
SAT_P2_S3,6070857.539436,-479479.575608,-3310222.288258,34520.000000,0,false,
SAT_P2_S3,5975756.025766,-280476.471872,-3500587.426163,34560.000000,0,false,
SAT_P2_S3,5870430.667858,-80354.186409,-3684233.317137,34600.000000,0,false,
SAT_P2_S3,5755089.722286,120564.913518,-3860808.679585,34640.000000,0,false,
SAT_P2_S3,5629958.545907,321955.812180,-4029975.906220,34680.000000,0,false,
SAT_P2_S3,5495279.170394,523491.362349,-4191411.718063,34720.000000,0,false,
SAT_P2_S3,5351309.768191,724842.811577,-4344807.741750,34760.000000,0,false,
SAT_P2_S3,5198324.132349,925680.329718,-4489871.079345,34800.000000,0,false,
SAT_P2_S3,5036611.150563,1125673.538922,-4626324.859175,34840.000000,0,false,
SAT_P2_S3,4866474.239319,1324492.046807,-4753908.745236,34880.000000,0,false,
SAT_P2_S3,4688230.744403,1521805.977274,-4872379.402019,34920.000000,0,false,
SAT_P2_S3,4502211.325453,1717286.503032,-4981510.930394,34960.000000,0,false,
SAT_P2_S3,4308759.349444,1910606.383482,-5081095.295108,35000.000000,0,false,
SAT_P2_S3,4108230.264265,2101440.500308,-5170942.715534,35040.000000,0,false,
SAT_P2_S3,3900990.888854,2289466.380299,-5250881.963738,35080.000000,0,false,
SAT_P2_S3,3687418.770073,2474364.730855,-5320760.700394,35120.000000,0,false,
SAT_P2_S3,3467901.492504,2655819.971677,-5380445.752415,35160.000000,0,false,
SAT_P2_S3,3242835.972549,2833520.757697,-5429823.347677,35200.000000,0,false,
SAT_P2_S3,3012627.734923,3007160.494926,-5468799.307231,35240.000000,0,false,
SAT_P2_S3,2777690.188387,3176437.860231,-5497299.218906,35280.000000,0,false,
SAT_P2_S3,2538443.912297,3341057.331262,-5515268.607420,35320.000000,0,false,
SAT_P2_S3,2295315.888078,3500729.675788,-5522672.998073,35360.000000,0,false,
SAT_P2_S3,2048738.745240,3655172.451305,-5519497.979390,35400.000000,0,false,
SAT_P2_S3,1799150.009985,3804110.506585,-5505749.247233,35440.000000,0,false,
SAT_P2_S3,1546991.338256,3947276.468279,-5481452.598668,35480.000000,0,false,
SAT_P2_S3,1292707.740953,4084411.207914,-5446653.875491,35520.000000,0,false,
SAT_P2_S3,1036746.807535,4215264.304735,-5401418.879276,35560.000000,0,false,
SAT_P2_S3,779557.940167,4339594.527742,-5345833.292849,35600.000000,0,false,
SAT_P2_S3,521591.567278,4457170.258191,-5280002.497461,35640.000000,0,false,
SAT_P2_S3,263298.367998,4567769.939945,-5204051.405967,35680.000000,0,false,
SAT_P2_S3,5128.494658,4671182.500463,-5118124.239265,35720.000000,0,false,
SAT_P2_S3,-252469.203556,4767207.750869,-5022384.257920,35760.000000,0,false,
SAT_P2_S3,-509047.954214,4855656.784970,-4917013.472062,35800.000000,0,false,
SAT_P2_S3,-764163.830500,4936352.392605,-4802212.347781,35840.000000,0,false,
SAT_P2_S3,-1017376.515093,5009129.402739,-4678199.418787,35880.000000,0,false,
SAT_P2_S3,-1268250.058624,5073835.027957,-4545210.882373,35920.000000,0,false,
SAT_P2_S3,-1516353.629362,5130329.213124,-4403500.185444,35960.000000,0,false,
SAT_P2_S3,-1761262.253534,5178484.944954,-4253337.554954,36000.000000,0,false,
