name_sat,a,e,i,t,firing,detected_by_GS,nom_station
SAT_P1_S1,6928137.000000,0.000000,0.925025,0.000000,0,0
SAT_P1_S1,6928102.838999,0.000061,0.925023,40.000000,0,0
SAT_P1_S1,6928023.006613,0.000121,0.925019,80.000000,0,0
SAT_P1_S1,6927898.146488,0.000182,0.925013,120.000000,0,0
SAT_P1_S1,6927729.135983,0.000243,0.925004,160.000000,0,0
SAT_P1_S1,6927517.102456,0.000303,0.924993,200.000000,0,0
SAT_P1_S1,6927263.448697,0.000363,0.924979,240.000000,0,0
SAT_P1_S1,6926969.841655,0.000423,0.924963,280.000000,0,0
SAT_P1_S1,6926638.214499,0.000482,0.924945,320.000000,0,0
SAT_P1_S1,6926270.839737,0.000540,0.924925,360.000000,0,0
SAT_P1_S1,6925870.374380,0.000598,0.924903,400.000000,0,0
SAT_P1_S1,6925439.740854,0.000655,0.924880,440.000000,0,0
SAT_P1_S1,6924982.195633,0.000710,0.924855,480.000000,0,0
SAT_P1_S1,6924501.308782,0.000764,0.924829,520.000000,0,0
SAT_P1_S1,6924000.913625,0.000817,0.924802,560.000000,0,0
SAT_P1_S1,6923485.028768,0.000867,0.924774,600.000000,0,0
SAT_P1_S1,6922957.811451,0.000915,0.924745,640.000000,0,0
SAT_P1_S1,6922423.575830,0.000961,0.924717,680.000000,0,0
SAT_P1_S1,6921886.638445,0.001004,0.924687,720.000000,0,0
SAT_P1_S1,6921351.264578,0.001044,0.924659,760.000000,0,0
SAT_P1_S1,6920821.646523,0.001080,0.924630,800.000000,0,0
SAT_P1_S1,6920301.848217,0.001113,0.924602,840.000000,0,0
SAT_P1_S1,6919795.758401,0.001142,0.924574,880.000000,0,0
SAT_P1_S1,6919307.073205,0.001167,0.924548,920.000000,0,0
SAT_P1_S1,6918839.304088,0.001187,0.924522,960.000000,0,0
SAT_P1_S1,6918395.754967,0.001203,0.924498,1000.000000,0,0
SAT_P1_S1,6917979.495803,0.001214,0.924476,1040.000000,0,0
SAT_P1_S1,6917593.390024,0.001221,0.924455,1080.000000,0,0
SAT_P1_S1,6917240.187149,0.001222,0.924435,1120.000000,0,0
SAT_P1_S1,6916922.403393,0.001218,0.924418,1160.000000,0,0
SAT_P1_S1,6916642.362737,0.001209,0.924403,1200.000000,0,0
SAT_P1_S1,6916402.211130,0.001195,0.924390,1240.000000,0,0
SAT_P1_S1,6916203.899965,0.001175,0.924379,1280.000000,0,0
SAT_P1_S1,6916049.133718,0.001150,0.924371,1320.000000,0,0
SAT_P1_S1,6915939.330933,0.001120,0.924365,1360.000000,0,0
SAT_P1_S1,6915875.655282,0.001084,0.924361,1400.000000,0,0
SAT_P1_S1,6915858.975968,0.001043,0.924360,1440.000000,0,0
SAT_P1_S1,6915889.752292,0.000998,0.924362,1480.000000,0,0
SAT_P1_S1,6915968.063987,0.000948,0.924366,1520.000000,0,0
SAT_P1_S1,6916093.592182,0.000893,0.924373,1560.000000,0,0
SAT_P1_S1,6916265.583236,0.000836,0.924382,1600.000000,0,0
SAT_P1_S1,6916482.812015,0.000776,0.924394,1640.000000,0,0
SAT_P1_S1,6916743.605481,0.000714,0.924408,1680.000000,0,0
SAT_P1_S1,6917045.942392,0.000653,0.924423,1720.000000,0,0
SAT_P1_S1,6917387.355592,0.000593,0.924441,1760.000000,0,0
SAT_P1_S1,6917765.007186,0.000537,0.924461,1800.000000,0,0
SAT_P1_S1,6918175.752686,0.000490,0.924483,1840.000000,0,0
SAT_P1_S1,6918616.186833,0.000456,0.924506,1880.000000,0,0
SAT_P1_S1,6919082.661696,0.000439,0.924530,1920.000000,0,0
SAT_P1_S1,6919571.325269,0.000442,0.924555,1960.000000,0,0
SAT_P1_S1,6920078.237351,0.000466,0.924582,2000.000000,0,0
SAT_P1_S1,6920599.409147,0.000508,0.924609,2040.000000,0,0
SAT_P1_S1,6921130.754745,0.000564,0.924637,2080.000000,0,0
SAT_P1_S1,6921668.189220,0.000630,0.924665,2120.000000,0,0
SAT_P1_S1,6922207.659318,0.000701,0.924693,2160.000000,0,0
SAT_P1_S1,6922745.143168,0.000777,0.924721,2200.000000,0,0
SAT_P1_S1,6923276.636290,0.000854,0.924749,2240.000000,0,0
SAT_P1_S1,6923798.184200,0.000931,0.924777,2280.000000,0,0
SAT_P1_S1,6924305.975386,0.001007,0.924804,2320.000000,0,0
SAT_P1_S1,6924796.233413,0.001081,0.924829,2360.000000,0,0
SAT_P1_S1,6925265.271176,0.001153,0.924854,2400.000000,0,0
SAT_P1_S1,6925709.531538,0.001220,0.924878,2440.000000,0,0
SAT_P1_S1,6926125.610131,0.001284,0.924899,2480.000000,0,0
SAT_P1_S1,6926510.251776,0.001342,0.924920,2520.000000,0,0
SAT_P1_S1,6926860.371400,0.001396,0.924938,2560.000000,0,0
SAT_P1_S1,6927173.159639,0.001444,0.924954,2600.000000,0,0
SAT_P1_S1,6927446.116708,0.001485,0.924969,2640.000000,0,0
SAT_P1_S1,6927676.999686,0.001521,0.924981,2680.000000,0,0
SAT_P1_S1,6927863.924125,0.001549,0.924991,2720.000000,0,0
SAT_P1_S1,6928005.397865,0.001571,0.924998,2760.000000,0,0
SAT_P1_S1,6928100.321721,0.001586,0.925003,2800.000000,0,0
SAT_P1_S1,6928147.972981,0.001593,0.925005,2840.000000,0,0
SAT_P1_S1,6928148.030968,0.001593,0.925005,2880.000000,0,0
SAT_P1_S1,6928100.656025,0.001587,0.925002,2920.000000,0,0
SAT_P1_S1,6928006.355561,0.001573,0.924997,2960.000000,0,0
SAT_P1_S1,6927866.006523,0.001552,0.924989,3000.000000,0,0
SAT_P1_S1,6927680.854686,0.001524,0.924979,3040.000000,0,0
SAT_P1_S1,6927452.488987,0.001489,0.924966,3080.000000,0,0
SAT_P1_S1,6927182.784845,0.001449,0.924951,3120.000000,0,0
SAT_P1_S1,6926873.868784,0.001402,0.924934,3160.000000,0,0
SAT_P1_S1,6926528.165613,0.001350,0.924915,3200.000000,0,0
SAT_P1_S1,6926148.376878,0.001292,0.924895,3240.000000,0,0
SAT_P1_S1,6925737.378549,0.001230,0.924872,3280.000000,0,0
SAT_P1_S1,6925298.274784,0.001163,0.924848,3320.000000,0,0
SAT_P1_S1,6924834.392112,0.001093,0.924823,3360.000000,0,0
SAT_P1_S1,6924349.246808,0.001020,0.924796,3400.000000,0,0
SAT_P1_S1,6923846.500430,0.000944,0.924768,3440.000000,0,0
SAT_P1_S1,6923329.962457,0.000868,0.924740,3480.000000,0,0
SAT_P1_S1,6922803.651491,0.000791,0.924711,3520.000000,0,0
SAT_P1_S1,6922271.642762,0.000716,0.924682,3560.000000,0,0
SAT_P1_S1,6921738.074737,0.000644,0.924653,3600.000000,0,0
SAT_P1_S1,6921207.131070,0.000578,0.924624,3640.000000,0,0
SAT_P1_S1,6920682.996135,0.000521,0.924595,3680.000000,0,0
SAT_P1_S1,6920169.778950,0.000476,0.924567,3720.000000,0,0
SAT_P1_S1,6919671.456869,0.000448,0.924539,3760.000000,0,0
SAT_P1_S1,6919191.899194,0.000439,0.924513,3800.000000,0,0
SAT_P1_S1,6918734.824648,0.000451,0.924488,3840.000000,0,0
SAT_P1_S1,6918303.683359,0.000480,0.924464,3880.000000,0,0
SAT_P1_S1,6917901.694338,0.000522,0.924442,3920.000000,0,0
SAT_P1_S1,6917531.830971,0.000573,0.924421,3960.000000,0,0
SAT_P1_S1,6917196.787042,0.000629,0.924403,4000.000000,0,0
SAT_P1_S1,6916898.937938,0.000688,0.924386,4040.000000,0,0
SAT_P1_S1,6916640.355859,0.000747,0.924372,4080.000000,0,0
SAT_P1_S1,6916422.891733,0.000806,0.924360,4120.000000,0,0
SAT_P1_S1,6916248.050160,0.000862,0.924350,4160.000000,0,0
SAT_P1_S1,6916117.028570,0.000915,0.924343,4200.000000,0,0
SAT_P1_S1,6916030.735880,0.000965,0.924338,4240.000000,0,0
SAT_P1_S1,6915989.787248,0.001011,0.924336,4280.000000,0,0
SAT_P1_S1,6915994.468843,0.001052,0.924337,4320.000000,0,0
SAT_P1_S1,6916044.722253,0.001089,0.924339,4360.000000,0,0
SAT_P1_S1,6916140.206875,0.001120,0.924345,4400.000000,0,0
SAT_P1_S1,6916280.293291,0.001147,0.924353,4440.000000,0,0
SAT_P1_S1,6916463.987000,0.001168,0.924363,4480.000000,0,0
SAT_P1_S1,6916689.989831,0.001184,0.924376,4520.000000,0,0
SAT_P1_S1,6916956.715962,0.001195,0.924391,4560.000000,0,0
SAT_P1_S1,6917262.297439,0.001201,0.924408,4600.000000,0,0
SAT_P1_S1,6917604.567718,0.001201,0.924427,4640.000000,0,0
SAT_P1_S1,6917981.079869,0.001196,0.924447,4680.000000,0,0
SAT_P1_S1,6918389.205702,0.001187,0.924470,4720.000000,0,0
SAT_P1_S1,6918826.087697,0.001173,0.924494,4760.000000,0,0
SAT_P1_S1,6919288.625965,0.001154,0.924519,4800.000000,0,0
SAT_P1_S1,6919773.535772,0.001130,0.924546,4840.000000,0,0
SAT_P1_S1,6920277.360781,0.001103,0.924573,4880.000000,0,0
SAT_P1_S1,6920796.454938,0.001072,0.924601,4920.000000,0,0
SAT_P1_S1,6921326.968548,0.001037,0.924629,4960.000000,0,0
SAT_P1_S1,6921864.898778,0.000999,0.924658,5000.000000,0,0
SAT_P1_S1,6922406.163813,0.000957,0.924687,5040.000000,0,0
SAT_P1_S1,6922946.492374,0.000913,0.924716,5080.000000,0,0
SAT_P1_S1,6923481.527414,0.000866,0.924744,5120.000000,0,0
SAT_P1_S1,6924006.871198,0.000817,0.924772,5160.000000,0,0
SAT_P1_S1,6924518.124515,0.000766,0.924799,5200.000000,0,0
SAT_P1_S1,6925010.908972,0.000714,0.924825,5240.000000,0,0
SAT_P1_S1,6925480.928695,0.000659,0.924850,5280.000000,0,0
SAT_P1_S1,6925924.118604,0.000604,0.924873,5320.000000,0,0
SAT_P1_S1,6926336.641660,0.000547,0.924895,5360.000000,0,0
SAT_P1_S1,6926714.919701,0.000490,0.924915,5400.000000,0,0
SAT_P1_S1,6927055.733155,0.000432,0.924933,5440.000000,0,0
SAT_P1_S1,6927356.266503,0.000374,0.924949,5480.000000,0,0
SAT_P1_S1,6927614.111998,0.000315,0.924963,5520.000000,0,0
SAT_P1_S1,6927827.266025,0.000256,0.924975,5560.000000,0,0
SAT_P1_S1,6927994.175236,0.000197,0.924984,5600.000000,0,0
SAT_P1_S1,6928113.789077,0.000138,0.924991,5640.000000,0,0
SAT_P1_S1,6928185.417322,0.000079,0.924995,5680.000000,0,0
SAT_P1_S1,6928208.783836,0.000027,0.924997,5720.000000,0,0
SAT_P1_S1,6928184.010753,0.000049,0.924996,5760.000000,0,0
SAT_P1_S1,6928111.587934,0.000106,0.924992,5800.000000,0,0
SAT_P1_S1,6927992.319893,0.000165,0.924986,5840.000000,0,0
SAT_P1_S1,6927827.308538,0.000224,0.924978,5880.000000,0,0
SAT_P1_S1,6927618.020802,0.000284,0.924967,5920.000000,0,0
SAT_P1_S1,6927366.213352,0.000343,0.924954,5960.000000,0,0
SAT_P1_S1,6927073.896114,0.000402,0.924939,6000.000000,0,0
SAT_P1_S1,6926743.370821,0.000460,0.924921,6040.000000,0,0
SAT_P1_S1,6926377.226906,0.000518,0.924902,6080.000000,0,0
SAT_P1_S1,6925978.304302,0.000575,0.924880,6120.000000,0,0
SAT_P1_S1,6925549.657012,0.000632,0.924857,6160.000000,0,0
SAT_P1_S1,6925094.575570,0.000687,0.924833,6200.000000,0,0
SAT_P1_S1,6924616.623883,0.000740,0.924807,6240.000000,0,0
SAT_P1_S1,6924119.477470,0.000792,0.924780,6280.000000,0,0
SAT_P1_S1,6923606.967165,0.000843,0.924752,6320.000000,0,0
SAT_P1_S1,6923083.049723,0.000891,0.924723,6360.000000,0,0
SAT_P1_S1,6922551.762838,0.000936,0.924694,6400.000000,0,0
SAT_P1_S1,6922017.156041,0.000980,0.924665,6440.000000,0,0
SAT_P1_S1,6921483.255024,0.001020,0.924636,6480.000000,0,0
SAT_P1_S1,6920954.107433,0.001057,0.924607,6520.000000,0,0
SAT_P1_S1,6920433.685511,0.001090,0.924579,6560.000000,0,0
SAT_P1_S1,6919925.839294,0.001120,0.924551,6600.000000,0,0
SAT_P1_S1,6919434.299370,0.001146,0.924524,6640.000000,0,0
SAT_P1_S1,6918962.665402,0.001168,0.924498,6680.000000,0,0
SAT_P1_S1,6918514.381297,0.001185,0.924474,6720.000000,0,0
SAT_P1_S1,6918092.686877,0.001197,0.924451,6760.000000,0,0
SAT_P1_S1,6917700.602920,0.001205,0.924429,6800.000000,0,0
SAT_P1_S1,6917340.998774,0.001208,0.924410,6840.000000,0,0
SAT_P1_S1,6917016.523467,0.001206,0.924392,6880.000000,0,0
SAT_P1_S1,6916729.558402,0.001198,0.924376,6920.000000,0,0
SAT_P1_S1,6916482.252733,0.001185,0.924363,6960.000000,0,0
SAT_P1_S1,6916276.513341,0.001167,0.924352,7000.000000,0,0
SAT_P1_S1,6916113.963838,0.001144,0.924343,7040.000000,0,0
SAT_P1_S1,6915995.904599,0.001115,0.924337,7080.000000,0,0
SAT_P1_S1,6915923.332476,0.001081,0.924333,7120.000000,0,0
SAT_P1_S1,6915896.986799,0.001042,0.924331,7160.000000,0,0
SAT_P1_S1,6915917.199827,0.000999,0.924333,7200.000000,0,0
SAT_P1_S1,6915983.954086,0.000950,0.924336,7240.000000,0,0
SAT_P1_S1,6916096.878325,0.000898,0.924342,7280.000000,0,0
SAT_P1_S1,6916255.233784,0.000842,0.924351,7320.000000,0,0
SAT_P1_S1,6916457.880787,0.000784,0.924362,7360.000000,0,0
SAT_P1_S1,6916703.282546,0.000723,0.924376,7400.000000,0,0
SAT_P1_S1,6916989.597205,0.000662,0.924391,7440.000000,0,0
SAT_P1_S1,6917314.638360,0.000602,0.924409,7480.000000,0,0
SAT_P1_S1,6917675.862433,0.000545,0.924429,7520.000000,0,0
SAT_P1_S1,6918070.444835,0.000495,0.924450,7560.000000,0,0
SAT_P1_S1,6918495.314917,0.000456,0.924474,7600.000000,0,0
SAT_P1_S1,6918947.161883,0.000432,0.924498,7640.000000,0,0
SAT_P1_S1,6919422.443511,0.000428,0.924524,7680.000000,0,0
SAT_P1_S1,6919917.456478,0.000444,0.924551,7720.000000,0,0
SAT_P1_S1,6920428.432513,0.000480,0.924578,7760.000000,0,0
SAT_P1_S1,6920951.430613,0.000531,0.924607,7800.000000,0,0
SAT_P1_S1,6921482.438749,0.000593,0.924635,7840.000000,0,0
SAT_P1_S1,6922017.407658,0.000662,0.924664,7880.000000,0,0
SAT_P1_S1,6922552.269489,0.000736,0.924693,7920.000000,0,0
SAT_P1_S1,6923082.931453,0.000812,0.924721,7960.000000,0,0
SAT_P1_S1,6923605.302056,0.000888,0.924749,8000.000000,0,0
SAT_P1_S1,6924115.400411,0.000964,0.924776,8040.000000,0,0
SAT_P1_S1,6924609.327736,0.001039,0.924802,8080.000000,0,0
SAT_P1_S1,6925083.261634,0.001110,0.924828,8120.000000,0,0
SAT_P1_S1,6925533.535064,0.001179,0.924851,8160.000000,0,0
SAT_P1_S1,6925956.670463,0.001243,0.924874,8200.000000,0,0
SAT_P1_S1,6926349.381027,0.001302,0.924894,8240.000000,0,0
SAT_P1_S1,6926708.572618,0.001357,0.924913,8280.000000,0,0
SAT_P1_S1,6927031.406619,0.001406,0.924930,8320.000000,0,0
SAT_P1_S1,6927315.387827,0.001449,0.924945,8360.000000,0,0
SAT_P1_S1,6927558.245628,0.001485,0.924957,8400.000000,0,0
SAT_P1_S1,6927758.027055,0.001516,0.924967,8440.000000,0,0
SAT_P1_S1,6927913.121462,0.001539,0.924975,8480.000000,0,0
SAT_P1_S1,6928022.269410,0.001555,0.924980,8520.000000,0,0
SAT_P1_S1,6928084.545189,0.001565,0.924983,8560.000000,0,0
SAT_P1_S1,6928099.370802,0.001567,0.924983,8600.000000,0,0
SAT_P1_S1,6928066.611595,0.001562,0.924981,8640.000000,0,0
SAT_P1_S1,6927986.527590,0.001550,0.924976,8680.000000,0,0
SAT_P1_S1,6927859.742720,0.001530,0.924969,8720.000000,0,0
SAT_P1_S1,6927687.294098,0.001504,0.924959,8760.000000,0,0
SAT_P1_S1,6927470.628620,0.001471,0.924947,8800.000000,0,0
SAT_P1_S1,6927211.560693,0.001432,0.924932,8840.000000,0,0
SAT_P1_S1,6926912.225111,0.001386,0.924915,8880.000000,0,0
SAT_P1_S1,6926575.085327,0.001335,0.924897,8920.000000,0,0
SAT_P1_S1,6926202.962559,0.001279,0.924876,8960.000000,0,0
SAT_P1_S1,6925798.862082,0.001217,0.924854,9000.000000,0,0
SAT_P1_S1,6925366.008069,0.001151,0.924830,9040.000000,0,0
SAT_P1_S1,6924907.815185,0.001082,0.924804,9080.000000,0,0
SAT_P1_S1,6924427.850241,0.001009,0.924778,9120.000000,0,0
SAT_P1_S1,6923929.773696,0.000935,0.924751,9160.000000,0,0
SAT_P1_S1,6923417.319166,0.000858,0.924722,9200.000000,0,0
SAT_P1_S1,6922894.362926,0.000782,0.924694,9240.000000,0,0
SAT_P1_S1,6922364.855049,0.000707,0.924664,9280.000000,0,0
SAT_P1_S1,6921832.772805,0.000635,0.924635,9320.000000,0,0
SAT_P1_S1,6921302.159002,0.000568,0.924606,9360.000000,0,0
SAT_P1_S1,6920777.108538,0.000509,0.924577,9400.000000,0,0
SAT_P1_S1,6920261.717255,0.000464,0.924549,9440.000000,0,0
SAT_P1_S1,6919760.025356,0.000434,0.924521,9480.000000,0,0
SAT_P1_S1,6919276.013641,0.000425,0.924495,9520.000000,0,0
SAT_P1_S1,6918813.618032,0.000436,0.924469,9560.000000,0,0
SAT_P1_S1,6918376.544610,0.000465,0.924445,9600.000000,0,0
SAT_P1_S1,6917968.288964,0.000507,0.924423,9640.000000,0,0
SAT_P1_S1,6917592.094499,0.000559,0.924402,9680.000000,0,0
SAT_P1_S1,6917250.904543,0.000616,0.924383,9720.000000,0,0
SAT_P1_S1,6916947.298925,0.000676,0.924366,9760.000000,0,0
SAT_P1_S1,6916683.473098,0.000736,0.924351,9800.000000,0,0
SAT_P1_S1,6916461.312956,0.000795,0.924338,9840.000000,0,0
SAT_P1_S1,6916282.340414,0.000851,0.924328,9880.000000,0,0
SAT_P1_S1,6916147.687217,0.000904,0.924321,9920.000000,0,0
SAT_P1_S1,6916058.159414,0.000954,0.924315,9960.000000,0,0
SAT_P1_S1,6916014.256067,0.001000,0.924313,10000.000000,0,0
SAT_P1_S1,6916016.154896,0.001041,0.924313,10040.000000,0,0
SAT_P1_S1,6916063.695880,0.001077,0.924315,10080.000000,0,0
SAT_P1_S1,6916156.419879,0.001108,0.924320,10120.000000,0,0
SAT_P1_S1,6916293.626481,0.001134,0.924327,10160.000000,0,0
SAT_P1_S1,6916474.235952,0.001155,0.924337,10200.000000,0,0
SAT_P1_S1,6916696.854495,0.001170,0.924349,10240.000000,0,0
SAT_P1_S1,6916959.769807,0.001181,0.924364,10280.000000,0,0
SAT_P1_S1,6917260.962001,0.001186,0.924380,10320.000000,0,0
SAT_P1_S1,6917598.087675,0.001186,0.924399,10360.000000,0,0
SAT_P1_S1,6917968.489869,0.001181,0.924419,10400.000000,0,0
SAT_P1_S1,6918369.295311,0.001171,0.924442,10440.000000,0,0
SAT_P1_S1,6918797.471734,0.001157,0.924465,10480.000000,0,0
SAT_P1_S1,6919249.772782,0.001138,0.924490,10520.000000,0,0
SAT_P1_S1,6919722.856922,0.001114,0.924517,10560.000000,0,0
SAT_P1_S1,6920213.333581,0.001087,0.924544,10600.000000,0,0
SAT_P1_S1,6920717.776685,0.001056,0.924572,10640.000000,0,0
SAT_P1_S1,6921232.713924,0.001022,0.924600,10680.000000,0,0
SAT_P1_S1,6921754.647579,0.000985,0.924629,10720.000000,0,0
SAT_P1_S1,6922280.126288,0.000944,0.924658,10760.000000,0,0
SAT_P1_S1,6922805.620912,0.000901,0.924686,10800.000000,0,0
SAT_P1_S1,6923327.527906,0.000855,0.924715,10840.000000,0,0
SAT_P1_S1,6923842.174032,0.000807,0.924743,10880.000000,0,0
SAT_P1_S1,6924345.805259,0.000757,0.924770,10920.000000,0,0
SAT_P1_S1,6924834.558174,0.000705,0.924796,10960.000000,0,0
SAT_P1_S1,6925304.463651,0.000651,0.924821,11000.000000,0,0
SAT_P1_S1,6925751.548160,0.000597,0.924844,11040.000000,0,0
SAT_P1_S1,6926171.906254,0.000541,0.924866,11080.000000,0,0
SAT_P1_S1,6926561.669489,0.000484,0.924886,11120.000000,0,0
SAT_P1_S1,6926917.162771,0.000427,0.924905,11160.000000,0,0
SAT_P1_S1,6927234.996519,0.000369,0.924921,11200.000000,0,0
SAT_P1_S1,6927512.130583,0.000311,0.924935,11240.000000,0,0
SAT_P1_S1,6927745.915115,0.000253,0.924947,11280.000000,0,0
SAT_P1_S1,6927934.162033,0.000195,0.924957,11320.000000,0,0
SAT_P1_S1,6928075.262750,0.000138,0.924964,11360.000000,0,0
SAT_P1_S1,6928168.089524,0.000083,0.924968,11400.000000,0,0
SAT_P1_S1,6928212.014426,0.000041,0.924970,11440.000000,0,0
SAT_P1_S1,6928206.909931,0.000059,0.924969,11480.000000,0,0
SAT_P1_S1,6928153.111844,0.000110,0.924966,11520.000000,0,0
SAT_P1_S1,6928051.346415,0.000166,0.924960,11560.000000,0,0
SAT_P1_S1,6927902.672117,0.000223,0.924951,11600.000000,0,0
SAT_P1_S1,6927708.498936,0.000281,0.924941,11640.000000,0,0
SAT_P1_S1,6927470.568600,0.000338,0.924928,11680.000000,0,0
SAT_P1_S1,6927190.835588,0.000395,0.924912,11720.000000,0,0
SAT_P1_S1,6926871.521463,0.000452,0.924895,11760.000000,0,0
SAT_P1_S1,6926515.116323,0.000508,0.924876,11800.000000,0,0
SAT_P1_S1,6926124.360910,0.000564,0.924854,11840.000000,0,0
SAT_P1_S1,6925702.216692,0.000619,0.924832,11880.000000,0,0
SAT_P1_S1,6925251.880504,0.000672,0.924807,11920.000000,0,0
SAT_P1_S1,6924776.864030,0.000725,0.924782,11960.000000,0,0
SAT_P1_S1,6924280.865380,0.000776,0.924755,12000.000000,0,0
SAT_P1_S1,6923767.772165,0.000825,0.924728,12040.000000,0,0
SAT_P1_S1,6923241.655058,0.000872,0.924700,12080.000000,0,0
SAT_P1_S1,6922706.726713,0.000918,0.924671,12120.000000,0,0
SAT_P1_S1,6922167.265420,0.000960,0.924642,12160.000000,0,0
SAT_P1_S1,6921627.551287,0.001000,0.924613,12200.000000,0,0
SAT_P1_S1,6921091.874773,0.001036,0.924584,12240.000000,0,0
SAT_P1_S1,6920564.498072,0.001070,0.924556,12280.000000,0,0
SAT_P1_S1,6920049.518087,0.001099,0.924528,12320.000000,0,0
SAT_P1_S1,6919550.888671,0.001125,0.924501,12360.000000,0,0
SAT_P1_S1,6919072.381269,0.001146,0.924475,12400.000000,0,0
SAT_P1_S1,6918617.565637,0.001163,0.924450,12440.000000,0,0
SAT_P1_S1,6918189.757568,0.001176,0.924427,12480.000000,0,0
SAT_P1_S1,6917791.985723,0.001183,0.924405,12520.000000,0,0
SAT_P1_S1,6917427.037839,0.001186,0.924385,12560.000000,0,0
SAT_P1_S1,6917097.478712,0.001184,0.924367,12600.000000,0,0
SAT_P1_S1,6916805.537282,0.001177,0.924351,12640.000000,0,0
SAT_P1_S1,6916553.181878,0.001164,0.924337,12680.000000,0,0
SAT_P1_S1,6916342.127788,0.001146,0.924326,12720.000000,0,0
SAT_P1_S1,6916173.825786,0.001123,0.924316,12760.000000,0,0
SAT_P1_S1,6916049.434586,0.001095,0.924309,12800.000000,0,0
SAT_P1_S1,6915969.834007,0.001062,0.924305,12840.000000,0,0
SAT_P1_S1,6915935.706405,0.001024,0.924303,12880.000000,0,0
SAT_P1_S1,6915947.426939,0.000981,0.924304,12920.000000,0,0
SAT_P1_S1,6916005.067000,0.000934,0.924307,12960.000000,0,0
SAT_P1_S1,6916108.407260,0.000883,0.924313,13000.000000,0,0
SAT_P1_S1,6916256.918747,0.000828,0.924321,13040.000000,0,0
SAT_P1_S1,6916449.712996,0.000770,0.924332,13080.000000,0,0
SAT_P1_S1,6916685.507682,0.000710,0.924345,13120.000000,0,0
SAT_P1_S1,6916962.669465,0.000650,0.924360,13160.000000,0,0
SAT_P1_S1,6917279.232328,0.000590,0.924377,13200.000000,0,0
SAT_P1_S1,6917632.796285,0.000533,0.924396,13240.000000,0,0
SAT_P1_S1,6918020.616642,0.000483,0.924417,13280.000000,0,0
SAT_P1_S1,6918439.639684,0.000443,0.924440,13320.000000,0,0
SAT_P1_S1,6918886.527542,0.000418,0.924464,13360.000000,0,0
SAT_P1_S1,6919357.674596,0.000413,0.924490,13400.000000,0,0
SAT_P1_S1,6919849.272752,0.000429,0.924517,13440.000000,0,0
SAT_P1_S1,6920357.453413,0.000465,0.924545,13480.000000,0,0
SAT_P1_S1,6920878.229313,0.000516,0.924573,13520.000000,0,0
SAT_P1_S1,6921407.553324,0.000578,0.924602,13560.000000,0,0
SAT_P1_S1,6921941.383147,0.000648,0.924631,13600.000000,0,0
SAT_P1_S1,6922475.705294,0.000721,0.924660,13640.000000,0,0
SAT_P1_S1,6923006.520487,0.000798,0.924689,13680.000000,0,0
SAT_P1_S1,6923529.837543,0.000874,0.924718,13720.000000,0,0
SAT_P1_S1,6924041.736618,0.000951,0.924746,13760.000000,0,0
SAT_P1_S1,6924538.399770,0.001025,0.924773,13800.000000,0,0
SAT_P1_S1,6925016.018045,0.001097,0.924800,13840.000000,0,0
SAT_P1_S1,6925470.882827,0.001166,0.924825,13880.000000,0,0
SAT_P1_S1,6925899.421411,0.001231,0.924848,13920.000000,0,0
SAT_P1_S1,6926298.218285,0.001291,0.924870,13960.000000,0,0
SAT_P1_S1,6926664.025550,0.001346,0.924891,14000.000000,0,0
SAT_P1_S1,6926993.821197,0.001396,0.924909,14040.000000,0,0
SAT_P1_S1,6927284.943729,0.001439,0.924926,14080.000000,0,0
SAT_P1_S1,6927535.021664,0.001477,0.924940,14120.000000,0,0
SAT_P1_S1,6927742.020188,0.001508,0.924952,14160.000000,0,0
SAT_P1_S1,6927904.292328,0.001532,0.924961,14200.000000,0,0
SAT_P1_S1,6928020.587293,0.001549,0.924968,14240.000000,0,0
SAT_P1_S1,6928090.018426,0.001559,0.924973,14280.000000,0,0
SAT_P1_S1,6928112.038808,0.001563,0.924975,14320.000000,0,0
SAT_P1_S1,6928086.486300,0.001558,0.924974,14360.000000,0,0
SAT_P1_S1,6928013.594608,0.001547,0.924971,14400.000000,0,0
SAT_P1_S1,6927893.878206,0.001529,0.924965,14440.000000,0,0
SAT_P1_S1,6927728.202162,0.001504,0.924957,14480.000000,0,0
SAT_P1_S1,6927517.792808,0.001472,0.924946,14520.000000,0,0
SAT_P1_S1,6927264.230773,0.001433,0.924933,14560.000000,0,0
SAT_P1_S1,6926969.428976,0.001388,0.924918,14600.000000,0,0
SAT_P1_S1,6926635.653147,0.001338,0.924900,14640.000000,0,0
SAT_P1_S1,6926265.611696,0.001282,0.924881,14680.000000,0,0
SAT_P1_S1,6925862.335824,0.001220,0.924859,14720.000000,0,0
SAT_P1_S1,6925429.170419,0.001155,0.924836,14760.000000,0,0
SAT_P1_S1,6924969.764062,0.001085,0.924812,14800.000000,0,0
SAT_P1_S1,6924488.013979,0.001012,0.924786,14840.000000,0,0
SAT_P1_S1,6923987.970880,0.000937,0.924759,14880.000000,0,0
SAT_P1_S1,6923473.752929,0.000861,0.924731,14920.000000,0,0
SAT_P1_S1,6922949.532469,0.000784,0.924703,14960.000000,0,0
SAT_P1_S1,6922419.497228,0.000709,0.924674,15000.000000,0,0
SAT_P1_S1,6921887.697265,0.000636,0.924644,15040.000000,0,0
SAT_P1_S1,6921358.083804,0.000568,0.924615,15080.000000,0,0
SAT_P1_S1,6920834.502346,0.000509,0.924586,15120.000000,0,0
SAT_P1_S1,6920320.679393,0.000462,0.924558,15160.000000,0,0
SAT_P1_S1,6919820.203509,0.000431,0.924530,15200.000000,0,0
SAT_P1_S1,6919336.557146,0.000419,0.924503,15240.000000,0,0
SAT_P1_S1,6918873.226073,0.000427,0.924478,15280.000000,0,0
SAT_P1_S1,6918433.598730,0.000455,0.924453,15320.000000,0,0
SAT_P1_S1,6918020.979351,0.000496,0.924430,15360.000000,0,0
SAT_P1_S1,6917638.598746,0.000547,0.924409,15400.000000,0,0
SAT_P1_S1,6917289.575811,0.000604,0.924390,15440.000000,0,0
SAT_P1_S1,6916976.835947,0.000664,0.924373,15480.000000,0,0
SAT_P1_S1,6916703.034043,0.000724,0.924357,15520.000000,0,0
SAT_P1_S1,6916470.542985,0.000783,0.924344,15560.000000,0,0
SAT_P1_S1,6916281.413503,0.000841,0.924334,15600.000000,0,0
SAT_P1_S1,6916137.224134,0.000895,0.924326,15640.000000,0,0
SAT_P1_S1,6916039.115217,0.000946,0.924320,15680.000000,0,0
SAT_P1_S1,6915987.782370,0.000992,0.924317,15720.000000,0,0
SAT_P1_S1,6915983.467874,0.001034,0.924316,15760.000000,0,0
SAT_P1_S1,6916025.951730,0.001070,0.924318,15800.000000,0,0
SAT_P1_S1,6916114.599316,0.001102,0.924322,15840.000000,0,0
SAT_P1_S1,6916248.494169,0.001129,0.924329,15880.000000,0,0
SAT_P1_S1,6916426.368607,0.001150,0.924339,15920.000000,0,0
SAT_P1_S1,6916646.661627,0.001166,0.924350,15960.000000,0,0
SAT_P1_S1,6916907.562198,0.001176,0.924364,16000.000000,0,0
SAT_P1_S1,6917207.032318,0.001182,0.924380,16040.000000,0,0
SAT_P1_S1,6917542.784866,0.001182,0.924399,16080.000000,0,0
SAT_P1_S1,6917912.254516,0.001177,0.924419,16120.000000,0,0
SAT_P1_S1,6918312.622482,0.001167,0.924441,16160.000000,0,0
SAT_P1_S1,6918740.879039,0.001153,0.924464,16200.000000,0,0
SAT_P1_S1,6919193.702096,0.001134,0.924489,16240.000000,0,0
SAT_P1_S1,6919667.539329,0.001111,0.924515,16280.000000,0,0
SAT_P1_S1,6920158.653592,0.001084,0.924542,16320.000000,0,0
SAT_P1_S1,6920663.167101,0.001053,0.924570,16360.000000,0,0
SAT_P1_S1,6921177.089259,0.001019,0.924598,16400.000000,0,0
SAT_P1_S1,6921696.379579,0.000981,0.924627,16440.000000,0,0
SAT_P1_S1,6922217.095446,0.000941,0.924655,16480.000000,0,0
SAT_P1_S1,6922735.404555,0.000898,0.924684,16520.000000,0,0
SAT_P1_S1,6923247.579219,0.000852,0.924713,16560.000000,0,0
SAT_P1_S1,6923750.077663,0.000805,0.924741,16600.000000,0,0
SAT_P1_S1,6924239.552801,0.000755,0.924768,16640.000000,0,0
SAT_P1_S1,6924712.814762,0.000704,0.924794,16680.000000,0,0
SAT_P1_S1,6925166.779573,0.000651,0.924819,16720.000000,0,0
SAT_P1_S1,6925598.464853,0.000598,0.924842,16760.000000,0,0
SAT_P1_S1,6926005.017466,0.000543,0.924864,16800.000000,0,0
SAT_P1_S1,6926383.560912,0.000487,0.924885,16840.000000,0,0
SAT_P1_S1,6926731.242964,0.000430,0.924903,16880.000000,0,0
SAT_P1_S1,6927045.253477,0.000373,0.924919,16920.000000,0,0
SAT_P1_S1,6927322.849042,0.000316,0.924933,16960.000000,0,0
SAT_P1_S1,6927561.370424,0.000258,0.924945,17000.000000,0,0
SAT_P1_S1,6927758.307011,0.000200,0.924954,17040.000000,0,0
SAT_P1_S1,6927911.462651,0.000142,0.924961,17080.000000,0,0
SAT_P1_S1,6928018.993952,0.000085,0.924965,17120.000000,0,0
SAT_P1_S1,6928079.437611,0.000036,0.924966,17160.000000,0,0
SAT_P1_S1,6928091.835818,0.000047,0.924965,17200.000000,0,0
SAT_P1_S1,6928055.786596,0.000100,0.924962,17240.000000,0,0
SAT_P1_S1,6927971.442168,0.000157,0.924955,17280.000000,0,0
SAT_P1_S1,6927839.483732,0.000214,0.924947,17320.000000,0,0
SAT_P1_S1,6927661.127957,0.000271,0.924936,17360.000000,0,0
SAT_P1_S1,6927438.143422,0.000328,0.924922,17400.000000,0,0
SAT_P1_S1,6927172.665190,0.000385,0.924906,17440.000000,0,0
SAT_P1_S1,6926867.186635,0.000441,0.924889,17480.000000,0,0
SAT_P1_S1,6926524.498282,0.000497,0.924869,17520.000000,0,0
SAT_P1_S1,6926147.617037,0.000552,0.924847,17560.000000,0,0
SAT_P1_S1,6925739.697882,0.000606,0.924824,17600.000000,0,0
SAT_P1_S1,6925303.985985,0.000659,0.924799,17640.000000,0,0
SAT_P1_S1,6924843.867072,0.000711,0.924773,17680.000000,0,0
SAT_P1_S1,6924362.807747,0.000761,0.924746,17720.000000,0,0
SAT_P1_S1,6923864.301638,0.000810,0.924718,17760.000000,0,0
SAT_P1_S1,6923351.927118,0.000856,0.924689,17800.000000,0,0
SAT_P1_S1,6922829.359269,0.000901,0.924660,17840.000000,0,0
SAT_P1_S1,6922300.351572,0.000943,0.924630,17880.000000,0,0
SAT_P1_S1,6921768.713545,0.000983,0.924601,17920.000000,0,0
SAT_P1_S1,6921238.340463,0.001020,0.924571,17960.000000,0,0
SAT_P1_S1,6920713.270487,0.001054,0.924542,18000.000000,0,0
SAT_P1_S1,6920197.525911,0.001084,0.924514,18040.000000,0,0
SAT_P1_S1,6919695.155753,0.001111,0.924487,18080.000000,0,0
SAT_P1_S1,6919210.180049,0.001133,0.924460,18120.000000,0,0
SAT_P1_S1,6918746.559203,0.001151,0.924435,18160.000000,0,0
SAT_P1_S1,6918308.117820,0.001165,0.924412,18200.000000,0,0
SAT_P1_S1,6917898.462621,0.001174,0.924389,18240.000000,0,0
SAT_P1_S1,6917520.954860,0.001178,0.924369,18280.000000,0,0
SAT_P1_S1,6917178.733454,0.001177,0.924350,18320.000000,0,0
SAT_P1_S1,6916874.543050,0.001171,0.924334,18360.000000,0,0
SAT_P1_S1,6916610.755755,0.001159,0.924320,18400.000000,0,0
SAT_P1_S1,6916389.360653,0.001142,0.924307,18440.000000,0,0
SAT_P1_S1,6916211.948142,0.001120,0.924298,18480.000000,0,0
SAT_P1_S1,6916079.677354,0.001092,0.924290,18520.000000,0,0
SAT_P1_S1,6915993.279361,0.001060,0.924286,18560.000000,0,0
SAT_P1_S1,6915953.152753,0.001022,0.924283,18600.000000,0,0
SAT_P1_S1,6915959.359662,0.000980,0.924283,18640.000000,0,0
SAT_P1_S1,6916011.590288,0.000933,0.924286,18680.000000,0,0
SAT_P1_S1,6916109.250228,0.000882,0.924291,18720.000000,0,0
SAT_P1_S1,6916251.489256,0.000828,0.924299,18760.000000,0,0
SAT_P1_S1,6916437.195990,0.000770,0.924309,18800.000000,0,0
SAT_P1_S1,6916664.981905,0.000711,0.924322,18840.000000,0,0
SAT_P1_S1,6916933.211902,0.000651,0.924336,18880.000000,0,0
SAT_P1_S1,6917240.073409,0.000591,0.924353,18920.000000,0,0
SAT_P1_S1,6917583.439212,0.000535,0.924372,18960.000000,0,0
SAT_P1_S1,6917960.914477,0.000483,0.924393,19000.000000,0,0
SAT_P1_S1,6918369.842258,0.000442,0.924415,19040.000000,0,0
SAT_P1_S1,6918807.298140,0.000415,0.924439,19080.000000,0,0
SAT_P1_S1,6919270.064970,0.000407,0.924464,19120.000000,0,0
SAT_P1_S1,6919754.642707,0.000420,0.924490,19160.000000,0,0
SAT_P1_S1,6920257.352124,0.000452,0.924518,19200.000000,0,0
SAT_P1_S1,6920774.342869,0.000501,0.924546,19240.000000,0,0
SAT_P1_S1,6921301.574350,0.000562,0.924574,19280.000000,0,0
SAT_P1_S1,6921834.923235,0.000631,0.924603,19320.000000,0,0
SAT_P1_S1,6922370.237319,0.000705,0.924631,19360.000000,0,0
SAT_P1_S1,6922903.356482,0.000781,0.924660,19400.000000,0,0
SAT_P1_S1,6923430.124497,0.000858,0.924688,19440.000000,0,0
SAT_P1_S1,6923946.449627,0.000935,0.924716,19480.000000,0,0
SAT_P1_S1,6924448.404581,0.001010,0.924743,19520.000000,0,0
SAT_P1_S1,6924932.111890,0.001082,0.924769,19560.000000,0,0
SAT_P1_S1,6925393.817649,0.001152,0.924793,19600.000000,0,0
SAT_P1_S1,6925829.919736,0.001217,0.924817,19640.000000,0,0
SAT_P1_S1,6926236.982044,0.001278,0.924838,19680.000000,0,0
SAT_P1_S1,6926611.725484,0.001335,0.924858,19720.000000,0,0
SAT_P1_S1,6926951.051672,0.001385,0.924876,19760.000000,0,0
SAT_P1_S1,6927252.158255,0.001430,0.924892,19800.000000,0,0
SAT_P1_S1,6927512.552171,0.001469,0.924906,19840.000000,0,0
SAT_P1_S1,6927730.029858,0.001501,0.924917,19880.000000,0,0
SAT_P1_S1,6927902.779890,0.001527,0.924926,19920.000000,0,0
SAT_P1_S1,6928029.423329,0.001545,0.924932,19960.000000,0,0
SAT_P1_S1,6928109.012734,0.001557,0.924936,20000.000000,0,0
SAT_P1_S1,6928141.014159,0.001561,0.924937,20040.000000,0,0
SAT_P1_S1,6928125.329616,0.001558,0.924936,20080.000000,0,0
SAT_P1_S1,6928062.349665,0.001548,0.924932,20120.000000,0,0
SAT_P1_S1,6927952.788666,0.001531,0.924925,20160.000000,0,0
SAT_P1_S1,6927797.701865,0.001507,0.924917,20200.000000,0,0
SAT_P1_S1,6927598.455882,0.001476,0.924905,20240.000000,0,0
SAT_P1_S1,6927356.686954,0.001439,0.924891,20280.000000,0,0
SAT_P1_S1,6927074.239164,0.001396,0.924876,20320.000000,0,0
SAT_P1_S1,6926753.140367,0.001347,0.924858,20360.000000,0,0
SAT_P1_S1,6926395.677787,0.001293,0.924838,20400.000000,0,0
SAT_P1_S1,6926004.379332,0.001233,0.924816,20440.000000,0,0
SAT_P1_S1,6925581.967880,0.001169,0.924793,20480.000000,0,0
SAT_P1_S1,6925131.445980,0.001100,0.924768,20520.000000,0,0
SAT_P1_S1,6924656.121946,0.001028,0.924742,20560.000000,0,0
SAT_P1_S1,6924159.596377,0.000953,0.924715,20600.000000,0,0
SAT_P1_S1,6923645.730959,0.000877,0.924687,20640.000000,0,0
SAT_P1_S1,6923118.654391,0.000799,0.924658,20680.000000,0,0
SAT_P1_S1,6922582.792530,0.000722,0.924629,20720.000000,0,0
SAT_P1_S1,6922042.673769,0.000647,0.924600,20760.000000,0,0
SAT_P1_S1,6921502.909353,0.000577,0.924571,20800.000000,0,0
SAT_P1_S1,6920968.118593,0.000514,0.924542,20840.000000,0,0
SAT_P1_S1,6920442.837542,0.000463,0.924514,20880.000000,0,0
SAT_P1_S1,6919931.406562,0.000428,0.924486,20920.000000,0,0
SAT_P1_S1,6919437.895517,0.000412,0.924459,20960.000000,0,0
SAT_P1_S1,6918966.129810,0.000418,0.924434,21000.000000,0,0
SAT_P1_S1,6918519.635484,0.000443,0.924409,21040.000000,0,0
SAT_P1_S1,6918101.571021,0.000483,0.924386,21080.000000,0,0
SAT_P1_S1,6917714.798094,0.000534,0.924365,21120.000000,0,0
SAT_P1_S1,6917361.913203,0.000590,0.924345,21160.000000,0,0
SAT_P1_S1,6917045.254756,0.000650,0.924327,21200.000000,0,0
SAT_P1_S1,6916766.905175,0.000710,0.924312,21240.000000,0,0
SAT_P1_S1,6916528.742243,0.000770,0.924298,21280.000000,0,0
SAT_P1_S1,6916332.525857,0.000827,0.924287,21320.000000,0,0
SAT_P1_S1,6916179.754582,0.000882,0.924279,21360.000000,0,0
SAT_P1_S1,6916071.703756,0.000933,0.924272,21400.000000,0,0
SAT_P1_S1,6916009.400866,0.000981,0.924269,21440.000000,0,0
SAT_P1_S1,6915993.576153,0.001023,0.924267,21480.000000,0,0
SAT_P1_S1,6916024.584316,0.001061,0.924269,21520.000000,0,0
SAT_P1_S1,6916102.354378,0.001094,0.924273,21560.000000,0,0
SAT_P1_S1,6916226.427367,0.001122,0.924279,21600.000000,0,0
SAT_P1_S1,6916395.909044,0.001144,0.924288,21640.000000,0,0
SAT_P1_S1,6916609.417107,0.001161,0.924299,21680.000000,0,0
SAT_P1_S1,6916865.145066,0.001173,0.924313,21720.000000,0,0
SAT_P1_S1,6917160.908494,0.001179,0.924329,21760.000000,0,0
SAT_P1_S1,6917494.178827,0.001180,0.924347,21800.000000,0,0
SAT_P1_S1,6917862.106376,0.001176,0.924366,21840.000000,0,0
SAT_P1_S1,6918261.587307,0.001166,0.924388,21880.000000,0,0
SAT_P1_S1,6918689.404138,0.001153,0.924411,21920.000000,0,0
SAT_P1_S1,6919142.168790,0.001134,0.924436,21960.000000,0,0
SAT_P1_S1,6919616.362427,0.001112,0.924461,22000.000000,0,0
SAT_P1_S1,6920108.388157,0.001085,0.924488,22040.000000,0,0
SAT_P1_S1,6920614.579536,0.001055,0.924516,22080.000000,0,0
SAT_P1_S1,6921131.172288,0.001021,0.924544,22120.000000,0,0
SAT_P1_S1,6921654.284947,0.000984,0.924572,22160.000000,0,0
SAT_P1_S1,6922179.970241,0.000944,0.924601,22200.000000,0,0
SAT_P1_S1,6922704.252169,0.000901,0.924630,22240.000000,0,0
SAT_P1_S1,6923223.033817,0.000856,0.924658,22280.000000,0,0
SAT_P1_S1,6923732.201165,0.000808,0.924686,22320.000000,0,0
SAT_P1_S1,6924227.675210,0.000759,0.924713,22360.000000,0,0
SAT_P1_S1,6924705.455924,0.000707,0.924739,22400.000000,0,0
SAT_P1_S1,6925161.655744,0.000655,0.924765,22440.000000,0,0
SAT_P1_S1,6925592.578239,0.000601,0.924788,22480.000000,0,0
SAT_P1_S1,6925994.872336,0.000547,0.924811,22520.000000,0,0
SAT_P1_S1,6926365.486553,0.000491,0.924832,22560.000000,0,0
SAT_P1_S1,6926701.717446,0.000435,0.924850,22600.000000,0,0
SAT_P1_S1,6927001.265927,0.000379,0.924867,22640.000000,0,0
SAT_P1_S1,6927262.239416,0.000322,0.924882,22680.000000,0,0
SAT_P1_S1,6927483.106085,0.000265,0.924895,22720.000000,0,0
SAT_P1_S1,6927662.646543,0.000207,0.924905,22760.000000,0,0
SAT_P1_S1,6927799.962070,0.000150,0.924913,22800.000000,0,0
SAT_P1_S1,6927894.455759,0.000093,0.924918,22840.000000,0,0
SAT_P1_S1,6927945.682170,0.000037,0.924921,22880.000000,0,0
SAT_P1_S1,6927953.382329,0.000025,0.924921,22920.000000,0,0
SAT_P1_S1,6927917.470757,0.000080,0.924918,22960.000000,0,0
SAT_P1_S1,6927838.021029,0.000137,0.924913,23000.000000,0,0
SAT_P1_S1,6927715.250540,0.000194,0.924906,23040.000000,0,0
SAT_P1_S1,6927549.564399,0.000251,0.924896,23080.000000,0,0
SAT_P1_S1,6927341.694790,0.000308,0.924883,23120.000000,0,0
SAT_P1_S1,6927092.652753,0.000364,0.924869,23160.000000,0,0
SAT_P1_S1,6926803.789449,0.000421,0.924852,23200.000000,0,0
SAT_P1_S1,6926476.877876,0.000476,0.924833,23240.000000,0,0
SAT_P1_S1,6926114.143630,0.000531,0.924812,23280.000000,0,0
SAT_P1_S1,6925718.245530,0.000586,0.924790,23320.000000,0,0
SAT_P1_S1,6925292.246811,0.000639,0.924766,23360.000000,0,0
SAT_P1_S1,6924839.630187,0.000692,0.924740,23400.000000,0,0
SAT_P1_S1,6924364.266241,0.000743,0.924714,23440.000000,0,0
SAT_P1_S1,6923870.229015,0.000792,0.924686,23480.000000,0,0
SAT_P1_S1,6923361.778864,0.000840,0.924658,23520.000000,0,0
SAT_P1_S1,6922843.276034,0.000886,0.924628,23560.000000,0,0
SAT_P1_S1,6922319.081338,0.000929,0.924599,23600.000000,0,0
SAT_P1_S1,6921793.449636,0.000969,0.924569,23640.000000,0,0
SAT_P1_S1,6921270.479536,0.001007,0.924540,23680.000000,0,0
SAT_P1_S1,6920754.160170,0.001041,0.924511,23720.000000,0,0
SAT_P1_S1,6920248.254147,0.001072,0.924482,23760.000000,0,0
SAT_P1_S1,6919756.315606,0.001099,0.924454,23800.000000,0,0
SAT_P1_S1,6919281.715969,0.001123,0.924427,23840.000000,0,0
SAT_P1_S1,6918827.683738,0.001142,0.924401,23880.000000,0,0
SAT_P1_S1,6918397.319447,0.001157,0.924377,23920.000000,0,0
SAT_P1_S1,6917993.586351,0.001167,0.924354,23960.000000,0,0
SAT_P1_S1,6917619.330350,0.001173,0.924333,24000.000000,0,0
SAT_P1_S1,6917277.364316,0.001174,0.924314,24040.000000,0,0
SAT_P1_S1,6916970.371370,0.001170,0.924297,24080.000000,0,0
SAT_P1_S1,6916700.865683,0.001160,0.924282,24120.000000,0,0
SAT_P1_S1,6916471.187667,0.001146,0.924269,24160.000000,0,0
SAT_P1_S1,6916283.453643,0.001126,0.924259,24200.000000,0,0
SAT_P1_S1,6916139.472413,0.001101,0.924251,24240.000000,0,0
SAT_P1_S1,6916040.670701,0.001071,0.924246,24280.000000,0,0
SAT_P1_S1,6915988.090493,0.001035,0.924243,24320.000000,0,0
SAT_P1_S1,6915982.399550,0.000995,0.924242,24360.000000,0,0
SAT_P1_S1,6916023.746841,0.000949,0.924245,24400.000000,0,0
SAT_P1_S1,6916111.832814,0.000900,0.924249,24440.000000,0,0
SAT_P1_S1,6916245.925903,0.000846,0.924257,24480.000000,0,0
SAT_P1_S1,6916424.876271,0.000790,0.924266,24520.000000,0,0
SAT_P1_S1,6916647.117889,0.000730,0.924278,24560.000000,0,0
SAT_P1_S1,6916910.714882,0.000670,0.924293,24600.000000,0,0
SAT_P1_S1,6917213.492021,0.000609,0.924309,24640.000000,0,0
SAT_P1_S1,6917552.991523,0.000551,0.924327,24680.000000,0,0
SAT_P1_S1,6917926.498971,0.000497,0.924348,24720.000000,0,0
SAT_P1_S1,6918331.113617,0.000451,0.924370,24760.000000,0,0
SAT_P1_S1,6918763.772533,0.000418,0.924393,24800.000000,0,0
SAT_P1_S1,6919221.238354,0.000403,0.924418,24840.000000,0,0
SAT_P1_S1,6919700.090703,0.000408,0.924445,24880.000000,0,0
SAT_P1_S1,6920196.781435,0.000434,0.924472,24920.000000,0,0
SAT_P1_S1,6920707.690129,0.000478,0.924500,24960.000000,0,0
SAT_P1_S1,6921229.011092,0.000535,0.924528,25000.000000,0,0
SAT_P1_S1,6921756.846259,0.000600,0.924557,25040.000000,0,0
SAT_P1_S1,6922287.232762,0.000672,0.924587,25080.000000,0,0
SAT_P1_S1,6922816.160025,0.000747,0.924616,25120.000000,0,0
SAT_P1_S1,6923339.570045,0.000823,0.924644,25160.000000,0,0
SAT_P1_S1,6923853.399349,0.000899,0.924673,25200.000000,0,0
SAT_P1_S1,6924353.704246,0.000974,0.924700,25240.000000,0,0
SAT_P1_S1,6924836.614996,0.001046,0.924727,25280.000000,0,0
SAT_P1_S1,6925298.361369,0.001116,0.924752,25320.000000,0,0
SAT_P1_S1,6925735.346018,0.001182,0.924776,25360.000000,0,0
SAT_P1_S1,6926144.175326,0.001244,0.924798,25400.000000,0,0
SAT_P1_S1,6926521.654517,0.001301,0.924819,25440.000000,0,0
SAT_P1_S1,6926864.787681,0.001353,0.924837,25480.000000,0,0
SAT_P1_S1,6927170.843609,0.001399,0.924854,25520.000000,0,0
SAT_P1_S1,6927437.420395,0.001439,0.924868,25560.000000,0,0
SAT_P1_S1,6927662.332419,0.001473,0.924881,25600.000000,0,0
SAT_P1_S1,6927843.706956,0.001500,0.924890,25640.000000,0,0
SAT_P1_S1,6927980.008078,0.001520,0.924898,25680.000000,0,0
SAT_P1_S1,6928070.045767,0.001534,0.924902,25720.000000,0,0
SAT_P1_S1,6928112.963864,0.001540,0.924904,25760.000000,0,0
SAT_P1_S1,6928108.265881,0.001539,0.924904,25800.000000,0,0
SAT_P1_S1,6928055.919908,0.001531,0.924901,25840.000000,0,0
SAT_P1_S1,6927956.287841,0.001516,0.924896,25880.000000,0,0
SAT_P1_S1,6927810.122074,0.001494,0.924888,25920.000000,0,0
SAT_P1_S1,6927618.605450,0.001465,0.924877,25960.000000,0,0
SAT_P1_S1,6927383.343720,0.001430,0.924864,26000.000000,0,0
SAT_P1_S1,6927106.317376,0.001388,0.924849,26040.000000,0,0
SAT_P1_S1,6926789.833515,0.001340,0.924832,26080.000000,0,0
SAT_P1_S1,6926436.537919,0.001287,0.924813,26120.000000,0,0
SAT_P1_S1,6926049.421223,0.001228,0.924792,26160.000000,0,0
SAT_P1_S1,6925631.647850,0.001165,0.924769,26200.000000,0,0
SAT_P1_S1,6925186.590125,0.001098,0.924745,26240.000000,0,0
SAT_P1_S1,6924717.791895,0.001027,0.924719,26280.000000,0,0
SAT_P1_S1,6924228.921609,0.000954,0.924693,26320.000000,0,0
SAT_P1_S1,6923723.709764,0.000878,0.924665,26360.000000,0,0
SAT_P1_S1,6923205.931180,0.000802,0.924636,26400.000000,0,0
SAT_P1_S1,6922679.476240,0.000725,0.924607,26440.000000,0,0
SAT_P1_S1,6922148.256821,0.000651,0.924578,26480.000000,0,0
SAT_P1_S1,6921616.188480,0.000580,0.924548,26520.000000,0,0
SAT_P1_S1,6921087.224966,0.000516,0.924519,26560.000000,0,0
SAT_P1_S1,6920565.351698,0.000461,0.924490,26600.000000,0,0
SAT_P1_S1,6920054.542983,0.000421,0.924462,26640.000000,0,0
SAT_P1_S1,6919558.720772,0.000400,0.924435,26680.000000,0,0
SAT_P1_S1,6919081.772432,0.000401,0.924408,26720.000000,0,0
SAT_P1_S1,6918627.559404,0.000421,0.924383,26760.000000,0,0
SAT_P1_S1,6918199.744253,0.000459,0.924360,26800.000000,0,0
SAT_P1_S1,6917801.818057,0.000508,0.924338,26840.000000,0,0
SAT_P1_S1,6917437.051618,0.000564,0.924318,26880.000000,0,0
SAT_P1_S1,6917108.434648,0.000624,0.924300,26920.000000,0,0
SAT_P1_S1,6916818.599521,0.000684,0.924284,26960.000000,0,0
SAT_P1_S1,6916569.790619,0.000745,0.924270,27000.000000,0,0
SAT_P1_S1,6916363.924845,0.000803,0.924259,27040.000000,0,0
SAT_P1_S1,6916202.500522,0.000858,0.924249,27080.000000,0,0
SAT_P1_S1,6916086.589311,0.000910,0.924243,27120.000000,0,0
SAT_P1_S1,6916016.889448,0.000958,0.924239,27160.000000,0,0
SAT_P1_S1,6915993.750128,0.001001,0.924237,27200.000000,0,0
SAT_P1_S1,6916017.168292,0.001040,0.924238,27240.000000,0,0
SAT_P1_S1,6916086.793596,0.001073,0.924241,27280.000000,0,0
SAT_P1_S1,6916201.997680,0.001102,0.924247,27320.000000,0,0
SAT_P1_S1,6916361.935718,0.001125,0.924256,27360.000000,0,0
SAT_P1_S1,6916565.424578,0.001143,0.924267,27400.000000,0,0
SAT_P1_S1,6916811.016246,0.001156,0.924280,27440.000000,0,0
SAT_P1_S1,6917096.985545,0.001163,0.924295,27480.000000,0,0
SAT_P1_S1,6917421.314895,0.001166,0.924312,27520.000000,0,0
SAT_P1_S1,6917781.647835,0.001163,0.924332,27560.000000,0,0
SAT_P1_S1,6918175.270321,0.001155,0.924353,27600.000000,0,0
SAT_P1_S1,6918599.179295,0.001143,0.924376,27640.000000,0,0
SAT_P1_S1,6919050.070480,0.001126,0.924400,27680.000000,0,0
SAT_P1_S1,6919524.299595,0.001104,0.924426,27720.000000,0,0
SAT_P1_S1,6920017.980850,0.001079,0.924452,27760.000000,0,0
SAT_P1_S1,6920527.048550,0.001049,0.924480,27800.000000,0,0
SAT_P1_S1,6921047.298958,0.001016,0.924508,27840.000000,0,0
SAT_P1_S1,6921574.431397,0.000980,0.924537,27880.000000,0,0
SAT_P1_S1,6922104.144127,0.000941,0.924565,27920.000000,0,0
SAT_P1_S1,6922632.277370,0.000899,0.924594,27960.000000,0,0
SAT_P1_S1,6923154.727822,0.000855,0.924623,28000.000000,0,0
SAT_P1_S1,6923667.541885,0.000809,0.924651,28040.000000,0,0
SAT_P1_S1,6924166.949538,0.000761,0.924678,28080.000000,0,0
SAT_P1_S1,6924649.365120,0.000712,0.924705,28120.000000,0,0
SAT_P1_S1,6925111.350225,0.000661,0.924730,28160.000000,0,0
SAT_P1_S1,6925549.594323,0.000609,0.924755,28200.000000,0,0
SAT_P1_S1,6925960.970575,0.000556,0.924777,28240.000000,0,0
SAT_P1_S1,6926342.504752,0.000502,0.924798,28280.000000,0,0
SAT_P1_S1,6926691.315856,0.000447,0.924818,28320.000000,0,0
SAT_P1_S1,6927004.687443,0.000392,0.924835,28360.000000,0,0
SAT_P1_S1,6927280.105787,0.000337,0.924850,28400.000000,0,0
SAT_P1_S1,6927515.280698,0.000281,0.924863,28440.000000,0,0
SAT_P1_S1,6927708.168902,0.000225,0.924874,28480.000000,0,0
SAT_P1_S1,6927857.056980,0.000169,0.924883,28520.000000,0,0
SAT_P1_S1,6927960.696987,0.000114,0.924889,28560.000000,0,0
SAT_P1_S1,6928018.209874,0.000062,0.924893,28600.000000,0,0
SAT_P1_S1,6928029.170620,0.000031,0.924894,28640.000000,0,0
SAT_P1_S1,6927993.629588,0.000068,0.924893,28680.000000,0,0
SAT_P1_S1,6927912.093966,0.000122,0.924890,28720.000000,0,0
SAT_P1_S1,6927785.463903,0.000177,0.924884,28760.000000,0,0
SAT_P1_S1,6927614.978398,0.000233,0.924876,28800.000000,0,0
SAT_P1_S1,6927402.226434,0.000290,0.924865,28840.000000,0,0
SAT_P1_S1,6927149.065025,0.000346,0.924852,28880.000000,0,0
SAT_P1_S1,6926857.506877,0.000402,0.924837,28920.000000,0,0
SAT_P1_S1,6926529.734338,0.000457,0.924820,28960.000000,0,0
SAT_P1_S1,6926168.084528,0.000512,0.924801,29000.000000,0,0
SAT_P1_S1,6925775.023554,0.000567,0.924780,29040.000000,0,0
SAT_P1_S1,6925353.131031,0.000620,0.924757,29080.000000,0,0
SAT_P1_S1,6924905.154661,0.000673,0.924733,29120.000000,0,0
SAT_P1_S1,6924434.131037,0.000724,0.924708,29160.000000,0,0
SAT_P1_S1,6923943.279949,0.000775,0.924681,29200.000000,0,0
SAT_P1_S1,6923436.090801,0.000823,0.924654,29240.000000,0,0
SAT_P1_S1,6922916.348853,0.000870,0.924625,29280.000000,0,0
SAT_P1_S1,6922388.120504,0.000914,0.924597,29320.000000,0,0
SAT_P1_S1,6921855.689096,0.000956,0.924568,29360.000000,0,0
SAT_P1_S1,6921323.492701,0.000995,0.924539,29400.000000,0,0
SAT_P1_S1,6920796.114320,0.001031,0.924510,29440.000000,0,0
SAT_P1_S1,6920278.165260,0.001064,0.924481,29480.000000,0,0
SAT_P1_S1,6919774.135443,0.001092,0.924454,29520.000000,0,0
SAT_P1_S1,6919288.340940,0.001117,0.924427,29560.000000,0,0
SAT_P1_S1,6918824.841078,0.001137,0.924401,29600.000000,0,0
SAT_P1_S1,6918387.375575,0.001153,0.924377,29640.000000,0,0
SAT_P1_S1,6917979.286942,0.001164,0.924354,29680.000000,0,0
SAT_P1_S1,6917603.483867,0.001170,0.924332,29720.000000,0,0
SAT_P1_S1,6917262.509931,0.001171,0.924313,29760.000000,0,0
SAT_P1_S1,6916958.562909,0.001167,0.924296,29800.000000,0,0
SAT_P1_S1,6916693.435409,0.001158,0.924280,29840.000000,0,0
SAT_P1_S1,6916468.626251,0.001144,0.924267,29880.000000,0,0
SAT_P1_S1,6916285.387047,0.001124,0.924256,29920.000000,0,0
SAT_P1_S1,6916144.738322,0.001099,0.924248,29960.000000,0,0
SAT_P1_S1,6916047.466880,0.001070,0.924242,30000.000000,0,0
SAT_P1_S1,6915994.159009,0.001035,0.924239,30040.000000,0,0
SAT_P1_S1,6915985.278503,0.000996,0.924238,30080.000000,0,0
SAT_P1_S1,6916021.034637,0.000952,0.924239,30120.000000,0,0
SAT_P1_S1,6916101.395497,0.000903,0.924244,30160.000000,0,0
SAT_P1_S1,6916226.077251,0.000851,0.924251,30200.000000,0,0
SAT_P1_S1,6916394.510496,0.000796,0.924260,30240.000000,0,0
SAT_P1_S1,6916605.780143,0.000737,0.924271,30280.000000,0,0
SAT_P1_S1,6916858.590307,0.000677,0.924285,30320.000000,0,0
SAT_P1_S1,6917151.315896,0.000616,0.924301,30360.000000,0,0
SAT_P1_S1,6917481.998135,0.000557,0.924319,30400.000000,0,0
SAT_P1_S1,6917848.267239,0.000500,0.924339,30440.000000,0,0
SAT_P1_S1,6918247.425851,0.000451,0.924361,30480.000000,0,0
SAT_P1_S1,6918676.482447,0.000414,0.924384,30520.000000,0,0
SAT_P1_S1,6919132.164702,0.000393,0.924409,30560.000000,0,0
SAT_P1_S1,6919610.926679,0.000393,0.924435,30600.000000,0,0
SAT_P1_S1,6920109.008146,0.000415,0.924462,30640.000000,0,0
SAT_P1_S1,6920622.558517,0.000456,0.924490,30680.000000,0,0
SAT_P1_S1,6921147.551449,0.000512,0.924519,30720.000000,0,0
SAT_P1_S1,6921679.861168,0.000577,0.924548,30760.000000,0,0
SAT_P1_S1,6922215.319128,0.000649,0.924577,30800.000000,0,0
SAT_P1_S1,6922749.745672,0.000724,0.924606,30840.000000,0,0
SAT_P1_S1,6923278.950385,0.000801,0.924635,30880.000000,0,0
SAT_P1_S1,6923798.751621,0.000877,0.924664,30920.000000,0,0
SAT_P1_S1,6924305.074436,0.000953,0.924691,30960.000000,0,0
SAT_P1_S1,6924793.978520,0.001027,0.924718,31000.000000,0,0
SAT_P1_S1,6925261.601688,0.001097,0.924744,31040.000000,0,0
SAT_P1_S1,6925704.256256,0.001164,0.924769,31080.000000,0,0
SAT_P1_S1,6926118.465093,0.001227,0.924792,31120.000000,0,0
SAT_P1_S1,6926500.970889,0.001285,0.924813,31160.000000,0,0
SAT_P1_S1,6926848.734510,0.001338,0.924832,31200.000000,0,0
SAT_P1_S1,6927158.982527,0.001385,0.924850,31240.000000,0,0
SAT_P1_S1,6927429.317304,0.001426,0.924865,31280.000000,0,0
SAT_P1_S1,6927657.616716,0.001461,0.924878,31320.000000,0,0
SAT_P1_S1,6927842.093897,0.001489,0.924889,31360.000000,0,0
SAT_P1_S1,6927981.336042,0.001510,0.924897,31400.000000,0,0
SAT_P1_S1,6928074.315027,0.001524,0.924903,31440.000000,0,0
SAT_P1_S1,6928120.362482,0.001532,0.924906,31480.000000,0,0
SAT_P1_S1,6928119.159973,0.001532,0.924906,31520.000000,0,0
SAT_P1_S1,6928070.802862,0.001525,0.924904,31560.000000,0,0
SAT_P1_S1,6927975.788449,0.001512,0.924899,31600.000000,0,0
SAT_P1_S1,6927834.915715,0.001491,0.924892,31640.000000,0,0
SAT_P1_S1,6927649.335155,0.001463,0.924882,31680.000000,0,0
SAT_P1_S1,6927420.536875,0.001430,0.924870,31720.000000,0,0
SAT_P1_S1,6927150.312948,0.001389,0.924855,31760.000000,0,0
SAT_P1_S1,6926840.710827,0.001343,0.924839,31800.000000,0,0
SAT_P1_S1,6926494.039622,0.001291,0.924820,31840.000000,0,0
SAT_P1_S1,6926112.944686,0.001234,0.924799,31880.000000,0,0
SAT_P1_S1,6925700.275476,0.001172,0.924776,31920.000000,0,0
SAT_P1_S1,6925259.118365,0.001106,0.924752,31960.000000,0,0
SAT_P1_S1,6924792.811780,0.001036,0.924727,32000.000000,0,0
SAT_P1_S1,6924304.934455,0.000963,0.924700,32040.000000,0,0
SAT_P1_S1,6923799.258111,0.000888,0.924672,32080.000000,0,0
SAT_P1_S1,6923279.713419,0.000811,0.924644,32120.000000,0,0
SAT_P1_S1,6922750.425794,0.000734,0.924615,32160.000000,0,0
SAT_P1_S1,6922215.671755,0.000658,0.924586,32200.000000,0,0
SAT_P1_S1,6921679.744119,0.000585,0.924556,32240.000000,0,0
SAT_P1_S1,6921146.962988,0.000518,0.924527,32280.000000,0,0
SAT_P1_S1,6920621.623531,0.000460,0.924498,32320.000000,0,0
SAT_P1_S1,6920107.920381,0.000415,0.924470,32360.000000,0,0
SAT_P1_S1,6919609.866357,0.000389,0.924442,32400.000000,0,0
SAT_P1_S1,6919131.268292,0.000384,0.924416,32440.000000,0,0
SAT_P1_S1,6918675.778120,0.000401,0.924391,32480.000000,0,0
SAT_P1_S1,6918246.751445,0.000435,0.924367,32520.000000,0,0
SAT_P1_S1,6917847.277176,0.000482,0.924345,32560.000000,0,0
SAT_P1_S1,6917480.200466,0.000537,0.924324,32600.000000,0,0
SAT_P1_S1,6917148.128412,0.000596,0.924305,32640.000000,0,0
SAT_P1_S1,6916853.407476,0.000656,0.924289,32680.000000,0,0
SAT_P1_S1,6916598.119168,0.000717,0.924275,32720.000000,0,0
SAT_P1_S1,6916384.149144,0.000775,0.924263,32760.000000,0,0
SAT_P1_S1,6916213.177522,0.000831,0.924253,32800.000000,0,0
SAT_P1_S1,6916086.575376,0.000884,0.924246,32840.000000,0,0
SAT_P1_S1,6916005.446348,0.000933,0.924241,32880.000000,0,0
SAT_P1_S1,6915970.599900,0.000978,0.924239,32920.000000,0,0
SAT_P1_S1,6915982.498921,0.001017,0.924239,32960.000000,0,0
SAT_P1_S1,6916041.199513,0.001053,0.924242,33000.000000,0,0
SAT_P1_S1,6916146.345050,0.001082,0.924248,33040.000000,0,0
SAT_P1_S1,6916297.232608,0.001107,0.924256,33080.000000,0,0
SAT_P1_S1,6916492.695182,0.001126,0.924266,33120.000000,0,0
SAT_P1_S1,6916731.156092,0.001141,0.924279,33160.000000,0,0
SAT_P1_S1,6917010.667713,0.001149,0.924293,33200.000000,0,0
SAT_P1_S1,6917328.958416,0.001153,0.924310,33240.000000,0,0
SAT_P1_S1,6917683.447894,0.001152,0.924329,33280.000000,0,0
SAT_P1_S1,6918071.271564,0.001145,0.924350,33320.000000,0,0
SAT_P1_S1,6918489.369891,0.001134,0.924373,33360.000000,0,0
SAT_P1_S1,6918934.573961,0.001119,0.924397,33400.000000,0,0
SAT_P1_S1,6919403.497947,0.001099,0.924422,33440.000000,0,0
SAT_P1_S1,6919892.634691,0.001075,0.924448,33480.000000,0,0
SAT_P1_S1,6920398.364869,0.001047,0.924476,33520.000000,0,0
SAT_P1_S1,6920916.947582,0.001016,0.924504,33560.000000,0,0
SAT_P1_S1,6921444.489314,0.000982,0.924532,33600.000000,0,0
SAT_P1_S1,6921976.952446,0.000944,0.924561,33640.000000,0,0
SAT_P1_S1,6922510.249255,0.000904,0.924590,33680.000000,0,0
SAT_P1_S1,6923040.190618,0.000861,0.924618,33720.000000,0,0
SAT_P1_S1,6923562.512441,0.000816,0.924647,33760.000000,0,0
SAT_P1_S1,6924072.967490,0.000770,0.924674,33800.000000,0,0
SAT_P1_S1,6924567.391812,0.000721,0.924701,33840.000000,0,0
SAT_P1_S1,6925041.744156,0.000672,0.924727,33880.000000,0,0
SAT_P1_S1,6925492.153160,0.000621,0.924751,33920.000000,0,0
SAT_P1_S1,6925915.027562,0.000569,0.924775,33960.000000,0,0
SAT_P1_S1,6926307.158260,0.000516,0.924796,34000.000000,0,0
SAT_P1_S1,6926665.618273,0.000463,0.924816,34040.000000,0,0
SAT_P1_S1,6926987.860893,0.000410,0.924834,34080.000000,0,0
SAT_P1_S1,6927271.720634,0.000356,0.924850,34120.000000,0,0
SAT_P1_S1,6927515.385428,0.000302,0.924864,34160.000000,0,0
SAT_P1_S1,6927717.337985,0.000247,0.924875,34200.000000,0,0
SAT_P1_S1,6927876.327722,0.000194,0.924885,34240.000000,0,0
SAT_P1_S1,6927991.418091,0.000141,0.924892,34280.000000,0,0
SAT_P1_S1,6928061.887616,0.000091,0.924896,34320.000000,0,0
SAT_P1_S1,6928087.205717,0.000055,0.924898,34360.000000,0,0
SAT_P1_S1,6928067.072924,0.000062,0.924897,34400.000000,0,0
SAT_P1_S1,6928001.441588,0.000105,0.924894,34440.000000,0,0
SAT_P1_S1,6927890.515189,0.000157,0.924889,34480.000000,0,0
SAT_P1_S1,6927734.762253,0.000211,0.924881,34520.000000,0,0
SAT_P1_S1,6927535.002914,0.000266,0.924870,34560.000000,0,0
SAT_P1_S1,6927292.496969,0.000321,0.924858,34600.000000,0,0
SAT_P1_S1,6927008.829981,0.000376,0.924843,34640.000000,0,0
SAT_P1_S1,6926686.007752,0.000432,0.924826,34680.000000,0,0
SAT_P1_S1,6926326.452271,0.000487,0.924807,34720.000000,0,0
SAT_P1_S1,6925932.966832,0.000542,0.924786,34760.000000,0,0
SAT_P1_S1,6925508.666060,0.000596,0.924764,34800.000000,0,0
SAT_P1_S1,6925056.930061,0.000649,0.924740,34840.000000,0,0
SAT_P1_S1,6924581.424449,0.000701,0.924715,34880.000000,0,0
SAT_P1_S1,6924085.966673,0.000752,0.924689,34920.000000,0,0
SAT_P1_S1,6923574.459808,0.000801,0.924662,34960.000000,0,0
SAT_P1_S1,6923050.883392,0.000849,0.924634,35000.000000,0,0
SAT_P1_S1,6922519.262208,0.000894,0.924606,35040.000000,0,0
SAT_P1_S1,6921983.614676,0.000937,0.924577,35080.000000,0,0
SAT_P1_S1,6921447.918091,0.000977,0.924548,35120.000000,0,0
SAT_P1_S1,6920916.150797,0.001014,0.924520,35160.000000,0,0
SAT_P1_S1,6920392.343664,0.001048,0.924492,35200.000000,0,0
SAT_P1_S1,6919880.443758,0.001079,0.924464,35240.000000,0,0
SAT_P1_S1,6919384.392901,0.001105,0.924437,35280.000000,0,0
SAT_P1_S1,6918908.094530,0.001128,0.924412,35320.000000,0,0
SAT_P1_S1,6918455.402958,0.001146,0.924387,35360.000000,0,0
SAT_P1_S1,6918030.058378,0.001159,0.924364,35400.000000,0,0
SAT_P1_S1,6917635.613855,0.001168,0.924343,35440.000000,0,0
SAT_P1_S1,6917275.412655,0.001171,0.924323,35480.000000,0,0
SAT_P1_S1,6916952.586128,0.001169,0.924305,35520.000000,0,0
SAT_P1_S1,6916669.864946,0.001162,0.924290,35560.000000,0,0
SAT_P1_S1,6916429.591374,0.001149,0.924276,35600.000000,0,0
SAT_P1_S1,6916233.682022,0.001131,0.924265,35640.000000,0,0
SAT_P1_S1,6916083.590874,0.001107,0.924256,35680.000000,0,0
SAT_P1_S1,6915980.262615,0.001078,0.924250,35720.000000,0,0
SAT_P1_S1,6915924.133766,0.001044,0.924246,35760.000000,0,0
SAT_P1_S1,6915915.236177,0.001004,0.924245,35800.000000,0,0
SAT_P1_S1,6915953.172747,0.000960,0.924246,35840.000000,0,0
SAT_P1_S1,6916037.126345,0.000912,0.924250,35880.000000,0,0
SAT_P1_S1,6916165.963392,0.000859,0.924256,35920.000000,0,0
SAT_P1_S1,6916338.267531,0.000803,0.924265,35960.000000,0,0
SAT_P1_S1,6916552.386714,0.000745,0.924276,36000.000000,0,0
SAT_P1_S2,6928137.000000,0.000000,0.925025,0.000000,0,0
SAT_P1_S2,6928162.403486,0.000056,0.925026,40.000000,0,0
SAT_P1_S2,6928235.877774,0.000112,0.925030,80.000000,0,0
SAT_P1_S2,6928357.071711,0.000169,0.925036,120.000000,0,0
SAT_P1_S2,6928525.154320,0.000225,0.925045,160.000000,0,0
SAT_P1_S2,6928738.824555,0.000281,0.925056,200.000000,0,0
SAT_P1_S2,6928996.336754,0.000337,0.925069,240.000000,0,0
SAT_P1_S2,6929295.498032,0.000393,0.925084,280.000000,0,0
SAT_P1_S2,6929633.688087,0.000449,0.925102,320.000000,0,0
SAT_P1_S2,6930007.961345,0.000505,0.925121,360.000000,0,0
SAT_P1_S2,6930415.134575,0.000560,0.925142,400.000000,0,0
SAT_P1_S2,6930851.721088,0.000614,0.925164,440.000000,0,0
SAT_P1_S2,6931314.065092,0.000667,0.925188,480.000000,0,0
SAT_P1_S2,6931798.396730,0.000719,0.925214,520.000000,0,0
SAT_P1_S2,6932300.863579,0.000770,0.925240,560.000000,0,0
SAT_P1_S2,6932817.538182,0.000819,0.925267,600.000000,0,0
SAT_P1_S2,6933344.458200,0.000867,0.925294,640.000000,0,0
SAT_P1_S2,6933877.729951,0.000912,0.925322,680.000000,0,0
SAT_P1_S2,6934413.449392,0.000955,0.925350,720.000000,0,0
SAT_P1_S2,6934947.718351,0.000995,0.925379,760.000000,0,0
SAT_P1_S2,6935476.682394,0.001033,0.925406,800.000000,0,0
SAT_P1_S2,6935996.537744,0.001067,0.925434,840.000000,0,0
SAT_P1_S2,6936503.509053,0.001098,0.925461,880.000000,0,0
SAT_P1_S2,6936993.842418,0.001125,0.925487,920.000000,0,0
SAT_P1_S2,6937463.875084,0.001148,0.925512,960.000000,0,0
SAT_P1_S2,6937910.091163,0.001167,0.925535,1000.000000,0,0
SAT_P1_S2,6938329.034595,0.001181,0.925558,1040.000000,0,0
SAT_P1_S2,6938717.420202,0.001190,0.925578,1080.000000,0,0
SAT_P1_S2,6939072.178222,0.001195,0.925597,1120.000000,0,0
SAT_P1_S2,6939390.481918,0.001195,0.925614,1160.000000,0,0
SAT_P1_S2,6939669.757225,0.001189,0.925629,1200.000000,0,0
SAT_P1_S2,6939907.731313,0.001178,0.925641,1240.000000,0,0
SAT_P1_S2,6940102.551263,0.001161,0.925652,1280.000000,0,0
SAT_P1_S2,6940252.712403,0.001139,0.925660,1320.000000,0,0
SAT_P1_S2,6940357.082537,0.001112,0.925665,1360.000000,0,0
SAT_P1_S2,6940414.943053,0.001079,0.925668,1400.000000,0,0
SAT_P1_S2,6940425.988765,0.001041,0.925669,1440.000000,0,0
SAT_P1_S2,6940390.289688,0.000998,0.925667,1480.000000,0,0
SAT_P1_S2,6940308.258598,0.000950,0.925662,1520.000000,0,0
SAT_P1_S2,6940180.683699,0.000898,0.925655,1560.000000,0,0
SAT_P1_S2,6940008.737665,0.000841,0.925646,1600.000000,0,0
SAT_P1_S2,6939793.842892,0.000781,0.925634,1640.000000,0,0
SAT_P1_S2,6939537.724134,0.000717,0.925620,1680.000000,0,0
SAT_P1_S2,6939242.395509,0.000652,0.925604,1720.000000,0,0
SAT_P1_S2,6938910.132077,0.000584,0.925586,1760.000000,0,0
SAT_P1_S2,6938543.426532,0.000517,0.925566,1800.000000,0,0
SAT_P1_S2,6938144.988976,0.000451,0.925544,1840.000000,0,0
SAT_P1_S2,6937717.823325,0.000390,0.925521,1880.000000,0,0
SAT_P1_S2,6937265.121347,0.000339,0.925496,1920.000000,0,0
SAT_P1_S2,6936790.257723,0.000304,0.925470,1960.000000,0,0
SAT_P1_S2,6936296.807727,0.000293,0.925443,2000.000000,0,0
SAT_P1_S2,6935788.527806,0.000309,0.925416,2040.000000,0,0
SAT_P1_S2,6935269.300789,0.000349,0.925387,2080.000000,0,0
SAT_P1_S2,6934743.087640,0.000405,0.925358,2120.000000,0,0
SAT_P1_S2,6934213.943246,0.000471,0.925329,2160.000000,0,0
SAT_P1_S2,6933686.007128,0.000543,0.925301,2200.000000,0,0
SAT_P1_S2,6933163.349042,0.000617,0.925272,2240.000000,0,0
SAT_P1_S2,6932649.999010,0.000691,0.925244,2280.000000,0,0
SAT_P1_S2,6932149.909873,0.000765,0.925217,2320.000000,0,0
SAT_P1_S2,6931666.905402,0.000837,0.925190,2360.000000,0,0
SAT_P1_S2,6931204.615238,0.000906,0.925165,2400.000000,0,0
SAT_P1_S2,6930766.454670,0.000971,0.925141,2440.000000,0,0
SAT_P1_S2,6930355.683950,0.001032,0.925118,2480.000000,0,0
SAT_P1_S2,6929975.296256,0.001089,0.925097,2520.000000,0,0
SAT_P1_S2,6929628.011061,0.001141,0.925078,2560.000000,0,0
SAT_P1_S2,6929316.297448,0.001187,0.925061,2600.000000,0,0
SAT_P1_S2,6929042.369217,0.001228,0.925046,2640.000000,0,0
SAT_P1_S2,6928808.151801,0.001263,0.925033,2680.000000,0,0
SAT_P1_S2,6928615.261438,0.001291,0.925023,2720.000000,0,0
SAT_P1_S2,6928465.053550,0.001314,0.925014,2760.000000,0,0
SAT_P1_S2,6928358.649914,0.001329,0.925009,2800.000000,0,0
SAT_P1_S2,6928296.820219,0.001338,0.925005,2840.000000,0,0
SAT_P1_S2,6928280.050732,0.001341,0.925005,2880.000000,0,0
SAT_P1_S2,6928308.541576,0.001336,0.925006,2920.000000,0,0
SAT_P1_S2,6928382.189037,0.001325,0.925011,2960.000000,0,0
SAT_P1_S2,6928500.545264,0.001307,0.925018,3000.000000,0,0
SAT_P1_S2,6928662.868877,0.001283,0.925027,3040.000000,0,0
SAT_P1_S2,6928868.118335,0.001252,0.925038,3080.000000,0,0
SAT_P1_S2,6929114.932626,0.001215,0.925052,3120.000000,0,0
SAT_P1_S2,6929401.665420,0.001172,0.925068,3160.000000,0,0
SAT_P1_S2,6929726.369304,0.001124,0.925086,3200.000000,0,0
SAT_P1_S2,6930086.783023,0.001070,0.925106,3240.000000,0,0
SAT_P1_S2,6930480.378808,0.001011,0.925127,3280.000000,0,0
SAT_P1_S2,6930904.440831,0.000947,0.925150,3320.000000,0,0
SAT_P1_S2,6931355.946477,0.000880,0.925175,3360.000000,0,0
SAT_P1_S2,6931831.649256,0.000809,0.925201,3400.000000,0,0
SAT_P1_S2,6932328.099956,0.000735,0.925227,3440.000000,0,0
SAT_P1_S2,6932841.654129,0.000660,0.925255,3480.000000,0,0
SAT_P1_S2,6933368.456416,0.000584,0.925283,3520.000000,0,0
SAT_P1_S2,6933904.457122,0.000509,0.925312,3560.000000,0,0
SAT_P1_S2,6934445.511473,0.000437,0.925340,3600.000000,0,0
SAT_P1_S2,6934987.355925,0.000373,0.925369,3640.000000,0,0
SAT_P1_S2,6935525.603356,0.000322,0.925398,3680.000000,0,0
SAT_P1_S2,6936055.831324,0.000292,0.925426,3720.000000,0,0
SAT_P1_S2,6936573.633476,0.000290,0.925453,3760.000000,0,0
SAT_P1_S2,6937074.646059,0.000316,0.925479,3800.000000,0,0
SAT_P1_S2,6937554.579369,0.000363,0.925505,3840.000000,0,0
SAT_P1_S2,6938009.311976,0.000422,0.925529,3880.000000,0,0
SAT_P1_S2,6938435.016357,0.000489,0.925552,3920.000000,0,0
SAT_P1_S2,6938828.075846,0.000558,0.925572,3960.000000,0,0
SAT_P1_S2,6939185.205421,0.000628,0.925592,4000.000000,0,0
SAT_P1_S2,6939503.499733,0.000696,0.925609,4040.000000,0,0
SAT_P1_S2,6939780.456297,0.000762,0.925624,4080.000000,0,0
SAT_P1_S2,6940013.963712,0.000824,0.925636,4120.000000,0,0
SAT_P1_S2,6940202.309689,0.000882,0.925647,4160.000000,0,0
SAT_P1_S2,6940344.256256,0.000937,0.925655,4200.000000,0,0
SAT_P1_S2,6940438.979100,0.000986,0.925660,4240.000000,0,0
SAT_P1_S2,6940486.014707,0.001030,0.925663,4280.000000,0,0
SAT_P1_S2,6940485.287911,0.001070,0.925664,4320.000000,0,0
SAT_P1_S2,6940437.095777,0.001104,0.925662,4360.000000,0,0
SAT_P1_S2,6940342.061799,0.001132,0.925657,4400.000000,0,0
SAT_P1_S2,6940201.093029,0.001155,0.925650,4440.000000,0,0
SAT_P1_S2,6940015.400811,0.001173,0.925641,4480.000000,0,0
SAT_P1_S2,6939786.557096,0.001185,0.925629,4520.000000,0,0
SAT_P1_S2,6939516.350410,0.001192,0.925614,4560.000000,0,0
SAT_P1_S2,6939206.851487,0.001194,0.925598,4600.000000,0,0
SAT_P1_S2,6938860.416742,0.001190,0.925580,4640.000000,0,0
SAT_P1_S2,6938479.675800,0.001182,0.925559,4680.000000,0,0
SAT_P1_S2,6938067.491358,0.001169,0.925537,4720.000000,0,0
SAT_P1_S2,6937626.946203,0.001151,0.925513,4760.000000,0,0
SAT_P1_S2,6937161.406018,0.001129,0.925488,4800.000000,0,0
SAT_P1_S2,6936674.445233,0.001103,0.925462,4840.000000,0,0
SAT_P1_S2,6936169.781186,0.001073,0.925434,4880.000000,0,0
SAT_P1_S2,6935651.291596,0.001039,0.925406,4920.000000,0,0
SAT_P1_S2,6935122.983214,0.001003,0.925378,4960.000000,0,0
SAT_P1_S2,6934588.928373,0.000963,0.925349,5000.000000,0,0
SAT_P1_S2,6934053.201383,0.000921,0.925319,5040.000000,0,0
SAT_P1_S2,6933519.874564,0.000876,0.925290,5080.000000,0,0
SAT_P1_S2,6932993.046008,0.000829,0.925262,5120.000000,0,0
SAT_P1_S2,6932476.671825,0.000781,0.925234,5160.000000,0,0
SAT_P1_S2,6931974.609452,0.000730,0.925206,5200.000000,0,0
SAT_P1_S2,6931490.580518,0.000679,0.925180,5240.000000,0,0
SAT_P1_S2,6931028.162752,0.000627,0.925155,5280.000000,0,0
SAT_P1_S2,6930590.743966,0.000573,0.925131,5320.000000,0,0
SAT_P1_S2,6930181.482915,0.000520,0.925109,5360.000000,0,0
SAT_P1_S2,6929803.336015,0.000465,0.925089,5400.000000,0,0
SAT_P1_S2,6929459.105495,0.000410,0.925070,5440.000000,0,0
SAT_P1_S2,6929151.293003,0.000355,0.925053,5480.000000,0,0
SAT_P1_S2,6928882.164508,0.000300,0.925039,5520.000000,0,0
SAT_P1_S2,6928653.743588,0.000245,0.925026,5560.000000,0,0
SAT_P1_S2,6928467.789988,0.000190,0.925016,5600.000000,0,0
SAT_P1_S2,6928325.754003,0.000134,0.925009,5640.000000,0,0
SAT_P1_S2,6928228.762803,0.000079,0.925004,5680.000000,0,0
SAT_P1_S2,6928177.684740,0.000024,0.925001,5720.000000,0,0
SAT_P1_S2,6928173.050582,0.000032,0.925001,5760.000000,0,0
SAT_P1_S2,6928215.013709,0.000087,0.925003,5800.000000,0,0
SAT_P1_S2,6928303.382545,0.000142,0.925008,5840.000000,0,0
SAT_P1_S2,6928437.616166,0.000197,0.925015,5880.000000,0,0
SAT_P1_S2,6928616.793764,0.000253,0.925025,5920.000000,0,0
SAT_P1_S2,6928839.592579,0.000308,0.925037,5960.000000,0,0
SAT_P1_S2,6929104.334151,0.000363,0.925051,6000.000000,0,0
SAT_P1_S2,6929409.056016,0.000417,0.925068,6040.000000,0,0
SAT_P1_S2,6929751.394759,0.000472,0.925086,6080.000000,0,0
SAT_P1_S2,6930128.683744,0.000526,0.925107,6120.000000,0,0
SAT_P1_S2,6930537.985209,0.000580,0.925129,6160.000000,0,0
SAT_P1_S2,6930976.111362,0.000633,0.925152,6200.000000,0,0
SAT_P1_S2,6931439.624223,0.000684,0.925177,6240.000000,0,0
SAT_P1_S2,6931924.870175,0.000735,0.925203,6280.000000,0,0
SAT_P1_S2,6932428.095253,0.000785,0.925230,6320.000000,0,0
SAT_P1_S2,6932945.413773,0.000833,0.925258,6360.000000,0,0
SAT_P1_S2,6933472.814655,0.000879,0.925286,6400.000000,0,0
SAT_P1_S2,6934006.238558,0.000923,0.925314,6440.000000,0,0
SAT_P1_S2,6934541.612420,0.000964,0.925342,6480.000000,0,0
SAT_P1_S2,6935074.852418,0.001003,0.925370,6520.000000,0,0
SAT_P1_S2,6935601.870054,0.001039,0.925398,6560.000000,0,0
SAT_P1_S2,6936118.640203,0.001071,0.925425,6600.000000,0,0
SAT_P1_S2,6936621.287141,0.001100,0.925451,6640.000000,0,0
SAT_P1_S2,6937105.977476,0.001125,0.925477,6680.000000,0,0
SAT_P1_S2,6937569.020651,0.001146,0.925501,6720.000000,0,0
SAT_P1_S2,6938006.899619,0.001163,0.925524,6760.000000,0,0
SAT_P1_S2,6938416.286333,0.001175,0.925545,6800.000000,0,0
SAT_P1_S2,6938794.033031,0.001182,0.925565,6840.000000,0,0
SAT_P1_S2,6939137.196470,0.001184,0.925582,6880.000000,0,0
SAT_P1_S2,6939443.141819,0.001181,0.925598,6920.000000,0,0
SAT_P1_S2,6939709.499869,0.001173,0.925611,6960.000000,0,0
SAT_P1_S2,6939934.162200,0.001160,0.925623,7000.000000,0,0
SAT_P1_S2,6940115.347573,0.001141,0.925632,7040.000000,0,0
SAT_P1_S2,6940251.626174,0.001116,0.925638,7080.000000,0,0
SAT_P1_S2,6940341.911473,0.001087,0.925643,7120.000000,0,0
SAT_P1_S2,6940385.453912,0.001052,0.925644,7160.000000,0,0
SAT_P1_S2,6940381.894650,0.001012,0.925643,7200.000000,0,0
SAT_P1_S2,6940331.333802,0.000967,0.925640,7240.000000,0,0
SAT_P1_S2,6940234.199361,0.000917,0.925634,7280.000000,0,0
SAT_P1_S2,6940091.319829,0.000862,0.925626,7320.000000,0,0
SAT_P1_S2,6939903.919881,0.000804,0.925615,7360.000000,0,0
SAT_P1_S2,6939673.595242,0.000743,0.925603,7400.000000,0,0
SAT_P1_S2,6939402.258579,0.000678,0.925587,7440.000000,0,0
SAT_P1_S2,6939092.113620,0.000612,0.925570,7480.000000,0,0
SAT_P1_S2,6938745.703912,0.000545,0.925551,7520.000000,0,0
SAT_P1_S2,6938365.817571,0.000478,0.925530,7560.000000,0,0
SAT_P1_S2,6937955.430468,0.000416,0.925508,7600.000000,0,0
SAT_P1_S2,6937517.721317,0.000361,0.925484,7640.000000,0,0
SAT_P1_S2,6937056.050850,0.000320,0.925458,7680.000000,0,0
SAT_P1_S2,6936573.914524,0.000299,0.925432,7720.000000,0,0
SAT_P1_S2,6936074.902603,0.000305,0.925404,7760.000000,0,0
SAT_P1_S2,6935562.726336,0.000336,0.925376,7800.000000,0,0
SAT_P1_S2,6935041.265519,0.000386,0.925348,7840.000000,0,0
SAT_P1_S2,6934514.419804,0.000448,0.925319,7880.000000,0,0
SAT_P1_S2,6933986.168191,0.000518,0.925290,7920.000000,0,0
SAT_P1_S2,6933460.552400,0.000592,0.925261,7960.000000,0,0
SAT_P1_S2,6932941.640401,0.000666,0.925233,8000.000000,0,0
SAT_P1_S2,6932433.461019,0.000741,0.925205,8040.000000,0,0
SAT_P1_S2,6931939.965079,0.000814,0.925178,8080.000000,0,0
SAT_P1_S2,6931465.057924,0.000884,0.925151,8120.000000,0,0
SAT_P1_S2,6931012.490339,0.000952,0.925127,8160.000000,0,0
SAT_P1_S2,6930585.787589,0.001015,0.925103,8200.000000,0,0
SAT_P1_S2,6930188.249649,0.001074,0.925081,8240.000000,0,0
SAT_P1_S2,6929822.919542,0.001129,0.925061,8280.000000,0,0
SAT_P1_S2,6929492.530100,0.001178,0.925042,8320.000000,0,0
SAT_P1_S2,6929199.462843,0.001221,0.925026,8360.000000,0,0
SAT_P1_S2,6928945.778280,0.001258,0.925012,8400.000000,0,0
SAT_P1_S2,6928733.274911,0.001289,0.925000,8440.000000,0,0
SAT_P1_S2,6928563.359517,0.001314,0.924990,8480.000000,0,0
SAT_P1_S2,6928437.130272,0.001332,0.924983,8520.000000,0,0
SAT_P1_S2,6928355.389667,0.001344,0.924979,8560.000000,0,0
SAT_P1_S2,6928318.641775,0.001349,0.924976,8600.000000,0,0
SAT_P1_S2,6928327.063826,0.001347,0.924977,8640.000000,0,0
SAT_P1_S2,6928380.506429,0.001338,0.924980,8680.000000,0,0
SAT_P1_S2,6928478.566298,0.001323,0.924985,8720.000000,0,0
SAT_P1_S2,6928620.516558,0.001302,0.924993,8760.000000,0,0
SAT_P1_S2,6928805.285502,0.001273,0.925003,8800.000000,0,0
SAT_P1_S2,6929031.482146,0.001239,0.925015,8840.000000,0,0
SAT_P1_S2,6929297.406264,0.001199,0.925030,8880.000000,0,0
SAT_P1_S2,6929601.064710,0.001153,0.925047,8920.000000,0,0
SAT_P1_S2,6929940.162181,0.001101,0.925066,8960.000000,0,0
SAT_P1_S2,6930312.119097,0.001045,0.925086,9000.000000,0,0
SAT_P1_S2,6930714.173702,0.000984,0.925109,9040.000000,0,0
SAT_P1_S2,6931143.414244,0.000920,0.925132,9080.000000,0,0
SAT_P1_S2,6931596.733760,0.000852,0.925157,9120.000000,0,0
SAT_P1_S2,6932070.927496,0.000781,0.925184,9160.000000,0,0
SAT_P1_S2,6932562.723009,0.000708,0.925211,9200.000000,0,0
SAT_P1_S2,6933068.775729,0.000634,0.925238,9240.000000,0,0
SAT_P1_S2,6933585.646757,0.000561,0.925267,9280.000000,0,0
SAT_P1_S2,6934109.819296,0.000490,0.925295,9320.000000,0,0
SAT_P1_S2,6934637.763421,0.000424,0.925324,9360.000000,0,0
SAT_P1_S2,6935165.808003,0.000368,0.925352,9400.000000,0,0
SAT_P1_S2,6935690.169106,0.000327,0.925381,9440.000000,0,0
SAT_P1_S2,6936206.965534,0.000308,0.925408,9480.000000,0,0
SAT_P1_S2,6936712.226458,0.000317,0.925435,9520.000000,0,0
SAT_P1_S2,6937201.883662,0.000349,0.925461,9560.000000,0,0
SAT_P1_S2,6937671.799229,0.000400,0.925485,9600.000000,0,0
SAT_P1_S2,6938117.890133,0.000461,0.925509,9640.000000,0,0
SAT_P1_S2,6938536.191292,0.000528,0.925530,9680.000000,0,0
SAT_P1_S2,6938922.846294,0.000597,0.925550,9720.000000,0,0
SAT_P1_S2,6939274.254063,0.000667,0.925568,9760.000000,0,0
SAT_P1_S2,6939587.150413,0.000735,0.925584,9800.000000,0,0
SAT_P1_S2,6939858.654140,0.000800,0.925598,9840.000000,0,0
SAT_P1_S2,6940086.291865,0.000863,0.925610,9880.000000,0,0
SAT_P1_S2,6940268.055858,0.000921,0.925619,9920.000000,0,0
SAT_P1_S2,6940402.500001,0.000974,0.925626,9960.000000,0,0
SAT_P1_S2,6940488.620597,0.001023,0.925630,10000.000000,0,0
SAT_P1_S2,6940525.882607,0.001067,0.925632,10040.000000,0,0
SAT_P1_S2,6940514.212545,0.001105,0.925631,10080.000000,0,0
SAT_P1_S2,6940453.964379,0.001138,0.925627,10120.000000,0,0
SAT_P1_S2,6940345.854581,0.001165,0.925621,10160.000000,0,0
SAT_P1_S2,6940190.918939,0.001186,0.925613,10200.000000,0,0
SAT_P1_S2,6939990.552005,0.001202,0.925602,10240.000000,0,0
SAT_P1_S2,6939746.481016,0.001213,0.925589,10280.000000,0,0
SAT_P1_S2,6939460.671785,0.001218,0.925574,10320.000000,0,0
SAT_P1_S2,6939135.384452,0.001217,0.925556,10360.000000,0,0
SAT_P1_S2,6938773.176013,0.001211,0.925537,10400.000000,0,0
SAT_P1_S2,6938376.876447,0.001201,0.925516,10440.000000,0,0
SAT_P1_S2,6937949.553700,0.001185,0.925493,10480.000000,0,0
SAT_P1_S2,6937494.524303,0.001165,0.925469,10520.000000,0,0
SAT_P1_S2,6937015.417658,0.001140,0.925443,10560.000000,0,0
SAT_P1_S2,6936516.027094,0.001111,0.925417,10600.000000,0,0
SAT_P1_S2,6936000.319213,0.001078,0.925389,10640.000000,0,0
SAT_P1_S2,6935472.413643,0.001042,0.925361,10680.000000,0,0
SAT_P1_S2,6934936.536469,0.001003,0.925333,10720.000000,0,0
SAT_P1_S2,6934396.942188,0.000960,0.925304,10760.000000,0,0
SAT_P1_S2,6933857.855256,0.000915,0.925275,10800.000000,0,0
SAT_P1_S2,6933323.490199,0.000868,0.925246,10840.000000,0,0
SAT_P1_S2,6932798.001326,0.000819,0.925218,10880.000000,0,0
SAT_P1_S2,6932285.370397,0.000768,0.925190,10920.000000,0,0
SAT_P1_S2,6931789.428920,0.000716,0.925163,10960.000000,0,0
SAT_P1_S2,6931313.833798,0.000662,0.925138,11000.000000,0,0
SAT_P1_S2,6930862.048066,0.000608,0.925113,11040.000000,0,0
SAT_P1_S2,6930437.293156,0.000553,0.925090,11080.000000,0,0
SAT_P1_S2,6930042.527800,0.000497,0.925068,11120.000000,0,0
SAT_P1_S2,6929680.510642,0.000441,0.925048,11160.000000,0,0
SAT_P1_S2,6929353.778944,0.000384,0.925031,11200.000000,0,0
SAT_P1_S2,6929064.571413,0.000328,0.925015,11240.000000,0,0
SAT_P1_S2,6928814.887961,0.000271,0.925001,11280.000000,0,0
SAT_P1_S2,6928606.493120,0.000214,0.924990,11320.000000,0,0
SAT_P1_S2,6928440.892081,0.000158,0.924981,11360.000000,0,0
SAT_P1_S2,6928319.298120,0.000102,0.924974,11400.000000,0,0
SAT_P1_S2,6928242.648478,0.000047,0.924970,11440.000000,0,0
SAT_P1_S2,6928211.671255,0.000021,0.924968,11480.000000,0,0
SAT_P1_S2,6928226.745561,0.000071,0.924969,11520.000000,0,0
SAT_P1_S2,6928287.932392,0.000126,0.924972,11560.000000,0,0
SAT_P1_S2,6928394.971697,0.000182,0.924978,11600.000000,0,0
SAT_P1_S2,6928547.260672,0.000238,0.924987,11640.000000,0,0
SAT_P1_S2,6928743.806403,0.000293,0.924997,11680.000000,0,0
SAT_P1_S2,6928983.205588,0.000348,0.925010,11720.000000,0,0
SAT_P1_S2,6929263.710327,0.000403,0.925026,11760.000000,0,0
SAT_P1_S2,6929583.218640,0.000458,0.925043,11800.000000,0,0
SAT_P1_S2,6929939.218963,0.000512,0.925062,11840.000000,0,0
SAT_P1_S2,6930328.877879,0.000566,0.925083,11880.000000,0,0
SAT_P1_S2,6930749.083323,0.000619,0.925106,11920.000000,0,0
SAT_P1_S2,6931196.467095,0.000671,0.925131,11960.000000,0,0
SAT_P1_S2,6931667.424384,0.000722,0.925156,12000.000000,0,0
SAT_P1_S2,6932158.186908,0.000771,0.925183,12040.000000,0,0
SAT_P1_S2,6932664.950461,0.000820,0.925210,12080.000000,0,0
SAT_P1_S2,6933183.785712,0.000866,0.925239,12120.000000,0,0
SAT_P1_S2,6933710.722260,0.000910,0.925267,12160.000000,0,0
SAT_P1_S2,6934241.790857,0.000952,0.925296,12200.000000,0,0
SAT_P1_S2,6934773.038644,0.000992,0.925325,12240.000000,0,0
SAT_P1_S2,6935300.511342,0.001028,0.925354,12280.000000,0,0
SAT_P1_S2,6935820.255327,0.001062,0.925383,12320.000000,0,0
SAT_P1_S2,6936328.397155,0.001092,0.925411,12360.000000,0,0
SAT_P1_S2,6936821.141981,0.001118,0.925438,12400.000000,0,0
SAT_P1_S2,6937294.722994,0.001141,0.925464,12440.000000,0,0
SAT_P1_S2,6937745.487036,0.001159,0.925489,12480.000000,0,0
SAT_P1_S2,6938169.934438,0.001173,0.925512,12520.000000,0,0
SAT_P1_S2,6938564.735285,0.001182,0.925534,12560.000000,0,0
SAT_P1_S2,6938926.740893,0.001187,0.925554,12600.000000,0,0
SAT_P1_S2,6939253.047863,0.001186,0.925572,12640.000000,0,0
SAT_P1_S2,6939541.115788,0.001180,0.925589,12680.000000,0,0
SAT_P1_S2,6939788.666164,0.001169,0.925603,12720.000000,0,0
SAT_P1_S2,6939993.754592,0.001152,0.925614,12760.000000,0,0
SAT_P1_S2,6940154.800407,0.001131,0.925624,12800.000000,0,0
SAT_P1_S2,6940270.588600,0.001103,0.925631,12840.000000,0,0
SAT_P1_S2,6940340.237942,0.001071,0.925635,12880.000000,0,0
SAT_P1_S2,6940363.188460,0.001033,0.925637,12920.000000,0,0
SAT_P1_S2,6940339.265888,0.000990,0.925636,12960.000000,0,0
SAT_P1_S2,6940268.663270,0.000943,0.925633,13000.000000,0,0
SAT_P1_S2,6940151.871054,0.000891,0.925627,13040.000000,0,0
SAT_P1_S2,6939989.741249,0.000834,0.925619,13080.000000,0,0
SAT_P1_S2,6939783.501199,0.000774,0.925609,13120.000000,0,0
SAT_P1_S2,6939534.739298,0.000711,0.925596,13160.000000,0,0
SAT_P1_S2,6939245.380751,0.000646,0.925580,13200.000000,0,0
SAT_P1_S2,6938917.709145,0.000579,0.925563,13240.000000,0,0
SAT_P1_S2,6938554.433859,0.000513,0.925543,13280.000000,0,0
SAT_P1_S2,6938158.538023,0.000449,0.925522,13320.000000,0,0
SAT_P1_S2,6937733.291894,0.000391,0.925499,13360.000000,0,0
SAT_P1_S2,6937282.221476,0.000344,0.925475,13400.000000,0,0
SAT_P1_S2,6936809.050200,0.000314,0.925449,13440.000000,0,0
SAT_P1_S2,6936317.609527,0.000309,0.925422,13480.000000,0,0
SAT_P1_S2,6935811.772603,0.000330,0.925395,13520.000000,0,0
SAT_P1_S2,6935295.470656,0.000372,0.925366,13560.000000,0,0
SAT_P1_S2,6934772.637305,0.000429,0.925338,13600.000000,0,0
SAT_P1_S2,6934247.111335,0.000496,0.925309,13640.000000,0,0
SAT_P1_S2,6933722.681860,0.000567,0.925280,13680.000000,0,0
SAT_P1_S2,6933203.093979,0.000641,0.925251,13720.000000,0,0
SAT_P1_S2,6932692.034962,0.000715,0.925223,13760.000000,0,0
SAT_P1_S2,6932193.116753,0.000789,0.925195,13800.000000,0,0
SAT_P1_S2,6931709.908841,0.000860,0.925168,13840.000000,0,0
SAT_P1_S2,6931246.020324,0.000929,0.925143,13880.000000,0,0
SAT_P1_S2,6930804.959935,0.000995,0.925119,13920.000000,0,0
SAT_P1_S2,6930390.161607,0.001057,0.925096,13960.000000,0,0
SAT_P1_S2,6930004.960613,0.001114,0.925074,14000.000000,0,0
SAT_P1_S2,6929652.538766,0.001166,0.925055,14040.000000,0,0
SAT_P1_S2,6929335.835760,0.001213,0.925037,14080.000000,0,0
SAT_P1_S2,6929057.479881,0.001254,0.925022,14120.000000,0,0
SAT_P1_S2,6928819.796308,0.001289,0.925009,14160.000000,0,0
SAT_P1_S2,6928624.745767,0.001317,0.924998,14200.000000,0,0
SAT_P1_S2,6928473.826291,0.001339,0.924989,14240.000000,0,0
SAT_P1_S2,6928368.115106,0.001354,0.924983,14280.000000,0,0
SAT_P1_S2,6928308.279229,0.001362,0.924980,14320.000000,0,0
SAT_P1_S2,6928294.572948,0.001363,0.924978,14360.000000,0,0
SAT_P1_S2,6928326.838188,0.001358,0.924980,14400.000000,0,0
SAT_P1_S2,6928404.562382,0.001345,0.924984,14440.000000,0,0
SAT_P1_S2,6928526.993718,0.001326,0.924990,14480.000000,0,0
SAT_P1_S2,6928693.037254,0.001301,0.924999,14520.000000,0,0
SAT_P1_S2,6928901.335392,0.001269,0.925010,14560.000000,0,0
SAT_P1_S2,6929150.265936,0.001231,0.925023,14600.000000,0,0
SAT_P1_S2,6929437.959155,0.001187,0.925039,14640.000000,0,0
SAT_P1_S2,6929762.278742,0.001138,0.925057,14680.000000,0,0
SAT_P1_S2,6930120.784293,0.001083,0.925076,14720.000000,0,0
SAT_P1_S2,6930510.735509,0.001024,0.925097,14760.000000,0,0
SAT_P1_S2,6930929.177680,0.000961,0.925120,14800.000000,0,0
SAT_P1_S2,6931372.875431,0.000894,0.925145,14840.000000,0,0
SAT_P1_S2,6931838.347571,0.000824,0.925170,14880.000000,0,0
SAT_P1_S2,6932321.949007,0.000752,0.925197,14920.000000,0,0
SAT_P1_S2,6932819.931867,0.000679,0.925224,14960.000000,0,0
SAT_P1_S2,6933328.479813,0.000606,0.925252,15000.000000,0,0
SAT_P1_S2,6933843.751713,0.000535,0.925281,15040.000000,0,0
SAT_P1_S2,6934361.987577,0.000468,0.925309,15080.000000,0,0
SAT_P1_S2,6934879.586348,0.000409,0.925338,15120.000000,0,0
SAT_P1_S2,6935393.005293,0.000362,0.925366,15160.000000,0,0
SAT_P1_S2,6935898.840690,0.000334,0.925394,15200.000000,0,0
SAT_P1_S2,6936393.814289,0.000328,0.925421,15240.000000,0,0
SAT_P1_S2,6936874.731699,0.000347,0.925448,15280.000000,0,0
SAT_P1_S2,6937338.416657,0.000386,0.925473,15320.000000,0,0
SAT_P1_S2,6937781.683844,0.000438,0.925497,15360.000000,0,0
SAT_P1_S2,6938201.391707,0.000499,0.925519,15400.000000,0,0
SAT_P1_S2,6938594.348575,0.000565,0.925540,15440.000000,0,0
SAT_P1_S2,6938957.325798,0.000632,0.925559,15480.000000,0,0
SAT_P1_S2,6939287.127623,0.000700,0.925575,15520.000000,0,0
SAT_P1_S2,6939580.653635,0.000766,0.925590,15560.000000,0,0
SAT_P1_S2,6939834.945618,0.000830,0.925603,15600.000000,0,0
SAT_P1_S2,6940047.256140,0.000890,0.925613,15640.000000,0,0
SAT_P1_S2,6940215.195385,0.000947,0.925620,15680.000000,0,0
SAT_P1_S2,6940336.859396,0.001000,0.925625,15720.000000,0,0
SAT_P1_S2,6940410.770003,0.001047,0.925628,15760.000000,0,0
SAT_P1_S2,6940436.010506,0.001090,0.925628,15800.000000,0,0
SAT_P1_S2,6940412.252805,0.001127,0.925625,15840.000000,0,0
SAT_P1_S2,6940339.743123,0.001159,0.925620,15880.000000,0,0
SAT_P1_S2,6940219.246952,0.001185,0.925612,15920.000000,0,0
SAT_P1_S2,6940052.011909,0.001205,0.925602,15960.000000,0,0
SAT_P1_S2,6939839.782929,0.001219,0.925589,16000.000000,0,0
SAT_P1_S2,6939584.651271,0.001228,0.925575,16040.000000,0,0
SAT_P1_S2,6939288.988502,0.001232,0.925558,16080.000000,0,0
SAT_P1_S2,6938955.416932,0.001230,0.925539,16120.000000,0,0
SAT_P1_S2,6938586.762918,0.001223,0.925518,16160.000000,0,0
SAT_P1_S2,6938185.991018,0.001211,0.925495,16200.000000,0,0
SAT_P1_S2,6937756.161404,0.001194,0.925471,16240.000000,0,0
SAT_P1_S2,6937300.473045,0.001173,0.925446,16280.000000,0,0
SAT_P1_S2,6936822.305451,0.001147,0.925419,16320.000000,0,0
SAT_P1_S2,6936325.096199,0.001117,0.925391,16360.000000,0,0
SAT_P1_S2,6935812.430362,0.001084,0.925363,16400.000000,0,0
SAT_P1_S2,6935288.048303,0.001047,0.925334,16440.000000,0,0
SAT_P1_S2,6934755.830929,0.001007,0.925305,16480.000000,0,0
SAT_P1_S2,6934219.758618,0.000963,0.925276,16520.000000,0,0
SAT_P1_S2,6933683.900173,0.000917,0.925247,16560.000000,0,0
SAT_P1_S2,6933152.464875,0.000869,0.925218,16600.000000,0,0
SAT_P1_S2,6932629.671950,0.000819,0.925190,16640.000000,0,0
SAT_P1_S2,6932119.716005,0.000766,0.925162,16680.000000,0,0
SAT_P1_S2,6931626.729186,0.000713,0.925136,16720.000000,0,0
SAT_P1_S2,6931154.740999,0.000658,0.925111,16760.000000,0,0
SAT_P1_S2,6930707.610132,0.000601,0.925087,16800.000000,0,0
SAT_P1_S2,6930288.941489,0.000544,0.925064,16840.000000,0,0
SAT_P1_S2,6929902.048341,0.000487,0.925043,16880.000000,0,0
SAT_P1_S2,6929549.995913,0.000429,0.925024,16920.000000,0,0
SAT_P1_S2,6929235.475507,0.000371,0.925007,16960.000000,0,0
SAT_P1_S2,6928960.789350,0.000313,0.924992,17000.000000,0,0
SAT_P1_S2,6928727.871765,0.000255,0.924980,17040.000000,0,0
SAT_P1_S2,6928538.289287,0.000197,0.924969,17080.000000,0,0
SAT_P1_S2,6928393.218466,0.000140,0.924961,17120.000000,0,0
SAT_P1_S2,6928293.442420,0.000086,0.924955,17160.000000,0,0
SAT_P1_S2,6928239.425183,0.000045,0.924952,17200.000000,0,0
SAT_P1_S2,6928231.368053,0.000058,0.924952,17240.000000,0,0
SAT_P1_S2,6928269.112396,0.000107,0.924954,17280.000000,0,0
SAT_P1_S2,6928352.236782,0.000162,0.924958,17320.000000,0,0
SAT_P1_S2,6928480.074186,0.000218,0.924965,17360.000000,0,0
SAT_P1_S2,6928651.704921,0.000275,0.924974,17400.000000,0,0
SAT_P1_S2,6928865.925974,0.000331,0.924986,17440.000000,0,0
SAT_P1_S2,6929121.254213,0.000387,0.925000,17480.000000,0,0
SAT_P1_S2,6929415.995839,0.000443,0.925016,17520.000000,0,0
SAT_P1_S2,6929748.141189,0.000498,0.925034,17560.000000,0,0
SAT_P1_S2,6930115.360820,0.000553,0.925054,17600.000000,0,0
SAT_P1_S2,6930515.031687,0.000607,0.925076,17640.000000,0,0
SAT_P1_S2,6930944.242502,0.000661,0.925099,17680.000000,0,0
SAT_P1_S2,6931399.778319,0.000713,0.925124,17720.000000,0,0
SAT_P1_S2,6931878.127275,0.000764,0.925149,17760.000000,0,0
SAT_P1_S2,6932375.570842,0.000813,0.925176,17800.000000,0,0
SAT_P1_S2,6932888.262914,0.000861,0.925204,17840.000000,0,0
SAT_P1_S2,6933412.159424,0.000907,0.925232,17880.000000,0,0
SAT_P1_S2,6933943.148211,0.000950,0.925260,17920.000000,0,0
SAT_P1_S2,6934477.101998,0.000991,0.925289,17960.000000,0,0
SAT_P1_S2,6935009.907201,0.001030,0.925318,18000.000000,0,0
SAT_P1_S2,6935537.468376,0.001065,0.925346,18040.000000,0,0
SAT_P1_S2,6936055.745255,0.001097,0.925374,18080.000000,0,0
SAT_P1_S2,6936560.853310,0.001125,0.925401,18120.000000,0,0
SAT_P1_S2,6937048.982976,0.001150,0.925427,18160.000000,0,0
SAT_P1_S2,6937516.417620,0.001170,0.925452,18200.000000,0,0
SAT_P1_S2,6937959.577490,0.001186,0.925476,18240.000000,0,0
SAT_P1_S2,6938375.038447,0.001198,0.925498,18280.000000,0,0
SAT_P1_S2,6938759.526147,0.001204,0.925519,18320.000000,0,0
SAT_P1_S2,6939109.929008,0.001206,0.925537,18360.000000,0,0
SAT_P1_S2,6939423.391311,0.001202,0.925554,18400.000000,0,0
SAT_P1_S2,6939697.390943,0.001194,0.925569,18440.000000,0,0
SAT_P1_S2,6939929.663033,0.001180,0.925581,18480.000000,0,0
SAT_P1_S2,6940118.319054,0.001160,0.925591,18520.000000,0,0
SAT_P1_S2,6940261.883214,0.001135,0.925598,18560.000000,0,0
SAT_P1_S2,6940359.298356,0.001105,0.925603,18600.000000,0,0
SAT_P1_S2,6940409.901766,0.001069,0.925606,18640.000000,0,0
SAT_P1_S2,6940413.427674,0.001029,0.925606,18680.000000,0,0
SAT_P1_S2,6940370.066570,0.000983,0.925603,18720.000000,0,0
SAT_P1_S2,6940280.342280,0.000933,0.925598,18760.000000,0,0
SAT_P1_S2,6940145.084461,0.000878,0.925590,18800.000000,0,0
SAT_P1_S2,6939965.425961,0.000820,0.925580,18840.000000,0,0
SAT_P1_S2,6939742.777565,0.000758,0.925568,18880.000000,0,0
SAT_P1_S2,6939478.781390,0.000693,0.925553,18920.000000,0,0
SAT_P1_S2,6939175.286651,0.000626,0.925537,18960.000000,0,0
SAT_P1_S2,6938834.410425,0.000559,0.925518,19000.000000,0,0
SAT_P1_S2,6938458.588675,0.000492,0.925498,19040.000000,0,0
SAT_P1_S2,6938050.475445,0.000429,0.925476,19080.000000,0,0
SAT_P1_S2,6937613.041126,0.000373,0.925452,19120.000000,0,0
SAT_P1_S2,6937149.587812,0.000331,0.925427,19160.000000,0,0
SAT_P1_S2,6936663.732953,0.000309,0.925401,19200.000000,0,0
SAT_P1_S2,6936159.360021,0.000314,0.925374,19240.000000,0,0
SAT_P1_S2,6935640.590578,0.000344,0.925346,19280.000000,0,0
SAT_P1_S2,6935111.805398,0.000394,0.925318,19320.000000,0,0
SAT_P1_S2,6934577.480930,0.000457,0.925289,19360.000000,0,0
SAT_P1_S2,6934042.114691,0.000527,0.925260,19400.000000,0,0
SAT_P1_S2,6933510.170787,0.000601,0.925231,19440.000000,0,0
SAT_P1_S2,6932986.003148,0.000677,0.925203,19480.000000,0,0
SAT_P1_S2,6932473.760930,0.000752,0.925175,19520.000000,0,0
SAT_P1_S2,6931977.320978,0.000825,0.925148,19560.000000,0,0
SAT_P1_S2,6931500.312108,0.000896,0.925122,19600.000000,0,0
SAT_P1_S2,6931046.142505,0.000964,0.925097,19640.000000,0,0
SAT_P1_S2,6930617.891936,0.001028,0.925073,19680.000000,0,0
SAT_P1_S2,6930218.412212,0.001087,0.925051,19720.000000,0,0
SAT_P1_S2,6929850.361280,0.001141,0.925031,19760.000000,0,0
SAT_P1_S2,6929516.217416,0.001191,0.925012,19800.000000,0,0
SAT_P1_S2,6929218.269311,0.001235,0.924996,19840.000000,0,0
SAT_P1_S2,6928958.633999,0.001273,0.924981,19880.000000,0,0
SAT_P1_S2,6928739.328804,0.001305,0.924969,19920.000000,0,0
SAT_P1_S2,6928562.152465,0.001331,0.924959,19960.000000,0,0
SAT_P1_S2,6928428.652980,0.001350,0.924951,20000.000000,0,0
SAT_P1_S2,6928340.108717,0.001362,0.924946,20040.000000,0,0
SAT_P1_S2,6928297.476926,0.001368,0.924944,20080.000000,0,0
SAT_P1_S2,6928301.317144,0.001366,0.924944,20120.000000,0,0
SAT_P1_S2,6928351.734458,0.001358,0.924946,20160.000000,0,0
SAT_P1_S2,6928448.405827,0.001342,0.924951,20200.000000,0,0
SAT_P1_S2,6928590.605361,0.001320,0.924959,20240.000000,0,0
SAT_P1_S2,6928777.107719,0.001292,0.924968,20280.000000,0,0
SAT_P1_S2,6929006.292020,0.001257,0.924980,20320.000000,0,0
SAT_P1_S2,6929276.168651,0.001216,0.924995,20360.000000,0,0
SAT_P1_S2,6929584.447647,0.001169,0.925011,20400.000000,0,0
SAT_P1_S2,6929928.564570,0.001117,0.925030,20440.000000,0,0
SAT_P1_S2,6930305.703455,0.001059,0.925050,20480.000000,0,0
SAT_P1_S2,6930712.869964,0.000998,0.925072,20520.000000,0,0
SAT_P1_S2,6931146.984082,0.000932,0.925096,20560.000000,0,0
SAT_P1_S2,6931604.762901,0.000863,0.925120,20600.000000,0,0
SAT_P1_S2,6932082.794683,0.000792,0.925146,20640.000000,0,0
SAT_P1_S2,6932577.545240,0.000719,0.925173,20680.000000,0,0
SAT_P1_S2,6933085.349633,0.000645,0.925201,20720.000000,0,0
SAT_P1_S2,6933602.382697,0.000572,0.925229,20760.000000,0,0
SAT_P1_S2,6934124.666038,0.000502,0.925257,20800.000000,0,0
SAT_P1_S2,6934648.166062,0.000438,0.925286,20840.000000,0,0
SAT_P1_S2,6935168.781745,0.000383,0.925314,20880.000000,0,0
SAT_P1_S2,6935682.351824,0.000345,0.925343,20920.000000,0,0
SAT_P1_S2,6936184.763467,0.000328,0.925370,20960.000000,0,0
SAT_P1_S2,6936672.022926,0.000336,0.925397,21000.000000,0,0
SAT_P1_S2,6937140.295825,0.000366,0.925423,21040.000000,0,0
SAT_P1_S2,6937585.943566,0.000412,0.925447,21080.000000,0,0
SAT_P1_S2,6938005.609330,0.000469,0.925471,21120.000000,0,0
SAT_P1_S2,6938396.321177,0.000532,0.925492,21160.000000,0,0
SAT_P1_S2,6938755.374486,0.000597,0.925512,21200.000000,0,0
SAT_P1_S2,6939080.402556,0.000662,0.925530,21240.000000,0,0
SAT_P1_S2,6939369.368250,0.000726,0.925546,21280.000000,0,0
SAT_P1_S2,6939620.529571,0.000788,0.925560,21320.000000,0,0
SAT_P1_S2,6939832.373979,0.000847,0.925572,21360.000000,0,0
SAT_P1_S2,6940003.580624,0.000903,0.925581,21400.000000,0,0
SAT_P1_S2,6940133.064890,0.000955,0.925587,21440.000000,0,0
SAT_P1_S2,6940219.911403,0.001003,0.925591,21480.000000,0,0
SAT_P1_S2,6940263.329109,0.001046,0.925593,21520.000000,0,0
SAT_P1_S2,6940262.710590,0.001084,0.925592,21560.000000,0,0
SAT_P1_S2,6940217.665844,0.001118,0.925588,21600.000000,0,0
SAT_P1_S2,6940128.037401,0.001146,0.925582,21640.000000,0,0
SAT_P1_S2,6939993.924313,0.001169,0.925573,21680.000000,0,0
SAT_P1_S2,6939815.772259,0.001187,0.925562,21720.000000,0,0
SAT_P1_S2,6939594.497288,0.001199,0.925548,21760.000000,0,0
SAT_P1_S2,6939331.382864,0.001205,0.925533,21800.000000,0,0
SAT_P1_S2,6939028.180928,0.001207,0.925515,21840.000000,0,0
SAT_P1_S2,6938687.126444,0.001202,0.925495,21880.000000,0,0
SAT_P1_S2,6938310.915820,0.001193,0.925474,21920.000000,0,0
SAT_P1_S2,6937902.640629,0.001179,0.925450,21960.000000,0,0
SAT_P1_S2,6937465.732356,0.001160,0.925426,22000.000000,0,0
SAT_P1_S2,6937003.966200,0.001136,0.925400,22040.000000,0,0
SAT_P1_S2,6936521.335265,0.001109,0.925372,22080.000000,0,0
SAT_P1_S2,6936021.931867,0.001077,0.925344,22120.000000,0,0
SAT_P1_S2,6935509.915715,0.001042,0.925316,22160.000000,0,0
SAT_P1_S2,6934989.451819,0.001004,0.925286,22200.000000,0,0
SAT_P1_S2,6934464.631567,0.000962,0.925257,22240.000000,0,0
SAT_P1_S2,6933939.408965,0.000918,0.925227,22280.000000,0,0
SAT_P1_S2,6933417.614965,0.000872,0.925198,22320.000000,0,0
SAT_P1_S2,6932903.024944,0.000823,0.925169,22360.000000,0,0
SAT_P1_S2,6932399.225119,0.000773,0.925140,22400.000000,0,0
SAT_P1_S2,6931909.707298,0.000721,0.925113,22440.000000,0,0
SAT_P1_S2,6931437.875501,0.000668,0.925086,22480.000000,0,0
SAT_P1_S2,6930987.077742,0.000614,0.925061,22520.000000,0,0
SAT_P1_S2,6930560.587538,0.000559,0.925037,22560.000000,0,0
SAT_P1_S2,6930161.576209,0.000503,0.925015,22600.000000,0,0
SAT_P1_S2,6929793.130659,0.000447,0.924995,22640.000000,0,0
SAT_P1_S2,6929458.284985,0.000390,0.924976,22680.000000,0,0
SAT_P1_S2,6929159.845712,0.000332,0.924960,22720.000000,0,0
SAT_P1_S2,6928900.407458,0.000275,0.924946,22760.000000,0,0
SAT_P1_S2,6928682.302807,0.000218,0.924934,22800.000000,0,0
SAT_P1_S2,6928507.539776,0.000161,0.924925,22840.000000,0,0
SAT_P1_S2,6928377.720102,0.000105,0.924917,22880.000000,0,0
SAT_P1_S2,6928293.996843,0.000051,0.924913,22920.000000,0,0
SAT_P1_S2,6928257.126423,0.000027,0.924911,22960.000000,0,0
SAT_P1_S2,6928267.407591,0.000074,0.924911,23000.000000,0,0
SAT_P1_S2,6928324.647078,0.000129,0.924914,23040.000000,0,0
SAT_P1_S2,6928428.228431,0.000184,0.924920,23080.000000,0,0
SAT_P1_S2,6928577.147610,0.000240,0.924928,23120.000000,0,0
SAT_P1_S2,6928770.024855,0.000296,0.924938,23160.000000,0,0
SAT_P1_S2,6929005.120835,0.000351,0.924951,23200.000000,0,0
SAT_P1_S2,6929280.413237,0.000406,0.924966,23240.000000,0,0
SAT_P1_S2,6929593.700658,0.000461,0.924982,23280.000000,0,0
SAT_P1_S2,6929942.493858,0.000515,0.925001,23320.000000,0,0
SAT_P1_S2,6930324.110499,0.000568,0.925022,23360.000000,0,0
SAT_P1_S2,6930735.697081,0.000621,0.925044,23400.000000,0,0
SAT_P1_S2,6931174.231469,0.000673,0.925068,23440.000000,0,0
SAT_P1_S2,6931636.497733,0.000723,0.925094,23480.000000,0,0
SAT_P1_S2,6932119.090187,0.000772,0.925120,23520.000000,0,0
SAT_P1_S2,6932618.497932,0.000820,0.925147,23560.000000,0,0
SAT_P1_S2,6933131.066399,0.000866,0.925175,23600.000000,0,0
SAT_P1_S2,6933652.977268,0.000910,0.925204,23640.000000,0,0
SAT_P1_S2,6934180.321013,0.000952,0.925232,23680.000000,0,0
SAT_P1_S2,6934709.132402,0.000991,0.925261,23720.000000,0,0
SAT_P1_S2,6935235.399474,0.001028,0.925290,23760.000000,0,0
SAT_P1_S2,6935755.076147,0.001061,0.925318,23800.000000,0,0
SAT_P1_S2,6936264.156440,0.001091,0.925346,23840.000000,0,0
SAT_P1_S2,6936758.778960,0.001117,0.925373,23880.000000,0,0
SAT_P1_S2,6937235.122643,0.001140,0.925398,23920.000000,0,0
SAT_P1_S2,6937689.508599,0.001158,0.925423,23960.000000,0,0
SAT_P1_S2,6938118.433250,0.001172,0.925446,24000.000000,0,0
SAT_P1_S2,6938518.583514,0.001181,0.925468,24040.000000,0,0
SAT_P1_S2,6938886.824736,0.001186,0.925487,24080.000000,0,0
SAT_P1_S2,6939220.218313,0.001185,0.925505,24120.000000,0,0
SAT_P1_S2,6939516.120123,0.001180,0.925521,24160.000000,0,0
SAT_P1_S2,6939772.150834,0.001169,0.925535,24200.000000,0,0
SAT_P1_S2,6939986.181494,0.001153,0.925546,24240.000000,0,0
SAT_P1_S2,6940156.409649,0.001131,0.925555,24280.000000,0,0
SAT_P1_S2,6940281.392476,0.001105,0.925561,24320.000000,0,0
SAT_P1_S2,6940360.048638,0.001072,0.925565,24360.000000,0,0
SAT_P1_S2,6940391.658683,0.001035,0.925567,24400.000000,0,0
SAT_P1_S2,6940375.920941,0.000993,0.925566,24440.000000,0,0
SAT_P1_S2,6940313.030629,0.000945,0.925562,24480.000000,0,0
SAT_P1_S2,6940203.546061,0.000894,0.925556,24520.000000,0,0
SAT_P1_S2,6940048.452143,0.000838,0.925548,24560.000000,0,0
SAT_P1_S2,6939849.148985,0.000778,0.925537,24600.000000,0,0
SAT_P1_S2,6939607.416544,0.000715,0.925524,24640.000000,0,0
SAT_P1_S2,6939325.347239,0.000650,0.925508,24680.000000,0,0
SAT_P1_S2,6939005.303612,0.000584,0.925491,24720.000000,0,0
SAT_P1_S2,6938649.951903,0.000517,0.925472,24760.000000,0,0
SAT_P1_S2,6938262.170780,0.000453,0.925450,24800.000000,0,0
SAT_P1_S2,6937844.977603,0.000395,0.925427,24840.000000,0,0
SAT_P1_S2,6937401.546678,0.000347,0.925403,24880.000000,0,0
SAT_P1_S2,6936935.193555,0.000316,0.925377,24920.000000,0,0
SAT_P1_S2,6936449.336906,0.000308,0.925350,24960.000000,0,0
SAT_P1_S2,6935947.467683,0.000326,0.925323,25000.000000,0,0
SAT_P1_S2,6935433.183987,0.000366,0.925294,25040.000000,0,0
SAT_P1_S2,6934910.260758,0.000423,0.925265,25080.000000,0,0
SAT_P1_S2,6934382.510273,0.000489,0.925236,25120.000000,0,0
SAT_P1_S2,6933853.848996,0.000560,0.925207,25160.000000,0,0
SAT_P1_S2,6933328.290687,0.000635,0.925178,25200.000000,0,0
SAT_P1_S2,6932809.915302,0.000710,0.925149,25240.000000,0,0
SAT_P1_S2,6932302.803636,0.000784,0.925122,25280.000000,0,0
SAT_P1_S2,6931810.991727,0.000857,0.925095,25320.000000,0,0
SAT_P1_S2,6931338.492152,0.000927,0.925069,25360.000000,0,0
SAT_P1_S2,6930889.186449,0.000994,0.925044,25400.000000,0,0
SAT_P1_S2,6930466.730017,0.001056,0.925021,25440.000000,0,0
SAT_P1_S2,6930074.541880,0.001114,0.925000,25480.000000,0,0
SAT_P1_S2,6929715.760872,0.001167,0.924980,25520.000000,0,0
SAT_P1_S2,6929393.183052,0.001214,0.924963,25560.000000,0,0
SAT_P1_S2,6929109.211447,0.001256,0.924947,25600.000000,0,0
SAT_P1_S2,6928865.878681,0.001291,0.924933,25640.000000,0,0
SAT_P1_S2,6928664.916076,0.001320,0.924922,25680.000000,0,0
SAT_P1_S2,6928507.629567,0.001342,0.924913,25720.000000,0,0
SAT_P1_S2,6928394.990273,0.001358,0.924907,25760.000000,0,0
SAT_P1_S2,6928327.665016,0.001366,0.924903,25800.000000,0,0
SAT_P1_S2,6928306.031170,0.001368,0.924901,25840.000000,0,0
SAT_P1_S2,6928330.162760,0.001364,0.924902,25880.000000,0,0
SAT_P1_S2,6928399.839167,0.001352,0.924906,25920.000000,0,0
SAT_P1_S2,6928514.621195,0.001334,0.924912,25960.000000,0,0
SAT_P1_S2,6928673.790197,0.001309,0.924920,26000.000000,0,0
SAT_P1_S2,6928876.302820,0.001277,0.924931,26040.000000,0,0
SAT_P1_S2,6929120.803716,0.001239,0.924944,26080.000000,0,0
SAT_P1_S2,6929405.607837,0.001196,0.924959,26120.000000,0,0
SAT_P1_S2,6929728.687784,0.001146,0.924977,26160.000000,0,0
SAT_P1_S2,6930087.635874,0.001092,0.924996,26200.000000,0,0
SAT_P1_S2,6930479.656390,0.001032,0.925017,26240.000000,0,0
SAT_P1_S2,6930901.649107,0.000968,0.925040,26280.000000,0,0
SAT_P1_S2,6931350.240003,0.000900,0.925064,26320.000000,0,0
SAT_P1_S2,6931821.744156,0.000829,0.925089,26360.000000,0,0
SAT_P1_S2,6932312.287272,0.000756,0.925116,26400.000000,0,0
SAT_P1_S2,6932817.874792,0.000682,0.925143,26440.000000,0,0
SAT_P1_S2,6933334.435507,0.000608,0.925171,26480.000000,0,0
SAT_P1_S2,6933857.851770,0.000536,0.925199,26520.000000,0,0
SAT_P1_S2,6934384.029667,0.000468,0.925228,26560.000000,0,0
SAT_P1_S2,6934909.016321,0.000408,0.925256,26600.000000,0,0
SAT_P1_S2,6935428.903767,0.000361,0.925285,26640.000000,0,0
SAT_P1_S2,6935939.878732,0.000332,0.925313,26680.000000,0,0
SAT_P1_S2,6936438.242153,0.000328,0.925340,26720.000000,0,0
SAT_P1_S2,6936920.401500,0.000348,0.925366,26760.000000,0,0
SAT_P1_S2,6937382.833964,0.000388,0.925392,26800.000000,0,0
SAT_P1_S2,6937822.073095,0.000441,0.925416,26840.000000,0,0
SAT_P1_S2,6938234.780628,0.000502,0.925438,26880.000000,0,0
SAT_P1_S2,6938617.763351,0.000567,0.925459,26920.000000,0,0
SAT_P1_S2,6938967.925047,0.000633,0.925478,26960.000000,0,0
SAT_P1_S2,6939282.376089,0.000699,0.925495,27000.000000,0,0
SAT_P1_S2,6939558.496547,0.000763,0.925511,27040.000000,0,0
SAT_P1_S2,6939793.975762,0.000825,0.925524,27080.000000,0,0
SAT_P1_S2,6939986.840010,0.000883,0.925535,27120.000000,0,0
SAT_P1_S2,6940135.521754,0.000937,0.925543,27160.000000,0,0
SAT_P1_S2,6940238.976337,0.000986,0.925550,27200.000000,0,0
SAT_P1_S2,6940296.571864,0.001031,0.925553,27240.000000,0,0
SAT_P1_S2,6940308.122979,0.001071,0.925555,27280.000000,0,0
SAT_P1_S2,6940273.883218,0.001106,0.925554,27320.000000,0,0
SAT_P1_S2,6940194.498389,0.001135,0.925551,27360.000000,0,0
SAT_P1_S2,6940070.921251,0.001159,0.925545,27400.000000,0,0
SAT_P1_S2,6939904.341909,0.001178,0.925537,27440.000000,0,0
SAT_P1_S2,6939696.196093,0.001192,0.925526,27480.000000,0,0
SAT_P1_S2,6939448.117871,0.001200,0.925513,27520.000000,0,0
SAT_P1_S2,6939161.834239,0.001203,0.925498,27560.000000,0,0
SAT_P1_S2,6938839.219280,0.001201,0.925481,27600.000000,0,0
SAT_P1_S2,6938482.316030,0.001195,0.925462,27640.000000,0,0
SAT_P1_S2,6938093.347233,0.001183,0.925441,27680.000000,0,0
SAT_P1_S2,6937674.726334,0.001167,0.925418,27720.000000,0,0
SAT_P1_S2,6937229.124035,0.001146,0.925394,27760.000000,0,0
SAT_P1_S2,6936759.597921,0.001120,0.925369,27800.000000,0,0
SAT_P1_S2,6936269.489606,0.001091,0.925342,27840.000000,0,0
SAT_P1_S2,6935762.475281,0.001058,0.925315,27880.000000,0,0
SAT_P1_S2,6935242.569286,0.001021,0.925286,27920.000000,0,0
SAT_P1_S2,6934714.077491,0.000980,0.925258,27960.000000,0,0
SAT_P1_S2,6934181.499983,0.000937,0.925229,28000.000000,0,0
SAT_P1_S2,6933649.434801,0.000891,0.925200,28040.000000,0,0
SAT_P1_S2,6933122.539415,0.000843,0.925171,28080.000000,0,0
SAT_P1_S2,6932605.421386,0.000793,0.925142,28120.000000,0,0
SAT_P1_S2,6932102.473037,0.000741,0.925115,28160.000000,0,0
SAT_P1_S2,6931617.837973,0.000687,0.925088,28200.000000,0,0
SAT_P1_S2,6931155.350112,0.000633,0.925062,28240.000000,0,0
SAT_P1_S2,6930718.499846,0.000578,0.925037,28280.000000,0,0
SAT_P1_S2,6930310.387541,0.000522,0.925014,28320.000000,0,0
SAT_P1_S2,6929933.717546,0.000465,0.924993,28360.000000,0,0
SAT_P1_S2,6929590.893929,0.000409,0.924973,28400.000000,0,0
SAT_P1_S2,6929284.055888,0.000352,0.924956,28440.000000,0,0
SAT_P1_S2,6929015.024795,0.000295,0.924940,28480.000000,0,0
SAT_P1_S2,6928785.413449,0.000238,0.924927,28520.000000,0,0
SAT_P1_S2,6928596.658704,0.000181,0.924916,28560.000000,0,0
SAT_P1_S2,6928450.017311,0.000125,0.924908,28600.000000,0,0
SAT_P1_S2,6928346.538874,0.000070,0.924902,28640.000000,0,0
SAT_P1_S2,6928287.071759,0.000025,0.924898,28680.000000,0,0
SAT_P1_S2,6928272.312477,0.000052,0.924897,28720.000000,0,0
SAT_P1_S2,6928302.656770,0.000105,0.924899,28760.000000,0,0
SAT_P1_S2,6928378.197372,0.000161,0.924903,28800.000000,0,0
SAT_P1_S2,6928498.706014,0.000216,0.924909,28840.000000,0,0
SAT_P1_S2,6928663.601130,0.000271,0.924918,28880.000000,0,0
SAT_P1_S2,6928871.895446,0.000326,0.924929,28920.000000,0,0
SAT_P1_S2,6929122.174009,0.000381,0.924943,28960.000000,0,0
SAT_P1_S2,6929412.663976,0.000436,0.924959,29000.000000,0,0
SAT_P1_S2,6929741.248191,0.000489,0.924977,29040.000000,0,0
SAT_P1_S2,6930105.404250,0.000543,0.924996,29080.000000,0,0
SAT_P1_S2,6930502.304451,0.000596,0.925018,29120.000000,0,0
SAT_P1_S2,6930928.859884,0.000647,0.925041,29160.000000,0,0
SAT_P1_S2,6931381.740838,0.000698,0.925065,29200.000000,0,0
SAT_P1_S2,6931857.387297,0.000748,0.925091,29240.000000,0,0
SAT_P1_S2,6932352.066431,0.000796,0.925118,29280.000000,0,0
SAT_P1_S2,6932861.988287,0.000842,0.925145,29320.000000,0,0
SAT_P1_S2,6933383.215868,0.000887,0.925174,29360.000000,0,0
SAT_P1_S2,6933911.731839,0.000930,0.925202,29400.000000,0,0
SAT_P1_S2,6934443.484938,0.000970,0.925231,29440.000000,0,0
SAT_P1_S2,6934974.413219,0.001007,0.925261,29480.000000,0,0
SAT_P1_S2,6935500.438094,0.001041,0.925289,29520.000000,0,0
SAT_P1_S2,6936017.479130,0.001073,0.925318,29560.000000,0,0
SAT_P1_S2,6936521.548266,0.001100,0.925346,29600.000000,0,0
SAT_P1_S2,6937008.776808,0.001124,0.925372,29640.000000,0,0
SAT_P1_S2,6937475.362429,0.001144,0.925398,29680.000000,0,0
SAT_P1_S2,6937917.667041,0.001160,0.925423,29720.000000,0,0
SAT_P1_S2,6938332.256108,0.001171,0.925446,29760.000000,0,0
SAT_P1_S2,6938715.911615,0.001177,0.925467,29800.000000,0,0
SAT_P1_S2,6939065.633857,0.001179,0.925487,29840.000000,0,0
SAT_P1_S2,6939378.689957,0.001175,0.925505,29880.000000,0,0
SAT_P1_S2,6939652.720858,0.001166,0.925520,29920.000000,0,0
SAT_P1_S2,6939885.641107,0.001153,0.925534,29960.000000,0,0
SAT_P1_S2,6940075.693802,0.001133,0.925545,30000.000000,0,0
SAT_P1_S2,6940221.482448,0.001109,0.925553,30040.000000,0,0
SAT_P1_S2,6940321.975064,0.001079,0.925559,30080.000000,0,0
SAT_P1_S2,6940376.474259,0.001045,0.925563,30120.000000,0,0
SAT_P1_S2,6940384.603191,0.001005,0.925564,30160.000000,0,0
SAT_P1_S2,6940346.365026,0.000960,0.925562,30200.000000,0,0
SAT_P1_S2,6940262.131270,0.000911,0.925558,30240.000000,0,0
SAT_P1_S2,6940132.549210,0.000857,0.925551,30280.000000,0,0
SAT_P1_S2,6939958.596759,0.000799,0.925542,30320.000000,0,0
SAT_P1_S2,6939741.580633,0.000738,0.925530,30360.000000,0,0
SAT_P1_S2,6939483.110788,0.000674,0.925516,30400.000000,0,0
SAT_P1_S2,6939185.066534,0.000608,0.925500,30440.000000,0,0
SAT_P1_S2,6938849.612927,0.000542,0.925481,30480.000000,0,0
SAT_P1_S2,6938479.280451,0.000476,0.925461,30520.000000,0,0
SAT_P1_S2,6938076.839062,0.000413,0.925439,30560.000000,0,0
SAT_P1_S2,6937645.329482,0.000358,0.925416,30600.000000,0,0
SAT_P1_S2,6937188.071110,0.000316,0.925391,30640.000000,0,0
SAT_P1_S2,6936708.640026,0.000295,0.925365,30680.000000,0,0
SAT_P1_S2,6936210.810424,0.000301,0.925337,30720.000000,0,0
SAT_P1_S2,6935698.507800,0.000332,0.925309,30760.000000,0,0
SAT_P1_S2,6935175.829194,0.000383,0.925281,30800.000000,0,0
SAT_P1_S2,6934646.989591,0.000446,0.925252,30840.000000,0,0
SAT_P1_S2,6934116.187944,0.000517,0.925223,30880.000000,0,0
SAT_P1_S2,6933587.615649,0.000590,0.925194,30920.000000,0,0
SAT_P1_S2,6933065.411917,0.000666,0.925165,30960.000000,0,0
SAT_P1_S2,6932553.601098,0.000740,0.925137,31000.000000,0,0
SAT_P1_S2,6932056.028082,0.000814,0.925109,31040.000000,0,0
SAT_P1_S2,6931576.351470,0.000885,0.925083,31080.000000,0,0
SAT_P1_S2,6931118.110411,0.000952,0.925058,31120.000000,0,0
SAT_P1_S2,6930684.598102,0.001016,0.925033,31160.000000,0,0
SAT_P1_S2,6930278.900212,0.001076,0.925011,31200.000000,0,0
SAT_P1_S2,6929903.919005,0.001131,0.924990,31240.000000,0,0
SAT_P1_S2,6929562.373948,0.001181,0.924971,31280.000000,0,0
SAT_P1_S2,6929256.769798,0.001225,0.924954,31320.000000,0,0
SAT_P1_S2,6928989.377962,0.001263,0.924939,31360.000000,0,0
SAT_P1_S2,6928762.284253,0.001296,0.924927,31400.000000,0,0
SAT_P1_S2,6928577.360411,0.001322,0.924916,31440.000000,0,0
SAT_P1_S2,6928436.151771,0.001341,0.924908,31480.000000,0,0
SAT_P1_S2,6928339.904128,0.001354,0.924903,31520.000000,0,0
SAT_P1_S2,6928289.533528,0.001360,0.924900,31560.000000,0,0
SAT_P1_S2,6928285.577079,0.001359,0.924899,31600.000000,0,0
SAT_P1_S2,6928328.141733,0.001351,0.924901,31640.000000,0,0
SAT_P1_S2,6928416.911160,0.001336,0.924906,31680.000000,0,0
SAT_P1_S2,6928551.227792,0.001314,0.924913,31720.000000,0,0
SAT_P1_S2,6928729.988593,0.001286,0.924922,31760.000000,0,0
SAT_P1_S2,6928951.720352,0.001252,0.924934,31800.000000,0,0
SAT_P1_S2,6929214.609045,0.001211,0.924948,31840.000000,0,0
SAT_P1_S2,6929516.557277,0.001164,0.924964,31880.000000,0,0
SAT_P1_S2,6929855.210053,0.001112,0.924982,31920.000000,0,0
SAT_P1_S2,6930227.958036,0.001055,0.925002,31960.000000,0,0
SAT_P1_S2,6930631.971955,0.000994,0.925024,32000.000000,0,0
SAT_P1_S2,6931064.300541,0.000928,0.925047,32040.000000,0,0
SAT_P1_S2,6931521.792147,0.000859,0.925072,32080.000000,0,0
SAT_P1_S2,6932001.094730,0.000787,0.925098,32120.000000,0,0
SAT_P1_S2,6932498.686943,0.000713,0.925125,32160.000000,0,0
SAT_P1_S2,6933010.878368,0.000639,0.925152,32200.000000,0,0
SAT_P1_S2,6933533.785844,0.000565,0.925181,32240.000000,0,0
SAT_P1_S2,6934063.328539,0.000494,0.925209,32280.000000,0,0
SAT_P1_S2,6934595.304519,0.000428,0.925238,32320.000000,0,0
SAT_P1_S2,6935125.474204,0.000373,0.925266,32360.000000,0,0
SAT_P1_S2,6935649.493865,0.000334,0.925295,32400.000000,0,0
SAT_P1_S2,6936163.058913,0.000318,0.925322,32440.000000,0,0
SAT_P1_S2,6936661.980350,0.000328,0.925349,32480.000000,0,0
SAT_P1_S2,6937142.242666,0.000361,0.925375,32520.000000,0,0
SAT_P1_S2,6937600.036254,0.000411,0.925400,32560.000000,0,0
SAT_P1_S2,6938031.817178,0.000470,0.925424,32600.000000,0,0
SAT_P1_S2,6938434.424570,0.000535,0.925446,32640.000000,0,0
SAT_P1_S2,6938805.008053,0.000602,0.925467,32680.000000,0,0
SAT_P1_S2,6939141.024996,0.000668,0.925485,32720.000000,0,0
SAT_P1_S2,6939440.257910,0.000734,0.925502,32760.000000,0,0
SAT_P1_S2,6939700.788806,0.000797,0.925517,32800.000000,0,0
SAT_P1_S2,6939920.940279,0.000857,0.925529,32840.000000,0,0
SAT_P1_S2,6940099.228430,0.000913,0.925540,32880.000000,0,0
SAT_P1_S2,6940234.391817,0.000966,0.925547,32920.000000,0,0
SAT_P1_S2,6940325.425170,0.001014,0.925553,32960.000000,0,0
SAT_P1_S2,6940371.469319,0.001057,0.925556,33000.000000,0,0
SAT_P1_S2,6940371.910743,0.001095,0.925556,33040.000000,0,0
SAT_P1_S2,6940326.424245,0.001128,0.925554,33080.000000,0,0
SAT_P1_S2,6940235.004185,0.001156,0.925550,33120.000000,0,0
SAT_P1_S2,6940097.976896,0.001178,0.925543,33160.000000,0,0
SAT_P1_S2,6939916.048218,0.001195,0.925534,33200.000000,0,0
SAT_P1_S2,6939690.418144,0.001206,0.925523,33240.000000,0,0
SAT_P1_S2,6939422.699844,0.001212,0.925509,33280.000000,0,0
SAT_P1_S2,6939114.911058,0.001213,0.925493,33320.000000,0,0
SAT_P1_S2,6938769.484086,0.001208,0.925475,33360.000000,0,0
SAT_P1_S2,6938389.224030,0.001198,0.925455,33400.000000,0,0
SAT_P1_S2,6937977.226467,0.001183,0.925434,33440.000000,0,0
SAT_P1_S2,6937536.799192,0.001163,0.925411,33480.000000,0,0
SAT_P1_S2,6937071.450497,0.001139,0.925387,33520.000000,0,0
SAT_P1_S2,6936584.873992,0.001111,0.925361,33560.000000,0,0
SAT_P1_S2,6936080.790302,0.001079,0.925334,33600.000000,0,0
SAT_P1_S2,6935562.991053,0.001043,0.925307,33640.000000,0,0
SAT_P1_S2,6935035.329361,0.001004,0.925279,33680.000000,0,0
SAT_P1_S2,6934501.703632,0.000962,0.925250,33720.000000,0,0
SAT_P1_S2,6933966.028488,0.000917,0.925221,33760.000000,0,0
SAT_P1_S2,6933432.247945,0.000870,0.925193,33800.000000,0,0
SAT_P1_S2,6932904.425617,0.000820,0.925164,33840.000000,0,0
SAT_P1_S2,6932386.643976,0.000768,0.925137,33880.000000,0,0
SAT_P1_S2,6931882.994773,0.000715,0.925110,33920.000000,0,0
SAT_P1_S2,6931397.562615,0.000661,0.925083,33960.000000,0,0
SAT_P1_S2,6930934.390005,0.000605,0.925058,34000.000000,0,0
SAT_P1_S2,6930497.405707,0.000549,0.925035,34040.000000,0,0
SAT_P1_S2,6930090.326468,0.000492,0.925013,34080.000000,0,0
SAT_P1_S2,6929716.592616,0.000434,0.924992,34120.000000,0,0
SAT_P1_S2,6929379.379121,0.000377,0.924974,34160.000000,0,0
SAT_P1_S2,6929081.456055,0.000319,0.924957,34200.000000,0,0
SAT_P1_S2,6928825.137875,0.000261,0.924943,34240.000000,0,0
SAT_P1_S2,6928612.289434,0.000204,0.924930,34280.000000,0,0
SAT_P1_S2,6928444.318332,0.000147,0.924921,34320.000000,0,0
SAT_P1_S2,6928322.152426,0.000090,0.924913,34360.000000,0,0
SAT_P1_S2,6928246.240914,0.000035,0.924908,34400.000000,0,0
SAT_P1_S2,6928216.639232,0.000029,0.924906,34440.000000,0,0
SAT_P1_S2,6928233.099274,0.000082,0.924906,34480.000000,0,0
SAT_P1_S2,6928294.982639,0.000138,0.924908,34520.000000,0,0
SAT_P1_S2,6928401.389303,0.000193,0.924913,34560.000000,0,0
SAT_P1_S2,6928551.200813,0.000248,0.924921,34600.000000,0,0
SAT_P1_S2,6928743.100847,0.000303,0.924931,34640.000000,0,0
SAT_P1_S2,6928975.567286,0.000357,0.924944,34680.000000,0,0
SAT_P1_S2,6929246.891552,0.000411,0.924958,34720.000000,0,0
SAT_P1_S2,6929555.260547,0.000465,0.924975,34760.000000,0,0
SAT_P1_S2,6929898.667325,0.000517,0.924994,34800.000000,0,0
SAT_P1_S2,6930274.893128,0.000570,0.925014,34840.000000,0,0
SAT_P1_S2,6930681.525298,0.000621,0.925037,34880.000000,0,0
SAT_P1_S2,6931115.941662,0.000672,0.925060,34920.000000,0,0
SAT_P1_S2,6931575.266780,0.000722,0.925085,34960.000000,0,0
SAT_P1_S2,6932056.341982,0.000770,0.925112,35000.000000,0,0
SAT_P1_S2,6932555.771091,0.000817,0.925139,35040.000000,0,0
SAT_P1_S2,6933069.972202,0.000862,0.925167,35080.000000,0,0
SAT_P1_S2,6933595.072745,0.000906,0.925196,35120.000000,0,0
SAT_P1_S2,6934127.017880,0.000947,0.925224,35160.000000,0,0
SAT_P1_S2,6934661.617486,0.000986,0.925253,35200.000000,0,0
SAT_P1_S2,6935194.586009,0.001022,0.925282,35240.000000,0,0
SAT_P1_S2,6935721.568468,0.001055,0.925311,35280.000000,0,0
SAT_P1_S2,6936238.209253,0.001085,0.925339,35320.000000,0,0
SAT_P1_S2,6936740.301350,0.001111,0.925366,35360.000000,0,0
SAT_P1_S2,6937223.757192,0.001133,0.925392,35400.000000,0,0
SAT_P1_S2,6937684.655638,0.001151,0.925417,35440.000000,0,0
SAT_P1_S2,6938119.323762,0.001164,0.925441,35480.000000,0,0
SAT_P1_S2,6938524.370822,0.001173,0.925463,35520.000000,0,0
SAT_P1_S2,6938896.681384,0.001177,0.925483,35560.000000,0,0
SAT_P1_S2,6939233.408512,0.001176,0.925501,35600.000000,0,0
SAT_P1_S2,6939532.025316,0.001171,0.925518,35640.000000,0,0
SAT_P1_S2,6939790.364760,0.001159,0.925532,35680.000000,0,0
SAT_P1_S2,6940006.497169,0.001143,0.925544,35720.000000,0,0
SAT_P1_S2,6940178.803230,0.001121,0.925553,35760.000000,0,0
SAT_P1_S2,6940305.981426,0.001095,0.925560,35800.000000,0,0
SAT_P1_S2,6940387.044572,0.001062,0.925565,35840.000000,0,0
SAT_P1_S2,6940421.301197,0.001025,0.925567,35880.000000,0,0
SAT_P1_S2,6940408.379810,0.000983,0.925566,35920.000000,0,0
SAT_P1_S2,6940348.336414,0.000935,0.925564,35960.000000,0,0
SAT_P1_S2,6940241.583923,0.000884,0.925558,36000.000000,0,0
SAT_P1_S3,6928137.000000,0.000000,0.925025,0.000000,0,0
SAT_P1_S3,6928107.729393,0.000061,0.925023,40.000000,0,0
SAT_P1_S3,6928032.235296,0.000121,0.925019,80.000000,0,0
SAT_P1_S3,6927911.226455,0.000182,0.925012,120.000000,0,0
SAT_P1_S3,6927745.725953,0.000242,0.925003,160.000000,0,0
SAT_P1_S3,6927537.064971,0.000303,0.924992,200.000000,0,0
SAT_P1_S3,6927286.880388,0.000362,0.924978,240.000000,0,0
SAT_P1_S3,6926997.073977,0.000422,0.924963,280.000000,0,0
SAT_P1_S3,6926669.785193,0.000481,0.924945,320.000000,0,0
SAT_P1_S3,6926307.437528,0.000539,0.924925,360.000000,0,0
SAT_P1_S3,6925912.764023,0.000596,0.924903,400.000000,0,0
SAT_P1_S3,6925488.679600,0.000652,0.924880,440.000000,0,0
SAT_P1_S3,6925038.346803,0.000707,0.924856,480.000000,0,0
SAT_P1_S3,6924565.164521,0.000761,0.924830,520.000000,0,0
SAT_P1_S3,6924072.734331,0.000812,0.924803,560.000000,0,0
SAT_P1_S3,6923564.804837,0.000862,0.924775,600.000000,0,0
SAT_P1_S3,6923045.251949,0.000910,0.924747,640.000000,0,0
SAT_P1_S3,6922518.127808,0.000955,0.924718,680.000000,0,0
SAT_P1_S3,6921987.528357,0.000998,0.924689,720.000000,0,0
SAT_P1_S3,6921457.559996,0.001037,0.924660,760.000000,0,0
SAT_P1_S3,6920932.330474,0.001073,0.924631,800.000000,0,0
SAT_P1_S3,6920415.909367,0.001106,0.924603,840.000000,0,0
SAT_P1_S3,6919912.259597,0.001135,0.924576,880.000000,0,0
SAT_P1_S3,6919425.183265,0.001159,0.924549,920.000000,0,0
SAT_P1_S3,6918958.342452,0.001180,0.924523,960.000000,0,0
SAT_P1_S3,6918515.264214,0.001196,0.924499,1000.000000,0,0
SAT_P1_S3,6918099.201604,0.001207,0.924476,1040.000000,0,0
SAT_P1_S3,6917713.191445,0.001213,0.924455,1080.000000,0,0
SAT_P1_S3,6917360.045213,0.001214,0.924436,1120.000000,0,0
SAT_P1_S3,6917042.325578,0.001210,0.924418,1160.000000,0,0
SAT_P1_S3,6916762.308040,0.001201,0.924403,1200.000000,0,0
SAT_P1_S3,6916521.985250,0.001187,0.924390,1240.000000,0,0
SAT_P1_S3,6916323.147301,0.001167,0.924379,1280.000000,0,0
SAT_P1_S3,6916167.280720,0.001142,0.924371,1320.000000,0,0
SAT_P1_S3,6916055.569991,0.001112,0.924365,1360.000000,0,0
SAT_P1_S3,6915988.923904,0.001077,0.924361,1400.000000,0,0
SAT_P1_S3,6915967.969003,0.001037,0.924361,1440.000000,0,0
SAT_P1_S3,6915993.012037,0.000992,0.924362,1480.000000,0,0
SAT_P1_S3,6916064.013738,0.000944,0.924367,1520.000000,0,0
SAT_P1_S3,6916180.645360,0.000891,0.924373,1560.000000,0,0
SAT_P1_S3,6916342.266484,0.000835,0.924382,1600.000000,0,0
SAT_P1_S3,6916547.873541,0.000777,0.924394,1640.000000,0,0
SAT_P1_S3,6916796.138474,0.000717,0.924408,1680.000000,0,0
SAT_P1_S3,6917085.417891,0.000657,0.924424,1720.000000,0,0
SAT_P1_S3,6917413.730402,0.000599,0.924442,1760.000000,0,0
SAT_P1_S3,6917778.745619,0.000546,0.924462,1800.000000,0,0
SAT_P1_S3,6918177.844730,0.000500,0.924484,1840.000000,0,0
SAT_P1_S3,6918608.180504,0.000467,0.924507,1880.000000,0,0
SAT_P1_S3,6919066.566219,0.000450,0.924532,1920.000000,0,0
SAT_P1_S3,6919549.573263,0.000454,0.924558,1960.000000,0,0
SAT_P1_S3,6920053.555389,0.000477,0.924585,2000.000000,0,0
SAT_P1_S3,6920574.659037,0.000519,0.924613,2040.000000,0,0
SAT_P1_S3,6921108.815292,0.000574,0.924641,2080.000000,0,0
SAT_P1_S3,6921651.772989,0.000640,0.924670,2120.000000,0,0
SAT_P1_S3,6922199.213973,0.000713,0.924699,2160.000000,0,0
SAT_P1_S3,6922746.701965,0.000789,0.924728,2200.000000,0,0
SAT_P1_S3,6923289.714762,0.000868,0.924757,2240.000000,0,0
SAT_P1_S3,6923823.726500,0.000947,0.924786,2280.000000,0,0
SAT_P1_S3,6924344.258684,0.001025,0.924813,2320.000000,0,0
SAT_P1_S3,6924846.902669,0.001100,0.924840,2360.000000,0,0
SAT_P1_S3,6925327.353612,0.001173,0.924866,2400.000000,0,0
SAT_P1_S3,6925781.516161,0.001242,0.924890,2440.000000,0,0
SAT_P1_S3,6926205.605645,0.001307,0.924913,2480.000000,0,0
SAT_P1_S3,6926596.066414,0.001366,0.924934,2520.000000,0,0
SAT_P1_S3,6926949.698093,0.001420,0.924953,2560.000000,0,0
SAT_P1_S3,6927263.695617,0.001468,0.924970,2600.000000,0,0
SAT_P1_S3,6927535.663394,0.001510,0.924985,2640.000000,0,0
SAT_P1_S3,6927763.599021,0.001545,0.924997,2680.000000,0,0
SAT_P1_S3,6927945.905438,0.001572,0.925008,2720.000000,0,0
SAT_P1_S3,6928081.469712,0.001593,0.925016,2760.000000,0,0
SAT_P1_S3,6928169.565463,0.001607,0.925021,2800.000000,0,0
SAT_P1_S3,6928209.827679,0.001613,0.925024,2840.000000,0,0
SAT_P1_S3,6928202.267618,0.001612,0.925024,2880.000000,0,0
SAT_P1_S3,6928147.252184,0.001604,0.925021,2920.000000,0,0
SAT_P1_S3,6928045.452515,0.001589,0.925016,2960.000000,0,0
SAT_P1_S3,6927897.804433,0.001567,0.925009,3000.000000,0,0
SAT_P1_S3,6927705.544125,0.001538,0.924999,3040.000000,0,0
SAT_P1_S3,6927470.246348,0.001502,0.924987,3080.000000,0,0
SAT_P1_S3,6927193.688852,0.001460,0.924972,3120.000000,0,0
SAT_P1_S3,6926877.932866,0.001412,0.924955,3160.000000,0,0
SAT_P1_S3,6926525.328457,0.001359,0.924936,3200.000000,0,0
SAT_P1_S3,6926138.502946,0.001300,0.924915,3240.000000,0,0
SAT_P1_S3,6925720.325934,0.001236,0.924893,3280.000000,0,0
SAT_P1_S3,6925273.909176,0.001168,0.924868,3320.000000,0,0
SAT_P1_S3,6924802.679591,0.001097,0.924843,3360.000000,0,0
SAT_P1_S3,6924310.271955,0.001023,0.924816,3400.000000,0,0
SAT_P1_S3,6923800.494518,0.000946,0.924788,3440.000000,0,0
SAT_P1_S3,6923277.332493,0.000869,0.924760,3480.000000,0,0
SAT_P1_S3,6922744.909269,0.000792,0.924731,3520.000000,0,0
SAT_P1_S3,6922207.412679,0.000717,0.924702,3560.000000,0,0
SAT_P1_S3,6921669.028051,0.000645,0.924672,3600.000000,0,0
SAT_P1_S3,6921133.939630,0.000580,0.924643,3640.000000,0,0
SAT_P1_S3,6920606.330003,0.000524,0.924615,3680.000000,0,0
SAT_P1_S3,6920090.216208,0.000482,0.924587,3720.000000,0,0
SAT_P1_S3,6919589.492805,0.000457,0.924559,3760.000000,0,0
SAT_P1_S3,6919107.893838,0.000451,0.924533,3800.000000,0,0
SAT_P1_S3,6918648.981926,0.000466,0.924508,3840.000000,0,0
SAT_P1_S3,6918216.101617,0.000497,0.924485,3880.000000,0,0
SAT_P1_S3,6917812.348069,0.000541,0.924463,3920.000000,0,0
SAT_P1_S3,6917440.611272,0.000594,0.924443,3960.000000,0,0
SAT_P1_S3,6917103.605876,0.000652,0.924424,4000.000000,0,0
SAT_P1_S3,6916803.741692,0.000712,0.924408,4040.000000,0,0
SAT_P1_S3,6916543.195759,0.000772,0.924394,4080.000000,0,0
SAT_P1_S3,6916323.907118,0.000832,0.924382,4120.000000,0,0
SAT_P1_S3,6916147.552987,0.000889,0.924372,4160.000000,0,0
SAT_P1_S3,6916015.504961,0.000943,0.924365,4200.000000,0,0
SAT_P1_S3,6915928.823311,0.000994,0.924360,4240.000000,0,0
SAT_P1_S3,6915888.324132,0.001041,0.924358,4280.000000,0,0
SAT_P1_S3,6915894.470957,0.001083,0.924358,4320.000000,0,0
SAT_P1_S3,6915947.362713,0.001120,0.924361,4360.000000,0,0
SAT_P1_S3,6916046.753389,0.001152,0.924367,4400.000000,0,0
SAT_P1_S3,6916192.043037,0.001179,0.924375,4440.000000,0,0
SAT_P1_S3,6916382.242174,0.001200,0.924385,4480.000000,0,0
SAT_P1_S3,6916615.951921,0.001217,0.924398,4520.000000,0,0
SAT_P1_S3,6916891.420587,0.001227,0.924412,4560.000000,0,0
SAT_P1_S3,6917206.590649,0.001233,0.924429,4600.000000,0,0
SAT_P1_S3,6917558.995997,0.001233,0.924448,4640.000000,0,0
SAT_P1_S3,6917945.862159,0.001227,0.924469,4680.000000,0,0
SAT_P1_S3,6918364.138897,0.001217,0.924492,4720.000000,0,0
SAT_P1_S3,6918810.519818,0.001202,0.924515,4760.000000,0,0
SAT_P1_S3,6919281.446939,0.001183,0.924540,4800.000000,0,0
SAT_P1_S3,6919773.157771,0.001158,0.924566,4840.000000,0,0
SAT_P1_S3,6920281.809489,0.001130,0.924593,4880.000000,0,0
SAT_P1_S3,6920803.423604,0.001098,0.924621,4920.000000,0,0
SAT_P1_S3,6921333.926911,0.001063,0.924649,4960.000000,0,0
SAT_P1_S3,6921869.221043,0.001024,0.924677,5000.000000,0,0
SAT_P1_S3,6922405.216192,0.000981,0.924705,5040.000000,0,0
SAT_P1_S3,6922937.831266,0.000937,0.924733,5080.000000,0,0
SAT_P1_S3,6923463.002504,0.000889,0.924761,5120.000000,0,0
SAT_P1_S3,6923976.759313,0.000839,0.924788,5160.000000,0,0
SAT_P1_S3,6924475.281125,0.000788,0.924814,5200.000000,0,0
SAT_P1_S3,6924954.800439,0.000734,0.924839,5240.000000,0,0
SAT_P1_S3,6925411.698678,0.000679,0.924863,5280.000000,0,0
SAT_P1_S3,6925842.530963,0.000623,0.924885,5320.000000,0,0
SAT_P1_S3,6926244.034067,0.000565,0.924906,5360.000000,0,0
SAT_P1_S3,6926613.117260,0.000507,0.924925,5400.000000,0,0
SAT_P1_S3,6926946.894994,0.000447,0.924942,5440.000000,0,0
SAT_P1_S3,6927242.797143,0.000387,0.924958,5480.000000,0,0
SAT_P1_S3,6927498.501429,0.000327,0.924971,5520.000000,0,0
SAT_P1_S3,6927711.963235,0.000266,0.924982,5560.000000,0,0
SAT_P1_S3,6927881.475742,0.000204,0.924990,5600.000000,0,0
SAT_P1_S3,6928005.694949,0.000143,0.924996,5640.000000,0,0
SAT_P1_S3,6928083.630150,0.000082,0.925000,5680.000000,0,0
SAT_P1_S3,6928114.641331,0.000028,0.925001,5720.000000,0,0
SAT_P1_S3,6928098.501492,0.000050,0.924999,5760.000000,0,0
SAT_P1_S3,6928035.435279,0.000109,0.924995,5800.000000,0,0
SAT_P1_S3,6927925.996389,0.000170,0.924989,5840.000000,0,0
SAT_P1_S3,6927771.133975,0.000232,0.924980,5880.000000,0,0
SAT_P1_S3,6927572.180162,0.000293,0.924969,5920.000000,0,0
SAT_P1_S3,6927330.815310,0.000354,0.924955,5960.000000,0,0
SAT_P1_S3,6927049.011682,0.000415,0.924940,6000.000000,0,0
SAT_P1_S3,6926729.015099,0.000475,0.924922,6040.000000,0,0
SAT_P1_S3,6926373.400833,0.000534,0.924902,6080.000000,0,0
SAT_P1_S3,6925984.955497,0.000593,0.924881,6120.000000,0,0
SAT_P1_S3,6925566.656829,0.000650,0.924858,6160.000000,0,0
SAT_P1_S3,6925121.686980,0.000706,0.924833,6200.000000,0,0
SAT_P1_S3,6924653.416959,0.000761,0.924808,6240.000000,0,0
SAT_P1_S3,6924165.362073,0.000814,0.924781,6280.000000,0,0
SAT_P1_S3,6923661.149531,0.000865,0.924753,6320.000000,0,0
SAT_P1_S3,6923144.557015,0.000913,0.924725,6360.000000,0,0
SAT_P1_S3,6922619.532844,0.000960,0.924696,6400.000000,0,0
SAT_P1_S3,6922090.054987,0.001003,0.924667,6440.000000,0,0
SAT_P1_S3,6921560.184067,0.001044,0.924638,6480.000000,0,0
SAT_P1_S3,6921034.036068,0.001081,0.924609,6520.000000,0,0
SAT_P1_S3,6920515.732824,0.001115,0.924580,6560.000000,0,0
SAT_P1_S3,6920009.330135,0.001145,0.924552,6600.000000,0,0
SAT_P1_S3,6919518.782283,0.001171,0.924525,6640.000000,0,0
SAT_P1_S3,6919047.978584,0.001192,0.924499,6680.000000,0,0
SAT_P1_S3,6918600.608806,0.001209,0.924474,6720.000000,0,0
SAT_P1_S3,6918180.126609,0.001221,0.924451,6760.000000,0,0
SAT_P1_S3,6917789.748476,0.001228,0.924430,6800.000000,0,0
SAT_P1_S3,6917432.428877,0.001230,0.924410,6840.000000,0,0
SAT_P1_S3,6917110.811886,0.001227,0.924392,6880.000000,0,0
SAT_P1_S3,6916827.200597,0.001219,0.924376,6920.000000,0,0
SAT_P1_S3,6916583.604458,0.001205,0.924362,6960.000000,0,0
SAT_P1_S3,6916381.775697,0.001186,0.924351,7000.000000,0,0
SAT_P1_S3,6916223.089016,0.001161,0.924342,7040.000000,0,0
SAT_P1_S3,6916108.622579,0.001132,0.924336,7080.000000,0,0
SAT_P1_S3,6916039.162570,0.001097,0.924332,7120.000000,0,0
SAT_P1_S3,6916015.188822,0.001058,0.924331,7160.000000,0,0
SAT_P1_S3,6916036.840414,0.001014,0.924332,7200.000000,0,0
SAT_P1_S3,6916103.919544,0.000965,0.924336,7240.000000,0,0
SAT_P1_S3,6916215.968966,0.000913,0.924342,7280.000000,0,0
SAT_P1_S3,6916372.174508,0.000858,0.924351,7320.000000,0,0
SAT_P1_S3,6916571.378047,0.000801,0.924362,7360.000000,0,0
SAT_P1_S3,6916812.099703,0.000742,0.924375,7400.000000,0,0
SAT_P1_S3,6917092.564566,0.000683,0.924391,7440.000000,0,0
SAT_P1_S3,6917410.701653,0.000626,0.924408,7480.000000,0,0
SAT_P1_S3,6917764.140203,0.000573,0.924428,7520.000000,0,0
SAT_P1_S3,6918150.261893,0.000527,0.924450,7560.000000,0,0
SAT_P1_S3,6918566.317140,0.000492,0.924473,7600.000000,0,0
SAT_P1_S3,6919009.328262,0.000473,0.924497,7640.000000,0,0
SAT_P1_S3,6919476.161862,0.000471,0.924523,7680.000000,0,0
SAT_P1_S3,6919963.568391,0.000488,0.924550,7720.000000,0,0
SAT_P1_S3,6920468.191415,0.000524,0.924577,7760.000000,0,0
SAT_P1_S3,6920986.540186,0.000574,0.924606,7800.000000,0,0
SAT_P1_S3,6921514.977456,0.000634,0.924634,7840.000000,0,0
SAT_P1_S3,6922049.780109,0.000703,0.924663,7880.000000,0,0
SAT_P1_S3,6922587.122450,0.000777,0.924692,7920.000000,0,0
SAT_P1_S3,6923122.997636,0.000853,0.924721,7960.000000,0,0
SAT_P1_S3,6923653.285111,0.000931,0.924749,8000.000000,0,0
SAT_P1_S3,6924173.776404,0.001009,0.924776,8040.000000,0,0
SAT_P1_S3,6924680.187314,0.001085,0.924803,8080.000000,0,0
SAT_P1_S3,6925168.174608,0.001159,0.924829,8120.000000,0,0
SAT_P1_S3,6925633.419097,0.001230,0.924853,8160.000000,0,0
SAT_P1_S3,6926071.785105,0.001297,0.924876,8200.000000,0,0
SAT_P1_S3,6926479.263471,0.001359,0.924897,8240.000000,0,0
SAT_P1_S3,6926852.096186,0.001416,0.924916,8280.000000,0,0
SAT_P1_S3,6927186.869100,0.001467,0.924934,8320.000000,0,0
SAT_P1_S3,6927480.570649,0.001512,0.924949,8360.000000,0,0
SAT_P1_S3,6927730.607343,0.001551,0.924962,8400.000000,0,0
SAT_P1_S3,6927934.826255,0.001582,0.924972,8440.000000,0,0
SAT_P1_S3,6928091.598689,0.001606,0.924980,8480.000000,0,0
SAT_P1_S3,6928199.808311,0.001623,0.924986,8520.000000,0,0
SAT_P1_S3,6928258.759889,0.001633,0.924989,8560.000000,0,0
SAT_P1_S3,6928268.218470,0.001635,0.924990,8600.000000,0,0
SAT_P1_S3,6928228.387696,0.001629,0.924987,8640.000000,0,0
SAT_P1_S3,6928139.860225,0.001616,0.924983,8680.000000,0,0
SAT_P1_S3,6928003.561127,0.001596,0.924976,8720.000000,0,0
SAT_P1_S3,6927820.747211,0.001569,0.924966,8760.000000,0,0
SAT_P1_S3,6927593.073945,0.001534,0.924954,8800.000000,0,0
SAT_P1_S3,6927322.455725,0.001494,0.924940,8840.000000,0,0
SAT_P1_S3,6927011.102634,0.001447,0.924923,8880.000000,0,0
SAT_P1_S3,6926661.533843,0.001394,0.924905,8920.000000,0,0
SAT_P1_S3,6926276.567559,0.001336,0.924885,8960.000000,0,0
SAT_P1_S3,6925859.277427,0.001272,0.924862,9000.000000,0,0
SAT_P1_S3,6925412.966138,0.001205,0.924839,9040.000000,0,0
SAT_P1_S3,6924941.213161,0.001133,0.924814,9080.000000,0,0
SAT_P1_S3,6924447.835301,0.001059,0.924787,9120.000000,0,0
SAT_P1_S3,6923936.770502,0.000983,0.924760,9160.000000,0,0
SAT_P1_S3,6923412.102025,0.000905,0.924732,9200.000000,0,0
SAT_P1_S3,6922878.020608,0.000827,0.924703,9240.000000,0,0
SAT_P1_S3,6922338.759474,0.000751,0.924674,9280.000000,0,0
SAT_P1_S3,6921798.521384,0.000678,0.924645,9320.000000,0,0
SAT_P1_S3,6921261.459101,0.000611,0.924616,9360.000000,0,0
SAT_P1_S3,6920731.720081,0.000552,0.924587,9400.000000,0,0
SAT_P1_S3,6920213.286025,0.000506,0.924559,9440.000000,0,0
SAT_P1_S3,6919709.999244,0.000476,0.924531,9480.000000,0,0
SAT_P1_S3,6919225.536059,0.000465,0.924505,9520.000000,0,0
SAT_P1_S3,6918763.405981,0.000474,0.924480,9560.000000,0,0
SAT_P1_S3,6918326.915414,0.000500,0.924456,9600.000000,0,0
SAT_P1_S3,6917919.127753,0.000540,0.924433,9640.000000,0,0
SAT_P1_S3,6917542.879312,0.000589,0.924413,9680.000000,0,0
SAT_P1_S3,6917200.854446,0.000645,0.924394,9720.000000,0,0
SAT_P1_S3,6916895.449817,0.000704,0.924377,9760.000000,0,0
SAT_P1_S3,6916628.819587,0.000764,0.924362,9800.000000,0,0
SAT_P1_S3,6916402.885775,0.000823,0.924350,9840.000000,0,0
SAT_P1_S3,6916219.326806,0.000881,0.924340,9880.000000,0,0
SAT_P1_S3,6916079.535252,0.000935,0.924332,9920.000000,0,0
SAT_P1_S3,6915984.595621,0.000987,0.924327,9960.000000,0,0
SAT_P1_S3,6915935.337864,0.001035,0.924324,10000.000000,0,0
SAT_P1_S3,6915932.302353,0.001078,0.924324,10040.000000,0,0
SAT_P1_S3,6915975.648960,0.001116,0.924327,10080.000000,0,0
SAT_P1_S3,6916065.198349,0.001150,0.924332,10120.000000,0,0
SAT_P1_S3,6916200.421336,0.001178,0.924339,10160.000000,0,0
SAT_P1_S3,6916380.406213,0.001201,0.924349,10200.000000,0,0
SAT_P1_S3,6916603.825148,0.001219,0.924361,10240.000000,0,0
SAT_P1_S3,6916868.960362,0.001231,0.924376,10280.000000,0,0
SAT_P1_S3,6917173.796174,0.001238,0.924392,10320.000000,0,0
SAT_P1_S3,6917515.911981,0.001240,0.924411,10360.000000,0,0
SAT_P1_S3,6917892.561132,0.001237,0.924431,10400.000000,0,0
SAT_P1_S3,6918300.724435,0.001228,0.924454,10440.000000,0,0
SAT_P1_S3,6918737.148013,0.001215,0.924478,10480.000000,0,0
SAT_P1_S3,6919198.354138,0.001196,0.924503,10520.000000,0,0
SAT_P1_S3,6919680.674524,0.001174,0.924529,10560.000000,0,0
SAT_P1_S3,6920180.360538,0.001147,0.924557,10600.000000,0,0
SAT_P1_S3,6920693.600486,0.001117,0.924585,10640.000000,0,0
SAT_P1_S3,6921216.475026,0.001083,0.924613,10680.000000,0,0
SAT_P1_S3,6921745.041854,0.001045,0.924642,10720.000000,0,0
SAT_P1_S3,6922275.359543,0.001004,0.924671,10760.000000,0,0
SAT_P1_S3,6922803.482476,0.000961,0.924700,10800.000000,0,0
SAT_P1_S3,6923325.448465,0.000914,0.924729,10840.000000,0,0
SAT_P1_S3,6923837.319251,0.000866,0.924757,10880.000000,0,0
SAT_P1_S3,6924335.279241,0.000815,0.924784,10920.000000,0,0
SAT_P1_S3,6924815.534775,0.000762,0.924811,10960.000000,0,0
SAT_P1_S3,6925274.391884,0.000708,0.924836,11000.000000,0,0
SAT_P1_S3,6925708.306814,0.000652,0.924860,11040.000000,0,0
SAT_P1_S3,6926113.918610,0.000595,0.924882,11080.000000,0,0
SAT_P1_S3,6926488.052567,0.000537,0.924903,11120.000000,0,0
SAT_P1_S3,6926827.744948,0.000478,0.924922,11160.000000,0,0
SAT_P1_S3,6927130.344055,0.000418,0.924938,11200.000000,0,0
SAT_P1_S3,6927393.517331,0.000358,0.924953,11240.000000,0,0
SAT_P1_S3,6927615.195859,0.000297,0.924965,11280.000000,0,0
SAT_P1_S3,6927793.648545,0.000236,0.924975,11320.000000,0,0
SAT_P1_S3,6927927.495265,0.000175,0.924983,11360.000000,0,0
SAT_P1_S3,6928015.690569,0.000116,0.924988,11400.000000,0,0
SAT_P1_S3,6928057.499514,0.000062,0.924990,11440.000000,0,0
SAT_P1_S3,6928052.525910,0.000048,0.924990,11480.000000,0,0
SAT_P1_S3,6928000.797789,0.000093,0.924988,11520.000000,0,0
SAT_P1_S3,6927902.648648,0.000152,0.924982,11560.000000,0,0
SAT_P1_S3,6927758.775233,0.000213,0.924975,11600.000000,0,0
SAT_P1_S3,6927570.262806,0.000275,0.924965,11640.000000,0,0
SAT_P1_S3,6927338.586512,0.000337,0.924952,11680.000000,0,0
SAT_P1_S3,6927065.577794,0.000398,0.924937,11720.000000,0,0
SAT_P1_S3,6926753.405798,0.000460,0.924920,11760.000000,0,0
SAT_P1_S3,6926404.627464,0.000521,0.924901,11800.000000,0,0
SAT_P1_S3,6926022.139712,0.000581,0.924880,11840.000000,0,0
SAT_P1_S3,6925609.067636,0.000640,0.924857,11880.000000,0,0
SAT_P1_S3,6925168.777664,0.000697,0.924833,11920.000000,0,0
SAT_P1_S3,6924704.832392,0.000754,0.924808,11960.000000,0,0
SAT_P1_S3,6924220.920002,0.000808,0.924781,12000.000000,0,0
SAT_P1_S3,6923720.780921,0.000861,0.924753,12040.000000,0,0
SAT_P1_S3,6923208.194037,0.000912,0.924725,12080.000000,0,0
SAT_P1_S3,6922687.030158,0.000960,0.924696,12120.000000,0,0
SAT_P1_S3,6922161.109482,0.001005,0.924667,12160.000000,0,0
SAT_P1_S3,6921634.244670,0.001047,0.924638,12200.000000,0,0
SAT_P1_S3,6921110.259277,0.001086,0.924609,12240.000000,0,0
SAT_P1_S3,6920592.988025,0.001122,0.924580,12280.000000,0,0
SAT_P1_S3,6920086.245771,0.001154,0.924552,12320.000000,0,0
SAT_P1_S3,6919593.813136,0.001181,0.924525,12360.000000,0,0
SAT_P1_S3,6919119.490849,0.001205,0.924499,12400.000000,0,0
SAT_P1_S3,6918667.053543,0.001224,0.924474,12440.000000,0,0
SAT_P1_S3,6918240.135985,0.001238,0.924450,12480.000000,0,0
SAT_P1_S3,6917842.241884,0.001247,0.924428,12520.000000,0,0
SAT_P1_S3,6917476.690144,0.001251,0.924408,12560.000000,0,0
SAT_P1_S3,6917146.534808,0.001249,0.924390,12600.000000,0,0
SAT_P1_S3,6916854.481943,0.001243,0.924374,12640.000000,0,0
SAT_P1_S3,6916602.866381,0.001230,0.924360,12680.000000,0,0
SAT_P1_S3,6916393.697788,0.001212,0.924348,12720.000000,0,0
SAT_P1_S3,6916228.519892,0.001189,0.924338,12760.000000,0,0
SAT_P1_S3,6916108.457695,0.001160,0.924332,12800.000000,0,0
SAT_P1_S3,6916034.248279,0.001126,0.924327,12840.000000,0,0
SAT_P1_S3,6916006.260868,0.001087,0.924325,12880.000000,0,0
SAT_P1_S3,6916024.491884,0.001044,0.924326,12920.000000,0,0
SAT_P1_S3,6916088.582901,0.000996,0.924329,12960.000000,0,0
SAT_P1_S3,6916197.914673,0.000944,0.924335,13000.000000,0,0
SAT_P1_S3,6916351.601687,0.000889,0.924343,13040.000000,0,0
SAT_P1_S3,6916548.428376,0.000832,0.924354,13080.000000,0,0
SAT_P1_S3,6916786.898150,0.000773,0.924367,13120.000000,0,0
SAT_P1_S3,6917065.230675,0.000714,0.924382,13160.000000,0,0
SAT_P1_S3,6917381.345401,0.000656,0.924399,13200.000000,0,0
SAT_P1_S3,6917732.825445,0.000602,0.924419,13240.000000,0,0
SAT_P1_S3,6918116.923345,0.000555,0.924440,13280.000000,0,0
SAT_P1_S3,6918530.660805,0.000518,0.924462,13320.000000,0,0
SAT_P1_S3,6918970.797747,0.000495,0.924487,13360.000000,0,0
SAT_P1_S3,6919433.852171,0.000489,0.924512,13400.000000,0,0
SAT_P1_S3,6919916.203552,0.000501,0.924539,13440.000000,0,0
SAT_P1_S3,6920414.159718,0.000532,0.924566,13480.000000,0,0
SAT_P1_S3,6920923.989517,0.000577,0.924595,13520.000000,0,0
SAT_P1_S3,6921441.952308,0.000634,0.924623,13560.000000,0,0
SAT_P1_S3,6921964.378113,0.000699,0.924652,13600.000000,0,0
SAT_P1_S3,6922487.746749,0.000769,0.924681,13640.000000,0,0
SAT_P1_S3,6923008.551772,0.000843,0.924710,13680.000000,0,0
SAT_P1_S3,6923523.360369,0.000918,0.924738,13720.000000,0,0
SAT_P1_S3,6924028.787624,0.000993,0.924766,13760.000000,0,0
SAT_P1_S3,6924521.452275,0.001067,0.924792,13800.000000,0,0
SAT_P1_S3,6924997.911217,0.001140,0.924818,13840.000000,0,0
SAT_P1_S3,6925454.637276,0.001210,0.924842,13880.000000,0,0
SAT_P1_S3,6925888.096158,0.001277,0.924865,13920.000000,0,0
SAT_P1_S3,6926294.700684,0.001340,0.924887,13960.000000,0,0
SAT_P1_S3,6926670.826826,0.001398,0.924906,14000.000000,0,0
SAT_P1_S3,6927012.926601,0.001451,0.924924,14040.000000,0,0
SAT_P1_S3,6927317.618909,0.001499,0.924939,14080.000000,0,0
SAT_P1_S3,6927581.756597,0.001540,0.924952,14120.000000,0,0
SAT_P1_S3,6927802.500080,0.001575,0.924963,14160.000000,0,0
SAT_P1_S3,6927977.452610,0.001602,0.924971,14200.000000,0,0
SAT_P1_S3,6928104.799740,0.001623,0.924977,14240.000000,0,0
SAT_P1_S3,6928183.213872,0.001636,0.924980,14280.000000,0,0
SAT_P1_S3,6928211.962872,0.001642,0.924981,14320.000000,0,0
SAT_P1_S3,6928190.911100,0.001640,0.924978,14360.000000,0,0
SAT_P1_S3,6928120.482619,0.001630,0.924974,14400.000000,0,0
SAT_P1_S3,6928001.582524,0.001613,0.924966,14440.000000,0,0
SAT_P1_S3,6927835.538367,0.001589,0.924957,14480.000000,0,0
SAT_P1_S3,6927624.111158,0.001558,0.924945,14520.000000,0,0
SAT_P1_S3,6927369.369352,0.001521,0.924930,14560.000000,0,0
SAT_P1_S3,6927073.608594,0.001477,0.924913,14600.000000,0,0
SAT_P1_S3,6926739.351026,0.001427,0.924895,14640.000000,0,0
SAT_P1_S3,6926369.322424,0.001371,0.924874,14680.000000,0,0
SAT_P1_S3,6925966.409279,0.001310,0.924851,14720.000000,0,0
SAT_P1_S3,6925533.630493,0.001245,0.924828,14760.000000,0,0
SAT_P1_S3,6925074.184883,0.001176,0.924802,14800.000000,0,0
SAT_P1_S3,6924591.524402,0.001103,0.924776,14840.000000,0,0
SAT_P1_S3,6924089.213371,0.001028,0.924748,14880.000000,0,0
SAT_P1_S3,6923571.011569,0.000951,0.924720,14920.000000,0,0
SAT_P1_S3,6923040.870089,0.000873,0.924691,14960.000000,0,0
SAT_P1_S3,6922502.903188,0.000796,0.924662,15000.000000,0,0
SAT_P1_S3,6921961.326643,0.000720,0.924633,15040.000000,0,0
SAT_P1_S3,6921420.420424,0.000650,0.924604,15080.000000,0,0
SAT_P1_S3,6920884.561546,0.000586,0.924575,15120.000000,0,0
SAT_P1_S3,6920358.105157,0.000533,0.924547,15160.000000,0,0
SAT_P1_S3,6919845.313797,0.000494,0.924519,15200.000000,0,0
SAT_P1_S3,6919350.329265,0.000473,0.924493,15240.000000,0,0
SAT_P1_S3,6918877.132085,0.000472,0.924467,15280.000000,0,0
SAT_P1_S3,6918429.485660,0.000489,0.924443,15320.000000,0,0
SAT_P1_S3,6918010.862339,0.000523,0.924420,15360.000000,0,0
SAT_P1_S3,6917624.411104,0.000568,0.924399,15400.000000,0,0
SAT_P1_S3,6917273.015712,0.000621,0.924380,15440.000000,0,0
SAT_P1_S3,6916959.208460,0.000679,0.924363,15480.000000,0,0
SAT_P1_S3,6916685.138090,0.000738,0.924348,15520.000000,0,0
SAT_P1_S3,6916452.614540,0.000798,0.924335,15560.000000,0,0
SAT_P1_S3,6916263.119502,0.000856,0.924324,15600.000000,0,0
SAT_P1_S3,6916117.791557,0.000912,0.924316,15640.000000,0,0
SAT_P1_S3,6916017.419577,0.000964,0.924311,15680.000000,0,0
SAT_P1_S3,6915962.502693,0.001013,0.924307,15720.000000,0,0
SAT_P1_S3,6915953.325367,0.001058,0.924307,15760.000000,0,0
SAT_P1_S3,6915989.833743,0.001098,0.924309,15800.000000,0,0
SAT_P1_S3,6916071.721585,0.001134,0.924313,15840.000000,0,0
SAT_P1_S3,6916198.435357,0.001164,0.924320,15880.000000,0,0
SAT_P1_S3,6916369.158969,0.001189,0.924329,15920.000000,0,0
SAT_P1_S3,6916582.770669,0.001210,0.924341,15960.000000,0,0
SAT_P1_S3,6916837.829905,0.001225,0.924355,16000.000000,0,0
SAT_P1_S3,6917132.640066,0.001234,0.924371,16040.000000,0,0
SAT_P1_S3,6917465.168705,0.001239,0.924389,16080.000000,0,0
SAT_P1_S3,6917833.018704,0.001238,0.924409,16120.000000,0,0
SAT_P1_S3,6918233.472898,0.001232,0.924431,16160.000000,0,0
SAT_P1_S3,6918663.512656,0.001221,0.924454,16200.000000,0,0
SAT_P1_S3,6919119.817071,0.001206,0.924479,16240.000000,0,0
SAT_P1_S3,6919598.777383,0.001186,0.924505,16280.000000,0,0
SAT_P1_S3,6920096.586521,0.001162,0.924532,16320.000000,0,0
SAT_P1_S3,6920609.352339,0.001133,0.924560,16360.000000,0,0
SAT_P1_S3,6921133.012169,0.001101,0.924588,16400.000000,0,0
SAT_P1_S3,6921663.464338,0.001065,0.924617,16440.000000,0,0
SAT_P1_S3,6922196.617441,0.001026,0.924646,16480.000000,0,0
SAT_P1_S3,6922728.416567,0.000984,0.924674,16520.000000,0,0
SAT_P1_S3,6923254.837885,0.000939,0.924703,16560.000000,0,0
SAT_P1_S3,6923771.908579,0.000891,0.924731,16600.000000,0,0
SAT_P1_S3,6924275.795914,0.000842,0.924758,16640.000000,0,0
SAT_P1_S3,6924762.747667,0.000790,0.924785,16680.000000,0,0
SAT_P1_S3,6925229.078446,0.000736,0.924810,16720.000000,0,0
SAT_P1_S3,6925671.223878,0.000681,0.924834,16760.000000,0,0
SAT_P1_S3,6926085.764894,0.000624,0.924857,16800.000000,0,0
SAT_P1_S3,6926469.428937,0.000566,0.924878,16840.000000,0,0
SAT_P1_S3,6926819.103380,0.000507,0.924897,16880.000000,0,0
SAT_P1_S3,6927131.921349,0.000447,0.924914,16920.000000,0,0
SAT_P1_S3,6927405.368252,0.000386,0.924929,16960.000000,0,0
SAT_P1_S3,6927637.186088,0.000325,0.924941,17000.000000,0,0
SAT_P1_S3,6927825.491261,0.000263,0.924952,17040.000000,0,0
SAT_P1_S3,6927968.806252,0.000201,0.924959,17080.000000,0,0
SAT_P1_S3,6928066.063783,0.000139,0.924965,17120.000000,0,0
SAT_P1_S3,6928116.575502,0.000080,0.924968,17160.000000,0,0
SAT_P1_S3,6928120.022691,0.000039,0.924968,17200.000000,0,0
SAT_P1_S3,6928076.512702,0.000069,0.924966,17240.000000,0,0
SAT_P1_S3,6927986.485810,0.000128,0.924961,17280.000000,0,0
SAT_P1_S3,6927850.667454,0.000190,0.924954,17320.000000,0,0
SAT_P1_S3,6927670.088137,0.000253,0.924944,17360.000000,0,0
SAT_P1_S3,6927446.075409,0.000316,0.924932,17400.000000,0,0
SAT_P1_S3,6927180.224458,0.000379,0.924918,17440.000000,0,0
SAT_P1_S3,6926874.382302,0.000442,0.924901,17480.000000,0,0
SAT_P1_S3,6926530.705946,0.000504,0.924883,17520.000000,0,0
SAT_P1_S3,6926151.742301,0.000565,0.924862,17560.000000,0,0
SAT_P1_S3,6925740.302762,0.000626,0.924840,17600.000000,0,0
SAT_P1_S3,6925299.550897,0.000685,0.924817,17640.000000,0,0
SAT_P1_S3,6924832.999093,0.000743,0.924792,17680.000000,0,0
SAT_P1_S3,6924344.473269,0.000799,0.924766,17720.000000,0,0
SAT_P1_S3,6923838.037658,0.000854,0.924739,17760.000000,0,0
SAT_P1_S3,6923317.936470,0.000906,0.924711,17800.000000,0,0
SAT_P1_S3,6922788.595111,0.000955,0.924682,17840.000000,0,0
SAT_P1_S3,6922254.473336,0.001002,0.924654,17880.000000,0,0
SAT_P1_S3,6921719.963693,0.001046,0.924625,17920.000000,0,0
SAT_P1_S3,6921189.358294,0.001086,0.924596,17960.000000,0,0
SAT_P1_S3,6920666.795590,0.001122,0.924567,18000.000000,0,0
SAT_P1_S3,6920156.194710,0.001155,0.924539,18040.000000,0,0
SAT_P1_S3,6919661.213240,0.001183,0.924512,18080.000000,0,0
SAT_P1_S3,6919185.291581,0.001207,0.924486,18120.000000,0,0
SAT_P1_S3,6918731.734013,0.001227,0.924461,18160.000000,0,0
SAT_P1_S3,6918303.592897,0.001241,0.924437,18200.000000,0,0
SAT_P1_S3,6917903.780167,0.001251,0.924415,18240.000000,0,0
SAT_P1_S3,6917535.095220,0.001256,0.924394,18280.000000,0,0
SAT_P1_S3,6917200.226033,0.001256,0.924375,18320.000000,0,0
SAT_P1_S3,6916901.712427,0.001250,0.924359,18360.000000,0,0
SAT_P1_S3,6916641.925734,0.001239,0.924344,18400.000000,0,0
SAT_P1_S3,6916423.104802,0.001222,0.924332,18440.000000,0,0
SAT_P1_S3,6916247.236173,0.001200,0.924322,18480.000000,0,0
SAT_P1_S3,6916115.973321,0.001173,0.924315,18520.000000,0,0
SAT_P1_S3,6916030.617172,0.001140,0.924310,18560.000000,0,0
SAT_P1_S3,6915992.069243,0.001102,0.924308,18600.000000,0,0
SAT_P1_S3,6916000.768699,0.001059,0.924308,18640.000000,0,0
SAT_P1_S3,6916056.650700,0.001012,0.924311,18680.000000,0,0
SAT_P1_S3,6916159.190346,0.000960,0.924316,18720.000000,0,0
SAT_P1_S3,6916307.485069,0.000905,0.924324,18760.000000,0,0
SAT_P1_S3,6916500.154443,0.000847,0.924334,18800.000000,0,0
SAT_P1_S3,6916735.466338,0.000788,0.924346,18840.000000,0,0
SAT_P1_S3,6917011.383307,0.000728,0.924361,18880.000000,0,0
SAT_P1_S3,6917325.614947,0.000669,0.924378,18920.000000,0,0
SAT_P1_S3,6917675.624831,0.000614,0.924397,18960.000000,0,0
SAT_P1_S3,6918058.644014,0.000565,0.924418,19000.000000,0,0
SAT_P1_S3,6918471.745971,0.000526,0.924440,19040.000000,0,0
SAT_P1_S3,6918911.858389,0.000500,0.924464,19080.000000,0,0
SAT_P1_S3,6919375.665704,0.000491,0.924489,19120.000000,0,0
SAT_P1_S3,6919859.671160,0.000501,0.924516,19160.000000,0,0
SAT_P1_S3,6920360.202522,0.000529,0.924543,19200.000000,0,0
SAT_P1_S3,6920873.404926,0.000572,0.924571,19240.000000,0,0
SAT_P1_S3,6921395.232915,0.000628,0.924599,19280.000000,0,0
SAT_P1_S3,6921921.503987,0.000693,0.924628,19320.000000,0,0
SAT_P1_S3,6922448.040001,0.000763,0.924657,19360.000000,0,0
SAT_P1_S3,6922970.613686,0.000836,0.924686,19400.000000,0,0
SAT_P1_S3,6923485.045765,0.000911,0.924714,19440.000000,0,0
SAT_P1_S3,6923987.301186,0.000986,0.924742,19480.000000,0,0
SAT_P1_S3,6924473.549192,0.001060,0.924769,19520.000000,0,0
SAT_P1_S3,6924940.179637,0.001132,0.924795,19560.000000,0,0
SAT_P1_S3,6925383.821071,0.001200,0.924819,19600.000000,0,0
SAT_P1_S3,6925801.414858,0.001265,0.924842,19640.000000,0,0
SAT_P1_S3,6926190.217582,0.001326,0.924864,19680.000000,0,0
SAT_P1_S3,6926547.684975,0.001381,0.924884,19720.000000,0,0
SAT_P1_S3,6926871.508932,0.001432,0.924901,19760.000000,0,0
SAT_P1_S3,6927159.589663,0.001477,0.924917,19800.000000,0,0
SAT_P1_S3,6927409.988811,0.001517,0.924930,19840.000000,0,0
SAT_P1_S3,6927620.878372,0.001550,0.924941,19880.000000,0,0
SAT_P1_S3,6927790.550985,0.001578,0.924949,19920.000000,0,0
SAT_P1_S3,6927917.520703,0.001598,0.924955,19960.000000,0,0
SAT_P1_S3,6928000.436726,0.001612,0.924958,20000.000000,0,0
SAT_P1_S3,6928038.156573,0.001619,0.924958,20040.000000,0,0
SAT_P1_S3,6928029.830673,0.001619,0.924956,20080.000000,0,0
SAT_P1_S3,6927974.963736,0.001611,0.924952,20120.000000,0,0
SAT_P1_S3,6927873.442042,0.001597,0.924944,20160.000000,0,0
SAT_P1_S3,6927725.571036,0.001575,0.924934,20200.000000,0,0
SAT_P1_S3,6927532.177999,0.001547,0.924922,20240.000000,0,0
SAT_P1_S3,6927294.641197,0.001512,0.924908,20280.000000,0,0
SAT_P1_S3,6927014.785803,0.001470,0.924891,20320.000000,0,0
SAT_P1_S3,6926694.932908,0.001422,0.924872,20360.000000,0,0
SAT_P1_S3,6926337.860551,0.001368,0.924851,20400.000000,0,0
SAT_P1_S3,6925946.727211,0.001309,0.924829,20440.000000,0,0
SAT_P1_S3,6925524.972342,0.001245,0.924805,20480.000000,0,0
SAT_P1_S3,6925076.257047,0.001177,0.924779,20520.000000,0,0
SAT_P1_S3,6924604.470997,0.001106,0.924752,20560.000000,0,0
SAT_P1_S3,6924113.555606,0.001032,0.924725,20600.000000,0,0
SAT_P1_S3,6923607.472368,0.000956,0.924696,20640.000000,0,0
SAT_P1_S3,6923090.184177,0.000880,0.924667,20680.000000,0,0
SAT_P1_S3,6922565.626500,0.000805,0.924637,20720.000000,0,0
SAT_P1_S3,6922037.660007,0.000732,0.924607,20760.000000,0,0
SAT_P1_S3,6921510.051792,0.000663,0.924577,20800.000000,0,0
SAT_P1_S3,6920986.546573,0.000600,0.924548,20840.000000,0,0
SAT_P1_S3,6920470.888720,0.000548,0.924519,20880.000000,0,0
SAT_P1_S3,6919966.732341,0.000508,0.924490,20920.000000,0,0
SAT_P1_S3,6919477.717382,0.000485,0.924463,20960.000000,0,0
SAT_P1_S3,6919007.464030,0.000481,0.924437,21000.000000,0,0
SAT_P1_S3,6918559.566453,0.000495,0.924412,21040.000000,0,0
SAT_P1_S3,6918137.537611,0.000525,0.924389,21080.000000,0,0
SAT_P1_S3,6917744.759374,0.000568,0.924367,21120.000000,0,0
SAT_P1_S3,6917384.494903,0.000620,0.924348,21160.000000,0,0
SAT_P1_S3,6917059.842197,0.000676,0.924330,21200.000000,0,0
SAT_P1_S3,6916773.582992,0.000735,0.924314,21240.000000,0,0
SAT_P1_S3,6916528.191131,0.000795,0.924301,21280.000000,0,0
SAT_P1_S3,6916325.787141,0.000853,0.924290,21320.000000,0,0
SAT_P1_S3,6916168.080224,0.000910,0.924281,21360.000000,0,0
SAT_P1_S3,6916056.309427,0.000963,0.924275,21400.000000,0,0
SAT_P1_S3,6915991.245655,0.001013,0.924272,21440.000000,0,0
SAT_P1_S3,6915973.280844,0.001059,0.924270,21480.000000,0,0
SAT_P1_S3,6916002.328911,0.001100,0.924272,21520.000000,0,0
SAT_P1_S3,6916077.880866,0.001136,0.924276,21560.000000,0,0
SAT_P1_S3,6916199.066445,0.001167,0.924282,21600.000000,0,0
SAT_P1_S3,6916364.691891,0.001193,0.924291,21640.000000,0,0
SAT_P1_S3,6916573.246758,0.001214,0.924302,21680.000000,0,0
SAT_P1_S3,6916822.924189,0.001229,0.924316,21720.000000,0,0
SAT_P1_S3,6917111.710213,0.001239,0.924331,21760.000000,0,0
SAT_P1_S3,6917437.412902,0.001244,0.924349,21800.000000,0,0
SAT_P1_S3,6917797.577259,0.001244,0.924369,21840.000000,0,0
SAT_P1_S3,6918189.559631,0.001239,0.924390,21880.000000,0,0
SAT_P1_S3,6918610.533950,0.001229,0.924413,21920.000000,0,0
SAT_P1_S3,6919057.475276,0.001215,0.924438,21960.000000,0,0
SAT_P1_S3,6919527.132635,0.001195,0.924464,22000.000000,0,0
SAT_P1_S3,6920016.051619,0.001172,0.924490,22040.000000,0,0
SAT_P1_S3,6920520.671316,0.001145,0.924518,22080.000000,0,0
SAT_P1_S3,6921037.235068,0.001113,0.924546,22120.000000,0,0
SAT_P1_S3,6921561.845858,0.001078,0.924575,22160.000000,0,0
SAT_P1_S3,6922090.526800,0.001040,0.924603,22200.000000,0,0
SAT_P1_S3,6922619.259362,0.000998,0.924632,22240.000000,0,0
SAT_P1_S3,6923143.992025,0.000954,0.924661,22280.000000,0,0
SAT_P1_S3,6923660.665013,0.000907,0.924689,22320.000000,0,0
SAT_P1_S3,6924165.308178,0.000857,0.924716,22360.000000,0,0
SAT_P1_S3,6924654.082214,0.000806,0.924742,22400.000000,0,0
SAT_P1_S3,6925123.206979,0.000752,0.924768,22440.000000,0,0
SAT_P1_S3,6925569.053395,0.000697,0.924792,22480.000000,0,0
SAT_P1_S3,6925988.168184,0.000640,0.924814,22520.000000,0,0
SAT_P1_S3,6926377.275580,0.000582,0.924835,22560.000000,0,0
SAT_P1_S3,6926733.267657,0.000523,0.924854,22600.000000,0,0
SAT_P1_S3,6927053.243697,0.000463,0.924871,22640.000000,0,0
SAT_P1_S3,6927334.622402,0.000402,0.924886,22680.000000,0,0
SAT_P1_S3,6927575.061590,0.000341,0.924898,22720.000000,0,0
SAT_P1_S3,6927772.520539,0.000279,0.924909,22760.000000,0,0
SAT_P1_S3,6927925.322293,0.000217,0.924917,22800.000000,0,0
SAT_P1_S3,6928032.187140,0.000157,0.924922,22840.000000,0,0
SAT_P1_S3,6928092.229953,0.000099,0.924925,22880.000000,0,0
SAT_P1_S3,6928104.966510,0.000057,0.924925,22920.000000,0,0
SAT_P1_S3,6928070.383934,0.000071,0.924923,22960.000000,0,0
SAT_P1_S3,6927988.945877,0.000123,0.924918,23000.000000,0,0
SAT_P1_S3,6927861.478691,0.000183,0.924911,23040.000000,0,0
SAT_P1_S3,6927689.210942,0.000245,0.924901,23080.000000,0,0
SAT_P1_S3,6927473.740213,0.000308,0.924889,23120.000000,0,0
SAT_P1_S3,6927216.972759,0.000370,0.924875,23160.000000,0,0
SAT_P1_S3,6926921.049570,0.000433,0.924858,23200.000000,0,0
SAT_P1_S3,6926588.320963,0.000495,0.924840,23240.000000,0,0
SAT_P1_S3,6926221.395875,0.000556,0.924819,23280.000000,0,0
SAT_P1_S3,6925823.008304,0.000617,0.924797,23320.000000,0,0
SAT_P1_S3,6925396.031438,0.000676,0.924773,23360.000000,0,0
SAT_P1_S3,6924943.501863,0.000734,0.924748,23400.000000,0,0
SAT_P1_S3,6924468.626267,0.000791,0.924722,23440.000000,0,0
SAT_P1_S3,6923974.761292,0.000846,0.924694,23480.000000,0,0
SAT_P1_S3,6923465.410625,0.000899,0.924666,23520.000000,0,0
SAT_P1_S3,6922944.295373,0.000949,0.924637,23560.000000,0,0
SAT_P1_S3,6922415.362760,0.000997,0.924608,23600.000000,0,0
SAT_P1_S3,6921882.670760,0.001042,0.924578,23640.000000,0,0
SAT_P1_S3,6921350.430448,0.001084,0.924549,23680.000000,0,0
SAT_P1_S3,6920822.965780,0.001122,0.924520,23720.000000,0,0
SAT_P1_S3,6920304.639486,0.001157,0.924492,23760.000000,0,0
SAT_P1_S3,6919799.757908,0.001187,0.924465,23800.000000,0,0
SAT_P1_S3,6919312.515067,0.001213,0.924438,23840.000000,0,0
SAT_P1_S3,6918847.000412,0.001235,0.924413,23880.000000,0,0
SAT_P1_S3,6918407.028606,0.001251,0.924389,23920.000000,0,0
SAT_P1_S3,6917996.111227,0.001262,0.924366,23960.000000,0,0
SAT_P1_S3,6917617.441922,0.001268,0.924345,24000.000000,0,0
SAT_P1_S3,6917273.874104,0.001269,0.924326,24040.000000,0,0
SAT_P1_S3,6916967.882850,0.001264,0.924309,24080.000000,0,0
SAT_P1_S3,6916701.556573,0.001254,0.924295,24120.000000,0,0
SAT_P1_S3,6916476.678709,0.001238,0.924282,24160.000000,0,0
SAT_P1_S3,6916294.763717,0.001217,0.924272,24200.000000,0,0
SAT_P1_S3,6916156.977458,0.001191,0.924264,24240.000000,0,0
SAT_P1_S3,6916064.230706,0.001159,0.924259,24280.000000,0,0
SAT_P1_S3,6916017.194609,0.001122,0.924256,24320.000000,0,0
SAT_P1_S3,6916016.283662,0.001080,0.924255,24360.000000,0,0
SAT_P1_S3,6916061.616115,0.001033,0.924258,24400.000000,0,0
SAT_P1_S3,6916153.009311,0.000983,0.924262,24440.000000,0,0
SAT_P1_S3,6916290.030610,0.000928,0.924270,24480.000000,0,0
SAT_P1_S3,6916471.858414,0.000871,0.924279,24520.000000,0,0
SAT_P1_S3,6916697.286946,0.000812,0.924291,24560.000000,0,0
SAT_P1_S3,6916964.714714,0.000752,0.924306,24600.000000,0,0
SAT_P1_S3,6917272.149100,0.000692,0.924322,24640.000000,0,0
SAT_P1_S3,6917617.188020,0.000636,0.924341,24680.000000,0,0
SAT_P1_S3,6917997.015861,0.000584,0.924361,24720.000000,0,0
SAT_P1_S3,6918408.475688,0.000542,0.924383,24760.000000,0,0
SAT_P1_S3,6918848.195866,0.000513,0.924407,24800.000000,0,0
SAT_P1_S3,6919312.506785,0.000500,0.924432,24840.000000,0,0
SAT_P1_S3,6919797.575797,0.000506,0.924458,24880.000000,0,0
SAT_P1_S3,6920299.477379,0.000530,0.924485,24920.000000,0,0
SAT_P1_S3,6920814.239094,0.000571,0.924513,24960.000000,0,0
SAT_P1_S3,6921337.850756,0.000625,0.924542,25000.000000,0,0
SAT_P1_S3,6921866.290751,0.000688,0.924571,25040.000000,0,0
SAT_P1_S3,6922395.617567,0.000757,0.924599,25080.000000,0,0
SAT_P1_S3,6922921.927724,0.000830,0.924628,25120.000000,0,0
SAT_P1_S3,6923441.309377,0.000906,0.924657,25160.000000,0,0
SAT_P1_S3,6923949.887903,0.000981,0.924684,25200.000000,0,0
SAT_P1_S3,6924443.831217,0.001056,0.924711,25240.000000,0,0
SAT_P1_S3,6924919.333740,0.001129,0.924737,25280.000000,0,0
SAT_P1_S3,6925372.611259,0.001199,0.924762,25320.000000,0,0
SAT_P1_S3,6925799.971266,0.001265,0.924785,25360.000000,0,0
SAT_P1_S3,6926197.938613,0.001327,0.924807,25400.000000,0,0
SAT_P1_S3,6926563.174058,0.001384,0.924827,25440.000000,0,0
SAT_P1_S3,6926892.613309,0.001436,0.924845,25480.000000,0,0
SAT_P1_S3,6927183.544499,0.001482,0.924861,25520.000000,0,0
SAT_P1_S3,6927433.660280,0.001522,0.924875,25560.000000,0,0
SAT_P1_S3,6927641.069513,0.001556,0.924887,25600.000000,0,0
SAT_P1_S3,6927804.321108,0.001582,0.924897,25640.000000,0,0
SAT_P1_S3,6927922.485562,0.001602,0.924904,25680.000000,0,0
SAT_P1_S3,6927995.088043,0.001615,0.924909,25720.000000,0,0
SAT_P1_S3,6928022.024709,0.001620,0.924911,25760.000000,0,0
SAT_P1_S3,6928003.559890,0.001619,0.924911,25800.000000,0,0
SAT_P1_S3,6927940.270112,0.001611,0.924908,25840.000000,0,0
SAT_P1_S3,6927832.959849,0.001596,0.924903,25880.000000,0,0
SAT_P1_S3,6927682.584714,0.001574,0.924895,25920.000000,0,0
SAT_P1_S3,6927490.250161,0.001546,0.924885,25960.000000,0,0
SAT_P1_S3,6927257.270748,0.001511,0.924872,26000.000000,0,0
SAT_P1_S3,6926985.039736,0.001471,0.924858,26040.000000,0,0
SAT_P1_S3,6926675.127255,0.001424,0.924841,26080.000000,0,0
SAT_P1_S3,6926329.336661,0.001372,0.924822,26120.000000,0,0
SAT_P1_S3,6925949.751687,0.001314,0.924801,26160.000000,0,0
SAT_P1_S3,6925538.755591,0.001252,0.924778,26200.000000,0,0
SAT_P1_S3,6925099.072862,0.001186,0.924754,26240.000000,0,0
SAT_P1_S3,6924633.879059,0.001115,0.924729,26280.000000,0,0
SAT_P1_S3,6924146.754594,0.001042,0.924702,26320.000000,0,0
SAT_P1_S3,6923641.612348,0.000967,0.924674,26360.000000,0,0
SAT_P1_S3,6923122.700508,0.000890,0.924646,26400.000000,0,0
SAT_P1_S3,6922594.529308,0.000814,0.924617,26440.000000,0,0
SAT_P1_S3,6922061.752710,0.000740,0.924588,26480.000000,0,0
SAT_P1_S3,6921529.040389,0.000671,0.924558,26520.000000,0,0
SAT_P1_S3,6921001.004795,0.000608,0.924529,26560.000000,0,0
SAT_P1_S3,6920482.169847,0.000555,0.924500,26600.000000,0,0
SAT_P1_S3,6919976.765106,0.000515,0.924472,26640.000000,0,0
SAT_P1_S3,6919488.738284,0.000492,0.924445,26680.000000,0,0
SAT_P1_S3,6919021.711810,0.000488,0.924418,26720.000000,0,0
SAT_P1_S3,6918578.994715,0.000502,0.924393,26760.000000,0,0
SAT_P1_S3,6918163.571178,0.000532,0.924369,26800.000000,0,0
SAT_P1_S3,6917778.102362,0.000574,0.924347,26840.000000,0,0
SAT_P1_S3,6917424.999236,0.000625,0.924327,26880.000000,0,0
SAT_P1_S3,6917106.540876,0.000680,0.924309,26920.000000,0,0
SAT_P1_S3,6916824.759575,0.000738,0.924293,26960.000000,0,0
SAT_P1_S3,6916581.535411,0.000797,0.924279,27000.000000,0,0
SAT_P1_S3,6916378.610291,0.000855,0.924267,27040.000000,0,0
SAT_P1_S3,6916217.570129,0.000911,0.924258,27080.000000,0,0
SAT_P1_S3,6916099.787237,0.000965,0.924251,27120.000000,0,0
SAT_P1_S3,6916026.378855,0.001015,0.924247,27160.000000,0,0
SAT_P1_S3,6915998.233401,0.001062,0.924245,27200.000000,0,0
SAT_P1_S3,6916015.922361,0.001104,0.924246,27240.000000,0,0
SAT_P1_S3,6916079.612998,0.001141,0.924250,27280.000000,0,0
SAT_P1_S3,6916189.083277,0.001173,0.924256,27320.000000,0,0
SAT_P1_S3,6916343.707483,0.001201,0.924264,27360.000000,0,0
SAT_P1_S3,6916542.425951,0.001223,0.924275,27400.000000,0,0
SAT_P1_S3,6916783.727009,0.001239,0.924288,27440.000000,0,0
SAT_P1_S3,6917065.701631,0.001251,0.924303,27480.000000,0,0
SAT_P1_S3,6917386.151510,0.001257,0.924321,27520.000000,0,0
SAT_P1_S3,6917742.487309,0.001258,0.924340,27560.000000,0,0
SAT_P1_S3,6918131.840901,0.001253,0.924361,27600.000000,0,0
SAT_P1_S3,6918551.117450,0.001244,0.924384,27640.000000,0,0
SAT_P1_S3,6918997.028576,0.001230,0.924408,27680.000000,0,0
SAT_P1_S3,6919466.095056,0.001211,0.924433,27720.000000,0,0
SAT_P1_S3,6919954.672895,0.001188,0.924460,27760.000000,0,0
SAT_P1_S3,6920459.053202,0.001160,0.924488,27800.000000,0,0
SAT_P1_S3,6920975.440194,0.001129,0.924516,27840.000000,0,0
SAT_P1_S3,6921499.922421,0.001094,0.924545,27880.000000,0,0
SAT_P1_S3,6922028.542255,0.001056,0.924574,27920.000000,0,0
SAT_P1_S3,6922557.320808,0.001014,0.924603,27960.000000,0,0
SAT_P1_S3,6923082.256055,0.000970,0.924632,28000.000000,0,0
SAT_P1_S3,6923599.323068,0.000922,0.924661,28040.000000,0,0
SAT_P1_S3,6924104.536194,0.000873,0.924689,28080.000000,0,0
SAT_P1_S3,6924594.054354,0.000821,0.924716,28120.000000,0,0
SAT_P1_S3,6925064.080117,0.000767,0.924742,28160.000000,0,0
SAT_P1_S3,6925510.962767,0.000711,0.924767,28200.000000,0,0
SAT_P1_S3,6925931.244049,0.000654,0.924791,28240.000000,0,0
SAT_P1_S3,6926321.685711,0.000596,0.924812,28280.000000,0,0
SAT_P1_S3,6926679.267392,0.000536,0.924833,28320.000000,0,0
SAT_P1_S3,6927001.209077,0.000476,0.924851,28360.000000,0,0
SAT_P1_S3,6927285.069054,0.000415,0.924867,28400.000000,0,0
SAT_P1_S3,6927528.717305,0.000353,0.924881,28440.000000,0,0
SAT_P1_S3,6927730.298937,0.000291,0.924892,28480.000000,0,0
SAT_P1_S3,6927888.294104,0.000230,0.924901,28520.000000,0,0
SAT_P1_S3,6928001.527394,0.000169,0.924908,28560.000000,0,0
SAT_P1_S3,6928069.145469,0.000113,0.924912,28600.000000,0,0
SAT_P1_S3,6928090.592415,0.000073,0.924913,28640.000000,0,0
SAT_P1_S3,6928065.642775,0.000080,0.924912,28680.000000,0,0
SAT_P1_S3,6927994.473843,0.000126,0.924908,28720.000000,0,0
SAT_P1_S3,6927877.533025,0.000184,0.924902,28760.000000,0,0
SAT_P1_S3,6927715.606677,0.000246,0.924893,28800.000000,0,0
SAT_P1_S3,6927509.833666,0.000309,0.924881,28840.000000,0,0
SAT_P1_S3,6927261.702601,0.000372,0.924868,28880.000000,0,0
SAT_P1_S3,6926973.020805,0.000435,0.924852,28920.000000,0,0
SAT_P1_S3,6926645.908955,0.000498,0.924834,28960.000000,0,0
SAT_P1_S3,6926282.872591,0.000561,0.924814,29000.000000,0,0
SAT_P1_S3,6925886.747080,0.000622,0.924793,29040.000000,0,0
SAT_P1_S3,6925460.629478,0.000682,0.924770,29080.000000,0,0
SAT_P1_S3,6925007.904686,0.000741,0.924745,29120.000000,0,0
SAT_P1_S3,6924532.215355,0.000798,0.924719,29160.000000,0,0
SAT_P1_S3,6924037.396246,0.000854,0.924692,29200.000000,0,0
SAT_P1_S3,6923527.402716,0.000907,0.924664,29240.000000,0,0
SAT_P1_S3,6923006.293021,0.000958,0.924635,29280.000000,0,0
SAT_P1_S3,6922478.247427,0.001006,0.924606,29320.000000,0,0
SAT_P1_S3,6921947.390411,0.001051,0.924577,29360.000000,0,0
SAT_P1_S3,6921417.812775,0.001092,0.924548,29400.000000,0,0
SAT_P1_S3,6920893.547098,0.001131,0.924519,29440.000000,0,0
SAT_P1_S3,6920378.536238,0.001165,0.924490,29480.000000,0,0
SAT_P1_S3,6919876.582926,0.001195,0.924462,29520.000000,0,0
SAT_P1_S3,6919391.334510,0.001221,0.924435,29560.000000,0,0
SAT_P1_S3,6918926.356295,0.001243,0.924410,29600.000000,0,0
SAT_P1_S3,6918485.085415,0.001259,0.924385,29640.000000,0,0
SAT_P1_S3,6918070.776161,0.001271,0.924362,29680.000000,0,0
SAT_P1_S3,6917686.546369,0.001278,0.924341,29720.000000,0,0
SAT_P1_S3,6917335.366972,0.001279,0.924321,29760.000000,0,0
SAT_P1_S3,6917020.015342,0.001275,0.924304,29800.000000,0,0
SAT_P1_S3,6916743.020653,0.001266,0.924289,29840.000000,0,0
SAT_P1_S3,6916506.659282,0.001251,0.924276,29880.000000,0,0
SAT_P1_S3,6916312.982314,0.001231,0.924265,29920.000000,0,0
SAT_P1_S3,6916163.646122,0.001205,0.924256,29960.000000,0,0
SAT_P1_S3,6916059.939537,0.001173,0.924251,30000.000000,0,0
SAT_P1_S3,6916002.765462,0.001137,0.924247,30040.000000,0,0
SAT_P1_S3,6915992.618748,0.001095,0.924246,30080.000000,0,0
SAT_P1_S3,6916029.549529,0.001049,0.924248,30120.000000,0,0
SAT_P1_S3,6916113.167149,0.000999,0.924252,30160.000000,0,0
SAT_P1_S3,6916242.740261,0.000945,0.924259,30200.000000,0,0
SAT_P1_S3,6916417.181532,0.000888,0.924268,30240.000000,0,0
SAT_P1_S3,6916635.037485,0.000829,0.924280,30280.000000,0,0
SAT_P1_S3,6916894.565906,0.000769,0.924294,30320.000000,0,0
SAT_P1_S3,6917193.775645,0.000710,0.924310,30360.000000,0,0
SAT_P1_S3,6917530.434107,0.000653,0.924328,30400.000000,0,0
SAT_P1_S3,6917902.049463,0.000601,0.924348,30440.000000,0,0
SAT_P1_S3,6918305.885102,0.000558,0.924370,30480.000000,0,0
SAT_P1_S3,6918739.037404,0.000527,0.924393,30520.000000,0,0
SAT_P1_S3,6919198.333851,0.000512,0.924418,30560.000000,0,0
SAT_P1_S3,6919680.334996,0.000514,0.924444,30600.000000,0,0
SAT_P1_S3,6920181.365613,0.000536,0.924471,30640.000000,0,0
SAT_P1_S3,6920697.527760,0.000574,0.924499,30680.000000,0,0
SAT_P1_S3,6921224.695807,0.000627,0.924527,30720.000000,0,0
SAT_P1_S3,6921758.538008,0.000689,0.924556,30760.000000,0,0
SAT_P1_S3,6922294.628635,0.000758,0.924585,30800.000000,0,0
SAT_P1_S3,6922828.550916,0.000832,0.924614,30840.000000,0,0
SAT_P1_S3,6923355.848236,0.000908,0.924643,30880.000000,0,0
SAT_P1_S3,6923872.181051,0.000984,0.924671,30920.000000,0,0
SAT_P1_S3,6924373.401219,0.001060,0.924698,30960.000000,0,0
SAT_P1_S3,6924855.594703,0.001134,0.924724,31000.000000,0,0
SAT_P1_S3,6925315.091902,0.001204,0.924750,31040.000000,0,0
SAT_P1_S3,6925748.501941,0.001272,0.924774,31080.000000,0,0
SAT_P1_S3,6926152.798723,0.001335,0.924796,31120.000000,0,0
SAT_P1_S3,6926525.212667,0.001393,0.924817,31160.000000,0,0
SAT_P1_S3,6926863.216289,0.001446,0.924835,31200.000000,0,0
SAT_P1_S3,6927164.527707,0.001493,0.924852,31240.000000,0,0
SAT_P1_S3,6927427.087506,0.001535,0.924867,31280.000000,0,0
SAT_P1_S3,6927649.012300,0.001570,0.924880,31320.000000,0,0
SAT_P1_S3,6927828.572588,0.001599,0.924890,31360.000000,0,0
SAT_P1_S3,6927964.261890,0.001621,0.924898,31400.000000,0,0
SAT_P1_S3,6928054.860654,0.001636,0.924903,31440.000000,0,0
SAT_P1_S3,6928099.355438,0.001644,0.924906,31480.000000,0,0
SAT_P1_S3,6928097.068874,0.001645,0.924907,31520.000000,0,0
SAT_P1_S3,6928047.715741,0.001639,0.924905,31560.000000,0,0
SAT_P1_S3,6927951.432045,0.001625,0.924900,31600.000000,0,0
SAT_P1_S3,6927808.774689,0.001604,0.924893,31640.000000,0,0
SAT_P1_S3,6927620.747455,0.001577,0.924884,31680.000000,0,0
SAT_P1_S3,6927388.880301,0.001542,0.924872,31720.000000,0,0
SAT_P1_S3,6927115.103531,0.001501,0.924858,31760.000000,0,0
SAT_P1_S3,6926801.713317,0.001454,0.924843,31800.000000,0,0
SAT_P1_S3,6926451.347874,0.001401,0.924825,31840.000000,0,0
SAT_P1_S3,6926066.927577,0.001343,0.924805,31880.000000,0,0
SAT_P1_S3,6925651.565791,0.001280,0.924783,31920.000000,0,0
SAT_P1_S3,6925208.498711,0.001213,0.924760,31960.000000,0,0
SAT_P1_S3,6924741.101063,0.001142,0.924735,32000.000000,0,0
SAT_P1_S3,6924252.896115,0.001068,0.924709,32040.000000,0,0
SAT_P1_S3,6923747.429543,0.000993,0.924682,32080.000000,0,0
SAT_P1_S3,6923228.351647,0.000916,0.924654,32120.000000,0,0
SAT_P1_S3,6922699.435895,0.000840,0.924626,32160.000000,0,0
SAT_P1_S3,6922164.578466,0.000765,0.924597,32200.000000,0,0
SAT_P1_S3,6921627.775416,0.000693,0.924568,32240.000000,0,0
SAT_P1_S3,6921093.132207,0.000628,0.924539,32280.000000,0,0
SAT_P1_S3,6920564.932890,0.000572,0.924510,32320.000000,0,0
SAT_P1_S3,6920047.502105,0.000528,0.924482,32360.000000,0,0
SAT_P1_S3,6919545.171310,0.000501,0.924455,32400.000000,0,0
SAT_P1_S3,6919062.221647,0.000492,0.924429,32440.000000,0,0
SAT_P1_S3,6918602.819391,0.000503,0.924404,32480.000000,0,0
SAT_P1_S3,6918170.921266,0.000531,0.924380,32520.000000,0,0
SAT_P1_S3,6917770.164758,0.000573,0.924358,32560.000000,0,0
SAT_P1_S3,6917403.807211,0.000623,0.924338,32600.000000,0,0
SAT_P1_S3,6917074.756670,0.000679,0.924319,32640.000000,0,0
SAT_P1_S3,6916785.448372,0.000738,0.924303,32680.000000,0,0
SAT_P1_S3,6916537.833431,0.000798,0.924288,32720.000000,0,0
SAT_P1_S3,6916333.420796,0.000857,0.924276,32760.000000,0,0
SAT_P1_S3,6916173.303424,0.000914,0.924267,32800.000000,0,0
SAT_P1_S3,6916058.163890,0.000968,0.924260,32840.000000,0,0
SAT_P1_S3,6915988.297879,0.001019,0.924255,32880.000000,0,0
SAT_P1_S3,6915963.712840,0.001065,0.924253,32920.000000,0,0
SAT_P1_S3,6915984.208533,0.001107,0.924253,32960.000000,0,0
SAT_P1_S3,6916049.283904,0.001145,0.924256,33000.000000,0,0
SAT_P1_S3,6916158.243156,0.001177,0.924262,33040.000000,0,0
SAT_P1_S3,6916310.211207,0.001205,0.924270,33080.000000,0,0
SAT_P1_S3,6916504.123349,0.001228,0.924280,33120.000000,0,0
SAT_P1_S3,6916738.688563,0.001246,0.924293,33160.000000,0,0
SAT_P1_S3,6917012.384925,0.001258,0.924308,33200.000000,0,0
SAT_P1_S3,6917323.522540,0.001265,0.924325,33240.000000,0,0
SAT_P1_S3,6917670.137741,0.001267,0.924344,33280.000000,0,0
SAT_P1_S3,6918049.979414,0.001264,0.924365,33320.000000,0,0
SAT_P1_S3,6918460.530500,0.001256,0.924387,33360.000000,0,0
SAT_P1_S3,6918899.005241,0.001244,0.924411,33400.000000,0,0
SAT_P1_S3,6919362.322616,0.001226,0.924437,33440.000000,0,0
SAT_P1_S3,6919847.098325,0.001204,0.924463,33480.000000,0,0
SAT_P1_S3,6920349.716578,0.001178,0.924490,33520.000000,0,0
SAT_P1_S3,6920866.396685,0.001147,0.924519,33560.000000,0,0
SAT_P1_S3,6921393.106439,0.001113,0.924547,33600.000000,0,0
SAT_P1_S3,6921925.683497,0.001075,0.924576,33640.000000,0,0
SAT_P1_S3,6922459.887445,0.001033,0.924605,33680.000000,0,0
SAT_P1_S3,6922991.437936,0.000989,0.924634,33720.000000,0,0
SAT_P1_S3,6923516.035460,0.000941,0.924663,33760.000000,0,0
SAT_P1_S3,6924029.421786,0.000891,0.924691,33800.000000,0,0
SAT_P1_S3,6924527.514127,0.000839,0.924718,33840.000000,0,0
SAT_P1_S3,6925006.355670,0.000785,0.924744,33880.000000,0,0
SAT_P1_S3,6925462.155543,0.000729,0.924769,33920.000000,0,0
SAT_P1_S3,6925891.354348,0.000671,0.924793,33960.000000,0,0
SAT_P1_S3,6926290.648822,0.000612,0.924815,34000.000000,0,0
SAT_P1_S3,6926656.979707,0.000551,0.924835,34040.000000,0,0
SAT_P1_S3,6926987.525765,0.000490,0.924853,34080.000000,0,0
SAT_P1_S3,6927279.763422,0.000428,0.924869,34120.000000,0,0
SAT_P1_S3,6927531.510050,0.000366,0.924883,34160.000000,0,0
SAT_P1_S3,6927740.815248,0.000303,0.924895,34200.000000,0,0
SAT_P1_S3,6927906.046602,0.000240,0.924904,34240.000000,0,0
SAT_P1_S3,6928025.908387,0.000179,0.924911,34280.000000,0,0
SAT_P1_S3,6928099.445205,0.000122,0.924915,34320.000000,0,0
SAT_P1_S3,6928126.028246,0.000079,0.924917,34360.000000,0,0
SAT_P1_S3,6928105.381682,0.000080,0.924916,34400.000000,0,0
SAT_P1_S3,6928037.684007,0.000123,0.924913,34440.000000,0,0
SAT_P1_S3,6927923.484077,0.000181,0.924907,34480.000000,0,0
SAT_P1_S3,6927763.705486,0.000243,0.924899,34520.000000,0,0
SAT_P1_S3,6927559.674800,0.000306,0.924888,34560.000000,0,0
SAT_P1_S3,6927313.105868,0.000370,0.924875,34600.000000,0,0
SAT_P1_S3,6927026.044937,0.000434,0.924860,34640.000000,0,0
SAT_P1_S3,6926700.819827,0.000497,0.924842,34680.000000,0,0
SAT_P1_S3,6926340.052950,0.000560,0.924823,34720.000000,0,0
SAT_P1_S3,6925946.657836,0.000622,0.924802,34760.000000,0,0
SAT_P1_S3,6925523.686901,0.000682,0.924779,34800.000000,0,0
SAT_P1_S3,6925074.374358,0.000741,0.924754,34840.000000,0,0
SAT_P1_S3,6924602.117028,0.000799,0.924728,34880.000000,0,0
SAT_P1_S3,6924110.445103,0.000855,0.924701,34920.000000,0,0
SAT_P1_S3,6923602.980119,0.000908,0.924673,34960.000000,0,0
SAT_P1_S3,6923083.437524,0.000959,0.924645,35000.000000,0,0
SAT_P1_S3,6922555.709402,0.001008,0.924616,35040.000000,0,0
SAT_P1_S3,6922023.763181,0.001053,0.924587,35080.000000,0,0
SAT_P1_S3,6921491.630630,0.001096,0.924558,35120.000000,0,0
SAT_P1_S3,6920963.421322,0.001135,0.924529,35160.000000,0,0
SAT_P1_S3,6920443.290716,0.001170,0.924500,35200.000000,0,0
SAT_P1_S3,6919935.368257,0.001201,0.924472,35240.000000,0,0
SAT_P1_S3,6919443.688124,0.001228,0.924445,35280.000000,0,0
SAT_P1_S3,6918972.181695,0.001250,0.924419,35320.000000,0,0
SAT_P1_S3,6918524.653406,0.001267,0.924394,35360.000000,0,0
SAT_P1_S3,6918104.612682,0.001279,0.924371,35400.000000,0,0
SAT_P1_S3,6917715.300481,0.001287,0.924349,35440.000000,0,0
SAT_P1_S3,6917359.660302,0.001288,0.924330,35480.000000,0,0
SAT_P1_S3,6917040.306032,0.001285,0.924312,35520.000000,0,0
SAT_P1_S3,6916759.484123,0.001276,0.924296,35560.000000,0,0
SAT_P1_S3,6916519.088192,0.001261,0.924282,35600.000000,0,0
SAT_P1_S3,6916320.763446,0.001241,0.924271,35640.000000,0,0
SAT_P1_S3,6916165.832359,0.001216,0.924262,35680.000000,0,0
SAT_P1_S3,6916055.317007,0.001185,0.924256,35720.000000,0,0
SAT_P1_S3,6915989.990860,0.001149,0.924252,35760.000000,0,0
SAT_P1_S3,6915970.386313,0.001108,0.924251,35800.000000,0,0
SAT_P1_S3,6915996.762040,0.001063,0.924252,35840.000000,0,0
SAT_P1_S3,6916069.071603,0.001014,0.924256,35880.000000,0,0
SAT_P1_S3,6916186.990764,0.000960,0.924262,35920.000000,0,0
SAT_P1_S3,6916349.924052,0.000904,0.924271,35960.000000,0,0
SAT_P1_S3,6916556.860689,0.000845,0.924282,36000.000000,0,0
SAT_P1_S4,6928137.000000,0.000000,0.925025,0.000000,0,0
SAT_P1_S4,6928154.422758,0.000055,0.925026,40.000000,0,0
SAT_P1_S4,6928218.156320,0.000109,0.925030,80.000000,0,0
SAT_P1_S4,6928327.944908,0.000164,0.925036,120.000000,0,0
SAT_P1_S4,6928483.187736,0.000219,0.925045,160.000000,0,0
SAT_P1_S4,6928682.932341,0.000273,0.925056,200.000000,0,0
SAT_P1_S4,6928925.867536,0.000328,0.925069,240.000000,0,0
SAT_P1_S4,6929210.346659,0.000383,0.925085,280.000000,0,0
SAT_P1_S4,6929534.371592,0.000437,0.925102,320.000000,0,0
SAT_P1_S4,6929895.577498,0.000491,0.925122,360.000000,0,0
SAT_P1_S4,6930291.277184,0.000545,0.925143,400.000000,0,0
SAT_P1_S4,6930718.558057,0.000599,0.925166,440.000000,0,0
SAT_P1_S4,6931174.172745,0.000652,0.925191,480.000000,0,0
SAT_P1_S4,6931654.623439,0.000703,0.925216,520.000000,0,0
SAT_P1_S4,6932156.201833,0.000754,0.925243,560.000000,0,0
SAT_P1_S4,6932675.012271,0.000804,0.925271,600.000000,0,0
SAT_P1_S4,6933206.968046,0.000852,0.925299,640.000000,0,0
SAT_P1_S4,6933747.814192,0.000898,0.925328,680.000000,0,0
SAT_P1_S4,6934293.231637,0.000942,0.925357,720.000000,0,0
SAT_P1_S4,6934838.840411,0.000984,0.925386,760.000000,0,0
SAT_P1_S4,6935380.175470,0.001022,0.925414,800.000000,0,0
SAT_P1_S4,6935912.783066,0.001058,0.925443,840.000000,0,0
SAT_P1_S4,6936432.270574,0.001090,0.925470,880.000000,0,0
SAT_P1_S4,6936934.331224,0.001118,0.925497,920.000000,0,0
SAT_P1_S4,6937414.767550,0.001142,0.925523,960.000000,0,0
SAT_P1_S4,6937869.572103,0.001162,0.925547,1000.000000,0,0
SAT_P1_S4,6938295.056694,0.001177,0.925570,1040.000000,0,0
SAT_P1_S4,6938687.766200,0.001187,0.925591,1080.000000,0,0
SAT_P1_S4,6939044.581112,0.001191,0.925611,1120.000000,0,0
SAT_P1_S4,6939362.765486,0.001191,0.925628,1160.000000,0,0
SAT_P1_S4,6939639.986801,0.001185,0.925643,1200.000000,0,0
SAT_P1_S4,6939874.297883,0.001174,0.925656,1240.000000,0,0
SAT_P1_S4,6940064.133675,0.001157,0.925667,1280.000000,0,0
SAT_P1_S4,6940208.374979,0.001135,0.925676,1320.000000,0,0
SAT_P1_S4,6940306.301948,0.001107,0.925681,1360.000000,0,0
SAT_P1_S4,6940357.513291,0.001074,0.925685,1400.000000,0,0
SAT_P1_S4,6940361.954810,0.001036,0.925686,1440.000000,0,0
SAT_P1_S4,6940319.899581,0.000993,0.925684,1480.000000,0,0
SAT_P1_S4,6940231.902541,0.000945,0.925680,1520.000000,0,0
SAT_P1_S4,6940098.755703,0.000892,0.925673,1560.000000,0,0
SAT_P1_S4,6939921.505206,0.000835,0.925664,1600.000000,0,0
SAT_P1_S4,6939701.525100,0.000775,0.925652,1640.000000,0,0
SAT_P1_S4,6939440.386678,0.000711,0.925638,1680.000000,0,0
SAT_P1_S4,6939139.925084,0.000645,0.925622,1720.000000,0,0
SAT_P1_S4,6938802.262736,0.000577,0.925604,1760.000000,0,0
SAT_P1_S4,6938429.813987,0.000509,0.925584,1800.000000,0,0
SAT_P1_S4,6938025.258607,0.000442,0.925562,1840.000000,0,0
SAT_P1_S4,6937591.534971,0.000381,0.925538,1880.000000,0,0
SAT_P1_S4,6937131.904268,0.000329,0.925514,1920.000000,0,0
SAT_P1_S4,6936649.901510,0.000294,0.925487,1960.000000,0,0
SAT_P1_S4,6936149.246737,0.000284,0.925460,2000.000000,0,0
SAT_P1_S4,6935633.862951,0.000302,0.925432,2040.000000,0,0
SAT_P1_S4,6935107.835117,0.000344,0.925404,2080.000000,0,0
SAT_P1_S4,6934575.337158,0.000403,0.925375,2120.000000,0,0
SAT_P1_S4,6934040.552783,0.000471,0.925346,2160.000000,0,0
SAT_P1_S4,6933507.649813,0.000544,0.925317,2200.000000,0,0
SAT_P1_S4,6932980.803621,0.000619,0.925289,2240.000000,0,0
SAT_P1_S4,6932464.026317,0.000694,0.925261,2280.000000,0,0
SAT_P1_S4,6931961.193458,0.000769,0.925234,2320.000000,0,0
SAT_P1_S4,6931476.010078,0.000841,0.925207,2360.000000,0,0
SAT_P1_S4,6931012.006586,0.000910,0.925182,2400.000000,0,0
SAT_P1_S4,6930572.501626,0.000976,0.925158,2440.000000,0,0
SAT_P1_S4,6930160.570671,0.001037,0.925136,2480.000000,0,0
SAT_P1_S4,6929779.077840,0.001094,0.925115,2520.000000,0,0
SAT_P1_S4,6929430.744889,0.001146,0.925096,2560.000000,0,0
SAT_P1_S4,6929118.015364,0.001193,0.925079,2600.000000,0,0
SAT_P1_S4,6928843.122347,0.001234,0.925064,2640.000000,0,0
SAT_P1_S4,6928608.091021,0.001269,0.925052,2680.000000,0,0
SAT_P1_S4,6928414.722816,0.001298,0.925041,2720.000000,0,0
SAT_P1_S4,6928264.550838,0.001320,0.925033,2760.000000,0,0
SAT_P1_S4,6928158.819753,0.001336,0.925027,2800.000000,0,0
SAT_P1_S4,6928098.538737,0.001345,0.925024,2840.000000,0,0
SAT_P1_S4,6928084.411984,0.001348,0.925023,2880.000000,0,0
SAT_P1_S4,6928116.775047,0.001343,0.925025,2920.000000,0,0
SAT_P1_S4,6928195.620776,0.001332,0.925029,2960.000000,0,0
SAT_P1_S4,6928320.585668,0.001313,0.925036,3000.000000,0,0
SAT_P1_S4,6928490.912430,0.001288,0.925045,3040.000000,0,0
SAT_P1_S4,6928705.418567,0.001257,0.925057,3080.000000,0,0
SAT_P1_S4,6928962.530043,0.001219,0.925071,3120.000000,0,0
SAT_P1_S4,6929260.357380,0.001175,0.925087,3160.000000,0,0
SAT_P1_S4,6929596.579668,0.001125,0.925104,3200.000000,0,0
SAT_P1_S4,6929968.536508,0.001070,0.925124,3240.000000,0,0
SAT_P1_S4,6930373.267560,0.001010,0.925145,3280.000000,0,0
SAT_P1_S4,6930807.542669,0.000946,0.925168,3320.000000,0,0
SAT_P1_S4,6931267.870425,0.000877,0.925193,3360.000000,0,0
SAT_P1_S4,6931750.538074,0.000806,0.925218,3400.000000,0,0
SAT_P1_S4,6932251.731989,0.000732,0.925244,3440.000000,0,0
SAT_P1_S4,6932767.531494,0.000656,0.925271,3480.000000,0,0
SAT_P1_S4,6933293.905603,0.000580,0.925299,3520.000000,0,0
SAT_P1_S4,6933826.799130,0.000505,0.925326,3560.000000,0,0
SAT_P1_S4,6934362.168467,0.000433,0.925354,3600.000000,0,0
SAT_P1_S4,6934895.984093,0.000369,0.925382,3640.000000,0,0
SAT_P1_S4,6935424.229709,0.000316,0.925410,3680.000000,0,0
SAT_P1_S4,6935942.955580,0.000284,0.925437,3720.000000,0,0
SAT_P1_S4,6936448.361785,0.000278,0.925463,3760.000000,0,0
SAT_P1_S4,6936936.683997,0.000300,0.925489,3800.000000,0,0
SAT_P1_S4,6937404.276521,0.000344,0.925513,3840.000000,0,0
SAT_P1_S4,6937847.638927,0.000401,0.925536,3880.000000,0,0
SAT_P1_S4,6938263.429903,0.000465,0.925558,3920.000000,0,0
SAT_P1_S4,6938648.458073,0.000533,0.925578,3960.000000,0,0
SAT_P1_S4,6938999.705073,0.000601,0.925596,4000.000000,0,0
SAT_P1_S4,6939314.432461,0.000668,0.925613,4040.000000,0,0
SAT_P1_S4,6939590.163755,0.000732,0.925627,4080.000000,0,0
SAT_P1_S4,6939824.672123,0.000794,0.925639,4120.000000,0,0
SAT_P1_S4,6940016.061522,0.000852,0.925648,4160.000000,0,0
SAT_P1_S4,6940162.798815,0.000907,0.925656,4200.000000,0,0
SAT_P1_S4,6940263.711618,0.000956,0.925661,4240.000000,0,0
SAT_P1_S4,6940317.981218,0.001001,0.925663,4280.000000,0,0
SAT_P1_S4,6940325.187832,0.001041,0.925663,4320.000000,0,0
SAT_P1_S4,6940285.381358,0.001076,0.925661,4360.000000,0,0
SAT_P1_S4,6940198.943384,0.001105,0.925656,4400.000000,0,0
SAT_P1_S4,6940066.644460,0.001130,0.925648,4440.000000,0,0
SAT_P1_S4,6939889.635526,0.001148,0.925638,4480.000000,0,0
SAT_P1_S4,6939669.420002,0.001162,0.925626,4520.000000,0,0
SAT_P1_S4,6939407.797551,0.001170,0.925612,4560.000000,0,0
SAT_P1_S4,6939106.836148,0.001173,0.925595,4600.000000,0,0
SAT_P1_S4,6938768.924772,0.001171,0.925577,4640.000000,0,0
SAT_P1_S4,6938396.702767,0.001164,0.925556,4680.000000,0,0
SAT_P1_S4,6937992.997251,0.001152,0.925534,4720.000000,0,0
SAT_P1_S4,6937560.856114,0.001136,0.925510,4760.000000,0,0
SAT_P1_S4,6937103.538392,0.001115,0.925485,4800.000000,0,0
SAT_P1_S4,6936624.475755,0.001091,0.925459,4840.000000,0,0
SAT_P1_S4,6936127.234249,0.001063,0.925432,4880.000000,0,0
SAT_P1_S4,6935615.534354,0.001031,0.925404,4920.000000,0,0
SAT_P1_S4,6935093.302521,0.000996,0.925375,4960.000000,0,0
SAT_P1_S4,6934564.512469,0.000958,0.925346,5000.000000,0,0
SAT_P1_S4,6934033.227630,0.000917,0.925317,5040.000000,0,0
SAT_P1_S4,6933503.576241,0.000874,0.925288,5080.000000,0,0
SAT_P1_S4,6932979.706693,0.000829,0.925260,5120.000000,0,0
SAT_P1_S4,6932465.713790,0.000782,0.925232,5160.000000,0,0
SAT_P1_S4,6931965.591911,0.000734,0.925204,5200.000000,0,0
SAT_P1_S4,6931483.266714,0.000684,0.925178,5240.000000,0,0
SAT_P1_S4,6931022.505188,0.000633,0.925152,5280.000000,0,0
SAT_P1_S4,6930586.835476,0.000582,0.925128,5320.000000,0,0
SAT_P1_S4,6930179.563385,0.000529,0.925106,5360.000000,0,0
SAT_P1_S4,6929803.751503,0.000476,0.925085,5400.000000,0,0
SAT_P1_S4,6929462.175284,0.000423,0.925066,5440.000000,0,0
SAT_P1_S4,6929157.285280,0.000369,0.925050,5480.000000,0,0
SAT_P1_S4,6928891.234560,0.000316,0.925035,5520.000000,0,0
SAT_P1_S4,6928665.945731,0.000262,0.925022,5560.000000,0,0
SAT_P1_S4,6928482.972770,0.000208,0.925012,5600.000000,0,0
SAT_P1_S4,6928343.571215,0.000153,0.925005,5640.000000,0,0
SAT_P1_S4,6928248.705441,0.000099,0.924999,5680.000000,0,0
SAT_P1_S4,6928199.039819,0.000045,0.924997,5720.000000,0,0
SAT_P1_S4,6928194.903272,0.000011,0.924996,5760.000000,0,0
SAT_P1_S4,6928236.282270,0.000064,0.924999,5800.000000,0,0
SAT_P1_S4,6928322.892960,0.000119,0.925004,5840.000000,0,0
SAT_P1_S4,6928454.129394,0.000174,0.925011,5880.000000,0,0
SAT_P1_S4,6928629.030499,0.000228,0.925021,5920.000000,0,0
SAT_P1_S4,6928846.321464,0.000283,0.925033,5960.000000,0,0
SAT_P1_S4,6929104.425226,0.000338,0.925047,6000.000000,0,0
SAT_P1_S4,6929401.485187,0.000392,0.925064,6040.000000,0,0
SAT_P1_S4,6929735.354603,0.000447,0.925082,6080.000000,0,0
SAT_P1_S4,6930103.604285,0.000501,0.925102,6120.000000,0,0
SAT_P1_S4,6930503.606623,0.000555,0.925125,6160.000000,0,0
SAT_P1_S4,6930932.573388,0.000608,0.925148,6200.000000,0,0
SAT_P1_S4,6931387.473311,0.000660,0.925173,6240.000000,0,0
SAT_P1_S4,6931865.118734,0.000712,0.925199,6280.000000,0,0
SAT_P1_S4,6932362.180918,0.000763,0.925226,6320.000000,0,0
SAT_P1_S4,6932875.179460,0.000812,0.925254,6360.000000,0,0
SAT_P1_S4,6933400.455634,0.000859,0.925282,6400.000000,0,0
SAT_P1_S4,6933934.189050,0.000905,0.925311,6440.000000,0,0
SAT_P1_S4,6934472.483182,0.000949,0.925340,6480.000000,0,0
SAT_P1_S4,6935011.268049,0.000990,0.925368,6520.000000,0,0
SAT_P1_S4,6935546.339455,0.001029,0.925396,6560.000000,0,0
SAT_P1_S4,6936073.412094,0.001064,0.925424,6600.000000,0,0
SAT_P1_S4,6936588.157858,0.001096,0.925451,6640.000000,0,0
SAT_P1_S4,6937086.223299,0.001124,0.925477,6680.000000,0,0
SAT_P1_S4,6937563.272001,0.001148,0.925502,6720.000000,0,0
SAT_P1_S4,6938015.112052,0.001168,0.925526,6760.000000,0,0
SAT_P1_S4,6938437.781161,0.001183,0.925548,6800.000000,0,0
SAT_P1_S4,6938827.508231,0.001193,0.925568,6840.000000,0,0
SAT_P1_S4,6939180.850785,0.001198,0.925587,6880.000000,0,0
SAT_P1_S4,6939494.754080,0.001197,0.925603,6920.000000,0,0
SAT_P1_S4,6939766.576683,0.001191,0.925618,6960.000000,0,0
SAT_P1_S4,6939994.090424,0.001180,0.925630,7000.000000,0,0
SAT_P1_S4,6940175.511419,0.001162,0.925639,7040.000000,0,0
SAT_P1_S4,6940309.583282,0.001139,0.925646,7080.000000,0,0
SAT_P1_S4,6940395.462697,0.001110,0.925651,7120.000000,0,0
SAT_P1_S4,6940432.725281,0.001076,0.925653,7160.000000,0,0
SAT_P1_S4,6940421.369081,0.001036,0.925653,7200.000000,0,0
SAT_P1_S4,6940361.790417,0.000991,0.925650,7240.000000,0,0
SAT_P1_S4,6940254.729655,0.000941,0.925645,7280.000000,0,0
SAT_P1_S4,6940101.234598,0.000886,0.925637,7320.000000,0,0
SAT_P1_S4,6939902.702372,0.000828,0.925627,7360.000000,0,0
SAT_P1_S4,6939660.880706,0.000765,0.925614,7400.000000,0,0
SAT_P1_S4,6939377.755556,0.000700,0.925599,7440.000000,0,0
SAT_P1_S4,6939055.612395,0.000632,0.925582,7480.000000,0,0
SAT_P1_S4,6938697.032528,0.000563,0.925564,7520.000000,0,0
SAT_P1_S4,6938304.865354,0.000494,0.925543,7560.000000,0,0
SAT_P1_S4,6937882.184069,0.000427,0.925520,7600.000000,0,0
SAT_P1_S4,6937432.281864,0.000367,0.925496,7640.000000,0,0
SAT_P1_S4,6936958.731262,0.000318,0.925471,7680.000000,0,0
SAT_P1_S4,6936465.247218,0.000289,0.925445,7720.000000,0,0
SAT_P1_S4,6935955.677246,0.000287,0.925417,7760.000000,0,0
SAT_P1_S4,6935433.991079,0.000313,0.925389,7800.000000,0,0
SAT_P1_S4,6934904.242016,0.000360,0.925360,7840.000000,0,0
SAT_P1_S4,6934370.498108,0.000421,0.925332,7880.000000,0,0
SAT_P1_S4,6933836.789441,0.000491,0.925303,7920.000000,0,0
SAT_P1_S4,6933307.130774,0.000564,0.925274,7960.000000,0,0
SAT_P1_S4,6932785.502337,0.000639,0.925245,8000.000000,0,0
SAT_P1_S4,6932275.726587,0.000714,0.925218,8040.000000,0,0
SAT_P1_S4,6931781.507156,0.000788,0.925191,8080.000000,0,0
SAT_P1_S4,6931306.406270,0.000859,0.925165,8120.000000,0,0
SAT_P1_S4,6930853.832169,0.000927,0.925140,8160.000000,0,0
SAT_P1_S4,6930426.994376,0.000991,0.925116,8200.000000,0,0
SAT_P1_S4,6930028.879585,0.001051,0.925095,8240.000000,0,0
SAT_P1_S4,6929662.305022,0.001106,0.925075,8280.000000,0,0
SAT_P1_S4,6929329.908249,0.001156,0.925057,8320.000000,0,0
SAT_P1_S4,6929034.050954,0.001201,0.925040,8360.000000,0,0
SAT_P1_S4,6928776.873333,0.001240,0.925026,8400.000000,0,0
SAT_P1_S4,6928560.287603,0.001273,0.925015,8440.000000,0,0
SAT_P1_S4,6928385.946627,0.001300,0.925005,8480.000000,0,0
SAT_P1_S4,6928255.201195,0.001320,0.924998,8520.000000,0,0
SAT_P1_S4,6928169.102417,0.001334,0.924993,8560.000000,0,0
SAT_P1_S4,6928128.463731,0.001340,0.924991,8600.000000,0,0
SAT_P1_S4,6928133.729584,0.001341,0.924992,8640.000000,0,0
SAT_P1_S4,6928184.994218,0.001334,0.924994,8680.000000,0,0
SAT_P1_S4,6928282.008234,0.001320,0.925000,8720.000000,0,0
SAT_P1_S4,6928424.166852,0.001300,0.925008,8760.000000,0,0
SAT_P1_S4,6928610.474214,0.001274,0.925018,8800.000000,0,0
SAT_P1_S4,6928839.531869,0.001240,0.925030,8840.000000,0,0
SAT_P1_S4,6929109.609945,0.001201,0.925045,8880.000000,0,0
SAT_P1_S4,6929418.662240,0.001156,0.925062,8920.000000,0,0
SAT_P1_S4,6929764.262210,0.001105,0.925081,8960.000000,0,0
SAT_P1_S4,6930143.695511,0.001049,0.925101,9000.000000,0,0
SAT_P1_S4,6930553.998309,0.000989,0.925124,9040.000000,0,0
SAT_P1_S4,6930991.973866,0.000924,0.925148,9080.000000,0,0
SAT_P1_S4,6931454.200017,0.000856,0.925173,9120.000000,0,0
SAT_P1_S4,6931937.083380,0.000784,0.925199,9160.000000,0,0
SAT_P1_S4,6932436.973385,0.000711,0.925226,9200.000000,0,0
SAT_P1_S4,6932950.075009,0.000636,0.925254,9240.000000,0,0
SAT_P1_S4,6933472.511194,0.000560,0.925283,9280.000000,0,0
SAT_P1_S4,6934000.367245,0.000487,0.925311,9320.000000,0,0
SAT_P1_S4,6934529.710346,0.000417,0.925340,9360.000000,0,0
SAT_P1_S4,6935056.579249,0.000354,0.925369,9400.000000,0,0
SAT_P1_S4,6935576.992994,0.000305,0.925397,9440.000000,0,0
SAT_P1_S4,6936087.036698,0.000276,0.925424,9480.000000,0,0
SAT_P1_S4,6936582.885933,0.000275,0.925451,9520.000000,0,0
SAT_P1_S4,6937060.748960,0.000300,0.925477,9560.000000,0,0
SAT_P1_S4,6937516.960811,0.000346,0.925502,9600.000000,0,0
SAT_P1_S4,6937948.021154,0.000404,0.925525,9640.000000,0,0
SAT_P1_S4,6938350.607127,0.000468,0.925546,9680.000000,0,0
SAT_P1_S4,6938721.574978,0.000534,0.925566,9720.000000,0,0
SAT_P1_S4,6939058.007772,0.000601,0.925584,9760.000000,0,0
SAT_P1_S4,6939357.322711,0.000666,0.925600,9800.000000,0,0
SAT_P1_S4,6939617.173748,0.000729,0.925614,9840.000000,0,0
SAT_P1_S4,6939835.505584,0.000789,0.925626,9880.000000,0,0
SAT_P1_S4,6940010.589570,0.000845,0.925635,9920.000000,0,0
SAT_P1_S4,6940141.034215,0.000898,0.925642,9960.000000,0,0
SAT_P1_S4,6940225.764847,0.000945,0.925646,10000.000000,0,0
SAT_P1_S4,6940264.021816,0.000988,0.925648,10040.000000,0,0
SAT_P1_S4,6940255.435793,0.001026,0.925647,10080.000000,0,0
SAT_P1_S4,6940200.037891,0.001059,0.925644,10120.000000,0,0
SAT_P1_S4,6940098.181969,0.001086,0.925638,10160.000000,0,0
SAT_P1_S4,6939950.617357,0.001109,0.925630,10200.000000,0,0
SAT_P1_S4,6939758.497943,0.001126,0.925619,10240.000000,0,0
SAT_P1_S4,6939523.359924,0.001137,0.925606,10280.000000,0,0
SAT_P1_S4,6939247.082310,0.001144,0.925591,10320.000000,0,0
SAT_P1_S4,6938931.887323,0.001145,0.925573,10360.000000,0,0
SAT_P1_S4,6938580.393810,0.001142,0.925554,10400.000000,0,0
SAT_P1_S4,6938195.465082,0.001134,0.925533,10440.000000,0,0
SAT_P1_S4,6937780.204731,0.001121,0.925510,10480.000000,0,0
SAT_P1_S4,6937337.934887,0.001104,0.925485,10520.000000,0,0
SAT_P1_S4,6936872.152911,0.001082,0.925460,10560.000000,0,0
SAT_P1_S4,6936386.462033,0.001058,0.925433,10600.000000,0,0
SAT_P1_S4,6935884.526549,0.001029,0.925405,10640.000000,0,0
SAT_P1_S4,6935370.112812,0.000997,0.925377,10680.000000,0,0
SAT_P1_S4,6934847.073450,0.000963,0.925348,10720.000000,0,0
SAT_P1_S4,6934319.249128,0.000925,0.925319,10760.000000,0,0
SAT_P1_S4,6933790.529746,0.000885,0.925290,10800.000000,0,0
SAT_P1_S4,6933264.855738,0.000843,0.925261,10840.000000,0,0
SAT_P1_S4,6932746.191101,0.000799,0.925233,10880.000000,0,0
SAT_P1_S4,6932238.480356,0.000753,0.925205,10920.000000,0,0
SAT_P1_S4,6931745.644958,0.000706,0.925178,10960.000000,0,0
SAT_P1_S4,6931271.630754,0.000658,0.925152,11000.000000,0,0
SAT_P1_S4,6930820.247327,0.000609,0.925127,11040.000000,0,0
SAT_P1_S4,6930395.153378,0.000559,0.925104,11080.000000,0,0
SAT_P1_S4,6929999.822091,0.000508,0.925082,11120.000000,0,0
SAT_P1_S4,6929637.484910,0.000457,0.925062,11160.000000,0,0
SAT_P1_S4,6929311.051003,0.000405,0.925044,11200.000000,0,0
SAT_P1_S4,6929023.053533,0.000353,0.925028,11240.000000,0,0
SAT_P1_S4,6928775.685150,0.000301,0.925014,11280.000000,0,0
SAT_P1_S4,6928570.783737,0.000249,0.925003,11320.000000,0,0
SAT_P1_S4,6928409.743313,0.000196,0.924994,11360.000000,0,0
SAT_P1_S4,6928293.589513,0.000144,0.924987,11400.000000,0,0
SAT_P1_S4,6928223.003507,0.000091,0.924983,11440.000000,0,0
SAT_P1_S4,6928198.323732,0.000039,0.924981,11480.000000,0,0
SAT_P1_S4,6928219.536847,0.000020,0.924982,11520.000000,0,0
SAT_P1_S4,6928286.313119,0.000070,0.924985,11560.000000,0,0
SAT_P1_S4,6928398.097464,0.000124,0.924991,11600.000000,0,0
SAT_P1_S4,6928553.990072,0.000177,0.925000,11640.000000,0,0
SAT_P1_S4,6928752.790226,0.000231,0.925010,11680.000000,0,0
SAT_P1_S4,6928992.983557,0.000285,0.925023,11720.000000,0,0
SAT_P1_S4,6929272.751897,0.000339,0.925039,11760.000000,0,0
SAT_P1_S4,6929589.963196,0.000394,0.925056,11800.000000,0,0
SAT_P1_S4,6929942.147573,0.000448,0.925075,11840.000000,0,0
SAT_P1_S4,6930326.519327,0.000502,0.925096,11880.000000,0,0
SAT_P1_S4,6930740.093258,0.000555,0.925119,11920.000000,0,0
SAT_P1_S4,6931179.657246,0.000608,0.925143,11960.000000,0,0
SAT_P1_S4,6931641.804871,0.000660,0.925169,12000.000000,0,0
SAT_P1_S4,6932123.035101,0.000711,0.925195,12040.000000,0,0
SAT_P1_S4,6932619.808483,0.000760,0.925223,12080.000000,0,0
SAT_P1_S4,6933128.563672,0.000809,0.925251,12120.000000,0,0
SAT_P1_S4,6933645.728069,0.000855,0.925279,12160.000000,0,0
SAT_P1_S4,6934167.776196,0.000900,0.925308,12200.000000,0,0
SAT_P1_S4,6934691.279257,0.000942,0.925337,12240.000000,0,0
SAT_P1_S4,6935212.761516,0.000982,0.925365,12280.000000,0,0
SAT_P1_S4,6935728.748976,0.001019,0.925393,12320.000000,0,0
SAT_P1_S4,6936235.744190,0.001053,0.925421,12360.000000,0,0
SAT_P1_S4,6936730.192111,0.001083,0.925447,12400.000000,0,0
SAT_P1_S4,6937208.434041,0.001110,0.925473,12440.000000,0,0
SAT_P1_S4,6937666.712428,0.001134,0.925497,12480.000000,0,0
SAT_P1_S4,6938101.278793,0.001153,0.925520,12520.000000,0,0
SAT_P1_S4,6938508.368179,0.001167,0.925541,12560.000000,0,0
SAT_P1_S4,6938884.245311,0.001177,0.925560,12600.000000,0,0
SAT_P1_S4,6939225.331116,0.001182,0.925578,12640.000000,0,0
SAT_P1_S4,6939528.297449,0.001181,0.925593,12680.000000,0,0
SAT_P1_S4,6939790.129444,0.001175,0.925606,12720.000000,0,0
SAT_P1_S4,6940008.187207,0.001163,0.925617,12760.000000,0,0
SAT_P1_S4,6940180.319369,0.001146,0.925626,12800.000000,0,0
SAT_P1_S4,6940304.965218,0.001123,0.925632,12840.000000,0,0
SAT_P1_S4,6940381.042962,0.001094,0.925635,12880.000000,0,0
SAT_P1_S4,6940408.028628,0.001060,0.925636,12920.000000,0,0
SAT_P1_S4,6940385.936562,0.001020,0.925634,12960.000000,0,0
SAT_P1_S4,6940315.270487,0.000974,0.925629,13000.000000,0,0
SAT_P1_S4,6940196.942608,0.000924,0.925622,13040.000000,0,0
SAT_P1_S4,6940032.221905,0.000869,0.925613,13080.000000,0,0
SAT_P1_S4,6939822.759238,0.000810,0.925601,13120.000000,0,0
SAT_P1_S4,6939570.474130,0.000748,0.925587,13160.000000,0,0
SAT_P1_S4,6939277.502062,0.000682,0.925571,13200.000000,0,0
SAT_P1_S4,6938946.212196,0.000613,0.925553,13240.000000,0,0
SAT_P1_S4,6938579.200714,0.000544,0.925533,13280.000000,0,0
SAT_P1_S4,6938179.260360,0.000474,0.925511,13320.000000,0,0
SAT_P1_S4,6937749.360664,0.000407,0.925487,13360.000000,0,0
SAT_P1_S4,6937292.696277,0.000346,0.925463,13400.000000,0,0
SAT_P1_S4,6936812.744765,0.000297,0.925437,13440.000000,0,0
SAT_P1_S4,6936313.124377,0.000269,0.925410,13480.000000,0,0
SAT_P1_S4,6935797.660681,0.000269,0.925382,13520.000000,0,0
SAT_P1_S4,6935270.366354,0.000299,0.925354,13560.000000,0,0
SAT_P1_S4,6934735.398693,0.000350,0.925325,13600.000000,0,0
SAT_P1_S4,6934196.987942,0.000414,0.925296,13640.000000,0,0
SAT_P1_S4,6933659.393497,0.000486,0.925268,13680.000000,0,0
SAT_P1_S4,6933126.931564,0.000561,0.925239,13720.000000,0,0
SAT_P1_S4,6932603.852576,0.000636,0.925211,13760.000000,0,0
SAT_P1_S4,6932094.282977,0.000712,0.925184,13800.000000,0,0
SAT_P1_S4,6931602.201109,0.000785,0.925157,13840.000000,0,0
SAT_P1_S4,6931131.408234,0.000855,0.925132,13880.000000,0,0
SAT_P1_S4,6930685.482036,0.000923,0.925108,13920.000000,0,0
SAT_P1_S4,6930267.716285,0.000986,0.925085,13960.000000,0,0
SAT_P1_S4,6929881.104171,0.001044,0.925064,14000.000000,0,0
SAT_P1_S4,6929528.406441,0.001098,0.925045,14040.000000,0,0
SAT_P1_S4,6929212.061389,0.001146,0.925027,14080.000000,0,0
SAT_P1_S4,6928934.174771,0.001188,0.925012,14120.000000,0,0
SAT_P1_S4,6928696.560906,0.001225,0.924999,14160.000000,0,0
SAT_P1_S4,6928500.751949,0.001255,0.924988,14200.000000,0,0
SAT_P1_S4,6928347.979642,0.001279,0.924980,14240.000000,0,0
SAT_P1_S4,6928239.165920,0.001296,0.924974,14280.000000,0,0
SAT_P1_S4,6928174.978503,0.001307,0.924970,14320.000000,0,0
SAT_P1_S4,6928155.881930,0.001312,0.924969,14360.000000,0,0
SAT_P1_S4,6928182.014838,0.001310,0.924970,14400.000000,0,0
SAT_P1_S4,6928253.262944,0.001301,0.924974,14440.000000,0,0
SAT_P1_S4,6928369.252872,0.001285,0.924981,14480.000000,0,0
SAT_P1_S4,6928529.327075,0.001263,0.924989,14520.000000,0,0
SAT_P1_S4,6928732.496453,0.001235,0.925000,14560.000000,0,0
SAT_P1_S4,6928977.428191,0.001200,0.925014,14600.000000,0,0
SAT_P1_S4,6929262.509267,0.001159,0.925029,14640.000000,0,0
SAT_P1_S4,6929585.758615,0.001113,0.925047,14680.000000,0,0
SAT_P1_S4,6929944.818945,0.001061,0.925066,14720.000000,0,0
SAT_P1_S4,6930337.003012,0.001004,0.925088,14760.000000,0,0
SAT_P1_S4,6930759.318719,0.000942,0.925111,14800.000000,0,0
SAT_P1_S4,6931208.474381,0.000876,0.925135,14840.000000,0,0
SAT_P1_S4,6931680.901087,0.000807,0.925161,14880.000000,0,0
SAT_P1_S4,6932172.850116,0.000735,0.925187,14920.000000,0,0
SAT_P1_S4,6932680.493075,0.000660,0.925215,14960.000000,0,0
SAT_P1_S4,6933199.843431,0.000585,0.925243,15000.000000,0,0
SAT_P1_S4,6933726.883111,0.000509,0.925271,15040.000000,0,0
SAT_P1_S4,6934257.604148,0.000436,0.925300,15080.000000,0,0
SAT_P1_S4,6934788.026469,0.000367,0.925329,15120.000000,0,0
SAT_P1_S4,6935314.187551,0.000308,0.925358,15160.000000,0,0
SAT_P1_S4,6935832.161177,0.000265,0.925386,15200.000000,0,0
SAT_P1_S4,6936338.143813,0.000248,0.925413,15240.000000,0,0
SAT_P1_S4,6936828.382456,0.000261,0.925440,15280.000000,0,0
SAT_P1_S4,6937299.176873,0.000299,0.925466,15320.000000,0,0
SAT_P1_S4,6937746.930955,0.000354,0.925490,15360.000000,0,0
SAT_P1_S4,6938168.179464,0.000418,0.925513,15400.000000,0,0
SAT_P1_S4,6938559.591401,0.000485,0.925535,15440.000000,0,0
SAT_P1_S4,6938917.988341,0.000553,0.925554,15480.000000,0,0
SAT_P1_S4,6939240.436864,0.000621,0.925572,15520.000000,0,0
SAT_P1_S4,6939524.341916,0.000686,0.925588,15560.000000,0,0
SAT_P1_S4,6939767.357003,0.000749,0.925602,15600.000000,0,0
SAT_P1_S4,6939967.499878,0.000808,0.925613,15640.000000,0,0
SAT_P1_S4,6940123.179887,0.000863,0.925622,15680.000000,0,0
SAT_P1_S4,6940233.198257,0.000913,0.925628,15720.000000,0,0
SAT_P1_S4,6940296.717484,0.000959,0.925632,15760.000000,0,0
SAT_P1_S4,6940313.258219,0.001000,0.925633,15800.000000,0,0
SAT_P1_S4,6940282.762614,0.001036,0.925632,15840.000000,0,0
SAT_P1_S4,6940205.496240,0.001067,0.925628,15880.000000,0,0
SAT_P1_S4,6940082.024550,0.001093,0.925622,15920.000000,0,0
SAT_P1_S4,6939913.238444,0.001113,0.925614,15960.000000,0,0
SAT_P1_S4,6939700.354687,0.001129,0.925603,16000.000000,0,0
SAT_P1_S4,6939444.892055,0.001138,0.925589,16040.000000,0,0
SAT_P1_S4,6939148.661163,0.001143,0.925574,16080.000000,0,0
SAT_P1_S4,6938813.826880,0.001143,0.925556,16120.000000,0,0
SAT_P1_S4,6938442.968563,0.001137,0.925537,16160.000000,0,0
SAT_P1_S4,6938038.951243,0.001127,0.925515,16200.000000,0,0
SAT_P1_S4,6937604.999405,0.001113,0.925492,16240.000000,0,0
SAT_P1_S4,6937144.675964,0.001094,0.925468,16280.000000,0,0
SAT_P1_S4,6936661.829766,0.001071,0.925442,16320.000000,0,0
SAT_P1_S4,6936160.508761,0.001044,0.925416,16360.000000,0,0
SAT_P1_S4,6935644.897899,0.001014,0.925388,16400.000000,0,0
SAT_P1_S4,6935119.321514,0.000981,0.925360,16440.000000,0,0
SAT_P1_S4,6934588.090216,0.000945,0.925331,16480.000000,0,0
SAT_P1_S4,6934055.426094,0.000907,0.925302,16520.000000,0,0
SAT_P1_S4,6933525.443380,0.000866,0.925273,16560.000000,0,0
SAT_P1_S4,6933002.115375,0.000823,0.925245,16600.000000,0,0
SAT_P1_S4,6932489.228010,0.000779,0.925216,16640.000000,0,0
SAT_P1_S4,6931990.358008,0.000733,0.925189,16680.000000,0,0
SAT_P1_S4,6931508.936701,0.000686,0.925162,16720.000000,0,0
SAT_P1_S4,6931048.324110,0.000638,0.925137,16760.000000,0,0
SAT_P1_S4,6930611.696060,0.000589,0.925113,16800.000000,0,0
SAT_P1_S4,6930202.146871,0.000540,0.925090,16840.000000,0,0
SAT_P1_S4,6929822.697393,0.000490,0.925069,16880.000000,0,0
SAT_P1_S4,6929476.272263,0.000439,0.925050,16920.000000,0,0
SAT_P1_S4,6929165.641176,0.000388,0.925033,16960.000000,0,0
SAT_P1_S4,6928893.380906,0.000336,0.925018,17000.000000,0,0
SAT_P1_S4,6928661.894967,0.000285,0.925005,17040.000000,0,0
SAT_P1_S4,6928473.273245,0.000233,0.924995,17080.000000,0,0
SAT_P1_S4,6928329.224405,0.000180,0.924986,17120.000000,0,0
SAT_P1_S4,6928231.058069,0.000128,0.924981,17160.000000,0,0
SAT_P1_S4,6928179.651196,0.000076,0.924978,17200.000000,0,0
SAT_P1_S4,6928175.401468,0.000027,0.924977,17240.000000,0,0
SAT_P1_S4,6928218.206900,0.000037,0.924979,17280.000000,0,0
SAT_P1_S4,6928307.534172,0.000088,0.924984,17320.000000,0,0
SAT_P1_S4,6928442.502971,0.000141,0.924991,17360.000000,0,0
SAT_P1_S4,6928621.796045,0.000195,0.925000,17400.000000,0,0
SAT_P1_S4,6928843.792836,0.000249,0.925012,17440.000000,0,0
SAT_P1_S4,6929106.589746,0.000304,0.925026,17480.000000,0,0
SAT_P1_S4,6929408.053525,0.000359,0.925042,17520.000000,0,0
SAT_P1_S4,6929745.819715,0.000413,0.925060,17560.000000,0,0
SAT_P1_S4,6930117.277087,0.000468,0.925080,17600.000000,0,0
SAT_P1_S4,6930519.595829,0.000522,0.925102,17640.000000,0,0
SAT_P1_S4,6930949.793572,0.000576,0.925125,17680.000000,0,0
SAT_P1_S4,6931404.607178,0.000629,0.925150,17720.000000,0,0
SAT_P1_S4,6931880.549262,0.000681,0.925176,17760.000000,0,0
SAT_P1_S4,6932373.934550,0.000732,0.925203,17800.000000,0,0
SAT_P1_S4,6932880.903801,0.000782,0.925230,17840.000000,0,0
SAT_P1_S4,6933397.433421,0.000830,0.925258,17880.000000,0,0
SAT_P1_S4,6933919.382933,0.000875,0.925287,17920.000000,0,0
SAT_P1_S4,6934442.636582,0.000919,0.925316,17960.000000,0,0
SAT_P1_S4,6934963.141874,0.000960,0.925344,18000.000000,0,0
SAT_P1_S4,6935476.908295,0.000998,0.925373,18040.000000,0,0
SAT_P1_S4,6935980.122717,0.001033,0.925401,18080.000000,0,0
SAT_P1_S4,6936469.192766,0.001064,0.925428,18120.000000,0,0
SAT_P1_S4,6936940.744408,0.001092,0.925454,18160.000000,0,0
SAT_P1_S4,6937391.598695,0.001116,0.925479,18200.000000,0,0
SAT_P1_S4,6937818.784746,0.001135,0.925502,18240.000000,0,0
SAT_P1_S4,6938219.582026,0.001151,0.925524,18280.000000,0,0
SAT_P1_S4,6938591.364770,0.001161,0.925544,18320.000000,0,0
SAT_P1_S4,6938931.624121,0.001168,0.925562,18360.000000,0,0
SAT_P1_S4,6939237.958151,0.001169,0.925579,18400.000000,0,0
SAT_P1_S4,6939508.059964,0.001165,0.925592,18440.000000,0,0
SAT_P1_S4,6939739.694351,0.001157,0.925604,18480.000000,0,0
SAT_P1_S4,6939930.718301,0.001143,0.925613,18520.000000,0,0
SAT_P1_S4,6940079.205811,0.001123,0.925620,18560.000000,0,0
SAT_P1_S4,6940183.480082,0.001099,0.925624,18600.000000,0,0
SAT_P1_S4,6940242.116260,0.001068,0.925625,18640.000000,0,0
SAT_P1_S4,6940254.073799,0.001033,0.925624,18680.000000,0,0
SAT_P1_S4,6940218.765412,0.000992,0.925620,18720.000000,0,0
SAT_P1_S4,6940136.084531,0.000946,0.925614,18760.000000,0,0
SAT_P1_S4,6940006.412518,0.000895,0.925605,18800.000000,0,0
SAT_P1_S4,6939830.659015,0.000840,0.925594,18840.000000,0,0
SAT_P1_S4,6939610.322966,0.000781,0.925580,18880.000000,0,0
SAT_P1_S4,6939347.334082,0.000718,0.925565,18920.000000,0,0
SAT_P1_S4,6939044.059587,0.000652,0.925547,18960.000000,0,0
SAT_P1_S4,6938703.254336,0.000584,0.925527,19000.000000,0,0
SAT_P1_S4,6938327.987964,0.000516,0.925505,19040.000000,0,0
SAT_P1_S4,6937921.543810,0.000449,0.925482,19080.000000,0,0
SAT_P1_S4,6937487.346082,0.000386,0.925457,19120.000000,0,0
SAT_P1_S4,6937028.974474,0.000331,0.925431,19160.000000,0,0
SAT_P1_S4,6936550.091123,0.000292,0.925404,19200.000000,0,0
SAT_P1_S4,6936054.348194,0.000276,0.925376,19240.000000,0,0
SAT_P1_S4,6935545.424375,0.000289,0.925347,19280.000000,0,0
SAT_P1_S4,6935027.023212,0.000326,0.925318,19320.000000,0,0
SAT_P1_S4,6934502.850858,0.000381,0.925289,19360.000000,0,0
SAT_P1_S4,6933976.594586,0.000446,0.925259,19400.000000,0,0
SAT_P1_S4,6933451.958342,0.000517,0.925230,19440.000000,0,0
SAT_P1_S4,6932932.745205,0.000591,0.925201,19480.000000,0,0
SAT_P1_S4,6932422.721234,0.000665,0.925173,19520.000000,0,0
SAT_P1_S4,6931925.673780,0.000738,0.925145,19560.000000,0,0
SAT_P1_S4,6931445.384626,0.000810,0.925119,19600.000000,0,0
SAT_P1_S4,6930985.616416,0.000879,0.925094,19640.000000,0,0
SAT_P1_S4,6930550.050383,0.000945,0.925070,19680.000000,0,0
SAT_P1_S4,6930142.214567,0.001007,0.925048,19720.000000,0,0
SAT_P1_S4,6929765.460125,0.001064,0.925028,19760.000000,0,0
SAT_P1_S4,6929422.974074,0.001116,0.925009,19800.000000,0,0
SAT_P1_S4,6929117.600765,0.001163,0.924992,19840.000000,0,0
SAT_P1_S4,6928851.851877,0.001204,0.924978,19880.000000,0,0
SAT_P1_S4,6928627.876696,0.001238,0.924966,19920.000000,0,0
SAT_P1_S4,6928447.428220,0.001267,0.924956,19960.000000,0,0
SAT_P1_S4,6928311.814709,0.001288,0.924949,20000.000000,0,0
SAT_P1_S4,6928221.890107,0.001303,0.924944,20040.000000,0,0
SAT_P1_S4,6928178.138669,0.001312,0.924941,20080.000000,0,0
SAT_P1_S4,6928180.658079,0.001313,0.924941,20120.000000,0,0
SAT_P1_S4,6928229.132390,0.001308,0.924943,20160.000000,0,0
SAT_P1_S4,6928322.919345,0.001296,0.924948,20200.000000,0,0
SAT_P1_S4,6928461.087857,0.001277,0.924956,20240.000000,0,0
SAT_P1_S4,6928642.424825,0.001252,0.924966,20280.000000,0,0
SAT_P1_S4,6928865.435223,0.001221,0.924978,20320.000000,0,0
SAT_P1_S4,6929128.390092,0.001184,0.924992,20360.000000,0,0
SAT_P1_S4,6929429.406357,0.001141,0.925008,20400.000000,0,0
SAT_P1_S4,6929766.321713,0.001093,0.925027,20440.000000,0,0
SAT_P1_S4,6930136.753627,0.001039,0.925047,20480.000000,0,0
SAT_P1_S4,6930538.105456,0.000981,0.925069,20520.000000,0,0
SAT_P1_S4,6930967.558351,0.000918,0.925092,20560.000000,0,0
SAT_P1_S4,6931422.040795,0.000852,0.925117,20600.000000,0,0
SAT_P1_S4,6931898.230299,0.000782,0.925143,20640.000000,0,0
SAT_P1_S4,6932392.642317,0.000709,0.925170,20680.000000,0,0
SAT_P1_S4,6932901.618221,0.000635,0.925198,20720.000000,0,0
SAT_P1_S4,6933421.304542,0.000560,0.925226,20760.000000,0,0
SAT_P1_S4,6933947.744547,0.000485,0.925254,20800.000000,0,0
SAT_P1_S4,6934476.925505,0.000413,0.925283,20840.000000,0,0
SAT_P1_S4,6935004.797217,0.000346,0.925311,20880.000000,0,0
SAT_P1_S4,6935527.286743,0.000291,0.925339,20920.000000,0,0
SAT_P1_S4,6936040.365244,0.000255,0.925367,20960.000000,0,0
SAT_P1_S4,6936540.150457,0.000246,0.925393,21000.000000,0,0
SAT_P1_S4,6937022.799606,0.000268,0.925419,21040.000000,0,0
SAT_P1_S4,6937484.592392,0.000313,0.925444,21080.000000,0,0
SAT_P1_S4,6937921.959557,0.000371,0.925467,21120.000000,0,0
SAT_P1_S4,6938331.495739,0.000435,0.925489,21160.000000,0,0
SAT_P1_S4,6938709.947907,0.000503,0.925509,21200.000000,0,0
SAT_P1_S4,6939054.234676,0.000571,0.925527,21240.000000,0,0
SAT_P1_S4,6939361.551873,0.000637,0.925543,21280.000000,0,0
SAT_P1_S4,6939629.371288,0.000701,0.925557,21320.000000,0,0
SAT_P1_S4,6939855.426171,0.000762,0.925569,21360.000000,0,0
SAT_P1_S4,6940037.806295,0.000820,0.925578,21400.000000,0,0
SAT_P1_S4,6940175.001147,0.000873,0.925585,21440.000000,0,0
SAT_P1_S4,6940265.906713,0.000921,0.925590,21480.000000,0,0
SAT_P1_S4,6940309.820901,0.000965,0.925591,21520.000000,0,0
SAT_P1_S4,6940306.482595,0.001004,0.925591,21560.000000,0,0
SAT_P1_S4,6940256.136207,0.001038,0.925588,21600.000000,0,0
SAT_P1_S4,6940159.379892,0.001066,0.925582,21640.000000,0,0
SAT_P1_S4,6940017.195349,0.001090,0.925574,21680.000000,0,0
SAT_P1_S4,6939830.917695,0.001108,0.925563,21720.000000,0,0
SAT_P1_S4,6939602.186770,0.001121,0.925550,21760.000000,0,0
SAT_P1_S4,6939332.873359,0.001129,0.925535,21800.000000,0,0
SAT_P1_S4,6939025.038138,0.001132,0.925518,21840.000000,0,0
SAT_P1_S4,6938680.981815,0.001130,0.925498,21880.000000,0,0
SAT_P1_S4,6938303.196399,0.001124,0.925477,21920.000000,0,0
SAT_P1_S4,6937894.311640,0.001113,0.925454,21960.000000,0,0
SAT_P1_S4,6937457.160543,0.001097,0.925430,22000.000000,0,0
SAT_P1_S4,6936994.803104,0.001078,0.925404,22040.000000,0,0
SAT_P1_S4,6936510.520919,0.001055,0.925378,22080.000000,0,0
SAT_P1_S4,6936007.805697,0.001028,0.925350,22120.000000,0,0
SAT_P1_S4,6935490.395918,0.000998,0.925322,22160.000000,0,0
SAT_P1_S4,6934962.341179,0.000965,0.925293,22200.000000,0,0
SAT_P1_S4,6934427.839106,0.000929,0.925264,22240.000000,0,0
SAT_P1_S4,6933891.255181,0.000890,0.925235,22280.000000,0,0
SAT_P1_S4,6933357.071304,0.000849,0.925206,22320.000000,0,0
SAT_P1_S4,6932829.807149,0.000806,0.925177,22360.000000,0,0
SAT_P1_S4,6932313.909464,0.000762,0.925150,22400.000000,0,0
SAT_P1_S4,6931813.667162,0.000716,0.925123,22440.000000,0,0
SAT_P1_S4,6931333.209515,0.000669,0.925097,22480.000000,0,0
SAT_P1_S4,6930876.409871,0.000621,0.925072,22520.000000,0,0
SAT_P1_S4,6930446.790898,0.000573,0.925048,22560.000000,0,0
SAT_P1_S4,6930047.550604,0.000523,0.925026,22600.000000,0,0
SAT_P1_S4,6929681.562584,0.000474,0.925006,22640.000000,0,0
SAT_P1_S4,6929351.361351,0.000423,0.924988,22680.000000,0,0
SAT_P1_S4,6929059.135922,0.000373,0.924972,22720.000000,0,0
SAT_P1_S4,6928806.788257,0.000322,0.924958,22760.000000,0,0
SAT_P1_S4,6928596.037881,0.000271,0.924946,22800.000000,0,0
SAT_P1_S4,6928428.300898,0.000220,0.924937,22840.000000,0,0
SAT_P1_S4,6928304.767549,0.000168,0.924929,22880.000000,0,0
SAT_P1_S4,6928226.409217,0.000117,0.924925,22920.000000,0,0
SAT_P1_S4,6928193.956113,0.000066,0.924923,22960.000000,0,0
SAT_P1_S4,6928207.838472,0.000023,0.924923,23000.000000,0,0
SAT_P1_S4,6928268.146577,0.000049,0.924926,23040.000000,0,0
SAT_P1_S4,6928374.662810,0.000100,0.924932,23080.000000,0,0
SAT_P1_S4,6928526.788822,0.000153,0.924940,23120.000000,0,0
SAT_P1_S4,6928723.477194,0.000207,0.924950,23160.000000,0,0
SAT_P1_S4,6928963.256544,0.000262,0.924963,23200.000000,0,0
SAT_P1_S4,6929244.235561,0.000317,0.924978,23240.000000,0,0
SAT_P1_S4,6929564.130939,0.000372,0.924995,23280.000000,0,0
SAT_P1_S4,6929920.272255,0.000427,0.925014,23320.000000,0,0
SAT_P1_S4,6930309.634178,0.000482,0.925035,23360.000000,0,0
SAT_P1_S4,6930728.954934,0.000537,0.925057,23400.000000,0,0
SAT_P1_S4,6931174.812457,0.000592,0.925081,23440.000000,0,0
SAT_P1_S4,6931643.572115,0.000645,0.925106,23480.000000,0,0
SAT_P1_S4,6932131.509915,0.000698,0.925133,23520.000000,0,0
SAT_P1_S4,6932634.853372,0.000749,0.925160,23560.000000,0,0
SAT_P1_S4,6933149.789293,0.000799,0.925188,23600.000000,0,0
SAT_P1_S4,6933672.447720,0.000847,0.925216,23640.000000,0,0
SAT_P1_S4,6934198.920639,0.000893,0.925245,23680.000000,0,0
SAT_P1_S4,6934725.339923,0.000936,0.925274,23720.000000,0,0
SAT_P1_S4,6935247.772888,0.000977,0.925302,23760.000000,0,0
SAT_P1_S4,6935762.247904,0.001014,0.925330,23800.000000,0,0
SAT_P1_S4,6936264.793872,0.001049,0.925357,23840.000000,0,0
SAT_P1_S4,6936751.467507,0.001079,0.925384,23880.000000,0,0
SAT_P1_S4,6937218.362320,0.001106,0.925409,23920.000000,0,0
SAT_P1_S4,6937661.645062,0.001129,0.925433,23960.000000,0,0
SAT_P1_S4,6938077.680513,0.001147,0.925456,24000.000000,0,0
SAT_P1_S4,6938463.116605,0.001160,0.925477,24040.000000,0,0
SAT_P1_S4,6938814.842057,0.001168,0.925497,24080.000000,0,0
SAT_P1_S4,6939130.120120,0.001172,0.925515,24120.000000,0,0
SAT_P1_S4,6939406.637530,0.001169,0.925530,24160.000000,0,0
SAT_P1_S4,6939642.513435,0.001162,0.925544,24200.000000,0,0
SAT_P1_S4,6939836.276080,0.001149,0.925555,24240.000000,0,0
SAT_P1_S4,6939986.863211,0.001131,0.925564,24280.000000,0,0
SAT_P1_S4,6940093.666674,0.001108,0.925570,24320.000000,0,0
SAT_P1_S4,6940156.382843,0.001079,0.925574,24360.000000,0,0
SAT_P1_S4,6940174.980702,0.001046,0.925575,24400.000000,0,0
SAT_P1_S4,6940149.673444,0.001007,0.925574,24440.000000,0,0
SAT_P1_S4,6940080.874090,0.000964,0.925571,24480.000000,0,0
SAT_P1_S4,6939969.133836,0.000916,0.925565,24520.000000,0,0
SAT_P1_S4,6939815.112576,0.000864,0.925556,24560.000000,0,0
SAT_P1_S4,6939619.647439,0.000808,0.925545,24600.000000,0,0
SAT_P1_S4,6939383.797999,0.000748,0.925532,24640.000000,0,0
SAT_P1_S4,6939108.781622,0.000685,0.925517,24680.000000,0,0
SAT_P1_S4,6938796.099839,0.000621,0.925499,24720.000000,0,0
SAT_P1_S4,6938447.597714,0.000554,0.925480,24760.000000,0,0
SAT_P1_S4,6938065.493705,0.000488,0.925458,24800.000000,0,0
SAT_P1_S4,6937652.382964,0.000425,0.925436,24840.000000,0,0
SAT_P1_S4,6937211.266010,0.000368,0.925411,24880.000000,0,0
SAT_P1_S4,6936745.618798,0.000322,0.925385,24920.000000,0,0
SAT_P1_S4,6936259.247957,0.000295,0.925359,24960.000000,0,0
SAT_P1_S4,6935756.252871,0.000294,0.925331,25000.000000,0,0
SAT_P1_S4,6935240.970159,0.000320,0.925302,25040.000000,0,0
SAT_P1_S4,6934717.880342,0.000367,0.925273,25080.000000,0,0
SAT_P1_S4,6934191.481857,0.000427,0.925244,25120.000000,0,0
SAT_P1_S4,6933666.183130,0.000495,0.925215,25160.000000,0,0
SAT_P1_S4,6933146.277074,0.000568,0.925186,25200.000000,0,0
SAT_P1_S4,6932635.891566,0.000641,0.925157,25240.000000,0,0
SAT_P1_S4,6932138.856206,0.000715,0.925129,25280.000000,0,0
SAT_P1_S4,6931658.744574,0.000786,0.925102,25320.000000,0,0
SAT_P1_S4,6931198.874211,0.000856,0.925076,25360.000000,0,0
SAT_P1_S4,6930762.332037,0.000922,0.925051,25400.000000,0,0
SAT_P1_S4,6930351.972175,0.000985,0.925028,25440.000000,0,0
SAT_P1_S4,6929970.434093,0.001043,0.925006,25480.000000,0,0
SAT_P1_S4,6929620.234844,0.001097,0.924986,25520.000000,0,0
SAT_P1_S4,6929303.800077,0.001146,0.924968,25560.000000,0,0
SAT_P1_S4,6929023.370370,0.001190,0.924952,25600.000000,0,0
SAT_P1_S4,6928781.063815,0.001228,0.924939,25640.000000,0,0
SAT_P1_S4,6928578.854794,0.001260,0.924927,25680.000000,0,0
SAT_P1_S4,6928418.520132,0.001286,0.924919,25720.000000,0,0
SAT_P1_S4,6928301.565069,0.001306,0.924912,25760.000000,0,0
SAT_P1_S4,6928229.188023,0.001319,0.924908,25800.000000,0,0
SAT_P1_S4,6928202.308412,0.001325,0.924907,25840.000000,0,0
SAT_P1_S4,6928221.422791,0.001324,0.924908,25880.000000,0,0
SAT_P1_S4,6928286.599110,0.001317,0.924911,25920.000000,0,0
SAT_P1_S4,6928397.484284,0.001303,0.924917,25960.000000,0,0
SAT_P1_S4,6928553.303413,0.001282,0.924926,26000.000000,0,0
SAT_P1_S4,6928752.842384,0.001255,0.924936,26040.000000,0,0
SAT_P1_S4,6928994.458291,0.001222,0.924949,26080.000000,0,0
SAT_P1_S4,6929276.175875,0.001182,0.924965,26120.000000,0,0
SAT_P1_S4,6929595.739173,0.001137,0.924982,26160.000000,0,0
SAT_P1_S4,6929950.552949,0.001086,0.925001,26200.000000,0,0
SAT_P1_S4,6930337.793669,0.001030,0.925022,26240.000000,0,0
SAT_P1_S4,6930754.449453,0.000970,0.925045,26280.000000,0,0
SAT_P1_S4,6931197.333112,0.000905,0.925069,26320.000000,0,0
SAT_P1_S4,6931663.077810,0.000837,0.925094,26360.000000,0,0
SAT_P1_S4,6932148.171985,0.000766,0.925121,26400.000000,0,0
SAT_P1_S4,6932649.054266,0.000693,0.925148,26440.000000,0,0
SAT_P1_S4,6933162.020661,0.000618,0.925176,26480.000000,0,0
SAT_P1_S4,6933683.264725,0.000543,0.925205,26520.000000,0,0
SAT_P1_S4,6934208.918485,0.000469,0.925234,26560.000000,0,0
SAT_P1_S4,6934735.072489,0.000399,0.925263,26600.000000,0,0
SAT_P1_S4,6935257.769877,0.000336,0.925291,26640.000000,0,0
SAT_P1_S4,6935773.020796,0.000286,0.925320,26680.000000,0,0
SAT_P1_S4,6936276.895847,0.000257,0.925348,26720.000000,0,0
SAT_P1_S4,6936765.571941,0.000257,0.925374,26760.000000,0,0
SAT_P1_S4,6937235.270968,0.000285,0.925400,26800.000000,0,0
SAT_P1_S4,6937682.364486,0.000333,0.925425,26840.000000,0,0
SAT_P1_S4,6938103.412763,0.000392,0.925448,26880.000000,0,0
SAT_P1_S4,6938495.177865,0.000456,0.925470,26920.000000,0,0
SAT_P1_S4,6938854.620744,0.000523,0.925490,26960.000000,0,0
SAT_P1_S4,6939178.939745,0.000589,0.925508,27000.000000,0,0
SAT_P1_S4,6939465.671199,0.000654,0.925524,27040.000000,0,0
SAT_P1_S4,6939712.594125,0.000717,0.925537,27080.000000,0,0
SAT_P1_S4,6939917.769142,0.000776,0.925549,27120.000000,0,0
SAT_P1_S4,6940079.573966,0.000832,0.925558,27160.000000,0,0
SAT_P1_S4,6940196.712609,0.000883,0.925564,27200.000000,0,0
SAT_P1_S4,6940268.194016,0.000931,0.925568,27240.000000,0,0
SAT_P1_S4,6940293.327547,0.000973,0.925569,27280.000000,0,0
SAT_P1_S4,6940271.794552,0.001011,0.925568,27320.000000,0,0
SAT_P1_S4,6940203.669372,0.001043,0.925564,27360.000000,0,0
SAT_P1_S4,6940089.331749,0.001071,0.925558,27400.000000,0,0
SAT_P1_S4,6939929.544233,0.001093,0.925549,27440.000000,0,0
SAT_P1_S4,6939725.463320,0.001110,0.925538,27480.000000,0,0
SAT_P1_S4,6939478.623150,0.001122,0.925525,27520.000000,0,0
SAT_P1_S4,6939190.901354,0.001129,0.925509,27560.000000,0,0
SAT_P1_S4,6938864.524255,0.001131,0.925491,27600.000000,0,0
SAT_P1_S4,6938502.131447,0.001128,0.925472,27640.000000,0,0
SAT_P1_S4,6938106.638717,0.001121,0.925450,27680.000000,0,0
SAT_P1_S4,6937681.232128,0.001109,0.925427,27720.000000,0,0
SAT_P1_S4,6937229.354043,0.001093,0.925403,27760.000000,0,0
SAT_P1_S4,6936754.659457,0.001072,0.925377,27800.000000,0,0
SAT_P1_S4,6936260.940366,0.001049,0.925350,27840.000000,0,0
SAT_P1_S4,6935752.066817,0.001021,0.925322,27880.000000,0,0
SAT_P1_S4,6935232.005211,0.000991,0.925294,27920.000000,0,0
SAT_P1_S4,6934704.791459,0.000957,0.925265,27960.000000,0,0
SAT_P1_S4,6934174.404228,0.000921,0.925236,28000.000000,0,0
SAT_P1_S4,6933644.808733,0.000883,0.925206,28040.000000,0,0
SAT_P1_S4,6933119.945470,0.000843,0.925178,28080.000000,0,0
SAT_P1_S4,6932603.701059,0.000801,0.925149,28120.000000,0,0
SAT_P1_S4,6932099.869352,0.000757,0.925121,28160.000000,0,0
SAT_P1_S4,6931612.159652,0.000712,0.925094,28200.000000,0,0
SAT_P1_S4,6931144.272364,0.000665,0.925069,28240.000000,0,0
SAT_P1_S4,6930699.770823,0.000618,0.925044,28280.000000,0,0
SAT_P1_S4,6930282.088235,0.000569,0.925021,28320.000000,0,0
SAT_P1_S4,6929894.524638,0.000520,0.925000,28360.000000,0,0
SAT_P1_S4,6929540.210333,0.000471,0.924980,28400.000000,0,0
SAT_P1_S4,6929222.034603,0.000420,0.924963,28440.000000,0,0
SAT_P1_S4,6928942.587909,0.000370,0.924948,28480.000000,0,0
SAT_P1_S4,6928704.177102,0.000319,0.924935,28520.000000,0,0
SAT_P1_S4,6928508.795339,0.000267,0.924924,28560.000000,0,0
SAT_P1_S4,6928357.997369,0.000215,0.924915,28600.000000,0,0
SAT_P1_S4,6928252.944275,0.000163,0.924909,28640.000000,0,0
SAT_P1_S4,6928194.401407,0.000110,0.924906,28680.000000,0,0
SAT_P1_S4,6928182.725739,0.000057,0.924905,28720.000000,0,0
SAT_P1_S4,6928217.850846,0.000013,0.924906,28760.000000,0,0
SAT_P1_S4,6928299.326891,0.000054,0.924911,28800.000000,0,0
SAT_P1_S4,6928426.436950,0.000108,0.924917,28840.000000,0,0
SAT_P1_S4,6928598.109177,0.000163,0.924926,28880.000000,0,0
SAT_P1_S4,6928812.982606,0.000218,0.924937,28920.000000,0,0
SAT_P1_S4,6929069.426971,0.000274,0.924951,28960.000000,0,0
SAT_P1_S4,6929365.568814,0.000331,0.924967,29000.000000,0,0
SAT_P1_S4,6929699.283362,0.000387,0.924985,29040.000000,0,0
SAT_P1_S4,6930068.157562,0.000444,0.925005,29080.000000,0,0
SAT_P1_S4,6930469.483317,0.000500,0.925026,29120.000000,0,0
SAT_P1_S4,6930900.326041,0.000556,0.925049,29160.000000,0,0
SAT_P1_S4,6931357.451438,0.000612,0.925074,29200.000000,0,0
SAT_P1_S4,6931837.312453,0.000667,0.925100,29240.000000,0,0
SAT_P1_S4,6932336.108267,0.000721,0.925126,29280.000000,0,0
SAT_P1_S4,6932849.822699,0.000773,0.925154,29320.000000,0,0
SAT_P1_S4,6933374.245215,0.000824,0.925182,29360.000000,0,0
SAT_P1_S4,6933905.009184,0.000873,0.925211,29400.000000,0,0
SAT_P1_S4,6934437.706499,0.000920,0.925240,29440.000000,0,0
SAT_P1_S4,6934968.019952,0.000963,0.925268,29480.000000,0,0
SAT_P1_S4,6935491.652579,0.001004,0.925297,29520.000000,0,0
SAT_P1_S4,6936004.471088,0.001042,0.925325,29560.000000,0,0
SAT_P1_S4,6936502.556742,0.001076,0.925352,29600.000000,0,0
SAT_P1_S4,6936982.225499,0.001106,0.925378,29640.000000,0,0
SAT_P1_S4,6937440.010363,0.001132,0.925403,29680.000000,0,0
SAT_P1_S4,6937872.663314,0.001154,0.925427,29720.000000,0,0
SAT_P1_S4,6938277.218614,0.001171,0.925449,29760.000000,0,0
SAT_P1_S4,6938650.904768,0.001183,0.925470,29800.000000,0,0
SAT_P1_S4,6938991.107796,0.001190,0.925489,29840.000000,0,0
SAT_P1_S4,6939295.397665,0.001192,0.925506,29880.000000,0,0
SAT_P1_S4,6939561.531491,0.001189,0.925521,29920.000000,0,0
SAT_P1_S4,6939787.438637,0.001181,0.925533,29960.000000,0,0
SAT_P1_S4,6939971.224524,0.001167,0.925544,30000.000000,0,0
SAT_P1_S4,6940111.254918,0.001147,0.925552,30040.000000,0,0
SAT_P1_S4,6940206.264303,0.001122,0.925558,30080.000000,0,0
SAT_P1_S4,6940255.265964,0.001092,0.925561,30120.000000,0,0
SAT_P1_S4,6940257.681373,0.001056,0.925562,30160.000000,0,0
SAT_P1_S4,6940213.380649,0.001015,0.925560,30200.000000,0,0
SAT_P1_S4,6940122.692457,0.000969,0.925556,30240.000000,0,0
SAT_P1_S4,6939986.374210,0.000918,0.925550,30280.000000,0,0
SAT_P1_S4,6939805.598245,0.000862,0.925541,30320.000000,0,0
SAT_P1_S4,6939581.993452,0.000803,0.925530,30360.000000,0,0
SAT_P1_S4,6939317.526929,0.000740,0.925517,30400.000000,0,0
SAT_P1_S4,6939014.430270,0.000675,0.925501,30440.000000,0,0
SAT_P1_S4,6938675.182012,0.000608,0.925484,30480.000000,0,0
SAT_P1_S4,6938302.461644,0.000540,0.925464,30520.000000,0,0
SAT_P1_S4,6937899.084494,0.000474,0.925443,30560.000000,0,0
SAT_P1_S4,6937467.955659,0.000411,0.925421,30600.000000,0,0
SAT_P1_S4,6937012.106315,0.000357,0.925396,30640.000000,0,0
SAT_P1_S4,6936534.760278,0.000317,0.925371,30680.000000,0,0
SAT_P1_S4,6936039.214709,0.000298,0.925344,30720.000000,0,0
SAT_P1_S4,6935528.943139,0.000305,0.925317,30760.000000,0,0
SAT_P1_S4,6935007.620172,0.000339,0.925289,30800.000000,0,0
SAT_P1_S4,6934479.121925,0.000390,0.925260,30840.000000,0,0
SAT_P1_S4,6933947.490586,0.000454,0.925231,30880.000000,0,0
SAT_P1_S4,6933416.915594,0.000525,0.925203,30920.000000,0,0
SAT_P1_S4,6932891.768443,0.000598,0.925174,30960.000000,0,0
SAT_P1_S4,6932376.469476,0.000673,0.925146,31000.000000,0,0
SAT_P1_S4,6931875.403570,0.000748,0.925119,31040.000000,0,0
SAT_P1_S4,6931392.857360,0.000820,0.925092,31080.000000,0,0
SAT_P1_S4,6930932.943779,0.000890,0.925067,31120.000000,0,0
SAT_P1_S4,6930499.513080,0.000957,0.925043,31160.000000,0,0
SAT_P1_S4,6930096.053535,0.001019,0.925021,31200.000000,0,0
SAT_P1_S4,6929725.642690,0.001076,0.925000,31240.000000,0,0
SAT_P1_S4,6929390.999577,0.001128,0.924981,31280.000000,0,0
SAT_P1_S4,6929094.404915,0.001175,0.924964,31320.000000,0,0
SAT_P1_S4,6928837.693225,0.001216,0.924949,31360.000000,0,0
SAT_P1_S4,6928622.321894,0.001250,0.924937,31400.000000,0,0
SAT_P1_S4,6928449.411440,0.001279,0.924926,31440.000000,0,0
SAT_P1_S4,6928319.759280,0.001301,0.924919,31480.000000,0,0
SAT_P1_S4,6928233.858863,0.001317,0.924913,31520.000000,0,0
SAT_P1_S4,6928191.977643,0.001326,0.924910,31560.000000,0,0
SAT_P1_S4,6928194.234404,0.001329,0.924910,31600.000000,0,0
SAT_P1_S4,6928240.481651,0.001325,0.924912,31640.000000,0,0
SAT_P1_S4,6928330.384238,0.001314,0.924917,31680.000000,0,0
SAT_P1_S4,6928463.413424,0.001298,0.924924,31720.000000,0,0
SAT_P1_S4,6928638.820697,0.001275,0.924933,31760.000000,0,0
SAT_P1_S4,6928855.586356,0.001245,0.924945,31800.000000,0,0
SAT_P1_S4,6929112.400167,0.001210,0.924959,31840.000000,0,0
SAT_P1_S4,6929407.718415,0.001169,0.924975,31880.000000,0,0
SAT_P1_S4,6929739.680272,0.001122,0.924993,31920.000000,0,0
SAT_P1_S4,6930106.083046,0.001070,0.925013,31960.000000,0,0
SAT_P1_S4,6930504.421869,0.001013,0.925035,32000.000000,0,0
SAT_P1_S4,6930931.902349,0.000951,0.925058,32040.000000,0,0
SAT_P1_S4,6931385.430312,0.000885,0.925083,32080.000000,0,0
SAT_P1_S4,6931861.614218,0.000816,0.925109,32120.000000,0,0
SAT_P1_S4,6932356.838571,0.000743,0.925136,32160.000000,0,0
SAT_P1_S4,6932867.352997,0.000669,0.925164,32200.000000,0,0
SAT_P1_S4,6933389.178896,0.000593,0.925192,32240.000000,0,0
SAT_P1_S4,6933918.228008,0.000517,0.925221,32280.000000,0,0
SAT_P1_S4,6934450.348981,0.000444,0.925249,32320.000000,0,0
SAT_P1_S4,6934981.360157,0.000374,0.925278,32360.000000,0,0
SAT_P1_S4,6935507.059980,0.000314,0.925307,32400.000000,0,0
SAT_P1_S4,6936023.270901,0.000270,0.925335,32440.000000,0,0
SAT_P1_S4,6936525.958956,0.000250,0.925362,32480.000000,0,0
SAT_P1_S4,6937011.196828,0.000261,0.925389,32520.000000,0,0
SAT_P1_S4,6937475.178378,0.000299,0.925414,32560.000000,0,0
SAT_P1_S4,6937914.288601,0.000352,0.925438,32600.000000,0,0
SAT_P1_S4,6938325.131896,0.000415,0.925461,32640.000000,0,0
SAT_P1_S4,6938704.526883,0.000481,0.925482,32680.000000,0,0
SAT_P1_S4,6939049.505094,0.000549,0.925501,32720.000000,0,0
SAT_P1_S4,6939357.372316,0.000615,0.925518,32760.000000,0,0
SAT_P1_S4,6939625.778663,0.000680,0.925533,32800.000000,0,0
SAT_P1_S4,6939852.607258,0.000742,0.925546,32840.000000,0,0
SAT_P1_S4,6940036.067875,0.000800,0.925556,32880.000000,0,0
SAT_P1_S4,6940174.720125,0.000855,0.925564,32920.000000,0,0
SAT_P1_S4,6940267.481077,0.000905,0.925570,32960.000000,0,0
SAT_P1_S4,6940313.608895,0.000951,0.925573,33000.000000,0,0
SAT_P1_S4,6940312.718685,0.000991,0.925573,33040.000000,0,0
SAT_P1_S4,6940264.872822,0.001027,0.925571,33080.000000,0,0
SAT_P1_S4,6940170.509035,0.001058,0.925566,33120.000000,0,0
SAT_P1_S4,6940030.417044,0.001084,0.925559,33160.000000,0,0
SAT_P1_S4,6939845.767766,0.001104,0.925550,33200.000000,0,0
SAT_P1_S4,6939618.096959,0.001119,0.925537,33240.000000,0,0
SAT_P1_S4,6939349.253343,0.001130,0.925523,33280.000000,0,0
SAT_P1_S4,6939041.349759,0.001135,0.925507,33320.000000,0,0
SAT_P1_S4,6938696.777791,0.001135,0.925488,33360.000000,0,0
SAT_P1_S4,6938318.233526,0.001131,0.925467,33400.000000,0,0
SAT_P1_S4,6937908.565717,0.001122,0.925445,33440.000000,0,0
SAT_P1_S4,6937470.833151,0.001109,0.925421,33480.000000,0,0
SAT_P1_S4,6937008.296824,0.001092,0.925396,33520.000000,0,0
SAT_P1_S4,6936524.401140,0.001071,0.925370,33560.000000,0,0
SAT_P1_S4,6936022.734440,0.001047,0.925342,33600.000000,0,0
SAT_P1_S4,6935507.024443,0.001019,0.925314,33640.000000,0,0
SAT_P1_S4,6934981.210691,0.000988,0.925285,33680.000000,0,0
SAT_P1_S4,6934449.352056,0.000954,0.925256,33720.000000,0,0
SAT_P1_S4,6933915.581720,0.000917,0.925227,33760.000000,0,0
SAT_P1_S4,6933384.113104,0.000878,0.925198,33800.000000,0,0
SAT_P1_S4,6932859.196543,0.000838,0.925169,33840.000000,0,0
SAT_P1_S4,6932345.039268,0.000795,0.925141,33880.000000,0,0
SAT_P1_S4,6931845.727511,0.000751,0.925114,33920.000000,0,0
SAT_P1_S4,6931365.211477,0.000705,0.925087,33960.000000,0,0
SAT_P1_S4,6930907.303602,0.000658,0.925062,34000.000000,0,0
SAT_P1_S4,6930475.508410,0.000611,0.925038,34040.000000,0,0
SAT_P1_S4,6930073.063274,0.000562,0.925016,34080.000000,0,0
SAT_P1_S4,6929702.924191,0.000513,0.924995,34120.000000,0,0
SAT_P1_S4,6929367.749620,0.000463,0.924977,34160.000000,0,0
SAT_P1_S4,6929069.872044,0.000412,0.924960,34200.000000,0,0
SAT_P1_S4,6928811.312584,0.000361,0.924946,34240.000000,0,0
SAT_P1_S4,6928593.881866,0.000309,0.924933,34280.000000,0,0
SAT_P1_S4,6928419.118637,0.000257,0.924924,34320.000000,0,0
SAT_P1_S4,6928288.279428,0.000204,0.924916,34360.000000,0,0
SAT_P1_S4,6928202.382011,0.000151,0.924911,34400.000000,0,0
SAT_P1_S4,6928162.197356,0.000097,0.924909,34440.000000,0,0
SAT_P1_S4,6928168.203083,0.000043,0.924909,34480.000000,0,0
SAT_P1_S4,6928220.536334,0.000012,0.924912,34520.000000,0,0
SAT_P1_S4,6928319.005353,0.000068,0.924917,34560.000000,0,0
SAT_P1_S4,6928463.109590,0.000124,0.924924,34600.000000,0,0
SAT_P1_S4,6928651.893733,0.000180,0.924934,34640.000000,0,0
SAT_P1_S4,6928884.013631,0.000237,0.924947,34680.000000,0,0
SAT_P1_S4,6929157.718008,0.000294,0.924961,34720.000000,0,0
SAT_P1_S4,6929470.885046,0.000352,0.924978,34760.000000,0,0
SAT_P1_S4,6929821.028864,0.000409,0.924996,34800.000000,0,0
SAT_P1_S4,6930205.311919,0.000467,0.925017,34840.000000,0,0
SAT_P1_S4,6930620.620825,0.000524,0.925039,34880.000000,0,0
SAT_P1_S4,6931063.697011,0.000581,0.925063,34920.000000,0,0
SAT_P1_S4,6931531.046895,0.000638,0.925088,34960.000000,0,0
SAT_P1_S4,6932019.043561,0.000693,0.925114,35000.000000,0,0
SAT_P1_S4,6932523.971770,0.000747,0.925141,35040.000000,0,0
SAT_P1_S4,6933042.044796,0.000800,0.925169,35080.000000,0,0
SAT_P1_S4,6933569.385746,0.000851,0.925197,35120.000000,0,0
SAT_P1_S4,6934102.027827,0.000900,0.925226,35160.000000,0,0
SAT_P1_S4,6934635.988668,0.000946,0.925254,35200.000000,0,0
SAT_P1_S4,6935167.248818,0.000990,0.925283,35240.000000,0,0
SAT_P1_S4,6935691.706154,0.001031,0.925311,35280.000000,0,0
SAT_P1_S4,6936205.253215,0.001068,0.925339,35320.000000,0,0
SAT_P1_S4,6936703.819151,0.001102,0.925366,35360.000000,0,0
SAT_P1_S4,6937183.393363,0.001132,0.925391,35400.000000,0,0
SAT_P1_S4,6937640.053176,0.001157,0.925416,35440.000000,0,0
SAT_P1_S4,6938070.053586,0.001178,0.925439,35480.000000,0,0
SAT_P1_S4,6938469.970135,0.001194,0.925461,35520.000000,0,0
SAT_P1_S4,6938836.616973,0.001205,0.925481,35560.000000,0,0
SAT_P1_S4,6939167.154041,0.001211,0.925499,35600.000000,0,0
SAT_P1_S4,6939459.132547,0.001211,0.925515,35640.000000,0,0
SAT_P1_S4,6939710.505502,0.001206,0.925529,35680.000000,0,0
SAT_P1_S4,6939919.595614,0.001195,0.925541,35720.000000,0,0
SAT_P1_S4,6940085.074561,0.001179,0.925551,35760.000000,0,0
SAT_P1_S4,6940206.007136,0.001157,0.925558,35800.000000,0,0
SAT_P1_S4,6940281.791500,0.001130,0.925562,35840.000000,0,0
SAT_P1_S4,6940312.069792,0.001097,0.925565,35880.000000,0,0
SAT_P1_S4,6940296.761553,0.001059,0.925564,35920.000000,0,0
SAT_P1_S4,6940236.028434,0.001016,0.925562,35960.000000,0,0
SAT_P1_S4,6940130.265652,0.000968,0.925556,36000.000000,0,0
SAT_P2_S1,6928137.000000,0.000000,0.925025,0.000000,0,0
SAT_P2_S1,6927679.195705,0.000072,0.924999,40.000000,0,0
SAT_P2_S1,6927202.018406,0.000145,0.924971,80.000000,0,0
SAT_P2_S1,6926708.862179,0.000219,0.924944,120.000000,0,0
SAT_P2_S1,6926203.313780,0.000292,0.924915,160.000000,0,0
SAT_P2_S1,6925689.124770,0.000365,0.924886,200.000000,0,0
SAT_P2_S1,6925170.175900,0.000436,0.924857,240.000000,0,0
SAT_P2_S1,6924650.398557,0.000507,0.924828,280.000000,0,0
SAT_P2_S1,6924133.708108,0.000575,0.924800,320.000000,0,0
SAT_P2_S1,6923624.011745,0.000642,0.924772,360.000000,0,0
SAT_P2_S1,6923125.205185,0.000705,0.924744,400.000000,0,0
SAT_P2_S1,6922641.033695,0.000766,0.924717,440.000000,0,0
SAT_P2_S1,6922175.147329,0.000823,0.924692,480.000000,0,0
SAT_P2_S1,6921731.093122,0.000876,0.924668,520.000000,0,0
SAT_P2_S1,6921312.288950,0.000925,0.924645,560.000000,0,0
SAT_P2_S1,6920921.977354,0.000969,0.924624,600.000000,0,0
SAT_P2_S1,6920563.214396,0.001008,0.924604,640.000000,0,0
SAT_P2_S1,6920238.923431,0.001042,0.924587,680.000000,0,0
SAT_P2_S1,6919951.763011,0.001070,0.924571,720.000000,0,0
SAT_P2_S1,6919704.092097,0.001093,0.924558,760.000000,0,0
SAT_P2_S1,6919497.958228,0.001109,0.924547,800.000000,0,0
SAT_P2_S1,6919335.059507,0.001120,0.924539,840.000000,0,0
SAT_P2_S1,6919216.685558,0.001124,0.924533,880.000000,0,0
SAT_P2_S1,6919143.681600,0.001122,0.924529,920.000000,0,0
SAT_P2_S1,6919116.499155,0.001113,0.924528,960.000000,0,0
SAT_P2_S1,6919135.243805,0.001098,0.924530,1000.000000,0,0
SAT_P2_S1,6919199.584010,0.001078,0.924534,1040.000000,0,0
SAT_P2_S1,6919308.863250,0.001051,0.924540,1080.000000,0,0
SAT_P2_S1,6919462.142840,0.001018,0.924549,1120.000000,0,0
SAT_P2_S1,6919658.222076,0.000979,0.924561,1160.000000,0,0
SAT_P2_S1,6919895.633128,0.000935,0.924575,1200.000000,0,0
SAT_P2_S1,6920172.664548,0.000886,0.924591,1240.000000,0,0
SAT_P2_S1,6920487.441173,0.000832,0.924609,1280.000000,0,0
SAT_P2_S1,6920837.816751,0.000773,0.924628,1320.000000,0,0
SAT_P2_S1,6921221.360003,0.000710,0.924650,1360.000000,0,0
SAT_P2_S1,6921635.362429,0.000644,0.924674,1400.000000,0,0
SAT_P2_S1,6922076.823236,0.000574,0.924698,1440.000000,0,0
SAT_P2_S1,6922542.416797,0.000503,0.924724,1480.000000,0,0
SAT_P2_S1,6923028.488186,0.000431,0.924752,1520.000000,0,0
SAT_P2_S1,6923531.142676,0.000359,0.924780,1560.000000,0,0
SAT_P2_S1,6924046.338125,0.000292,0.924808,1600.000000,0,0
SAT_P2_S1,6924569.837486,0.000235,0.924837,1640.000000,0,0
SAT_P2_S1,6925097.370857,0.000199,0.924866,1680.000000,0,0
SAT_P2_S1,6925624.724740,0.000196,0.924895,1720.000000,0,0
SAT_P2_S1,6926147.802368,0.000229,0.924924,1760.000000,0,0
SAT_P2_S1,6926662.651136,0.000284,0.924952,1800.000000,0,0
SAT_P2_S1,6927165.509484,0.000351,0.924980,1840.000000,0,0
SAT_P2_S1,6927652.897574,0.000422,0.925006,1880.000000,0,0
SAT_P2_S1,6928121.507490,0.000495,0.925031,1920.000000,0,0
SAT_P2_S1,6928568.178433,0.000567,0.925055,1960.000000,0,0
SAT_P2_S1,6928989.884390,0.000638,0.925078,2000.000000,0,0
SAT_P2_S1,6929383.663779,0.000707,0.925098,2040.000000,0,0
SAT_P2_S1,6929746.608236,0.000773,0.925117,2080.000000,0,0
SAT_P2_S1,6930075.846023,0.000835,0.925133,2120.000000,0,0
SAT_P2_S1,6930368.521588,0.000894,0.925148,2160.000000,0,0
SAT_P2_S1,6930621.832193,0.000948,0.925160,2200.000000,0,0
SAT_P2_S1,6930833.182024,0.000997,0.925170,2240.000000,0,0
SAT_P2_S1,6931000.220495,0.001040,0.925177,2280.000000,0,0
SAT_P2_S1,6931120.890961,0.001079,0.925182,2320.000000,0,0
SAT_P2_S1,6931193.585755,0.001111,0.925184,2360.000000,0,0
SAT_P2_S1,6931217.233694,0.001137,0.925184,2400.000000,0,0
SAT_P2_S1,6931191.333896,0.001157,0.925181,2440.000000,0,0
SAT_P2_S1,6931115.963230,0.001171,0.925175,2480.000000,0,0
SAT_P2_S1,6930991.809527,0.001178,0.925167,2520.000000,0,0
SAT_P2_S1,6930820.199857,0.001179,0.925157,2560.000000,0,0
SAT_P2_S1,6930602.913565,0.001174,0.925144,2600.000000,0,0
SAT_P2_S1,6930342.170279,0.001162,0.925128,2640.000000,0,0
SAT_P2_S1,6930040.553820,0.001146,0.925111,2680.000000,0,0
SAT_P2_S1,6929700.925873,0.001123,0.925092,2720.000000,0,0
SAT_P2_S1,6929326.324015,0.001096,0.925070,2760.000000,0,0
SAT_P2_S1,6928919.904743,0.001063,0.925047,2800.000000,0,0
SAT_P2_S1,6928484.991410,0.001026,0.925022,2840.000000,0,0
SAT_P2_S1,6928025.011543,0.000984,0.924997,2880.000000,0,0
SAT_P2_S1,6927543.449466,0.000939,0.924969,2920.000000,0,0
SAT_P2_S1,6927043.906909,0.000890,0.924941,2960.000000,0,0
SAT_P2_S1,6926530.114907,0.000838,0.924913,3000.000000,0,0
SAT_P2_S1,6926005.908516,0.000783,0.924883,3040.000000,0,0
SAT_P2_S1,6925475.192743,0.000726,0.924854,3080.000000,0,0
SAT_P2_S1,6924941.956012,0.000666,0.924824,3120.000000,0,0
SAT_P2_S1,6924410.303040,0.000605,0.924794,3160.000000,0,0
SAT_P2_S1,6923884.277417,0.000543,0.924765,3200.000000,0,0
SAT_P2_S1,6923367.883150,0.000480,0.924737,3240.000000,0,0
SAT_P2_S1,6922865.047036,0.000417,0.924709,3280.000000,0,0
SAT_P2_S1,6922379.573801,0.000354,0.924682,3320.000000,0,0
SAT_P2_S1,6921915.084323,0.000292,0.924656,3360.000000,0,0
SAT_P2_S1,6921474.993590,0.000232,0.924632,3400.000000,0,0
SAT_P2_S1,6921062.583249,0.000174,0.924609,3440.000000,0,0
SAT_P2_S1,6920680.951473,0.000121,0.924588,3480.000000,0,0
SAT_P2_S1,6920332.967274,0.000083,0.924569,3520.000000,0,0
SAT_P2_S1,6920021.320273,0.000077,0.924552,3560.000000,0,0
SAT_P2_S1,6919748.512661,0.000107,0.924537,3600.000000,0,0
SAT_P2_S1,6919516.810773,0.000151,0.924525,3640.000000,0,0
SAT_P2_S1,6919328.186828,0.000197,0.924514,3680.000000,0,0
SAT_P2_S1,6919184.308971,0.000243,0.924507,3720.000000,0,0
SAT_P2_S1,6919086.556738,0.000288,0.924502,3760.000000,0,0
SAT_P2_S1,6919035.845888,0.000331,0.924499,3800.000000,0,0
SAT_P2_S1,6919032.655680,0.000371,0.924499,3840.000000,0,0
SAT_P2_S1,6919077.013944,0.000409,0.924501,3880.000000,0,0
SAT_P2_S1,6919168.487686,0.000445,0.924506,3920.000000,0,0
SAT_P2_S1,6919306.164268,0.000478,0.924514,3960.000000,0,0
SAT_P2_S1,6919488.700656,0.000510,0.924524,4000.000000,0,0
SAT_P2_S1,6919714.431583,0.000539,0.924536,4040.000000,0,0
SAT_P2_S1,6919981.355119,0.000566,0.924551,4080.000000,0,0
SAT_P2_S1,6920287.234081,0.000592,0.924568,4120.000000,0,0
SAT_P2_S1,6920629.632901,0.000617,0.924587,4160.000000,0,0
SAT_P2_S1,6921005.921190,0.000640,0.924607,4200.000000,0,0
SAT_P2_S1,6921413.298357,0.000662,0.924630,4240.000000,0,0
SAT_P2_S1,6921848.872986,0.000683,0.924654,4280.000000,0,0
SAT_P2_S1,6922309.566828,0.000703,0.924679,4320.000000,0,0
SAT_P2_S1,6922792.085578,0.000722,0.924706,4360.000000,0,0
SAT_P2_S1,6923292.931941,0.000741,0.924733,4400.000000,0,0
SAT_P2_S1,6923808.395552,0.000759,0.924761,4440.000000,0,0
SAT_P2_S1,6924334.528252,0.000776,0.924790,4480.000000,0,0
SAT_P2_S1,6924867.146764,0.000792,0.924819,4520.000000,0,0
SAT_P2_S1,6925401.928955,0.000807,0.924848,4560.000000,0,0
SAT_P2_S1,6925934.534012,0.000821,0.924877,4600.000000,0,0
SAT_P2_S1,6926460.549865,0.000833,0.924906,4640.000000,0,0
SAT_P2_S1,6926975.665967,0.000844,0.924934,4680.000000,0,0
SAT_P2_S1,6927475.762233,0.000853,0.924961,4720.000000,0,0
SAT_P2_S1,6927956.966377,0.000860,0.924988,4760.000000,0,0
SAT_P2_S1,6928415.670563,0.000864,0.925013,4800.000000,0,0
SAT_P2_S1,6928848.560726,0.000866,0.925036,4840.000000,0,0
SAT_P2_S1,6929252.689696,0.000865,0.925059,4880.000000,0,0
SAT_P2_S1,6929625.367361,0.000861,0.925079,4920.000000,0,0
SAT_P2_S1,6929964.110418,0.000855,0.925097,4960.000000,0,0
SAT_P2_S1,6930266.627915,0.000844,0.925114,5000.000000,0,0
SAT_P2_S1,6930530.781887,0.000830,0.925128,5040.000000,0,0
SAT_P2_S1,6930754.533414,0.000813,0.925140,5080.000000,0,0
SAT_P2_S1,6930935.918558,0.000791,0.925149,5120.000000,0,0
SAT_P2_S1,6931073.123307,0.000766,0.925156,5160.000000,0,0
SAT_P2_S1,6931164.590104,0.000736,0.925161,5200.000000,0,0
SAT_P2_S1,6931208.957936,0.000702,0.925162,5240.000000,0,0
SAT_P2_S1,6931205.236188,0.000664,0.925162,5280.000000,0,0
SAT_P2_S1,6931152.901036,0.000621,0.925159,5320.000000,0,0
SAT_P2_S1,6931051.963277,0.000575,0.925153,5360.000000,0,0
SAT_P2_S1,6930902.995465,0.000524,0.925145,5400.000000,0,0
SAT_P2_S1,6930707.169163,0.000469,0.925134,5440.000000,0,0
SAT_P2_S1,6930466.330413,0.000411,0.925122,5480.000000,0,0
SAT_P2_S1,6930182.876939,0.000349,0.925107,5520.000000,0,0
SAT_P2_S1,6929859.682086,0.000284,0.925090,5560.000000,0,0
SAT_P2_S1,6929500.038117,0.000216,0.925071,5600.000000,0,0
SAT_P2_S1,6929107.554626,0.000147,0.925050,5640.000000,0,0
SAT_P2_S1,6928686.027117,0.000075,0.925027,5680.000000,0,0
SAT_P2_S1,6928239.321085,0.000003,0.925003,5720.000000,0,0
SAT_P2_S1,6927771.339081,0.000071,0.924978,5760.000000,0,0
SAT_P2_S1,6927286.011053,0.000145,0.924951,5800.000000,0,0
SAT_P2_S1,6926787.135170,0.000219,0.924924,5840.000000,0,0
SAT_P2_S1,6926278.441013,0.000293,0.924896,5880.000000,0,0
SAT_P2_S1,6925763.597629,0.000366,0.924867,5920.000000,0,0
SAT_P2_S1,6925246.213292,0.000437,0.924838,5960.000000,0,0
SAT_P2_S1,6924729.817031,0.000507,0.924809,6000.000000,0,0
SAT_P2_S1,6924217.876454,0.000575,0.924780,6040.000000,0,0
SAT_P2_S1,6923713.887885,0.000641,0.924751,6080.000000,0,0
SAT_P2_S1,6923221.286464,0.000704,0.924723,6120.000000,0,0
SAT_P2_S1,6922743.425776,0.000763,0.924696,6160.000000,0,0
SAT_P2_S1,6922283.597252,0.000820,0.924670,6200.000000,0,0
SAT_P2_S1,6921845.009917,0.000872,0.924645,6240.000000,0,0
SAT_P2_S1,6921430.741077,0.000920,0.924622,6280.000000,0,0
SAT_P2_S1,6921043.697304,0.000964,0.924600,6320.000000,0,0
SAT_P2_S1,6920686.645989,0.001003,0.924580,6360.000000,0,0
SAT_P2_S1,6920362.250526,0.001037,0.924562,6400.000000,0,0
SAT_P2_S1,6920072.935863,0.001065,0.924546,6440.000000,0,0
SAT_P2_S1,6919820.956093,0.001088,0.924532,6480.000000,0,0
SAT_P2_S1,6919608.384740,0.001105,0.924521,6520.000000,0,0
SAT_P2_S1,6919437.082852,0.001117,0.924511,6560.000000,0,0
SAT_P2_S1,6919308.639840,0.001122,0.924505,6600.000000,0,0
SAT_P2_S1,6919224.343631,0.001121,0.924500,6640.000000,0,0
SAT_P2_S1,6919185.218399,0.001114,0.924499,6680.000000,0,0
SAT_P2_S1,6919191.902487,0.001100,0.924499,6720.000000,0,0
SAT_P2_S1,6919244.602656,0.001080,0.924503,6760.000000,0,0
SAT_P2_S1,6919343.100765,0.001054,0.924508,6800.000000,0,0
SAT_P2_S1,6919486.742304,0.001022,0.924517,6840.000000,0,0
SAT_P2_S1,6919674.410829,0.000984,0.924528,6880.000000,0,0
SAT_P2_S1,6919904.526877,0.000941,0.924541,6920.000000,0,0
SAT_P2_S1,6920175.133183,0.000892,0.924556,6960.000000,0,0
SAT_P2_S1,6920483.994093,0.000838,0.924573,7000.000000,0,0
SAT_P2_S1,6920828.516449,0.000780,0.924593,7040.000000,0,0
SAT_P2_S1,6921205.887266,0.000718,0.924614,7080.000000,0,0
SAT_P2_S1,6921613.124587,0.000652,0.924637,7120.000000,0,0
SAT_P2_S1,6922047.101113,0.000584,0.924662,7160.000000,0,0
SAT_P2_S1,6922504.534788,0.000513,0.924687,7200.000000,0,0
SAT_P2_S1,6922982.002827,0.000442,0.924714,7240.000000,0,0
SAT_P2_S1,6923476.015832,0.000372,0.924742,7280.000000,0,0
SAT_P2_S1,6923982.929189,0.000306,0.924771,7320.000000,0,0
SAT_P2_S1,6924498.928257,0.000249,0.924800,7360.000000,0,0
SAT_P2_S1,6925020.064092,0.000211,0.924829,7400.000000,0,0
SAT_P2_S1,6925542.272178,0.000205,0.924858,7440.000000,0,0
SAT_P2_S1,6926061.376928,0.000232,0.924887,7480.000000,0,0
SAT_P2_S1,6926573.121226,0.000284,0.924916,7520.000000,0,0
SAT_P2_S1,6927073.283539,0.000348,0.924944,7560.000000,0,0
SAT_P2_S1,6927557.807589,0.000417,0.924971,7600.000000,0,0
SAT_P2_S1,6928022.745898,0.000489,0.924997,7640.000000,0,0
SAT_P2_S1,6928464.420126,0.000560,0.925022,7680.000000,0,0
SAT_P2_S1,6928879.476735,0.000630,0.925045,7720.000000,0,0
SAT_P2_S1,6929264.901553,0.000698,0.925066,7760.000000,0,0
SAT_P2_S1,6929618.046534,0.000762,0.925086,7800.000000,0,0
SAT_P2_S1,6929936.630576,0.000822,0.925104,7840.000000,0,0
SAT_P2_S1,6930218.680237,0.000879,0.925119,7880.000000,0,0
SAT_P2_S1,6930462.462254,0.000931,0.925133,7920.000000,0,0
SAT_P2_S1,6930666.471179,0.000978,0.925144,7960.000000,0,0
SAT_P2_S1,6930829.436151,0.001020,0.925153,8000.000000,0,0
SAT_P2_S1,6930950.166714,0.001058,0.925159,8040.000000,0,0
SAT_P2_S1,6931027.610849,0.001089,0.925163,8080.000000,0,0
SAT_P2_S1,6931060.876946,0.001116,0.925164,8120.000000,0,0
SAT_P2_S1,6931049.262599,0.001136,0.925163,8160.000000,0,0
SAT_P2_S1,6930992.275919,0.001151,0.925159,8200.000000,0,0
SAT_P2_S1,6930889.703890,0.001159,0.925152,8240.000000,0,0
SAT_P2_S1,6930741.773057,0.001162,0.925143,8280.000000,0,0
SAT_P2_S1,6930549.138007,0.001159,0.925132,8320.000000,0,0
SAT_P2_S1,6930312.897734,0.001150,0.925118,8360.000000,0,0
SAT_P2_S1,6930034.666963,0.001135,0.925102,8400.000000,0,0
SAT_P2_S1,6929716.572437,0.001114,0.925084,8440.000000,0,0
SAT_P2_S1,6929361.195193,0.001087,0.925064,8480.000000,0,0
SAT_P2_S1,6928971.497221,0.001056,0.925042,8520.000000,0,0
SAT_P2_S1,6928550.792470,0.001020,0.925019,8560.000000,0,0
SAT_P2_S1,6928102.722890,0.000979,0.924994,8600.000000,0,0
SAT_P2_S1,6927631.061849,0.000934,0.924968,8640.000000,0,0
SAT_P2_S1,6927139.715589,0.000885,0.924941,8680.000000,0,0
SAT_P2_S1,6926632.676586,0.000833,0.924913,8720.000000,0,0
SAT_P2_S1,6926113.976549,0.000778,0.924885,8760.000000,0,0
SAT_P2_S1,6925587.628437,0.000720,0.924856,8800.000000,0,0
SAT_P2_S1,6925057.614326,0.000660,0.924827,8840.000000,0,0
SAT_P2_S1,6924527.967157,0.000599,0.924798,8880.000000,0,0
SAT_P2_S1,6924002.696265,0.000536,0.924769,8920.000000,0,0
SAT_P2_S1,6923485.752436,0.000473,0.924741,8960.000000,0,0
SAT_P2_S1,6922981.061152,0.000409,0.924713,9000.000000,0,0
SAT_P2_S1,6922492.501501,0.000345,0.924686,9040.000000,0,0
SAT_P2_S1,6922023.847416,0.000282,0.924661,9080.000000,0,0
SAT_P2_S1,6921578.707733,0.000221,0.924636,9120.000000,0,0
SAT_P2_S1,6921160.525536,0.000163,0.924613,9160.000000,0,0
SAT_P2_S1,6920772.594470,0.000110,0.924592,9200.000000,0,0
SAT_P2_S1,6920417.895343,0.000075,0.924572,9240.000000,0,0
SAT_P2_S1,6920099.142369,0.000080,0.924555,9280.000000,0,0
SAT_P2_S1,6919818.771766,0.000116,0.924540,9320.000000,0,0
SAT_P2_S1,6919578.923778,0.000162,0.924526,9360.000000,0,0
SAT_P2_S1,6919381.406705,0.000210,0.924515,9400.000000,0,0
SAT_P2_S1,6919227.698117,0.000257,0.924507,9440.000000,0,0
SAT_P2_S1,6919119.028429,0.000302,0.924501,9480.000000,0,0
SAT_P2_S1,6919056.308767,0.000345,0.924498,9520.000000,0,0
SAT_P2_S1,6919040.096524,0.000386,0.924497,9560.000000,0,0
SAT_P2_S1,6919070.626347,0.000424,0.924499,9600.000000,0,0
SAT_P2_S1,6919147.794142,0.000459,0.924503,9640.000000,0,0
SAT_P2_S1,6919271.112005,0.000492,0.924510,9680.000000,0,0
SAT_P2_S1,6919439.664553,0.000523,0.924519,9720.000000,0,0
SAT_P2_S1,6919652.183034,0.000552,0.924531,9760.000000,0,0
SAT_P2_S1,6919906.984255,0.000578,0.924545,9800.000000,0,0
SAT_P2_S1,6920202.004078,0.000603,0.924561,9840.000000,0,0
SAT_P2_S1,6920534.837726,0.000625,0.924580,9880.000000,0,0
SAT_P2_S1,6920902.748830,0.000647,0.924600,9920.000000,0,0
SAT_P2_S1,6921302.701813,0.000667,0.924622,9960.000000,0,0
SAT_P2_S1,6921731.475835,0.000686,0.924646,10000.000000,0,0
SAT_P2_S1,6922185.732328,0.000703,0.924671,10040.000000,0,0
SAT_P2_S1,6922661.950741,0.000720,0.924697,10080.000000,0,0
SAT_P2_S1,6923156.536654,0.000736,0.924724,10120.000000,0,0
SAT_P2_S1,6923665.846656,0.000752,0.924752,10160.000000,0,0
SAT_P2_S1,6924186.180989,0.000766,0.924781,10200.000000,0,0
SAT_P2_S1,6924713.754466,0.000780,0.924810,10240.000000,0,0
SAT_P2_S1,6925244.706244,0.000793,0.924839,10280.000000,0,0
SAT_P2_S1,6925775.175386,0.000805,0.924868,10320.000000,0,0
SAT_P2_S1,6926301.198602,0.000815,0.924897,10360.000000,0,0
SAT_P2_S1,6926818.743282,0.000824,0.924926,10400.000000,0,0
SAT_P2_S1,6927323.759460,0.000832,0.924953,10440.000000,0,0
SAT_P2_S1,6927812.220461,0.000838,0.924980,10480.000000,0,0
SAT_P2_S1,6928280.143688,0.000842,0.925005,10520.000000,0,0
SAT_P2_S1,6928723.636022,0.000843,0.925029,10560.000000,0,0
SAT_P2_S1,6929139.022842,0.000842,0.925052,10600.000000,0,0
SAT_P2_S1,6929522.930331,0.000838,0.925073,10640.000000,0,0
SAT_P2_S1,6929872.232936,0.000831,0.925092,10680.000000,0,0
SAT_P2_S1,6930184.174423,0.000821,0.925109,10720.000000,0,0
SAT_P2_S1,6930456.401129,0.000807,0.925124,10760.000000,0,0
SAT_P2_S1,6930686.957842,0.000789,0.925136,10800.000000,0,0
SAT_P2_S1,6930874.255953,0.000768,0.925146,10840.000000,0,0
SAT_P2_S1,6931017.073232,0.000743,0.925154,10880.000000,0,0
SAT_P2_S1,6931114.609905,0.000714,0.925159,10920.000000,0,0
SAT_P2_S1,6931166.358057,0.000681,0.925162,10960.000000,0,0
SAT_P2_S1,6931172.097206,0.000644,0.925162,11000.000000,0,0
SAT_P2_S1,6931131.899943,0.000603,0.925160,11040.000000,0,0
SAT_P2_S1,6931046.119906,0.000558,0.925155,11080.000000,0,0
SAT_P2_S1,6930915.356377,0.000510,0.925147,11120.000000,0,0
SAT_P2_S1,6930740.442136,0.000458,0.925137,11160.000000,0,0
SAT_P2_S1,6930522.515620,0.000403,0.925125,11200.000000,0,0
SAT_P2_S1,6930263.052614,0.000345,0.925110,11240.000000,0,0
SAT_P2_S1,6929963.774158,0.000283,0.925094,11280.000000,0,0
SAT_P2_S1,6929626.733813,0.000219,0.925075,11320.000000,0,0
SAT_P2_S1,6929254.330595,0.000153,0.925054,11360.000000,0,0
SAT_P2_S1,6928849.294293,0.000086,0.925032,11400.000000,0,0
SAT_P2_S1,6928414.650292,0.000027,0.925008,11440.000000,0,0
SAT_P2_S1,6927953.721493,0.000066,0.924983,11480.000000,0,0
SAT_P2_S1,6927470.190671,0.000137,0.924956,11520.000000,0,0
SAT_P2_S1,6926967.965840,0.000210,0.924929,11560.000000,0,0
SAT_P2_S1,6926451.167676,0.000283,0.924901,11600.000000,0,0
SAT_P2_S1,6925924.114582,0.000356,0.924873,11640.000000,0,0
SAT_P2_S1,6925391.274060,0.000429,0.924844,11680.000000,0,0
SAT_P2_S1,6924857.177582,0.000500,0.924815,11720.000000,0,0
SAT_P2_S1,6924326.345201,0.000569,0.924786,11760.000000,0,0
SAT_P2_S1,6923803.278142,0.000636,0.924758,11800.000000,0,0
SAT_P2_S1,6923292.405514,0.000700,0.924730,11840.000000,0,0
SAT_P2_S1,6922797.918275,0.000760,0.924703,11880.000000,0,0
SAT_P2_S1,6922323.774097,0.000817,0.924676,11920.000000,0,0
SAT_P2_S1,6921873.647833,0.000869,0.924651,11960.000000,0,0
SAT_P2_S1,6921450.873402,0.000917,0.924627,12000.000000,0,0
SAT_P2_S1,6921058.386241,0.000960,0.924605,12040.000000,0,0
SAT_P2_S1,6920698.727762,0.000998,0.924584,12080.000000,0,0
SAT_P2_S1,6920374.141644,0.001031,0.924566,12120.000000,0,0
SAT_P2_S1,6920086.488617,0.001058,0.924549,12160.000000,0,0
SAT_P2_S1,6919837.306942,0.001080,0.924534,12200.000000,0,0
SAT_P2_S1,6919627.886069,0.001095,0.924522,12240.000000,0,0
SAT_P2_S1,6919459.311630,0.001105,0.924512,12280.000000,0,0
SAT_P2_S1,6919332.474020,0.001110,0.924505,12320.000000,0,0
SAT_P2_S1,6919248.081606,0.001108,0.924500,12360.000000,0,0
SAT_P2_S1,6919206.730418,0.001100,0.924497,12400.000000,0,0
SAT_P2_S1,6919208.910048,0.001086,0.924497,12440.000000,0,0
SAT_P2_S1,6919254.878739,0.001067,0.924500,12480.000000,0,0
SAT_P2_S1,6919344.691362,0.001041,0.924505,12520.000000,0,0
SAT_P2_S1,6919478.153315,0.001010,0.924513,12560.000000,0,0
SAT_P2_S1,6919654.752664,0.000973,0.924523,12600.000000,0,0
SAT_P2_S1,6919873.583231,0.000930,0.924535,12640.000000,0,0
SAT_P2_S1,6920133.321725,0.000882,0.924549,12680.000000,0,0
SAT_P2_S1,6920432.290902,0.000829,0.924566,12720.000000,0,0
SAT_P2_S1,6920768.356021,0.000771,0.924585,12760.000000,0,0
SAT_P2_S1,6921138.966849,0.000710,0.924606,12800.000000,0,0
SAT_P2_S1,6921541.224201,0.000644,0.924628,12840.000000,0,0
SAT_P2_S1,6921971.932148,0.000576,0.924652,12880.000000,0,0
SAT_P2_S1,6922427.625100,0.000505,0.924677,12920.000000,0,0
SAT_P2_S1,6922904.611805,0.000434,0.924704,12960.000000,0,0
SAT_P2_S1,6923399.091072,0.000364,0.924731,13000.000000,0,0
SAT_P2_S1,6923907.212308,0.000298,0.924760,13040.000000,0,0
SAT_P2_S1,6924425.003745,0.000242,0.924788,13080.000000,0,0
SAT_P2_S1,6924948.467965,0.000206,0.924818,13120.000000,0,0
SAT_P2_S1,6925473.599776,0.000203,0.924847,13160.000000,0,0
SAT_P2_S1,6925996.379947,0.000234,0.924876,13200.000000,0,0
SAT_P2_S1,6926512.755895,0.000288,0.924905,13240.000000,0,0
SAT_P2_S1,6927018.671564,0.000354,0.924933,13280.000000,0,0
SAT_P2_S1,6927510.175761,0.000425,0.924960,13320.000000,0,0
SAT_P2_S1,6927983.352221,0.000497,0.924987,13360.000000,0,0
SAT_P2_S1,6928434.386326,0.000570,0.925012,13400.000000,0,0
SAT_P2_S1,6928859.652386,0.000641,0.925036,13440.000000,0,0
SAT_P2_S1,6929255.745545,0.000710,0.925059,13480.000000,0,0
SAT_P2_S1,6929619.536036,0.000775,0.925079,13520.000000,0,0
SAT_P2_S1,6929948.238235,0.000836,0.925098,13560.000000,0,0
SAT_P2_S1,6930239.431787,0.000894,0.925115,13600.000000,0,0
SAT_P2_S1,6930491.047850,0.000946,0.925130,13640.000000,0,0
SAT_P2_S1,6930701.377461,0.000994,0.925142,13680.000000,0,0
SAT_P2_S1,6930869.137980,0.001037,0.925152,13720.000000,0,0
SAT_P2_S1,6930993.365210,0.001074,0.925160,13760.000000,0,0
SAT_P2_S1,6931073.375675,0.001105,0.925165,13800.000000,0,0
SAT_P2_S1,6931108.770649,0.001131,0.925168,13840.000000,0,0
SAT_P2_S1,6931099.413198,0.001152,0.925169,13880.000000,0,0
SAT_P2_S1,6931045.383190,0.001166,0.925167,13920.000000,0,0
SAT_P2_S1,6930946.952283,0.001175,0.925162,13960.000000,0,0
SAT_P2_S1,6930804.643234,0.001178,0.925155,14000.000000,0,0
SAT_P2_S1,6930619.300257,0.001175,0.925146,14040.000000,0,0
SAT_P2_S1,6930391.982318,0.001166,0.925134,14080.000000,0,0
SAT_P2_S1,6930124.076059,0.001152,0.925120,14120.000000,0,0
SAT_P2_S1,6929817.325320,0.001132,0.925104,14160.000000,0,0
SAT_P2_S1,6929473.835055,0.001106,0.925086,14200.000000,0,0
SAT_P2_S1,6929096.042773,0.001076,0.925066,14240.000000,0,0
SAT_P2_S1,6928686.714204,0.001041,0.925044,14280.000000,0,0
SAT_P2_S1,6928248.998920,0.001001,0.925021,14320.000000,0,0
SAT_P2_S1,6927786.308018,0.000957,0.924996,14360.000000,0,0
SAT_P2_S1,6927302.260527,0.000909,0.924970,14400.000000,0,0
SAT_P2_S1,6926800.668323,0.000857,0.924943,14440.000000,0,0
SAT_P2_S1,6926285.488127,0.000802,0.924916,14480.000000,0,0
SAT_P2_S1,6925760.746840,0.000744,0.924888,14520.000000,0,0
SAT_P2_S1,6925230.481650,0.000685,0.924860,14560.000000,0,0
SAT_P2_S1,6924698.757893,0.000623,0.924831,14600.000000,0,0
SAT_P2_S1,6924169.693651,0.000559,0.924803,14640.000000,0,0
SAT_P2_S1,6923647.311400,0.000495,0.924775,14680.000000,0,0
SAT_P2_S1,6923135.603512,0.000430,0.924747,14720.000000,0,0
SAT_P2_S1,6922638.519883,0.000365,0.924721,14760.000000,0,0
SAT_P2_S1,6922159.936054,0.000301,0.924695,14800.000000,0,0
SAT_P2_S1,6921703.596009,0.000237,0.924671,14840.000000,0,0
SAT_P2_S1,6921273.087217,0.000175,0.924648,14880.000000,0,0
SAT_P2_S1,6920871.886209,0.000118,0.924626,14920.000000,0,0
SAT_P2_S1,6920503.235722,0.000073,0.924606,14960.000000,0,0
SAT_P2_S1,6920170.098520,0.000065,0.924588,15000.000000,0,0
SAT_P2_S1,6919875.157539,0.000100,0.924573,15040.000000,0,0
SAT_P2_S1,6919620.787849,0.000148,0.924559,15080.000000,0,0
SAT_P2_S1,6919409.005227,0.000198,0.924547,15120.000000,0,0
SAT_P2_S1,6919241.430891,0.000247,0.924538,15160.000000,0,0
SAT_P2_S1,6919119.333476,0.000294,0.924532,15200.000000,0,0
SAT_P2_S1,6919043.676333,0.000339,0.924528,15240.000000,0,0
SAT_P2_S1,6919014.991273,0.000381,0.924526,15280.000000,0,0
SAT_P2_S1,6919033.465020,0.000420,0.924527,15320.000000,0,0
SAT_P2_S1,6919098.946762,0.000457,0.924531,15360.000000,0,0
SAT_P2_S1,6919210.939251,0.000491,0.924537,15400.000000,0,0
SAT_P2_S1,6919368.562077,0.000523,0.924545,15440.000000,0,0
SAT_P2_S1,6919570.592035,0.000553,0.924556,15480.000000,0,0
SAT_P2_S1,6919815.472980,0.000580,0.924570,15520.000000,0,0
SAT_P2_S1,6920101.277655,0.000606,0.924586,15560.000000,0,0
SAT_P2_S1,6920425.749055,0.000629,0.924603,15600.000000,0,0
SAT_P2_S1,6920786.294054,0.000651,0.924623,15640.000000,0,0
SAT_P2_S1,6921179.978639,0.000672,0.924645,15680.000000,0,0
SAT_P2_S1,6921603.585058,0.000691,0.924668,15720.000000,0,0
SAT_P2_S1,6922053.735817,0.000709,0.924693,15760.000000,0,0
SAT_P2_S1,6922526.810488,0.000726,0.924719,15800.000000,0,0
SAT_P2_S1,6923019.045515,0.000742,0.924747,15840.000000,0,0
SAT_P2_S1,6923526.599172,0.000757,0.924775,15880.000000,0,0
SAT_P2_S1,6924045.590071,0.000771,0.924804,15920.000000,0,0
SAT_P2_S1,6924572.099304,0.000785,0.924833,15960.000000,0,0
SAT_P2_S1,6925102.186766,0.000797,0.924862,16000.000000,0,0
SAT_P2_S1,6925631.975629,0.000808,0.924892,16040.000000,0,0
SAT_P2_S1,6926157.642716,0.000819,0.924921,16080.000000,0,0
SAT_P2_S1,6926675.350945,0.000828,0.924950,16120.000000,0,0
SAT_P2_S1,6927181.310454,0.000835,0.924978,16160.000000,0,0
SAT_P2_S1,6927671.789611,0.000840,0.925005,16200.000000,0,0
SAT_P2_S1,6928143.104702,0.000844,0.925032,16240.000000,0,0
SAT_P2_S1,6928591.609951,0.000845,0.925056,16280.000000,0,0
SAT_P2_S1,6929013.749408,0.000844,0.925080,16320.000000,0,0
SAT_P2_S1,6929406.176294,0.000840,0.925102,16360.000000,0,0
SAT_P2_S1,6929765.665131,0.000833,0.925122,16400.000000,0,0
SAT_P2_S1,6930089.209443,0.000823,0.925140,16440.000000,0,0
SAT_P2_S1,6930374.086919,0.000810,0.925156,16480.000000,0,0
SAT_P2_S1,6930617.900500,0.000793,0.925169,16520.000000,0,0
SAT_P2_S1,6930818.584861,0.000772,0.925181,16560.000000,0,0
SAT_P2_S1,6930974.428948,0.000747,0.925190,16600.000000,0,0
SAT_P2_S1,6931084.168828,0.000718,0.925196,16640.000000,0,0
SAT_P2_S1,6931146.983936,0.000685,0.925200,16680.000000,0,0
SAT_P2_S1,6931162.430182,0.000649,0.925201,16720.000000,0,0
SAT_P2_S1,6931130.498984,0.000608,0.925200,16760.000000,0,0
SAT_P2_S1,6931051.615631,0.000563,0.925196,16800.000000,0,0
SAT_P2_S1,6930926.605652,0.000515,0.925190,16840.000000,0,0
SAT_P2_S1,6930756.649946,0.000463,0.925181,16880.000000,0,0
SAT_P2_S1,6930543.287643,0.000407,0.925170,16920.000000,0,0
SAT_P2_S1,6930288.470005,0.000349,0.925156,16960.000000,0,0
SAT_P2_S1,6929994.403379,0.000287,0.925141,17000.000000,0,0
SAT_P2_S1,6929663.563770,0.000223,0.925123,17040.000000,0,0
SAT_P2_S1,6929298.675265,0.000157,0.925103,17080.000000,0,0
SAT_P2_S1,6928902.666760,0.000089,0.925081,17120.000000,0,0
SAT_P2_S1,6928478.600354,0.000024,0.925058,17160.000000,0,0
SAT_P2_S1,6928029.625486,0.000057,0.925033,17200.000000,0,0
SAT_P2_S1,6927559.018595,0.000128,0.925007,17240.000000,0,0
SAT_P2_S1,6927070.146342,0.000200,0.924980,17280.000000,0,0
SAT_P2_S1,6926566.383811,0.000273,0.924952,17320.000000,0,0
SAT_P2_S1,6926051.177600,0.000346,0.924924,17360.000000,0,0
SAT_P2_S1,6925528.065288,0.000418,0.924895,17400.000000,0,0
SAT_P2_S1,6925000.673897,0.000488,0.924866,17440.000000,0,0
SAT_P2_S1,6924472.712932,0.000558,0.924837,17480.000000,0,0
SAT_P2_S1,6923948.016570,0.000626,0.924808,17520.000000,0,0
SAT_P2_S1,6923430.633046,0.000691,0.924780,17560.000000,0,0
SAT_P2_S1,6922924.683235,0.000753,0.924752,17600.000000,0,0
SAT_P2_S1,6922434.381551,0.000812,0.924726,17640.000000,0,0
SAT_P2_S1,6921963.998394,0.000868,0.924700,17680.000000,0,0
SAT_P2_S1,6921517.781326,0.000919,0.924676,17720.000000,0,0
SAT_P2_S1,6921099.833192,0.000965,0.924653,17760.000000,0,0
SAT_P2_S1,6920714.002149,0.001006,0.924632,17800.000000,0,0
SAT_P2_S1,6920363.841921,0.001042,0.924613,17840.000000,0,0
SAT_P2_S1,6920052.500919,0.001072,0.924596,17880.000000,0,0
SAT_P2_S1,6919782.581046,0.001096,0.924581,17920.000000,0,0
SAT_P2_S1,6919556.140703,0.001114,0.924568,17960.000000,0,0
SAT_P2_S1,6919374.683015,0.001125,0.924557,18000.000000,0,0
SAT_P2_S1,6919239.146904,0.001130,0.924549,18040.000000,0,0
SAT_P2_S1,6919149.917565,0.001129,0.924543,18080.000000,0,0
SAT_P2_S1,6919106.914852,0.001121,0.924540,18120.000000,0,0
SAT_P2_S1,6919109.761747,0.001107,0.924539,18160.000000,0,0
SAT_P2_S1,6919157.726723,0.001087,0.924541,18200.000000,0,0
SAT_P2_S1,6919249.855288,0.001060,0.924546,18240.000000,0,0
SAT_P2_S1,6919385.048353,0.001029,0.924552,18280.000000,0,0
SAT_P2_S1,6919562.096649,0.000991,0.924562,18320.000000,0,0
SAT_P2_S1,6919779.664541,0.000949,0.924573,18360.000000,0,0
SAT_P2_S1,6920036.273353,0.000901,0.924587,18400.000000,0,0
SAT_P2_S1,6920330.335082,0.000848,0.924603,18440.000000,0,0
SAT_P2_S1,6920660.091274,0.000791,0.924621,18480.000000,0,0
SAT_P2_S1,6921023.501574,0.000730,0.924641,18520.000000,0,0
SAT_P2_S1,6921418.253192,0.000665,0.924663,18560.000000,0,0
SAT_P2_S1,6921841.737116,0.000598,0.924687,18600.000000,0,0
SAT_P2_S1,6922291.014940,0.000528,0.924711,18640.000000,0,0
SAT_P2_S1,6922762.797683,0.000457,0.924737,18680.000000,0,0
SAT_P2_S1,6923253.498469,0.000386,0.924765,18720.000000,0,0
SAT_P2_S1,6923759.365855,0.000319,0.924792,18760.000000,0,0
SAT_P2_S1,6924276.409478,0.000261,0.924821,18800.000000,0,0
SAT_P2_S1,6924800.518156,0.000220,0.924850,18840.000000,0,0
SAT_P2_S1,6925327.542832,0.000209,0.924879,18880.000000,0,0
SAT_P2_S1,6925853.350613,0.000232,0.924908,18920.000000,0,0
SAT_P2_S1,6926373.839762,0.000281,0.924937,18960.000000,0,0
SAT_P2_S1,6926884.966016,0.000345,0.924965,19000.000000,0,0
SAT_P2_S1,6927382.833219,0.000415,0.924993,19040.000000,0,0
SAT_P2_S1,6927863.688235,0.000488,0.925019,19080.000000,0,0
SAT_P2_S1,6928323.858950,0.000561,0.925045,19120.000000,0,0
SAT_P2_S1,6928759.824190,0.000633,0.925069,19160.000000,0,0
SAT_P2_S1,6929168.216480,0.000702,0.925091,19200.000000,0,0
SAT_P2_S1,6929545.825563,0.000769,0.925112,19240.000000,0,0
SAT_P2_S1,6929889.644105,0.000833,0.925131,19280.000000,0,0
SAT_P2_S1,6930196.914039,0.000892,0.925148,19320.000000,0,0
SAT_P2_S1,6930465.138435,0.000947,0.925163,19360.000000,0,0
SAT_P2_S1,6930692.107724,0.000997,0.925176,19400.000000,0,0
SAT_P2_S1,6930875.997905,0.001042,0.925186,19440.000000,0,0
SAT_P2_S1,6931015.432580,0.001081,0.925194,19480.000000,0,0
SAT_P2_S1,6931109.384393,0.001114,0.925200,19520.000000,0,0
SAT_P2_S1,6931157.259474,0.001142,0.925203,19560.000000,0,0
SAT_P2_S1,6931158.892152,0.001164,0.925204,19600.000000,0,0
SAT_P2_S1,6931114.508914,0.001180,0.925202,19640.000000,0,0
SAT_P2_S1,6931024.667392,0.001190,0.925197,19680.000000,0,0
SAT_P2_S1,6930890.232322,0.001194,0.925191,19720.000000,0,0
SAT_P2_S1,6930712.422898,0.001192,0.925181,19760.000000,0,0
SAT_P2_S1,6930492.686490,0.001184,0.925170,19800.000000,0,0
SAT_P2_S1,6930232.687227,0.001171,0.925156,19840.000000,0,0
SAT_P2_S1,6929934.325387,0.001152,0.925140,19880.000000,0,0
SAT_P2_S1,6929599.736823,0.001128,0.925122,19920.000000,0,0
SAT_P2_S1,6929231.266562,0.001099,0.925102,19960.000000,0,0
SAT_P2_S1,6928831.459023,0.001065,0.925081,20000.000000,0,0
SAT_P2_S1,6928403.123879,0.001026,0.925058,20040.000000,0,0
SAT_P2_S1,6927949.369669,0.000983,0.925033,20080.000000,0,0
SAT_P2_S1,6927473.479272,0.000936,0.925007,20120.000000,0,0
SAT_P2_S1,6926978.973907,0.000886,0.924980,20160.000000,0,0
SAT_P2_S1,6926469.590101,0.000832,0.924953,20200.000000,0,0
SAT_P2_S1,6925949.228847,0.000775,0.924925,20240.000000,0,0
SAT_P2_S1,6925421.881426,0.000716,0.924896,20280.000000,0,0
SAT_P2_S1,6924891.592731,0.000654,0.924867,20320.000000,0,0
SAT_P2_S1,6924362.495638,0.000591,0.924839,20360.000000,0,0
SAT_P2_S1,6923838.669978,0.000527,0.924811,20400.000000,0,0
SAT_P2_S1,6923324.114740,0.000462,0.924783,20440.000000,0,0
SAT_P2_S1,6922822.748505,0.000397,0.924756,20480.000000,0,0
SAT_P2_S1,6922338.388225,0.000332,0.924730,20520.000000,0,0
SAT_P2_S1,6921874.702240,0.000267,0.924705,20560.000000,0,0
SAT_P2_S1,6921435.179929,0.000204,0.924682,20600.000000,0,0
SAT_P2_S1,6921023.176986,0.000143,0.924660,20640.000000,0,0
SAT_P2_S1,6920641.932157,0.000087,0.924640,20680.000000,0,0
SAT_P2_S1,6920294.433489,0.000052,0.924621,20720.000000,0,0
SAT_P2_S1,6919983.473785,0.000072,0.924605,20760.000000,0,0
SAT_P2_S1,6919711.626750,0.000119,0.924590,20800.000000,0,0
SAT_P2_S1,6919481.201081,0.000171,0.924578,20840.000000,0,0
SAT_P2_S1,6919294.176272,0.000221,0.924569,20880.000000,0,0
SAT_P2_S1,6919152.180160,0.000270,0.924561,20920.000000,0,0
SAT_P2_S1,6919056.541856,0.000317,0.924557,20960.000000,0,0
SAT_P2_S1,6919008.171173,0.000361,0.924554,21000.000000,0,0
SAT_P2_S1,6919007.553854,0.000402,0.924555,21040.000000,0,0
SAT_P2_S1,6919054.775814,0.000441,0.924557,21080.000000,0,0
SAT_P2_S1,6919149.526555,0.000477,0.924563,21120.000000,0,0
SAT_P2_S1,6919291.078514,0.000511,0.924571,21160.000000,0,0
SAT_P2_S1,6919478.283935,0.000542,0.924581,21200.000000,0,0
SAT_P2_S1,6919709.685431,0.000571,0.924593,21240.000000,0,0
SAT_P2_S1,6919983.448855,0.000598,0.924608,21280.000000,0,0
SAT_P2_S1,6920297.425955,0.000623,0.924625,21320.000000,0,0
SAT_P2_S1,6920649.167425,0.000646,0.924645,21360.000000,0,0
SAT_P2_S1,6921035.906891,0.000668,0.924666,21400.000000,0,0
SAT_P2_S1,6921454.573466,0.000688,0.924688,21440.000000,0,0
SAT_P2_S1,6921901.884063,0.000707,0.924713,21480.000000,0,0
SAT_P2_S1,6922374.312200,0.000725,0.924738,21520.000000,0,0
SAT_P2_S1,6922868.067546,0.000743,0.924765,21560.000000,0,0
SAT_P2_S1,6923379.173196,0.000759,0.924793,21600.000000,0,0
SAT_P2_S1,6923903.505403,0.000774,0.924822,21640.000000,0,0
SAT_P2_S1,6924436.809826,0.000789,0.924851,21680.000000,0,0
SAT_P2_S1,6924974.723772,0.000802,0.924880,21720.000000,0,0
SAT_P2_S1,6925512.863814,0.000815,0.924910,21760.000000,0,0
SAT_P2_S1,6926046.951562,0.000826,0.924939,21800.000000,0,0
SAT_P2_S1,6926572.727196,0.000836,0.924969,21840.000000,0,0
SAT_P2_S1,6927086.070868,0.000844,0.924997,21880.000000,0,0
SAT_P2_S1,6927583.054124,0.000850,0.925025,21920.000000,0,0
SAT_P2_S1,6928059.967042,0.000854,0.925051,21960.000000,0,0
SAT_P2_S1,6928513.310451,0.000856,0.925077,22000.000000,0,0
SAT_P2_S1,6928939.808429,0.000855,0.925101,22040.000000,0,0
SAT_P2_S1,6929336.490097,0.000852,0.925123,22080.000000,0,0
SAT_P2_S1,6929700.638921,0.000846,0.925144,22120.000000,0,0
SAT_P2_S1,6930029.744392,0.000836,0.925163,22160.000000,0,0
SAT_P2_S1,6930321.541903,0.000824,0.925179,22200.000000,0,0
SAT_P2_S1,6930574.009632,0.000808,0.925193,22240.000000,0,0
SAT_P2_S1,6930785.338488,0.000788,0.925205,22280.000000,0,0
SAT_P2_S1,6930953.907397,0.000764,0.925215,22320.000000,0,0
SAT_P2_S1,6931078.326021,0.000737,0.925222,22360.000000,0,0
SAT_P2_S1,6931157.521080,0.000706,0.925226,22400.000000,0,0
SAT_P2_S1,6931190.621242,0.000670,0.925228,22440.000000,0,0
SAT_P2_S1,6931177.057234,0.000631,0.925228,22480.000000,0,0
SAT_P2_S1,6931116.604580,0.000588,0.925225,22520.000000,0,0
SAT_P2_S1,6931009.411872,0.000541,0.925219,22560.000000,0,0
SAT_P2_S1,6930856.000905,0.000490,0.925211,22600.000000,0,0
SAT_P2_S1,6930657.292184,0.000435,0.925201,22640.000000,0,0
SAT_P2_S1,6930414.704134,0.000377,0.925188,22680.000000,0,0
SAT_P2_S1,6930130.110773,0.000316,0.925173,22720.000000,0,0
SAT_P2_S1,6929805.791837,0.000252,0.925156,22760.000000,0,0
SAT_P2_S1,6929444.462873,0.000185,0.925137,22800.000000,0,0
SAT_P2_S1,6929049.242007,0.000117,0.925116,22840.000000,0,0
SAT_P2_S1,6928623.573860,0.000048,0.925093,22880.000000,0,0
SAT_P2_S1,6928171.143006,0.000035,0.925069,22920.000000,0,0
SAT_P2_S1,6927695.836497,0.000104,0.925044,22960.000000,0,0
SAT_P2_S1,6927201.733547,0.000177,0.925017,23000.000000,0,0
SAT_P2_S1,6926692.905202,0.000251,0.924990,23040.000000,0,0
SAT_P2_S1,6926173.413700,0.000324,0.924962,23080.000000,0,0
SAT_P2_S1,6925647.267294,0.000397,0.924934,23120.000000,0,0
SAT_P2_S1,6925118.375767,0.000469,0.924905,23160.000000,0,0
SAT_P2_S1,6924590.495712,0.000538,0.924876,23200.000000,0,0
SAT_P2_S1,6924067.222023,0.000606,0.924847,23240.000000,0,0
SAT_P2_S1,6923552.081022,0.000672,0.924819,23280.000000,0,0
SAT_P2_S1,6923048.503982,0.000734,0.924792,23320.000000,0,0
SAT_P2_S1,6922559.810777,0.000794,0.924765,23360.000000,0,0
SAT_P2_S1,6922089.294666,0.000850,0.924739,23400.000000,0,0
SAT_P2_S1,6921640.250835,0.000902,0.924715,23440.000000,0,0
SAT_P2_S1,6921215.964257,0.000950,0.924691,23480.000000,0,0
SAT_P2_S1,6920819.683357,0.000993,0.924670,23520.000000,0,0
SAT_P2_S1,6920454.632428,0.001031,0.924650,23560.000000,0,0
SAT_P2_S1,6920124.033822,0.001064,0.924632,23600.000000,0,0
SAT_P2_S1,6919830.919908,0.001092,0.924617,23640.000000,0,0
SAT_P2_S1,6919578.125941,0.001113,0.924603,23680.000000,0,0
SAT_P2_S1,6919368.216328,0.001129,0.924592,23720.000000,0,0
SAT_P2_S1,6919203.397110,0.001138,0.924583,23760.000000,0,0
SAT_P2_S1,6919085.409796,0.001140,0.924576,23800.000000,0,0
SAT_P2_S1,6919015.466157,0.001136,0.924572,23840.000000,0,0
SAT_P2_S1,6918994.281994,0.001125,0.924571,23880.000000,0,0
SAT_P2_S1,6919022.011525,0.001108,0.924572,23920.000000,0,0
SAT_P2_S1,6919098.209990,0.001084,0.924576,23960.000000,0,0
SAT_P2_S1,6919221.912257,0.001053,0.924582,24000.000000,0,0
SAT_P2_S1,6919391.687296,0.001017,0.924590,24040.000000,0,0
SAT_P2_S1,6919605.675727,0.000975,0.924601,24080.000000,0,0
SAT_P2_S1,6919861.635557,0.000927,0.924614,24120.000000,0,0
SAT_P2_S1,6920157.051218,0.000874,0.924629,24160.000000,0,0
SAT_P2_S1,6920489.273816,0.000817,0.924647,24200.000000,0,0
SAT_P2_S1,6920855.436229,0.000756,0.924666,24240.000000,0,0
SAT_P2_S1,6921252.569985,0.000691,0.924687,24280.000000,0,0
SAT_P2_S1,6921677.639797,0.000622,0.924710,24320.000000,0,0
SAT_P2_S1,6922127.548409,0.000552,0.924734,24360.000000,0,0
SAT_P2_S1,6922599.104447,0.000480,0.924760,24400.000000,0,0
SAT_P2_S1,6923089.009803,0.000409,0.924786,24440.000000,0,0
SAT_P2_S1,6923593.917168,0.000339,0.924814,24480.000000,0,0
SAT_P2_S1,6924110.368346,0.000277,0.924842,24520.000000,0,0
SAT_P2_S1,6924634.744499,0.000228,0.924870,24560.000000,0,0
SAT_P2_S1,6925163.311356,0.000204,0.924899,24600.000000,0,0
SAT_P2_S1,6925692.234879,0.000216,0.924928,24640.000000,0,0
SAT_P2_S1,6926217.577532,0.000259,0.924956,24680.000000,0,0
SAT_P2_S1,6926735.305298,0.000319,0.924985,24720.000000,0,0
SAT_P2_S1,6927241.365875,0.000388,0.925012,24760.000000,0,0
SAT_P2_S1,6927731.811373,0.000461,0.925039,24800.000000,0,0
SAT_P2_S1,6928202.709647,0.000535,0.925065,24840.000000,0,0
SAT_P2_S1,6928650.272558,0.000608,0.925089,24880.000000,0,0
SAT_P2_S1,6929070.910384,0.000679,0.925112,24920.000000,0,0
SAT_P2_S1,6929461.257967,0.000748,0.925134,24960.000000,0,0
SAT_P2_S1,6929818.213899,0.000813,0.925153,25000.000000,0,0
SAT_P2_S1,6930138.992323,0.000874,0.925171,25040.000000,0,0
SAT_P2_S1,6930421.126788,0.000931,0.925186,25080.000000,0,0
SAT_P2_S1,6930662.455105,0.000983,0.925200,25120.000000,0,0
SAT_P2_S1,6930861.144715,0.001029,0.925211,25160.000000,0,0
SAT_P2_S1,6931015.780036,0.001071,0.925220,25200.000000,0,0
SAT_P2_S1,6931125.252424,0.001107,0.925226,25240.000000,0,0
SAT_P2_S1,6931188.787510,0.001137,0.925230,25280.000000,0,0
SAT_P2_S1,6931205.969420,0.001161,0.925231,25320.000000,0,0
SAT_P2_S1,6931176.738922,0.001180,0.925230,25360.000000,0,0
SAT_P2_S1,6931101.359902,0.001192,0.925226,25400.000000,0,0
SAT_P2_S1,6930980.402407,0.001198,0.925220,25440.000000,0,0
SAT_P2_S1,6930814.802195,0.001198,0.925212,25480.000000,0,0
SAT_P2_S1,6930605.865767,0.001193,0.925201,25520.000000,0,0
SAT_P2_S1,6930355.164713,0.001182,0.925187,25560.000000,0,0
SAT_P2_S1,6930064.597081,0.001165,0.925172,25600.000000,0,0
SAT_P2_S1,6929736.381556,0.001142,0.925155,25640.000000,0,0
SAT_P2_S1,6929373.025718,0.001115,0.925135,25680.000000,0,0
SAT_P2_S1,6928977.279134,0.001082,0.925114,25720.000000,0,0
SAT_P2_S1,6928552.130883,0.001045,0.925091,25760.000000,0,0
SAT_P2_S1,6928100.873073,0.001003,0.925067,25800.000000,0,0
SAT_P2_S1,6927626.962938,0.000957,0.925042,25840.000000,0,0
SAT_P2_S1,6927134.024863,0.000908,0.925015,25880.000000,0,0
SAT_P2_S1,6926625.847339,0.000855,0.924988,25920.000000,0,0
SAT_P2_S1,6926106.351561,0.000800,0.924960,25960.000000,0,0
SAT_P2_S1,6925579.527430,0.000742,0.924931,26000.000000,0,0
SAT_P2_S1,6925049.384968,0.000681,0.924902,26040.000000,0,0
SAT_P2_S1,6924519.980774,0.000619,0.924874,26080.000000,0,0
SAT_P2_S1,6923995.391705,0.000556,0.924845,26120.000000,0,0
SAT_P2_S1,6923479.582607,0.000492,0.924817,26160.000000,0,0
SAT_P2_S1,6922976.441555,0.000427,0.924790,26200.000000,0,0
SAT_P2_S1,6922489.754323,0.000363,0.924763,26240.000000,0,0
SAT_P2_S1,6922023.159329,0.000298,0.924738,26280.000000,0,0
SAT_P2_S1,6921580.093560,0.000235,0.924714,26320.000000,0,0
SAT_P2_S1,6921163.789222,0.000173,0.924691,26360.000000,0,0
SAT_P2_S1,6920777.343955,0.000115,0.924670,26400.000000,0,0
SAT_P2_S1,6920423.594656,0.000066,0.924651,26440.000000,0,0
SAT_P2_S1,6920105.136546,0.000053,0.924634,26480.000000,0,0
SAT_P2_S1,6919824.340904,0.000089,0.924619,26520.000000,0,0
SAT_P2_S1,6919583.346556,0.000139,0.924607,26560.000000,0,0
SAT_P2_S1,6919384.020078,0.000189,0.924596,26600.000000,0,0
SAT_P2_S1,6919227.931108,0.000238,0.924588,26640.000000,0,0
SAT_P2_S1,6919116.400694,0.000285,0.924583,26680.000000,0,0
SAT_P2_S1,6919050.495003,0.000330,0.924580,26720.000000,0,0
SAT_P2_S1,6919030.911732,0.000373,0.924579,26760.000000,0,0
SAT_P2_S1,6919058.030685,0.000413,0.924581,26800.000000,0,0
SAT_P2_S1,6919131.900997,0.000450,0.924586,26840.000000,0,0
SAT_P2_S1,6919252.209421,0.000485,0.924593,26880.000000,0,0
SAT_P2_S1,6919418.230665,0.000518,0.924603,26920.000000,0,0
SAT_P2_S1,6919628.891828,0.000548,0.924614,26960.000000,0,0
SAT_P2_S1,6919882.740093,0.000577,0.924629,27000.000000,0,0
SAT_P2_S1,6920177.945206,0.000603,0.924645,27040.000000,0,0
SAT_P2_S1,6920512.334572,0.000628,0.924663,27080.000000,0,0
SAT_P2_S1,6920883.384335,0.000651,0.924684,27120.000000,0,0
SAT_P2_S1,6921288.222245,0.000673,0.924706,27160.000000,0,0
SAT_P2_S1,6921723.701469,0.000694,0.924730,27200.000000,0,0
SAT_P2_S1,6922186.479478,0.000714,0.924755,27240.000000,0,0
SAT_P2_S1,6922672.915404,0.000733,0.924781,27280.000000,0,0
SAT_P2_S1,6923179.178570,0.000751,0.924808,27320.000000,0,0
SAT_P2_S1,6923701.280231,0.000768,0.924836,27360.000000,0,0
SAT_P2_S1,6924235.090298,0.000784,0.924865,27400.000000,0,0
SAT_P2_S1,6924776.333341,0.000800,0.924894,27440.000000,0,0
SAT_P2_S1,6925320.622941,0.000814,0.924924,27480.000000,0,0
SAT_P2_S1,6925863.577179,0.000828,0.924953,27520.000000,0,0
SAT_P2_S1,6926400.775731,0.000840,0.924982,27560.000000,0,0
SAT_P2_S1,6926927.789237,0.000850,0.925010,27600.000000,0,0
SAT_P2_S1,6927440.265248,0.000859,0.925038,27640.000000,0,0
SAT_P2_S1,6927933.981675,0.000866,0.925065,27680.000000,0,0
SAT_P2_S1,6928404.870975,0.000870,0.925091,27720.000000,0,0
SAT_P2_S1,6928849.052424,0.000871,0.925115,27760.000000,0,0
SAT_P2_S1,6929262.930686,0.000870,0.925137,27800.000000,0,0
SAT_P2_S1,6929643.292234,0.000866,0.925158,27840.000000,0,0
SAT_P2_S1,6929987.210163,0.000858,0.925177,27880.000000,0,0
SAT_P2_S1,6930292.152032,0.000847,0.925194,27920.000000,0,0
SAT_P2_S1,6930555.998546,0.000832,0.925209,27960.000000,0,0
SAT_P2_S1,6930777.035013,0.000813,0.925222,28000.000000,0,0
SAT_P2_S1,6930953.910978,0.000791,0.925232,28040.000000,0,0
SAT_P2_S1,6931085.626855,0.000764,0.925240,28080.000000,0,0
SAT_P2_S1,6931171.588581,0.000733,0.925245,28120.000000,0,0
SAT_P2_S1,6931211.501784,0.000699,0.925248,28160.000000,0,0
SAT_P2_S1,6931205.332807,0.000660,0.925248,28200.000000,0,0
SAT_P2_S1,6931153.323106,0.000617,0.925246,28240.000000,0,0
SAT_P2_S1,6931055.976542,0.000571,0.925241,28280.000000,0,0
SAT_P2_S1,6930914.023479,0.000521,0.925233,28320.000000,0,0
SAT_P2_S1,6930728.401073,0.000467,0.925223,28360.000000,0,0
SAT_P2_S1,6930500.311666,0.000410,0.925211,28400.000000,0,0
SAT_P2_S1,6930231.292940,0.000350,0.925197,28440.000000,0,0
SAT_P2_S1,6929923.103516,0.000287,0.925180,28480.000000,0,0
SAT_P2_S1,6929577.825893,0.000221,0.925161,28520.000000,0,0
SAT_P2_S1,6929197.886456,0.000152,0.925140,28560.000000,0,0
SAT_P2_S1,6928786.052154,0.000082,0.925118,28600.000000,0,0
SAT_P2_S1,6928345.395656,0.000014,0.925094,28640.000000,0,0
SAT_P2_S1,6927879.284648,0.000066,0.925069,28680.000000,0,0
SAT_P2_S1,6927391.432785,0.000140,0.925042,28720.000000,0,0
SAT_P2_S1,6926885.778671,0.000214,0.925015,28760.000000,0,0
SAT_P2_S1,6926366.421593,0.000289,0.924987,28800.000000,0,0
SAT_P2_S1,6925837.598621,0.000364,0.924959,28840.000000,0,0
SAT_P2_S1,6925303.623063,0.000437,0.924930,28880.000000,0,0
SAT_P2_S1,6924768.793442,0.000509,0.924901,28920.000000,0,0
SAT_P2_S1,6924237.313750,0.000579,0.924872,28960.000000,0,0
SAT_P2_S1,6923713.287478,0.000647,0.924844,29000.000000,0,0
SAT_P2_S1,6923200.726226,0.000712,0.924816,29040.000000,0,0
SAT_P2_S1,6922703.393104,0.000773,0.924789,29080.000000,0,0
SAT_P2_S1,6922224.862564,0.000831,0.924763,29120.000000,0,0
SAT_P2_S1,6921768.518269,0.000885,0.924739,29160.000000,0,0
SAT_P2_S1,6921337.543913,0.000935,0.924715,29200.000000,0,0
SAT_P2_S1,6920934.897795,0.000980,0.924693,29240.000000,0,0
SAT_P2_S1,6920563.326539,0.001020,0.924673,29280.000000,0,0
SAT_P2_S1,6920225.457739,0.001055,0.924655,29320.000000,0,0
SAT_P2_S1,6919923.723408,0.001084,0.924639,29360.000000,0,0
SAT_P2_S1,6919660.345987,0.001108,0.924625,29400.000000,0,0
SAT_P2_S1,6919437.368803,0.001126,0.924613,29440.000000,0,0
SAT_P2_S1,6919256.640272,0.001138,0.924603,29480.000000,0,0
SAT_P2_S1,6919119.761581,0.001144,0.924596,29520.000000,0,0
SAT_P2_S1,6919028.036162,0.001143,0.924591,29560.000000,0,0
SAT_P2_S1,6918982.479123,0.001136,0.924589,29600.000000,0,0
SAT_P2_S1,6918983.827339,0.001123,0.924589,29640.000000,0,0
SAT_P2_S1,6919032.383184,0.001103,0.924592,29680.000000,0,0
SAT_P2_S1,6919128.058907,0.001077,0.924598,29720.000000,0,0
SAT_P2_S1,6919270.359123,0.001044,0.924606,29760.000000,0,0
SAT_P2_S1,6919458.357884,0.001006,0.924616,29800.000000,0,0
SAT_P2_S1,6919690.664647,0.000961,0.924628,29840.000000,0,0
SAT_P2_S1,6919965.437612,0.000911,0.924643,29880.000000,0,0
SAT_P2_S1,6920280.488791,0.000856,0.924660,29920.000000,0,0
SAT_P2_S1,6920633.234833,0.000797,0.924679,29960.000000,0,0
SAT_P2_S1,6921020.723853,0.000733,0.924699,30000.000000,0,0
SAT_P2_S1,6921439.721743,0.000665,0.924722,30040.000000,0,0
SAT_P2_S1,6921886.764179,0.000594,0.924745,30080.000000,0,0
SAT_P2_S1,6922358.178788,0.000522,0.924770,30120.000000,0,0
SAT_P2_S1,6922850.113861,0.000448,0.924796,30160.000000,0,0
SAT_P2_S1,6923358.630514,0.000375,0.924823,30200.000000,0,0
SAT_P2_S1,6923879.791923,0.000306,0.924850,30240.000000,0,0
SAT_P2_S1,6924409.568119,0.000247,0.924879,30280.000000,0,0
SAT_P2_S1,6924943.941858,0.000207,0.924907,30320.000000,0,0
SAT_P2_S1,6925478.933550,0.000199,0.924935,30360.000000,0,0
SAT_P2_S1,6926010.606360,0.000228,0.924963,30400.000000,0,0
SAT_P2_S1,6926535.046902,0.000282,0.924991,30440.000000,0,0
SAT_P2_S1,6927048.380478,0.000348,0.925019,30480.000000,0,0
SAT_P2_S1,6927546.863323,0.000420,0.925045,30520.000000,0,0
SAT_P2_S1,6928026.817243,0.000494,0.925071,30560.000000,0,0
SAT_P2_S1,6928484.634422,0.000567,0.925095,30600.000000,0,0
SAT_P2_S1,6928916.841411,0.000640,0.925118,30640.000000,0,0
SAT_P2_S1,6929320.107750,0.000709,0.925139,30680.000000,0,0
SAT_P2_S1,6929691.268526,0.000776,0.925159,30720.000000,0,0
SAT_P2_S1,6930027.377999,0.000839,0.925177,30760.000000,0,0
SAT_P2_S1,6930325.749404,0.000898,0.925193,30800.000000,0,0
SAT_P2_S1,6930583.960160,0.000952,0.925206,30840.000000,0,0
SAT_P2_S1,6930799.876728,0.001002,0.925218,30880.000000,0,0
SAT_P2_S1,6930971.755689,0.001046,0.925226,30920.000000,0,0
SAT_P2_S1,6931098.259742,0.001084,0.925233,30960.000000,0,0
SAT_P2_S1,6931178.393092,0.001117,0.925237,31000.000000,0,0
SAT_P2_S1,6931211.575647,0.001143,0.925239,31040.000000,0,0
SAT_P2_S1,6931197.649173,0.001164,0.925238,31080.000000,0,0
SAT_P2_S1,6931136.849577,0.001179,0.925234,31120.000000,0,0
SAT_P2_S1,6931029.764416,0.001188,0.925228,31160.000000,0,0
SAT_P2_S1,6930877.335905,0.001190,0.925220,31200.000000,0,0
SAT_P2_S1,6930680.919512,0.001187,0.925209,31240.000000,0,0
SAT_P2_S1,6930442.138227,0.001178,0.925196,31280.000000,0,0
SAT_P2_S1,6930162.902874,0.001163,0.925180,31320.000000,0,0
SAT_P2_S1,6929845.410914,0.001143,0.925163,31360.000000,0,0
SAT_P2_S1,6929492.126448,0.001117,0.925143,31400.000000,0,0
SAT_P2_S1,6929105.732593,0.001087,0.925122,31440.000000,0,0
SAT_P2_S1,6928689.107311,0.001052,0.925099,31480.000000,0,0
SAT_P2_S1,6928245.381698,0.001012,0.925075,31520.000000,0,0
SAT_P2_S1,6927777.919879,0.000968,0.925049,31560.000000,0,0
SAT_P2_S1,6927290.223101,0.000921,0.925022,31600.000000,0,0
SAT_P2_S1,6926785.979344,0.000870,0.924995,31640.000000,0,0
SAT_P2_S1,6926269.048629,0.000816,0.924966,31680.000000,0,0
SAT_P2_S1,6925743.417247,0.000759,0.924937,31720.000000,0,0
SAT_P2_S1,6925213.138478,0.000700,0.924908,31760.000000,0,0
SAT_P2_S1,6924682.318731,0.000639,0.924879,31800.000000,0,0
SAT_P2_S1,6924155.158189,0.000577,0.924850,31840.000000,0,0
SAT_P2_S1,6923635.785113,0.000514,0.924822,31880.000000,0,0
SAT_P2_S1,6923128.255034,0.000450,0.924794,31920.000000,0,0
SAT_P2_S1,6922636.526532,0.000386,0.924767,31960.000000,0,0
SAT_P2_S1,6922164.418686,0.000323,0.924741,32000.000000,0,0
SAT_P2_S1,6921715.542985,0.000260,0.924717,32040.000000,0,0
SAT_P2_S1,6921293.261114,0.000200,0.924694,32080.000000,0,0
SAT_P2_S1,6920900.728488,0.000142,0.924672,32120.000000,0,0
SAT_P2_S1,6920540.867001,0.000090,0.924652,32160.000000,0,0
SAT_P2_S1,6920216.270021,0.000059,0.924635,32200.000000,0,0
SAT_P2_S1,6919929.258119,0.000074,0.924619,32240.000000,0,0
SAT_P2_S1,6919681.879514,0.000117,0.924606,32280.000000,0,0
SAT_P2_S1,6919475.886572,0.000164,0.924595,32320.000000,0,0
SAT_P2_S1,6919312.704695,0.000212,0.924586,32360.000000,0,0
SAT_P2_S1,6919193.451794,0.000259,0.924580,32400.000000,0,0
SAT_P2_S1,6919119.017057,0.000303,0.924576,32440.000000,0,0
SAT_P2_S1,6919089.932984,0.000345,0.924575,32480.000000,0,0
SAT_P2_S1,6919106.415447,0.000385,0.924576,32520.000000,0,0
SAT_P2_S1,6919168.378476,0.000422,0.924580,32560.000000,0,0
SAT_P2_S1,6919275.429404,0.000458,0.924586,32600.000000,0,0
SAT_P2_S1,6919426.832136,0.000491,0.924595,32640.000000,0,0
SAT_P2_S1,6919621.522375,0.000522,0.924606,32680.000000,0,0
SAT_P2_S1,6919858.163203,0.000551,0.924620,32720.000000,0,0
SAT_P2_S1,6920135.094216,0.000578,0.924636,32760.000000,0,0
SAT_P2_S1,6920450.384418,0.000604,0.924653,32800.000000,0,0
SAT_P2_S1,6920801.831425,0.000628,0.924673,32840.000000,0,0
SAT_P2_S1,6921186.947167,0.000651,0.924695,32880.000000,0,0
SAT_P2_S1,6921602.987757,0.000673,0.924718,32920.000000,0,0
SAT_P2_S1,6922047.053909,0.000694,0.924743,32960.000000,0,0
SAT_P2_S1,6922515.998355,0.000714,0.924768,33000.000000,0,0
SAT_P2_S1,6923006.456437,0.000733,0.924795,33040.000000,0,0
SAT_P2_S1,6923514.884809,0.000751,0.924823,33080.000000,0,0
SAT_P2_S1,6924037.571170,0.000769,0.924851,33120.000000,0,0
SAT_P2_S1,6924570.614524,0.000786,0.924880,33160.000000,0,0
SAT_P2_S1,6925109.922919,0.000802,0.924909,33200.000000,0,0
SAT_P2_S1,6925651.290106,0.000817,0.924938,33240.000000,0,0
SAT_P2_S1,6926190.441018,0.000831,0.924967,33280.000000,0,0
SAT_P2_S1,6926722.959966,0.000843,0.924996,33320.000000,0,0
SAT_P2_S1,6927244.404851,0.000854,0.925023,33360.000000,0,0
SAT_P2_S1,6927750.363956,0.000863,0.925050,33400.000000,0,0
SAT_P2_S1,6928236.497467,0.000870,0.925076,33440.000000,0,0
SAT_P2_S1,6928698.568198,0.000875,0.925101,33480.000000,0,0
SAT_P2_S1,6929132.519238,0.000876,0.925124,33520.000000,0,0
SAT_P2_S1,6929534.624233,0.000875,0.925145,33560.000000,0,0
SAT_P2_S1,6929901.434699,0.000870,0.925165,33600.000000,0,0
SAT_P2_S1,6930229.848459,0.000862,0.925182,33640.000000,0,0
SAT_P2_S1,6930517.177578,0.000850,0.925198,33680.000000,0,0
SAT_P2_S1,6930761.174154,0.000834,0.925211,33720.000000,0,0
SAT_P2_S1,6930960.013781,0.000814,0.925222,33760.000000,0,0
SAT_P2_S1,6931112.282836,0.000789,0.925231,33800.000000,0,0
SAT_P2_S1,6931217.027527,0.000761,0.925237,33840.000000,0,0
SAT_P2_S1,6931273.756334,0.000728,0.925240,33880.000000,0,0
SAT_P2_S1,6931282.317852,0.000691,0.925241,33920.000000,0,0
SAT_P2_S1,6931242.946999,0.000650,0.925239,33960.000000,0,0
SAT_P2_S1,6931156.248432,0.000605,0.925235,34000.000000,0,0
SAT_P2_S1,6931023.160490,0.000555,0.925229,34040.000000,0,0
SAT_P2_S1,6930844.907042,0.000502,0.925219,34080.000000,0,0
SAT_P2_S1,6930622.997192,0.000446,0.925208,34120.000000,0,0
SAT_P2_S1,6930359.301655,0.000386,0.925194,34160.000000,0,0
SAT_P2_S1,6930055.937328,0.000323,0.925178,34200.000000,0,0
SAT_P2_S1,6929715.278872,0.000257,0.925160,34240.000000,0,0
SAT_P2_S1,6929339.979842,0.000189,0.925140,34280.000000,0,0
SAT_P2_S1,6928932.961949,0.000119,0.925118,34320.000000,0,0
SAT_P2_S1,6928497.369869,0.000047,0.925095,34360.000000,0,0
SAT_P2_S1,6928036.536513,0.000029,0.925070,34400.000000,0,0
SAT_P2_S1,6927554.016843,0.000102,0.925043,34440.000000,0,0
SAT_P2_S1,6927053.578320,0.000177,0.925016,34480.000000,0,0
SAT_P2_S1,6926539.063623,0.000252,0.924988,34520.000000,0,0
SAT_P2_S1,6926014.426386,0.000327,0.924960,34560.000000,0,0
SAT_P2_S1,6925483.699148,0.000400,0.924931,34600.000000,0,0
SAT_P2_S1,6924950.940717,0.000473,0.924902,34640.000000,0,0
SAT_P2_S1,6924420.169812,0.000544,0.924873,34680.000000,0,0
SAT_P2_S1,6923895.344125,0.000613,0.924844,34720.000000,0,0
SAT_P2_S1,6923380.413370,0.000679,0.924816,34760.000000,0,0
SAT_P2_S1,6922879.187098,0.000742,0.924789,34800.000000,0,0
SAT_P2_S1,6922395.329059,0.000801,0.924762,34840.000000,0,0
SAT_P2_S1,6921932.364911,0.000857,0.924737,34880.000000,0,0
SAT_P2_S1,6921493.664772,0.000909,0.924713,34920.000000,0,0
SAT_P2_S1,6921082.397631,0.000956,0.924691,34960.000000,0,0
SAT_P2_S1,6920701.501781,0.000998,0.924670,35000.000000,0,0
SAT_P2_S1,6920353.729857,0.001035,0.924651,35040.000000,0,0
SAT_P2_S1,6920041.656412,0.001067,0.924634,35080.000000,0,0
SAT_P2_S1,6919767.559881,0.001093,0.924620,35120.000000,0,0
SAT_P2_S1,6919533.481194,0.001114,0.924607,35160.000000,0,0
SAT_P2_S1,6919341.214218,0.001128,0.924597,35200.000000,0,0
SAT_P2_S1,6919192.275130,0.001136,0.924589,35240.000000,0,0
SAT_P2_S1,6919087.856751,0.001138,0.924584,35280.000000,0,0
SAT_P2_S1,6919028.825480,0.001134,0.924581,35320.000000,0,0
SAT_P2_S1,6919015.788010,0.001123,0.924580,35360.000000,0,0
SAT_P2_S1,6919048.974072,0.001106,0.924583,35400.000000,0,0
SAT_P2_S1,6919128.242825,0.001083,0.924587,35440.000000,0,0
SAT_P2_S1,6919253.102272,0.001054,0.924594,35480.000000,0,0
SAT_P2_S1,6919422.705721,0.001018,0.924604,35520.000000,0,0
SAT_P2_S1,6919635.822913,0.000977,0.924616,35560.000000,0,0
SAT_P2_S1,6919890.830726,0.000931,0.924630,35600.000000,0,0
SAT_P2_S1,6920185.783388,0.000879,0.924647,35640.000000,0,0
SAT_P2_S1,6920518.450776,0.000822,0.924665,35680.000000,0,0
SAT_P2_S1,6920886.235332,0.000761,0.924686,35720.000000,0,0
SAT_P2_S1,6921286.270978,0.000696,0.924708,35760.000000,0,0
SAT_P2_S1,6921715.457831,0.000627,0.924732,35800.000000,0,0
SAT_P2_S1,6922170.477576,0.000556,0.924757,35840.000000,0,0
SAT_P2_S1,6922647.794812,0.000484,0.924783,35880.000000,0,0
SAT_P2_S1,6923143.701871,0.000411,0.924810,35920.000000,0,0
SAT_P2_S1,6923654.434411,0.000339,0.924838,35960.000000,0,0
SAT_P2_S1,6924176.091321,0.000273,0.924866,36000.000000,0,0
SAT_P2_S2,6928137.000000,0.000000,0.925025,0.000000,0,0
SAT_P2_S2,6928601.251612,0.000071,0.925050,40.000000,0,0
SAT_P2_S2,6929086.518159,0.000144,0.925077,80.000000,0,0
SAT_P2_S2,6929588.889528,0.000217,0.925105,120.000000,0,0
SAT_P2_S2,6930104.299516,0.000291,0.925133,160.000000,0,0
SAT_P2_S2,6930628.612426,0.000365,0.925162,200.000000,0,0
SAT_P2_S2,6931157.708234,0.000437,0.925191,240.000000,0,0
SAT_P2_S2,6931687.516926,0.000509,0.925220,280.000000,0,0
SAT_P2_S2,6932214.050419,0.000579,0.925249,320.000000,0,0
SAT_P2_S2,6932733.483895,0.000647,0.925277,360.000000,0,0
SAT_P2_S2,6933242.190855,0.000713,0.925305,400.000000,0,0
SAT_P2_S2,6933736.616659,0.000776,0.925331,440.000000,0,0
SAT_P2_S2,6934213.324704,0.000836,0.925357,480.000000,0,0
SAT_P2_S2,6934668.965891,0.000893,0.925381,520.000000,0,0
SAT_P2_S2,6935100.224761,0.000945,0.925403,560.000000,0,0
SAT_P2_S2,6935503.806155,0.000994,0.925424,600.000000,0,0
SAT_P2_S2,6935876.452542,0.001037,0.925443,640.000000,0,0
SAT_P2_S2,6936214.972709,0.001076,0.925460,680.000000,0,0
SAT_P2_S2,6936516.258322,0.001110,0.925475,720.000000,0,0
SAT_P2_S2,6936777.342080,0.001138,0.925488,760.000000,0,0
SAT_P2_S2,6936995.557882,0.001160,0.925498,800.000000,0,0
SAT_P2_S2,6937168.620290,0.001175,0.925506,840.000000,0,0
SAT_P2_S2,6937294.622407,0.001185,0.925512,880.000000,0,0
SAT_P2_S2,6937372.177683,0.001188,0.925515,920.000000,0,0
SAT_P2_S2,6937400.472456,0.001184,0.925515,960.000000,0,0
SAT_P2_S2,6937379.266287,0.001173,0.925513,1000.000000,0,0
SAT_P2_S2,6937308.859393,0.001157,0.925508,1040.000000,0,0
SAT_P2_S2,6937190.083919,0.001133,0.925500,1080.000000,0,0
SAT_P2_S2,6937024.323813,0.001104,0.925490,1120.000000,0,0
SAT_P2_S2,6936813.335724,0.001068,0.925478,1160.000000,0,0
SAT_P2_S2,6936559.222280,0.001027,0.925463,1200.000000,0,0
SAT_P2_S2,6936264.385088,0.000981,0.925446,1240.000000,0,0
SAT_P2_S2,6935931.469931,0.000929,0.925427,1280.000000,0,0
SAT_P2_S2,6935563.295374,0.000873,0.925406,1320.000000,0,0
SAT_P2_S2,6935162.816765,0.000812,0.925384,1360.000000,0,0
SAT_P2_S2,6934733.187097,0.000748,0.925359,1400.000000,0,0
SAT_P2_S2,6934277.744283,0.000680,0.925334,1440.000000,0,0
SAT_P2_S2,6933799.929103,0.000609,0.925307,1480.000000,0,0
SAT_P2_S2,6933303.350681,0.000535,0.925279,1520.000000,0,0
SAT_P2_S2,6932791.782523,0.000459,0.925250,1560.000000,0,0
SAT_P2_S2,6932269.122626,0.000383,0.925221,1600.000000,0,0
SAT_P2_S2,6931739.336413,0.000306,0.925192,1640.000000,0,0
SAT_P2_S2,6931206.440896,0.000231,0.925162,1680.000000,0,0
SAT_P2_S2,6930674.537108,0.000161,0.925133,1720.000000,0,0
SAT_P2_S2,6930147.645240,0.000110,0.925103,1760.000000,0,0
SAT_P2_S2,6929629.707597,0.000106,0.925075,1800.000000,0,0
SAT_P2_S2,6929124.573371,0.000153,0.925047,1840.000000,0,0
SAT_P2_S2,6928635.974134,0.000218,0.925020,1880.000000,0,0
SAT_P2_S2,6928167.479553,0.000288,0.924994,1920.000000,0,0
SAT_P2_S2,6927722.481938,0.000358,0.924970,1960.000000,0,0
SAT_P2_S2,6927304.266508,0.000427,0.924947,2000.000000,0,0
SAT_P2_S2,6926915.999269,0.000493,0.924925,2040.000000,0,0
SAT_P2_S2,6926560.639687,0.000556,0.924906,2080.000000,0,0
SAT_P2_S2,6926240.989216,0.000616,0.924888,2120.000000,0,0
SAT_P2_S2,6925959.666984,0.000671,0.924873,2160.000000,0,0
SAT_P2_S2,6925719.049695,0.000722,0.924860,2200.000000,0,0
SAT_P2_S2,6925521.196374,0.000768,0.924849,2240.000000,0,0
SAT_P2_S2,6925367.817824,0.000809,0.924841,2280.000000,0,0
SAT_P2_S2,6925260.301349,0.000845,0.924835,2320.000000,0,0
SAT_P2_S2,6925199.554491,0.000876,0.924832,2360.000000,0,0
SAT_P2_S2,6925186.022453,0.000901,0.924831,2400.000000,0,0
SAT_P2_S2,6925219.699515,0.000920,0.924833,2440.000000,0,0
SAT_P2_S2,6925300.141583,0.000934,0.924838,2480.000000,0,0
SAT_P2_S2,6925426.466015,0.000942,0.924845,2520.000000,0,0
SAT_P2_S2,6925597.391424,0.000944,0.924854,2560.000000,0,0
SAT_P2_S2,6925811.372318,0.000942,0.924866,2600.000000,0,0
SAT_P2_S2,6926066.566558,0.000934,0.924880,2640.000000,0,0
SAT_P2_S2,6926360.923452,0.000921,0.924896,2680.000000,0,0
SAT_P2_S2,6926692.208113,0.000904,0.924914,2720.000000,0,0
SAT_P2_S2,6927057.984915,0.000882,0.924934,2760.000000,0,0
SAT_P2_S2,6927455.615581,0.000856,0.924956,2800.000000,0,0
SAT_P2_S2,6927882.316978,0.000826,0.924980,2840.000000,0,0
SAT_P2_S2,6928335.087816,0.000792,0.925005,2880.000000,0,0
SAT_P2_S2,6928810.654138,0.000755,0.925031,2920.000000,0,0
SAT_P2_S2,6929305.501057,0.000716,0.925058,2960.000000,0,0
SAT_P2_S2,6929815.882481,0.000674,0.925085,3000.000000,0,0
SAT_P2_S2,6930337.820420,0.000631,0.925114,3040.000000,0,0
SAT_P2_S2,6930867.124633,0.000587,0.925143,3080.000000,0,0
SAT_P2_S2,6931399.493868,0.000542,0.925172,3120.000000,0,0
SAT_P2_S2,6931930.666392,0.000497,0.925201,3160.000000,0,0
SAT_P2_S2,6932456.357650,0.000454,0.925229,3200.000000,0,0
SAT_P2_S2,6932972.415187,0.000413,0.925258,3240.000000,0,0
SAT_P2_S2,6933474.889930,0.000375,0.925285,3280.000000,0,0
SAT_P2_S2,6933960.070860,0.000342,0.925311,3320.000000,0,0
SAT_P2_S2,6934424.472639,0.000315,0.925337,3360.000000,0,0
SAT_P2_S2,6934864.830495,0.000295,0.925361,3400.000000,0,0
SAT_P2_S2,6935278.146010,0.000284,0.925383,3440.000000,0,0
SAT_P2_S2,6935661.597163,0.000281,0.925404,3480.000000,0,0
SAT_P2_S2,6936012.464702,0.000287,0.925422,3520.000000,0,0
SAT_P2_S2,6936328.142010,0.000299,0.925439,3560.000000,0,0
SAT_P2_S2,6936606.126493,0.000316,0.925454,3600.000000,0,0
SAT_P2_S2,6936844.004340,0.000337,0.925466,3640.000000,0,0
SAT_P2_S2,6937039.461156,0.000359,0.925476,3680.000000,0,0
SAT_P2_S2,6937190.382762,0.000381,0.925484,3720.000000,0,0
SAT_P2_S2,6937295.014782,0.000403,0.925489,3760.000000,0,0
SAT_P2_S2,6937351.908695,0.000424,0.925492,3800.000000,0,0
SAT_P2_S2,6937360.095146,0.000444,0.925492,3840.000000,0,0
SAT_P2_S2,6937319.172489,0.000462,0.925490,3880.000000,0,0
SAT_P2_S2,6937229.354640,0.000479,0.925485,3920.000000,0,0
SAT_P2_S2,6937091.464582,0.000493,0.925478,3960.000000,0,0
SAT_P2_S2,6936906.924774,0.000506,0.925469,4000.000000,0,0
SAT_P2_S2,6936677.783325,0.000518,0.925457,4040.000000,0,0
SAT_P2_S2,6936406.586318,0.000529,0.925443,4080.000000,0,0
SAT_P2_S2,6936096.249305,0.000539,0.925426,4120.000000,0,0
SAT_P2_S2,6935749.993533,0.000549,0.925408,4160.000000,0,0
SAT_P2_S2,6935371.247090,0.000558,0.925388,4200.000000,0,0
SAT_P2_S2,6934963.528865,0.000568,0.925366,4240.000000,0,0
SAT_P2_S2,6934530.351169,0.000578,0.925342,4280.000000,0,0
SAT_P2_S2,6934075.207511,0.000589,0.925317,4320.000000,0,0
SAT_P2_S2,6933601.620980,0.000601,0.925291,4360.000000,0,0
SAT_P2_S2,6933113.003426,0.000613,0.925264,4400.000000,0,0
SAT_P2_S2,6932612.744565,0.000627,0.925236,4440.000000,0,0
SAT_P2_S2,6932104.243793,0.000640,0.925207,4480.000000,0,0
SAT_P2_S2,6931590.926071,0.000655,0.925178,4520.000000,0,0
SAT_P2_S2,6931076.226800,0.000669,0.925149,4560.000000,0,0
SAT_P2_S2,6930563.598074,0.000684,0.925120,4600.000000,0,0
SAT_P2_S2,6930056.580685,0.000698,0.925092,4640.000000,0,0
SAT_P2_S2,6929558.731274,0.000712,0.925064,4680.000000,0,0
SAT_P2_S2,6929073.557973,0.000724,0.925036,4720.000000,0,0
SAT_P2_S2,6928604.534776,0.000736,0.925010,4760.000000,0,0
SAT_P2_S2,6928155.072034,0.000745,0.924985,4800.000000,0,0
SAT_P2_S2,6927728.461493,0.000753,0.924961,4840.000000,0,0
SAT_P2_S2,6927327.827301,0.000759,0.924939,4880.000000,0,0
SAT_P2_S2,6926956.142845,0.000761,0.924918,4920.000000,0,0
SAT_P2_S2,6926616.284041,0.000761,0.924899,4960.000000,0,0
SAT_P2_S2,6926310.882547,0.000758,0.924883,5000.000000,0,0
SAT_P2_S2,6926042.384113,0.000751,0.924868,5040.000000,0,0
SAT_P2_S2,6925813.037662,0.000741,0.924856,5080.000000,0,0
SAT_P2_S2,6925624.862201,0.000726,0.924846,5120.000000,0,0
SAT_P2_S2,6925479.582044,0.000708,0.924838,5160.000000,0,0
SAT_P2_S2,6925378.586092,0.000685,0.924833,5200.000000,0,0
SAT_P2_S2,6925322.960018,0.000658,0.924830,5240.000000,0,0
SAT_P2_S2,6925313.393982,0.000627,0.924830,5280.000000,0,0
SAT_P2_S2,6925350.114673,0.000591,0.924833,5320.000000,0,0
SAT_P2_S2,6925432.911402,0.000551,0.924838,5360.000000,0,0
SAT_P2_S2,6925561.138930,0.000507,0.924845,5400.000000,0,0
SAT_P2_S2,6925733.707642,0.000459,0.924855,5440.000000,0,0
SAT_P2_S2,6925949.090321,0.000407,0.924867,5480.000000,0,0
SAT_P2_S2,6926205.404725,0.000352,0.924882,5520.000000,0,0
SAT_P2_S2,6926500.538162,0.000293,0.924899,5560.000000,0,0
SAT_P2_S2,6926832.057023,0.000231,0.924917,5600.000000,0,0
SAT_P2_S2,6927197.330009,0.000167,0.924938,5640.000000,0,0
SAT_P2_S2,6927593.569257,0.000100,0.924960,5680.000000,0,0
SAT_P2_S2,6928017.841433,0.000034,0.924984,5720.000000,0,0
SAT_P2_S2,6928467.040356,0.000044,0.925010,5760.000000,0,0
SAT_P2_S2,6928937.877901,0.000115,0.925036,5800.000000,0,0
SAT_P2_S2,6929426.941554,0.000187,0.925064,5840.000000,0,0
SAT_P2_S2,6929930.628043,0.000261,0.925092,5880.000000,0,0
SAT_P2_S2,6930445.102780,0.000334,0.925121,5920.000000,0,0
SAT_P2_S2,6930966.353389,0.000407,0.925150,5960.000000,0,0
SAT_P2_S2,6931490.225444,0.000479,0.925179,6000.000000,0,0
SAT_P2_S2,6932012.447482,0.000550,0.925208,6040.000000,0,0
SAT_P2_S2,6932528.674498,0.000619,0.925237,6080.000000,0,0
SAT_P2_S2,6933034.609324,0.000686,0.925265,6120.000000,0,0
SAT_P2_S2,6933526.165291,0.000750,0.925292,6160.000000,0,0
SAT_P2_S2,6933999.401190,0.000810,0.925318,6200.000000,0,0
SAT_P2_S2,6934450.671166,0.000867,0.925343,6240.000000,0,0
SAT_P2_S2,6934876.672977,0.000920,0.925367,6280.000000,0,0
SAT_P2_S2,6935274.448361,0.000968,0.925388,6320.000000,0,0
SAT_P2_S2,6935641.375834,0.001012,0.925408,6360.000000,0,0
SAT_P2_S2,6935975.158374,0.001051,0.925427,6400.000000,0,0
SAT_P2_S2,6936273.758443,0.001085,0.925443,6440.000000,0,0
SAT_P2_S2,6936535.312481,0.001114,0.925457,6480.000000,0,0
SAT_P2_S2,6936758.091092,0.001137,0.925468,6520.000000,0,0
SAT_P2_S2,6936940.541000,0.001155,0.925477,6560.000000,0,0
SAT_P2_S2,6937081.171750,0.001166,0.925484,6600.000000,0,0
SAT_P2_S2,6937178.584987,0.001172,0.925488,6640.000000,0,0
SAT_P2_S2,6937231.543699,0.001172,0.925490,6680.000000,0,0
SAT_P2_S2,6937239.037598,0.001166,0.925489,6720.000000,0,0
SAT_P2_S2,6937200.329028,0.001153,0.925485,6760.000000,0,0
SAT_P2_S2,6937115.018979,0.001134,0.925479,6800.000000,0,0
SAT_P2_S2,6936983.187272,0.001109,0.925470,6840.000000,0,0
SAT_P2_S2,6936805.474233,0.001078,0.925459,6880.000000,0,0
SAT_P2_S2,6936582.998151,0.001040,0.925446,6920.000000,0,0
SAT_P2_S2,6936317.439687,0.000997,0.925431,6960.000000,0,0
SAT_P2_S2,6936011.017575,0.000949,0.925413,7000.000000,0,0
SAT_P2_S2,6935666.420267,0.000895,0.925393,7040.000000,0,0
SAT_P2_S2,6935286.705253,0.000836,0.925372,7080.000000,0,0
SAT_P2_S2,6934875.228858,0.000774,0.925349,7120.000000,0,0
SAT_P2_S2,6934435.637886,0.000707,0.925324,7160.000000,0,0
SAT_P2_S2,6933971.697206,0.000638,0.925299,7200.000000,0,0
SAT_P2_S2,6933487.243596,0.000565,0.925272,7240.000000,0,0
SAT_P2_S2,6932986.168051,0.000491,0.925244,7280.000000,0,0
SAT_P2_S2,6932472.390938,0.000415,0.925216,7320.000000,0,0
SAT_P2_S2,6931949.818975,0.000339,0.925187,7360.000000,0,0
SAT_P2_S2,6931422.326604,0.000265,0.925158,7400.000000,0,0
SAT_P2_S2,6930893.819900,0.000196,0.925129,7440.000000,0,0
SAT_P2_S2,6930368.259357,0.000141,0.925100,7480.000000,0,0
SAT_P2_S2,6929849.539952,0.000121,0.925071,7520.000000,0,0
SAT_P2_S2,6929341.552136,0.000151,0.925043,7560.000000,0,0
SAT_P2_S2,6928848.157365,0.000209,0.925016,7600.000000,0,0
SAT_P2_S2,6928373.136394,0.000277,0.924990,7640.000000,0,0
SAT_P2_S2,6927920.118369,0.000346,0.924965,7680.000000,0,0
SAT_P2_S2,6927492.551090,0.000416,0.924941,7720.000000,0,0
SAT_P2_S2,6927093.742275,0.000483,0.924919,7760.000000,0,0
SAT_P2_S2,6926726.727646,0.000548,0.924899,7800.000000,0,0
SAT_P2_S2,6926394.266127,0.000609,0.924881,7840.000000,0,0
SAT_P2_S2,6926098.854950,0.000666,0.924865,7880.000000,0,0
SAT_P2_S2,6925842.725346,0.000720,0.924851,7920.000000,0,0
SAT_P2_S2,6925627.811393,0.000768,0.924839,7960.000000,0,0
SAT_P2_S2,6925455.733964,0.000812,0.924829,8000.000000,0,0
SAT_P2_S2,6925327.855494,0.000851,0.924822,8040.000000,0,0
SAT_P2_S2,6925245.290139,0.000884,0.924818,8080.000000,0,0
SAT_P2_S2,6925208.780961,0.000913,0.924816,8120.000000,0,0
SAT_P2_S2,6925218.749656,0.000935,0.924817,8160.000000,0,0
SAT_P2_S2,6925275.273205,0.000952,0.924820,8200.000000,0,0
SAT_P2_S2,6925378.043842,0.000963,0.924826,8240.000000,0,0
SAT_P2_S2,6925526.314250,0.000969,0.924834,8280.000000,0,0
SAT_P2_S2,6925718.939557,0.000969,0.924845,8320.000000,0,0
SAT_P2_S2,6925954.376981,0.000964,0.924858,8360.000000,0,0
SAT_P2_S2,6926230.678395,0.000954,0.924873,8400.000000,0,0
SAT_P2_S2,6926545.556393,0.000938,0.924890,8440.000000,0,0
SAT_P2_S2,6926896.407160,0.000918,0.924910,8480.000000,0,0
SAT_P2_S2,6927280.337195,0.000894,0.924931,8520.000000,0,0
SAT_P2_S2,6927694.248727,0.000865,0.924953,8560.000000,0,0
SAT_P2_S2,6928134.966298,0.000832,0.924978,8600.000000,0,0
SAT_P2_S2,6928599.138651,0.000796,0.925003,8640.000000,0,0
SAT_P2_S2,6929083.329791,0.000757,0.925030,8680.000000,0,0
SAT_P2_S2,6929584.041203,0.000716,0.925057,8720.000000,0,0
SAT_P2_S2,6930097.705623,0.000672,0.925086,8760.000000,0,0
SAT_P2_S2,6930620.647080,0.000627,0.925114,8800.000000,0,0
SAT_P2_S2,6931149.063960,0.000580,0.925143,8840.000000,0,0
SAT_P2_S2,6931679.091126,0.000533,0.925172,8880.000000,0,0
SAT_P2_S2,6932206.768056,0.000486,0.925201,8920.000000,0,0
SAT_P2_S2,6932728.004033,0.000441,0.925230,8960.000000,0,0
SAT_P2_S2,6933238.663283,0.000397,0.925257,9000.000000,0,0
SAT_P2_S2,6933734.623109,0.000357,0.925284,9040.000000,0,0
SAT_P2_S2,6934211.814591,0.000321,0.925310,9080.000000,0,0
SAT_P2_S2,6934666.268171,0.000292,0.925335,9120.000000,0,0
SAT_P2_S2,6935094.219378,0.000271,0.925358,9160.000000,0,0
SAT_P2_S2,6935492.255927,0.000259,0.925380,9200.000000,0,0
SAT_P2_S2,6935857.232351,0.000258,0.925400,9240.000000,0,0
SAT_P2_S2,6936186.374286,0.000265,0.925418,9280.000000,0,0
SAT_P2_S2,6936477.306818,0.000279,0.925433,9320.000000,0,0
SAT_P2_S2,6936728.046654,0.000298,0.925447,9360.000000,0,0
SAT_P2_S2,6936936.952632,0.000321,0.925458,9400.000000,0,0
SAT_P2_S2,6937102.691205,0.000345,0.925467,9440.000000,0,0
SAT_P2_S2,6937224.271258,0.000369,0.925474,9480.000000,0,0
SAT_P2_S2,6937300.977207,0.000394,0.925478,9520.000000,0,0
SAT_P2_S2,6937332.293773,0.000417,0.925479,9560.000000,0,0
SAT_P2_S2,6937317.944074,0.000440,0.925478,9600.000000,0,0
SAT_P2_S2,6937257.899528,0.000461,0.925475,9640.000000,0,0
SAT_P2_S2,6937152.372898,0.000480,0.925468,9680.000000,0,0
SAT_P2_S2,6937001.818999,0.000498,0.925460,9720.000000,0,0
SAT_P2_S2,6936807.001242,0.000515,0.925449,9760.000000,0,0
SAT_P2_S2,6936569.108157,0.000530,0.925435,9800.000000,0,0
SAT_P2_S2,6936289.644659,0.000545,0.925420,9840.000000,0,0
SAT_P2_S2,6935970.522129,0.000559,0.925402,9880.000000,0,0
SAT_P2_S2,6935614.080069,0.000572,0.925382,9920.000000,0,0
SAT_P2_S2,6935223.075911,0.000584,0.925361,9960.000000,0,0
SAT_P2_S2,6934800.634035,0.000597,0.925338,10000.000000,0,0
SAT_P2_S2,6934350.207597,0.000610,0.925314,10040.000000,0,0
SAT_P2_S2,6933875.604387,0.000623,0.925288,10080.000000,0,0
SAT_P2_S2,6933380.898604,0.000636,0.925261,10120.000000,0,0
SAT_P2_S2,6932870.320610,0.000650,0.925234,10160.000000,0,0
SAT_P2_S2,6932348.247189,0.000664,0.925206,10200.000000,0,0
SAT_P2_S2,6931819.146589,0.000679,0.925177,10240.000000,0,0
SAT_P2_S2,6931287.496021,0.000693,0.925148,10280.000000,0,0
SAT_P2_S2,6930757.698652,0.000707,0.925120,10320.000000,0,0
SAT_P2_S2,6930234.059628,0.000721,0.925091,10360.000000,0,0
SAT_P2_S2,6929720.810314,0.000734,0.925063,10400.000000,0,0
SAT_P2_S2,6929221.930676,0.000746,0.925035,10440.000000,0,0
SAT_P2_S2,6928741.172047,0.000757,0.925008,10480.000000,0,0
SAT_P2_S2,6928282.036838,0.000766,0.924982,10520.000000,0,0
SAT_P2_S2,6927847.751605,0.000772,0.924958,10560.000000,0,0
SAT_P2_S2,6927441.223114,0.000776,0.924935,10600.000000,0,0
SAT_P2_S2,6927065.031626,0.000778,0.924913,10640.000000,0,0
SAT_P2_S2,6926721.517738,0.000776,0.924894,10680.000000,0,0
SAT_P2_S2,6926412.767569,0.000771,0.924876,10720.000000,0,0
SAT_P2_S2,6926140.582631,0.000763,0.924860,10760.000000,0,0
SAT_P2_S2,6925906.566032,0.000752,0.924847,10800.000000,0,0
SAT_P2_S2,6925712.154811,0.000736,0.924835,10840.000000,0,0
SAT_P2_S2,6925558.616674,0.000717,0.924827,10880.000000,0,0
SAT_P2_S2,6925447.034159,0.000694,0.924820,10920.000000,0,0
SAT_P2_S2,6925378.329956,0.000667,0.924817,10960.000000,0,0
SAT_P2_S2,6925353.317302,0.000635,0.924815,11000.000000,0,0
SAT_P2_S2,6925372.537918,0.000600,0.924816,11040.000000,0,0
SAT_P2_S2,6925436.277863,0.000561,0.924820,11080.000000,0,0
SAT_P2_S2,6925544.528419,0.000517,0.924826,11120.000000,0,0
SAT_P2_S2,6925696.933234,0.000469,0.924835,11160.000000,0,0
SAT_P2_S2,6925892.716022,0.000418,0.924846,11200.000000,0,0
SAT_P2_S2,6926130.646084,0.000363,0.924860,11240.000000,0,0
SAT_P2_S2,6926409.101487,0.000304,0.924875,11280.000000,0,0
SAT_P2_S2,6926726.043554,0.000243,0.924893,11320.000000,0,0
SAT_P2_S2,6927078.988034,0.000179,0.924913,11360.000000,0,0
SAT_P2_S2,6927465.102782,0.000113,0.924934,11400.000000,0,0
SAT_P2_S2,6927881.267298,0.000052,0.924957,11440.000000,0,0
SAT_P2_S2,6928324.106575,0.000049,0.924982,11480.000000,0,0
SAT_P2_S2,6928790.021722,0.000113,0.925008,11520.000000,0,0
SAT_P2_S2,6929275.271916,0.000185,0.925035,11560.000000,0,0
SAT_P2_S2,6929776.089807,0.000258,0.925063,11600.000000,0,0
SAT_P2_S2,6930288.575278,0.000332,0.925091,11640.000000,0,0
SAT_P2_S2,6930808.777990,0.000406,0.925120,11680.000000,0,0
SAT_P2_S2,6931332.719509,0.000479,0.925149,11720.000000,0,0
SAT_P2_S2,6931856.397015,0.000551,0.925179,11760.000000,0,0
SAT_P2_S2,6932375.762165,0.000622,0.925208,11800.000000,0,0
SAT_P2_S2,6932886.732215,0.000690,0.925236,11840.000000,0,0
SAT_P2_S2,6933385.291560,0.000755,0.925264,11880.000000,0,0
SAT_P2_S2,6933867.495332,0.000817,0.925291,11920.000000,0,0
SAT_P2_S2,6934329.462187,0.000876,0.925317,11960.000000,0,0
SAT_P2_S2,6934767.488468,0.000931,0.925342,12000.000000,0,0
SAT_P2_S2,6935178.096127,0.000981,0.925365,12040.000000,0,0
SAT_P2_S2,6935558.072095,0.001027,0.925387,12080.000000,0,0
SAT_P2_S2,6935904.527760,0.001068,0.925407,12120.000000,0,0
SAT_P2_S2,6936214.942757,0.001103,0.925425,12160.000000,0,0
SAT_P2_S2,6936487.151905,0.001133,0.925441,12200.000000,0,0
SAT_P2_S2,6936719.324446,0.001158,0.925454,12240.000000,0,0
SAT_P2_S2,6936909.992803,0.001176,0.925466,12280.000000,0,0
SAT_P2_S2,6937058.069762,0.001189,0.925475,12320.000000,0,0
SAT_P2_S2,6937162.694275,0.001195,0.925482,12360.000000,0,0
SAT_P2_S2,6937223.273370,0.001196,0.925486,12400.000000,0,0
SAT_P2_S2,6937239.463021,0.001190,0.925488,12440.000000,0,0
SAT_P2_S2,6937211.145085,0.001179,0.925487,12480.000000,0,0
SAT_P2_S2,6937138.394967,0.001161,0.925484,12520.000000,0,0
SAT_P2_S2,6937021.499829,0.001137,0.925478,12560.000000,0,0
SAT_P2_S2,6936861.072675,0.001108,0.925470,12600.000000,0,0
SAT_P2_S2,6936658.001536,0.001073,0.925460,12640.000000,0,0
SAT_P2_S2,6936413.469483,0.001032,0.925447,12680.000000,0,0
SAT_P2_S2,6936129.025544,0.000986,0.925432,12720.000000,0,0
SAT_P2_S2,6935806.604450,0.000934,0.925415,12760.000000,0,0
SAT_P2_S2,6935448.501999,0.000878,0.925396,12800.000000,0,0
SAT_P2_S2,6935057.344029,0.000818,0.925375,12840.000000,0,0
SAT_P2_S2,6934636.105296,0.000753,0.925353,12880.000000,0,0
SAT_P2_S2,6934188.115276,0.000685,0.925329,12920.000000,0,0
SAT_P2_S2,6933716.887035,0.000614,0.925304,12960.000000,0,0
SAT_P2_S2,6933226.139576,0.000540,0.925277,13000.000000,0,0
SAT_P2_S2,6932719.751247,0.000465,0.925250,13040.000000,0,0
SAT_P2_S2,6932201.703420,0.000389,0.925223,13080.000000,0,0
SAT_P2_S2,6931676.009430,0.000314,0.925195,13120.000000,0,0
SAT_P2_S2,6931146.687787,0.000243,0.925166,13160.000000,0,0
SAT_P2_S2,6930617.823945,0.000180,0.925138,13200.000000,0,0
SAT_P2_S2,6930093.471823,0.000142,0.925110,13240.000000,0,0
SAT_P2_S2,6929577.625266,0.000146,0.925082,13280.000000,0,0
SAT_P2_S2,6929074.241712,0.000190,0.925055,13320.000000,0,0
SAT_P2_S2,6928587.223471,0.000252,0.925029,13360.000000,0,0
SAT_P2_S2,6928120.363596,0.000320,0.925004,13400.000000,0,0
SAT_P2_S2,6927677.294303,0.000389,0.924980,13440.000000,0,0
SAT_P2_S2,6927261.495743,0.000458,0.924957,13480.000000,0,0
SAT_P2_S2,6926876.303690,0.000525,0.924936,13520.000000,0,0
SAT_P2_S2,6926524.747192,0.000588,0.924917,13560.000000,0,0
SAT_P2_S2,6926209.588805,0.000648,0.924900,13600.000000,0,0
SAT_P2_S2,6925933.300099,0.000704,0.924885,13640.000000,0,0
SAT_P2_S2,6925698.030441,0.000756,0.924873,13680.000000,0,0
SAT_P2_S2,6925505.562216,0.000803,0.924862,13720.000000,0,0
SAT_P2_S2,6925357.309279,0.000844,0.924854,13760.000000,0,0
SAT_P2_S2,6925254.400928,0.000881,0.924848,13800.000000,0,0
SAT_P2_S2,6925197.605277,0.000912,0.924845,13840.000000,0,0
SAT_P2_S2,6925187.321033,0.000937,0.924845,13880.000000,0,0
SAT_P2_S2,6925223.619480,0.000957,0.924847,13920.000000,0,0
SAT_P2_S2,6925306.245516,0.000972,0.924851,13960.000000,0,0
SAT_P2_S2,6925434.587486,0.000980,0.924858,14000.000000,0,0
SAT_P2_S2,6925607.646598,0.000984,0.924868,14040.000000,0,0
SAT_P2_S2,6925824.122807,0.000981,0.924880,14080.000000,0,0
SAT_P2_S2,6926082.335756,0.000973,0.924894,14120.000000,0,0
SAT_P2_S2,6926380.262337,0.000961,0.924910,14160.000000,0,0
SAT_P2_S2,6926715.552854,0.000943,0.924929,14200.000000,0,0
SAT_P2_S2,6927085.521953,0.000920,0.924949,14240.000000,0,0
SAT_P2_S2,6927487.170172,0.000894,0.924971,14280.000000,0,0
SAT_P2_S2,6927917.293305,0.000863,0.924995,14320.000000,0,0
SAT_P2_S2,6928372.510003,0.000828,0.925020,14360.000000,0,0
SAT_P2_S2,6928849.233151,0.000790,0.925047,14400.000000,0,0
SAT_P2_S2,6929343.775284,0.000750,0.925074,14440.000000,0,0
SAT_P2_S2,6929852.391961,0.000706,0.925102,14480.000000,0,0
SAT_P2_S2,6930371.291200,0.000661,0.925131,14520.000000,0,0
SAT_P2_S2,6930896.628836,0.000615,0.925160,14560.000000,0,0
SAT_P2_S2,6931424.546596,0.000567,0.925190,14600.000000,0,0
SAT_P2_S2,6931951.255253,0.000520,0.925219,14640.000000,0,0
SAT_P2_S2,6932472.917137,0.000472,0.925248,14680.000000,0,0
SAT_P2_S2,6932985.697859,0.000426,0.925276,14720.000000,0,0
SAT_P2_S2,6933485.790449,0.000383,0.925304,14760.000000,0,0
SAT_P2_S2,6933969.427208,0.000342,0.925330,14800.000000,0,0
SAT_P2_S2,6934432.870523,0.000307,0.925356,14840.000000,0,0
SAT_P2_S2,6934872.434465,0.000278,0.925380,14880.000000,0,0
SAT_P2_S2,6935284.595577,0.000258,0.925403,14920.000000,0,0
SAT_P2_S2,6935666.021964,0.000248,0.925424,14960.000000,0,0
SAT_P2_S2,6936013.546902,0.000248,0.925443,15000.000000,0,0
SAT_P2_S2,6936324.279484,0.000257,0.925461,15040.000000,0,0
SAT_P2_S2,6936595.654422,0.000273,0.925476,15080.000000,0,0
SAT_P2_S2,6936825.448432,0.000294,0.925489,15120.000000,0,0
SAT_P2_S2,6937011.782618,0.000317,0.925499,15160.000000,0,0
SAT_P2_S2,6937153.167597,0.000342,0.925507,15200.000000,0,0
SAT_P2_S2,6937248.592416,0.000367,0.925513,15240.000000,0,0
SAT_P2_S2,6937297.403746,0.000392,0.925516,15280.000000,0,0
SAT_P2_S2,6937299.351110,0.000415,0.925516,15320.000000,0,0
SAT_P2_S2,6937254.594691,0.000438,0.925514,15360.000000,0,0
SAT_P2_S2,6937163.689465,0.000459,0.925509,15400.000000,0,0
SAT_P2_S2,6937027.537229,0.000479,0.925502,15440.000000,0,0
SAT_P2_S2,6936847.358051,0.000497,0.925492,15480.000000,0,0
SAT_P2_S2,6936624.737347,0.000514,0.925480,15520.000000,0,0
SAT_P2_S2,6936361.583636,0.000531,0.925466,15560.000000,0,0
SAT_P2_S2,6936060.028516,0.000546,0.925449,15600.000000,0,0
SAT_P2_S2,6935722.456587,0.000561,0.925431,15640.000000,0,0
SAT_P2_S2,6935351.480257,0.000576,0.925410,15680.000000,0,0
SAT_P2_S2,6934949.889127,0.000591,0.925388,15720.000000,0,0
SAT_P2_S2,6934520.595919,0.000605,0.925364,15760.000000,0,0
SAT_P2_S2,6934066.639972,0.000620,0.925339,15800.000000,0,0
SAT_P2_S2,6933591.254380,0.000635,0.925313,15840.000000,0,0
SAT_P2_S2,6933097.735973,0.000651,0.925285,15880.000000,0,0
SAT_P2_S2,6932589.499439,0.000666,0.925257,15920.000000,0,0
SAT_P2_S2,6932070.106219,0.000682,0.925229,15960.000000,0,0
SAT_P2_S2,6931543.276093,0.000698,0.925200,16000.000000,0,0
SAT_P2_S2,6931012.867837,0.000714,0.925171,16040.000000,0,0
SAT_P2_S2,6930482.875669,0.000729,0.925142,16080.000000,0,0
SAT_P2_S2,6929957.492439,0.000744,0.925114,16120.000000,0,0
SAT_P2_S2,6929441.067212,0.000758,0.925086,16160.000000,0,0
SAT_P2_S2,6928937.987225,0.000770,0.925059,16200.000000,0,0
SAT_P2_S2,6928452.673499,0.000781,0.925032,16240.000000,0,0
SAT_P2_S2,6927989.501468,0.000790,0.925007,16280.000000,0,0
SAT_P2_S2,6927552.685012,0.000796,0.924983,16320.000000,0,0
SAT_P2_S2,6927146.149556,0.000800,0.924961,16360.000000,0,0
SAT_P2_S2,6926773.457696,0.000800,0.924941,16400.000000,0,0
SAT_P2_S2,6926437.798841,0.000797,0.924922,16440.000000,0,0
SAT_P2_S2,6926141.809996,0.000790,0.924905,16480.000000,0,0
SAT_P2_S2,6925887.585912,0.000779,0.924891,16520.000000,0,0
SAT_P2_S2,6925676.691938,0.000764,0.924879,16560.000000,0,0
SAT_P2_S2,6925510.187633,0.000745,0.924869,16600.000000,0,0
SAT_P2_S2,6925388.644175,0.000722,0.924861,16640.000000,0,0
SAT_P2_S2,6925312.202058,0.000695,0.924856,16680.000000,0,0
SAT_P2_S2,6925280.724258,0.000663,0.924854,16720.000000,0,0
SAT_P2_S2,6925293.855063,0.000628,0.924854,16760.000000,0,0
SAT_P2_S2,6925351.003381,0.000588,0.924856,16800.000000,0,0
SAT_P2_S2,6925451.455579,0.000544,0.924861,16840.000000,0,0
SAT_P2_S2,6925594.399445,0.000497,0.924869,16880.000000,0,0
SAT_P2_S2,6925778.899586,0.000446,0.924879,16920.000000,0,0
SAT_P2_S2,6926003.846492,0.000392,0.924891,16960.000000,0,0
SAT_P2_S2,6926267.937493,0.000334,0.924905,17000.000000,0,0
SAT_P2_S2,6926569.695187,0.000273,0.924922,17040.000000,0,0
SAT_P2_S2,6926907.304415,0.000210,0.924941,17080.000000,0,0
SAT_P2_S2,6927278.614962,0.000146,0.924961,17120.000000,0,0
SAT_P2_S2,6927681.133497,0.000084,0.924983,17160.000000,0,0
SAT_P2_S2,6928112.018640,0.000050,0.925007,17200.000000,0,0
SAT_P2_S2,6928568.067157,0.000092,0.925032,17240.000000,0,0
SAT_P2_S2,6929045.741901,0.000160,0.925059,17280.000000,0,0
SAT_P2_S2,6929541.300998,0.000233,0.925086,17320.000000,0,0
SAT_P2_S2,6930050.845710,0.000307,0.925114,17360.000000,0,0
SAT_P2_S2,6930570.306883,0.000382,0.925143,17400.000000,0,0
SAT_P2_S2,6931095.572782,0.000456,0.925172,17440.000000,0,0
SAT_P2_S2,6931622.544906,0.000530,0.925201,17480.000000,0,0
SAT_P2_S2,6932147.155133,0.000602,0.925230,17520.000000,0,0
SAT_P2_S2,6932665.364976,0.000672,0.925258,17560.000000,0,0
SAT_P2_S2,6933173.205260,0.000739,0.925286,17600.000000,0,0
SAT_P2_S2,6933666.859485,0.000804,0.925314,17640.000000,0,0
SAT_P2_S2,6934142.549811,0.000865,0.925340,17680.000000,0,0
SAT_P2_S2,6934596.595080,0.000923,0.925365,17720.000000,0,0
SAT_P2_S2,6935025.447485,0.000977,0.925388,17760.000000,0,0
SAT_P2_S2,6935425.698763,0.001026,0.925411,17800.000000,0,0
SAT_P2_S2,6935794.118326,0.001070,0.925431,17840.000000,0,0
SAT_P2_S2,6936127.720922,0.001109,0.925449,17880.000000,0,0
SAT_P2_S2,6936423.812688,0.001143,0.925466,17920.000000,0,0
SAT_P2_S2,6936680.007689,0.001171,0.925480,17960.000000,0,0
SAT_P2_S2,6936894.268852,0.001193,0.925492,18000.000000,0,0
SAT_P2_S2,6937065.019735,0.001209,0.925502,18040.000000,0,0
SAT_P2_S2,6937191.109607,0.001218,0.925509,18080.000000,0,0
SAT_P2_S2,6937271.769303,0.001222,0.925514,18120.000000,0,0
SAT_P2_S2,6937306.646416,0.001219,0.925517,18160.000000,0,0
SAT_P2_S2,6937295.780241,0.001210,0.925517,18200.000000,0,0
SAT_P2_S2,6937239.540683,0.001195,0.925514,18240.000000,0,0
SAT_P2_S2,6937138.565409,0.001173,0.925509,18280.000000,0,0
SAT_P2_S2,6936993.758826,0.001146,0.925502,18320.000000,0,0
SAT_P2_S2,6936806.332977,0.001113,0.925492,18360.000000,0,0
SAT_P2_S2,6936577.660149,0.001074,0.925480,18400.000000,0,0
SAT_P2_S2,6936309.336861,0.001030,0.925466,18440.000000,0,0
SAT_P2_S2,6936003.201156,0.000981,0.925449,18480.000000,0,0
SAT_P2_S2,6935661.340459,0.000927,0.925431,18520.000000,0,0
SAT_P2_S2,6935286.075058,0.000869,0.925411,18560.000000,0,0
SAT_P2_S2,6934879.969974,0.000806,0.925389,18600.000000,0,0
SAT_P2_S2,6934445.923123,0.000740,0.925366,18640.000000,0,0
SAT_P2_S2,6933987.110580,0.000670,0.925341,18680.000000,0,0
SAT_P2_S2,6933506.925825,0.000598,0.925315,18720.000000,0,0
SAT_P2_S2,6933009.002358,0.000524,0.925288,18760.000000,0,0
SAT_P2_S2,6932497.176790,0.000448,0.925261,18800.000000,0,0
SAT_P2_S2,6931975.416494,0.000372,0.925232,18840.000000,0,0
SAT_P2_S2,6931447.744371,0.000298,0.925204,18880.000000,0,0
SAT_P2_S2,6930918.222267,0.000228,0.925176,18920.000000,0,0
SAT_P2_S2,6930390.972164,0.000171,0.925147,18960.000000,0,0
SAT_P2_S2,6929870.008204,0.000143,0.925119,19000.000000,0,0
SAT_P2_S2,6929359.274365,0.000159,0.925092,19040.000000,0,0
SAT_P2_S2,6928862.633009,0.000208,0.925065,19080.000000,0,0
SAT_P2_S2,6928383.843957,0.000271,0.925040,19120.000000,0,0
SAT_P2_S2,6927926.520655,0.000339,0.925015,19160.000000,0,0
SAT_P2_S2,6927494.116317,0.000408,0.924992,19200.000000,0,0
SAT_P2_S2,6927089.988776,0.000476,0.924971,19240.000000,0,0
SAT_P2_S2,6926717.331934,0.000542,0.924951,19280.000000,0,0
SAT_P2_S2,6926379.107565,0.000604,0.924933,19320.000000,0,0
SAT_P2_S2,6926078.065399,0.000663,0.924917,19360.000000,0,0
SAT_P2_S2,6925816.712178,0.000718,0.924904,19400.000000,0,0
SAT_P2_S2,6925597.251449,0.000768,0.924892,19440.000000,0,0
SAT_P2_S2,6925421.525142,0.000813,0.924883,19480.000000,0,0
SAT_P2_S2,6925291.017291,0.000853,0.924876,19520.000000,0,0
SAT_P2_S2,6925206.898393,0.000888,0.924872,19560.000000,0,0
SAT_P2_S2,6925169.880805,0.000917,0.924870,19600.000000,0,0
SAT_P2_S2,6925180.281508,0.000941,0.924871,19640.000000,0,0
SAT_P2_S2,6925238.034138,0.000958,0.924874,19680.000000,0,0
SAT_P2_S2,6925342.692789,0.000971,0.924880,19720.000000,0,0
SAT_P2_S2,6925493.408747,0.000977,0.924888,19760.000000,0,0
SAT_P2_S2,6925688.974602,0.000978,0.924899,19800.000000,0,0
SAT_P2_S2,6925927.870459,0.000974,0.924912,19840.000000,0,0
SAT_P2_S2,6926208.227049,0.000964,0.924927,19880.000000,0,0
SAT_P2_S2,6926527.874551,0.000949,0.924944,19920.000000,0,0
SAT_P2_S2,6926884.334642,0.000929,0.924964,19960.000000,0,0
SAT_P2_S2,6927274.802492,0.000905,0.924985,20000.000000,0,0
SAT_P2_S2,6927696.177634,0.000877,0.925008,20040.000000,0,0
SAT_P2_S2,6928145.161780,0.000844,0.925033,20080.000000,0,0
SAT_P2_S2,6928618.168465,0.000808,0.925058,20120.000000,0,0
SAT_P2_S2,6929111.387635,0.000769,0.925085,20160.000000,0,0
SAT_P2_S2,6929620.846652,0.000727,0.925113,20200.000000,0,0
SAT_P2_S2,6930142.454519,0.000684,0.925142,20240.000000,0,0
SAT_P2_S2,6930672.020465,0.000638,0.925171,20280.000000,0,0
SAT_P2_S2,6931205.293047,0.000592,0.925200,20320.000000,0,0
SAT_P2_S2,6931738.075896,0.000545,0.925230,20360.000000,0,0
SAT_P2_S2,6932266.276538,0.000498,0.925259,20400.000000,0,0
SAT_P2_S2,6932785.856167,0.000452,0.925288,20440.000000,0,0
SAT_P2_S2,6933292.929219,0.000409,0.925317,20480.000000,0,0
SAT_P2_S2,6933783.791559,0.000368,0.925344,20520.000000,0,0
SAT_P2_S2,6934254.916592,0.000332,0.925370,20560.000000,0,0
SAT_P2_S2,6934702.934151,0.000301,0.925396,20600.000000,0,0
SAT_P2_S2,6935124.650759,0.000278,0.925419,20640.000000,0,0
SAT_P2_S2,6935517.128226,0.000263,0.925441,20680.000000,0,0
SAT_P2_S2,6935877.569611,0.000258,0.925462,20720.000000,0,0
SAT_P2_S2,6936203.353594,0.000262,0.925480,20760.000000,0,0
SAT_P2_S2,6936492.061946,0.000273,0.925496,20800.000000,0,0
SAT_P2_S2,6936741.489423,0.000291,0.925510,20840.000000,0,0
SAT_P2_S2,6936949.628889,0.000312,0.925522,20880.000000,0,0
SAT_P2_S2,6937114.680449,0.000335,0.925531,20920.000000,0,0
SAT_P2_S2,6937235.144019,0.000359,0.925538,20960.000000,0,0
SAT_P2_S2,6937309.852471,0.000383,0.925542,21000.000000,0,0
SAT_P2_S2,6937337.912542,0.000407,0.925544,21040.000000,0,0
SAT_P2_S2,6937318.805448,0.000429,0.925543,21080.000000,0,0
SAT_P2_S2,6937252.422744,0.000450,0.925540,21120.000000,0,0
SAT_P2_S2,6937139.073375,0.000470,0.925534,21160.000000,0,0
SAT_P2_S2,6936979.473887,0.000489,0.925526,21200.000000,0,0
SAT_P2_S2,6936774.778087,0.000506,0.925515,21240.000000,0,0
SAT_P2_S2,6936526.659670,0.000523,0.925502,21280.000000,0,0
SAT_P2_S2,6936237.184373,0.000538,0.925487,21320.000000,0,0
SAT_P2_S2,6935908.820954,0.000553,0.925470,21360.000000,0,0
SAT_P2_S2,6935544.427146,0.000568,0.925451,21400.000000,0,0
SAT_P2_S2,6935147.200241,0.000582,0.925430,21440.000000,0,0
SAT_P2_S2,6934720.589140,0.000596,0.925407,21480.000000,0,0
SAT_P2_S2,6934268.218193,0.000611,0.925383,21520.000000,0,0
SAT_P2_S2,6933793.881589,0.000626,0.925358,21560.000000,0,0
SAT_P2_S2,6933301.478550,0.000641,0.925331,21600.000000,0,0
SAT_P2_S2,6932794.869053,0.000657,0.925304,21640.000000,0,0
SAT_P2_S2,6932277.887488,0.000673,0.925276,21680.000000,0,0
SAT_P2_S2,6931754.314656,0.000689,0.925247,21720.000000,0,0
SAT_P2_S2,6931227.841279,0.000705,0.925219,21760.000000,0,0
SAT_P2_S2,6930702.035591,0.000721,0.925190,21800.000000,0,0
SAT_P2_S2,6930180.374593,0.000736,0.925161,21840.000000,0,0
SAT_P2_S2,6929666.357150,0.000750,0.925133,21880.000000,0,0
SAT_P2_S2,6929163.411692,0.000764,0.925105,21920.000000,0,0
SAT_P2_S2,6928674.963473,0.000776,0.925079,21960.000000,0,0
SAT_P2_S2,6928204.482175,0.000786,0.925053,22000.000000,0,0
SAT_P2_S2,6927755.490014,0.000794,0.925029,22040.000000,0,0
SAT_P2_S2,6927331.523466,0.000800,0.925006,22080.000000,0,0
SAT_P2_S2,6926936.093772,0.000803,0.924984,22120.000000,0,0
SAT_P2_S2,6926572.697344,0.000803,0.924965,22160.000000,0,0
SAT_P2_S2,6926244.745314,0.000800,0.924947,22200.000000,0,0
SAT_P2_S2,6925955.397702,0.000793,0.924932,22240.000000,0,0
SAT_P2_S2,6925707.532550,0.000782,0.924918,22280.000000,0,0
SAT_P2_S2,6925503.660992,0.000766,0.924907,22320.000000,0,0
SAT_P2_S2,6925345.829000,0.000747,0.924898,22360.000000,0,0
SAT_P2_S2,6925235.523884,0.000722,0.924892,22400.000000,0,0
SAT_P2_S2,6925173.650070,0.000694,0.924888,22440.000000,0,0
SAT_P2_S2,6925160.599532,0.000660,0.924887,22480.000000,0,0
SAT_P2_S2,6925196.147701,0.000622,0.924889,22520.000000,0,0
SAT_P2_S2,6925279.526228,0.000580,0.924892,22560.000000,0,0
SAT_P2_S2,6925409.506060,0.000533,0.924899,22600.000000,0,0
SAT_P2_S2,6925584.468743,0.000483,0.924907,22640.000000,0,0
SAT_P2_S2,6925802.452152,0.000429,0.924918,22680.000000,0,0
SAT_P2_S2,6926061.213394,0.000371,0.924932,22720.000000,0,0
SAT_P2_S2,6926358.360877,0.000310,0.924947,22760.000000,0,0
SAT_P2_S2,6926691.406001,0.000247,0.924965,22800.000000,0,0
SAT_P2_S2,6927057.703586,0.000182,0.924984,22840.000000,0,0
SAT_P2_S2,6927454.534052,0.000116,0.925005,22880.000000,0,0
SAT_P2_S2,6927879.104233,0.000058,0.925028,22920.000000,0,0
SAT_P2_S2,6928328.513929,0.000060,0.925053,22960.000000,0,0
SAT_P2_S2,6928799.705550,0.000121,0.925078,23000.000000,0,0
SAT_P2_S2,6929289.458246,0.000192,0.925105,23040.000000,0,0
SAT_P2_S2,6929794.447244,0.000266,0.925132,23080.000000,0,0
SAT_P2_S2,6930311.124625,0.000341,0.925161,23120.000000,0,0
SAT_P2_S2,6930835.755611,0.000416,0.925189,23160.000000,0,0
SAT_P2_S2,6931364.459681,0.000490,0.925218,23200.000000,0,0
SAT_P2_S2,6931893.242562,0.000563,0.925247,23240.000000,0,0
SAT_P2_S2,6932418.007952,0.000635,0.925276,23280.000000,0,0
SAT_P2_S2,6932934.596045,0.000704,0.925304,23320.000000,0,0
SAT_P2_S2,6933438.906979,0.000771,0.925331,23360.000000,0,0
SAT_P2_S2,6933926.959427,0.000834,0.925358,23400.000000,0,0
SAT_P2_S2,6934394.848228,0.000895,0.925384,23440.000000,0,0
SAT_P2_S2,6934838.863115,0.000951,0.925408,23480.000000,0,0
SAT_P2_S2,6935255.520790,0.001003,0.925431,23520.000000,0,0
SAT_P2_S2,6935641.577148,0.001050,0.925452,23560.000000,0,0
SAT_P2_S2,6935994.055683,0.001092,0.925472,23600.000000,0,0
SAT_P2_S2,6936310.283341,0.001128,0.925489,23640.000000,0,0
SAT_P2_S2,6936587.881097,0.001160,0.925505,23680.000000,0,0
SAT_P2_S2,6936824.745404,0.001185,0.925518,23720.000000,0,0
SAT_P2_S2,6937019.080841,0.001204,0.925529,23760.000000,0,0
SAT_P2_S2,6937169.488551,0.001218,0.925538,23800.000000,0,0
SAT_P2_S2,6937274.848644,0.001225,0.925544,23840.000000,0,0
SAT_P2_S2,6937334.378512,0.001226,0.925548,23880.000000,0,0
SAT_P2_S2,6937347.658605,0.001220,0.925549,23920.000000,0,0
SAT_P2_S2,6937314.635753,0.001208,0.925548,23960.000000,0,0
SAT_P2_S2,6937235.594064,0.001190,0.925544,24000.000000,0,0
SAT_P2_S2,6937111.145036,0.001166,0.925538,24040.000000,0,0
SAT_P2_S2,6936942.292905,0.001136,0.925529,24080.000000,0,0
SAT_P2_S2,6936730.407617,0.001100,0.925519,24120.000000,0,0
SAT_P2_S2,6936477.137556,0.001058,0.925505,24160.000000,0,0
SAT_P2_S2,6936184.453442,0.001011,0.925490,24200.000000,0,0
SAT_P2_S2,6935854.634703,0.000959,0.925473,24240.000000,0,0
SAT_P2_S2,6935490.227717,0.000902,0.925453,24280.000000,0,0
SAT_P2_S2,6935093.996725,0.000841,0.925432,24320.000000,0,0
SAT_P2_S2,6934668.927206,0.000777,0.925410,24360.000000,0,0
SAT_P2_S2,6934218.285801,0.000708,0.925386,24400.000000,0,0
SAT_P2_S2,6933745.471788,0.000637,0.925360,24440.000000,0,0
SAT_P2_S2,6933254.045316,0.000564,0.925334,24480.000000,0,0
SAT_P2_S2,6932747.721375,0.000488,0.925306,24520.000000,0,0
SAT_P2_S2,6932230.341376,0.000412,0.925278,24560.000000,0,0
SAT_P2_S2,6931705.813366,0.000337,0.925250,24600.000000,0,0
SAT_P2_S2,6931178.072191,0.000264,0.925221,24640.000000,0,0
SAT_P2_S2,6930651.115701,0.000198,0.925193,24680.000000,0,0
SAT_P2_S2,6930128.953247,0.000150,0.925165,24720.000000,0,0
SAT_P2_S2,6929615.498696,0.000139,0.925137,24760.000000,0,0
SAT_P2_S2,6929114.596551,0.000172,0.925110,24800.000000,0,0
SAT_P2_S2,6928629.996383,0.000229,0.925083,24840.000000,0,0
SAT_P2_S2,6928165.304527,0.000294,0.925058,24880.000000,0,0
SAT_P2_S2,6927723.932979,0.000363,0.925034,24920.000000,0,0
SAT_P2_S2,6927309.104627,0.000430,0.925012,24960.000000,0,0
SAT_P2_S2,6926923.919371,0.000497,0.924991,25000.000000,0,0
SAT_P2_S2,6926571.215895,0.000560,0.924972,25040.000000,0,0
SAT_P2_S2,6926253.612186,0.000620,0.924955,25080.000000,0,0
SAT_P2_S2,6925973.513566,0.000676,0.924941,25120.000000,0,0
SAT_P2_S2,6925733.099584,0.000728,0.924928,25160.000000,0,0
SAT_P2_S2,6925534.280477,0.000776,0.924918,25200.000000,0,0
SAT_P2_S2,6925378.673035,0.000819,0.924910,25240.000000,0,0
SAT_P2_S2,6925267.650438,0.000856,0.924904,25280.000000,0,0
SAT_P2_S2,6925202.304736,0.000889,0.924901,25320.000000,0,0
SAT_P2_S2,6925183.354202,0.000915,0.924901,25360.000000,0,0
SAT_P2_S2,6925211.181055,0.000937,0.924903,25400.000000,0,0
SAT_P2_S2,6925285.817628,0.000952,0.924907,25440.000000,0,0
SAT_P2_S2,6925406.912197,0.000963,0.924914,25480.000000,0,0
SAT_P2_S2,6925573.683835,0.000967,0.924924,25520.000000,0,0
SAT_P2_S2,6925785.003610,0.000966,0.924936,25560.000000,0,0
SAT_P2_S2,6926039.346632,0.000960,0.924950,25600.000000,0,0
SAT_P2_S2,6926334.818794,0.000948,0.924966,25640.000000,0,0
SAT_P2_S2,6926669.189543,0.000931,0.924984,25680.000000,0,0
SAT_P2_S2,6927039.886384,0.000910,0.925005,25720.000000,0,0
SAT_P2_S2,6927444.006492,0.000884,0.925026,25760.000000,0,0
SAT_P2_S2,6927878.402819,0.000854,0.925050,25800.000000,0,0
SAT_P2_S2,6928339.732178,0.000820,0.925075,25840.000000,0,0
SAT_P2_S2,6928824.376118,0.000783,0.925101,25880.000000,0,0
SAT_P2_S2,6929328.537873,0.000743,0.925128,25920.000000,0,0
SAT_P2_S2,6929848.270748,0.000701,0.925157,25960.000000,0,0
SAT_P2_S2,6930379.486357,0.000657,0.925185,26000.000000,0,0
SAT_P2_S2,6930917.949723,0.000611,0.925214,26040.000000,0,0
SAT_P2_S2,6931459.320303,0.000565,0.925244,26080.000000,0,0
SAT_P2_S2,6931999.267710,0.000519,0.925273,26120.000000,0,0
SAT_P2_S2,6932533.406767,0.000474,0.925302,26160.000000,0,0
SAT_P2_S2,6933057.359637,0.000430,0.925330,26200.000000,0,0
SAT_P2_S2,6933566.834239,0.000389,0.925358,26240.000000,0,0
SAT_P2_S2,6934057.678373,0.000353,0.925384,26280.000000,0,0
SAT_P2_S2,6934525.904195,0.000322,0.925410,26320.000000,0,0
SAT_P2_S2,6934967.725994,0.000298,0.925434,26360.000000,0,0
SAT_P2_S2,6935379.667665,0.000282,0.925457,26400.000000,0,0
SAT_P2_S2,6935758.624050,0.000275,0.925478,26440.000000,0,0
SAT_P2_S2,6936101.784475,0.000276,0.925497,26480.000000,0,0
SAT_P2_S2,6936406.723917,0.000285,0.925514,26520.000000,0,0
SAT_P2_S2,6936671.412575,0.000299,0.925529,26560.000000,0,0
SAT_P2_S2,6936894.193051,0.000317,0.925542,26600.000000,0,0
SAT_P2_S2,6937073.733589,0.000338,0.925552,26640.000000,0,0
SAT_P2_S2,6937209.016619,0.000360,0.925560,26680.000000,0,0
SAT_P2_S2,6937299.390505,0.000382,0.925565,26720.000000,0,0
SAT_P2_S2,6937344.441753,0.000403,0.925568,26760.000000,0,0
SAT_P2_S2,6937343.989438,0.000424,0.925569,26800.000000,0,0
SAT_P2_S2,6937298.097796,0.000444,0.925567,26840.000000,0,0
SAT_P2_S2,6937207.072609,0.000463,0.925562,26880.000000,0,0
SAT_P2_S2,6937071.436469,0.000481,0.925555,26920.000000,0,0
SAT_P2_S2,6936891.927942,0.000498,0.925545,26960.000000,0,0
SAT_P2_S2,6936669.585573,0.000513,0.925533,27000.000000,0,0
SAT_P2_S2,6936405.799143,0.000528,0.925519,27040.000000,0,0
SAT_P2_S2,6936102.227523,0.000542,0.925502,27080.000000,0,0
SAT_P2_S2,6935760.899569,0.000556,0.925484,27120.000000,0,0
SAT_P2_S2,6935384.234711,0.000570,0.925463,27160.000000,0,0
SAT_P2_S2,6934975.030563,0.000583,0.925441,27200.000000,0,0
SAT_P2_S2,6934536.422332,0.000597,0.925418,27240.000000,0,0
SAT_P2_S2,6934071.869680,0.000611,0.925393,27280.000000,0,0
SAT_P2_S2,6933585.194316,0.000626,0.925367,27320.000000,0,0
SAT_P2_S2,6933080.423323,0.000641,0.925339,27360.000000,0,0
SAT_P2_S2,6932561.741712,0.000657,0.925312,27400.000000,0,0
SAT_P2_S2,6932033.448466,0.000673,0.925283,27440.000000,0,0
SAT_P2_S2,6931499.886122,0.000689,0.925255,27480.000000,0,0
SAT_P2_S2,6930965.344501,0.000705,0.925226,27520.000000,0,0
SAT_P2_S2,6930433.986239,0.000721,0.925197,27560.000000,0,0
SAT_P2_S2,6929909.857419,0.000736,0.925169,27600.000000,0,0
SAT_P2_S2,6929396.876250,0.000751,0.925141,27640.000000,0,0
SAT_P2_S2,6928898.709056,0.000764,0.925114,27680.000000,0,0
SAT_P2_S2,6928418.836698,0.000775,0.925088,27720.000000,0,0
SAT_P2_S2,6927960.565656,0.000785,0.925064,27760.000000,0,0
SAT_P2_S2,6927527.024765,0.000792,0.925040,27800.000000,0,0
SAT_P2_S2,6927121.150113,0.000797,0.925018,27840.000000,0,0
SAT_P2_S2,6926745.713215,0.000799,0.924998,27880.000000,0,0
SAT_P2_S2,6926403.416627,0.000798,0.924979,27920.000000,0,0
SAT_P2_S2,6926096.788941,0.000793,0.924963,27960.000000,0,0
SAT_P2_S2,6925828.195516,0.000785,0.924948,28000.000000,0,0
SAT_P2_S2,6925599.847699,0.000773,0.924936,28040.000000,0,0
SAT_P2_S2,6925413.772566,0.000756,0.924926,28080.000000,0,0
SAT_P2_S2,6925271.745139,0.000736,0.924919,28120.000000,0,0
SAT_P2_S2,6925175.228813,0.000711,0.924914,28160.000000,0,0
SAT_P2_S2,6925125.382669,0.000682,0.924912,28200.000000,0,0
SAT_P2_S2,6925123.033473,0.000648,0.924912,28240.000000,0,0
SAT_P2_S2,6925168.535536,0.000610,0.924914,28280.000000,0,0
SAT_P2_S2,6925261.805309,0.000567,0.924919,28320.000000,0,0
SAT_P2_S2,6925402.306605,0.000520,0.924927,28360.000000,0,0
SAT_P2_S2,6925589.028120,0.000469,0.924937,28400.000000,0,0
SAT_P2_S2,6925820.459322,0.000414,0.924949,28440.000000,0,0
SAT_P2_S2,6926094.624146,0.000355,0.924964,28480.000000,0,0
SAT_P2_S2,6926409.202585,0.000293,0.924980,28520.000000,0,0
SAT_P2_S2,6926761.467092,0.000228,0.924999,28560.000000,0,0
SAT_P2_S2,6927148.353140,0.000160,0.925019,28600.000000,0,0
SAT_P2_S2,6927566.545208,0.000091,0.925041,28640.000000,0,0
SAT_P2_S2,6928012.533224,0.000034,0.925064,28680.000000,0,0
SAT_P2_S2,6928482.635895,0.000068,0.925089,28720.000000,0,0
SAT_P2_S2,6928973.033843,0.000140,0.925115,28760.000000,0,0
SAT_P2_S2,6929479.868383,0.000215,0.925142,28800.000000,0,0
SAT_P2_S2,6929999.293078,0.000290,0.925169,28840.000000,0,0
SAT_P2_S2,6930527.392999,0.000366,0.925197,28880.000000,0,0
SAT_P2_S2,6931060.271735,0.000441,0.925225,28920.000000,0,0
SAT_P2_S2,6931594.065865,0.000515,0.925254,28960.000000,0,0
SAT_P2_S2,6932124.935043,0.000587,0.925282,29000.000000,0,0
SAT_P2_S2,6932649.036101,0.000658,0.925310,29040.000000,0,0
SAT_P2_S2,6933162.541459,0.000726,0.925338,29080.000000,0,0
SAT_P2_S2,6933661.731319,0.000791,0.925364,29120.000000,0,0
SAT_P2_S2,6934142.904734,0.000853,0.925390,29160.000000,0,0
SAT_P2_S2,6934602.418576,0.000911,0.925415,29200.000000,0,0
SAT_P2_S2,6935036.747216,0.000966,0.925438,29240.000000,0,0
SAT_P2_S2,6935442.498345,0.001015,0.925460,29280.000000,0,0
SAT_P2_S2,6935816.445160,0.001060,0.925480,29320.000000,0,0
SAT_P2_S2,6936155.585169,0.001100,0.925498,29360.000000,0,0
SAT_P2_S2,6936457.189652,0.001135,0.925514,29400.000000,0,0
SAT_P2_S2,6936718.813288,0.001164,0.925528,29440.000000,0,0
SAT_P2_S2,6936938.315361,0.001186,0.925540,29480.000000,0,0
SAT_P2_S2,6937113.949765,0.001203,0.925549,29520.000000,0,0
SAT_P2_S2,6937244.401246,0.001214,0.925556,29560.000000,0,0
SAT_P2_S2,6937328.694000,0.001218,0.925560,29600.000000,0,0
SAT_P2_S2,6937366.265849,0.001216,0.925562,29640.000000,0,0
SAT_P2_S2,6937356.967643,0.001207,0.925562,29680.000000,0,0
SAT_P2_S2,6937301.034339,0.001193,0.925558,29720.000000,0,0
SAT_P2_S2,6937199.037641,0.001172,0.925553,29760.000000,0,0
SAT_P2_S2,6937051.880450,0.001145,0.925545,29800.000000,0,0
SAT_P2_S2,6936860.859366,0.001112,0.925534,29840.000000,0,0
SAT_P2_S2,6936627.537485,0.001073,0.925522,29880.000000,0,0
SAT_P2_S2,6936353.748622,0.001029,0.925507,29920.000000,0,0
SAT_P2_S2,6936041.609467,0.000980,0.925489,29960.000000,0,0
SAT_P2_S2,6935693.507463,0.000925,0.925470,30000.000000,0,0
SAT_P2_S2,6935312.059381,0.000867,0.925450,30040.000000,0,0
SAT_P2_S2,6934900.086481,0.000804,0.925427,30080.000000,0,0
SAT_P2_S2,6934460.665468,0.000738,0.925403,30120.000000,0,0
SAT_P2_S2,6933997.133210,0.000668,0.925378,30160.000000,0,0
SAT_P2_S2,6933512.967684,0.000595,0.925351,30200.000000,0,0
SAT_P2_S2,6933011.841085,0.000521,0.925324,30240.000000,0,0
SAT_P2_S2,6932497.600360,0.000445,0.925296,30280.000000,0,0
SAT_P2_S2,6931974.221219,0.000369,0.925267,30320.000000,0,0
SAT_P2_S2,6931445.743892,0.000293,0.925238,30360.000000,0,0
SAT_P2_S2,6930916.249154,0.000222,0.925209,30400.000000,0,0
SAT_P2_S2,6930389.899464,0.000161,0.925181,30440.000000,0,0
SAT_P2_S2,6929870.790118,0.000128,0.925152,30480.000000,0,0
SAT_P2_S2,6929362.929168,0.000141,0.925125,30520.000000,0,0
SAT_P2_S2,6928870.223802,0.000191,0.925098,30560.000000,0,0
SAT_P2_S2,6928396.443811,0.000254,0.925072,30600.000000,0,0
SAT_P2_S2,6927945.159050,0.000322,0.925047,30640.000000,0,0
SAT_P2_S2,6927519.696923,0.000390,0.925024,30680.000000,0,0
SAT_P2_S2,6927123.179905,0.000457,0.925002,30720.000000,0,0
SAT_P2_S2,6926758.525216,0.000521,0.924982,30760.000000,0,0
SAT_P2_S2,6926428.330421,0.000582,0.924964,30800.000000,0,0
SAT_P2_S2,6926134.936044,0.000639,0.924948,30840.000000,0,0
SAT_P2_S2,6925880.424940,0.000692,0.924935,30880.000000,0,0
SAT_P2_S2,6925666.602014,0.000741,0.924923,30920.000000,0,0
SAT_P2_S2,6925494.961051,0.000785,0.924914,30960.000000,0,0
SAT_P2_S2,6925366.695671,0.000824,0.924907,31000.000000,0,0
SAT_P2_S2,6925282.778558,0.000858,0.924903,31040.000000,0,0
SAT_P2_S2,6925243.850001,0.000887,0.924901,31080.000000,0,0
SAT_P2_S2,6925250.235699,0.000910,0.924902,31120.000000,0,0
SAT_P2_S2,6925301.968211,0.000928,0.924906,31160.000000,0,0
SAT_P2_S2,6925398.782520,0.000940,0.924912,31200.000000,0,0
SAT_P2_S2,6925540.079747,0.000948,0.924920,31240.000000,0,0
SAT_P2_S2,6925724.926657,0.000949,0.924931,31280.000000,0,0
SAT_P2_S2,6925952.119962,0.000946,0.924944,31320.000000,0,0
SAT_P2_S2,6926220.123690,0.000937,0.924959,31360.000000,0,0
SAT_P2_S2,6926527.116936,0.000923,0.924976,31400.000000,0,0
SAT_P2_S2,6926870.991214,0.000905,0.924995,31440.000000,0,0
SAT_P2_S2,6927249.331354,0.000882,0.925016,31480.000000,0,0
SAT_P2_S2,6927659.436764,0.000855,0.925039,31520.000000,0,0
SAT_P2_S2,6928098.418561,0.000824,0.925063,31560.000000,0,0
SAT_P2_S2,6928563.124710,0.000789,0.925089,31600.000000,0,0
SAT_P2_S2,6929050.155768,0.000752,0.925115,31640.000000,0,0
SAT_P2_S2,6929555.914802,0.000712,0.925143,31680.000000,0,0
SAT_P2_S2,6930076.625568,0.000669,0.925171,31720.000000,0,0
SAT_P2_S2,6930608.322258,0.000625,0.925200,31760.000000,0,0
SAT_P2_S2,6931146.852533,0.000580,0.925229,31800.000000,0,0
SAT_P2_S2,6931687.953777,0.000535,0.925258,31840.000000,0,0
SAT_P2_S2,6932227.322263,0.000490,0.925286,31880.000000,0,0
SAT_P2_S2,6932760.530738,0.000447,0.925315,31920.000000,0,0
SAT_P2_S2,6933283.148386,0.000406,0.925343,31960.000000,0,0
SAT_P2_S2,6933790.794861,0.000369,0.925370,32000.000000,0,0
SAT_P2_S2,6934279.181712,0.000338,0.925396,32040.000000,0,0
SAT_P2_S2,6934744.137661,0.000313,0.925421,32080.000000,0,0
SAT_P2_S2,6935181.674375,0.000296,0.925444,32120.000000,0,0
SAT_P2_S2,6935588.127373,0.000288,0.925466,32160.000000,0,0
SAT_P2_S2,6935960.114801,0.000289,0.925486,32200.000000,0,0
SAT_P2_S2,6936294.581776,0.000297,0.925504,32240.000000,0,0
SAT_P2_S2,6936588.870231,0.000310,0.925520,32280.000000,0,0
SAT_P2_S2,6936840.743763,0.000328,0.925534,32320.000000,0,0
SAT_P2_S2,6937048.371506,0.000348,0.925546,32360.000000,0,0
SAT_P2_S2,6937210.312655,0.000369,0.925555,32400.000000,0,0
SAT_P2_S2,6937325.559155,0.000390,0.925562,32440.000000,0,0
SAT_P2_S2,6937393.557083,0.000411,0.925566,32480.000000,0,0
SAT_P2_S2,6937414.071583,0.000431,0.925567,32520.000000,0,0
SAT_P2_S2,6937387.238852,0.000450,0.925567,32560.000000,0,0
SAT_P2_S2,6937313.549127,0.000467,0.925563,32600.000000,0,0
SAT_P2_S2,6937193.814505,0.000483,0.925557,32640.000000,0,0
SAT_P2_S2,6937029.120824,0.000498,0.925549,32680.000000,0,0
SAT_P2_S2,6936820.822794,0.000511,0.925538,32720.000000,0,0
SAT_P2_S2,6936570.620333,0.000524,0.925525,32760.000000,0,0
SAT_P2_S2,6936280.461707,0.000536,0.925509,32800.000000,0,0
SAT_P2_S2,6935952.540085,0.000548,0.925492,32840.000000,0,0
SAT_P2_S2,6935589.325319,0.000559,0.925472,32880.000000,0,0
SAT_P2_S2,6935193.560017,0.000571,0.925451,32920.000000,0,0
SAT_P2_S2,6934768.221540,0.000583,0.925428,32960.000000,0,0
SAT_P2_S2,6934316.490330,0.000595,0.925403,33000.000000,0,0
SAT_P2_S2,6933841.782104,0.000608,0.925378,33040.000000,0,0
SAT_P2_S2,6933347.761016,0.000622,0.925351,33080.000000,0,0
SAT_P2_S2,6932838.190611,0.000636,0.925323,33120.000000,0,0
SAT_P2_S2,6932316.976262,0.000651,0.925295,33160.000000,0,0
SAT_P2_S2,6931788.131760,0.000666,0.925266,33200.000000,0,0
SAT_P2_S2,6931255.727989,0.000682,0.925237,33240.000000,0,0
SAT_P2_S2,6930723.822705,0.000698,0.925208,33280.000000,0,0
SAT_P2_S2,6930196.430108,0.000713,0.925179,33320.000000,0,0
SAT_P2_S2,6929677.567696,0.000728,0.925151,33360.000000,0,0
SAT_P2_S2,6929171.134716,0.000742,0.925123,33400.000000,0,0
SAT_P2_S2,6928680.884081,0.000755,0.925097,33440.000000,0,0
SAT_P2_S2,6928210.432184,0.000766,0.925071,33480.000000,0,0
SAT_P2_S2,6927763.240032,0.000775,0.925047,33520.000000,0,0
SAT_P2_S2,6927342.566962,0.000782,0.925024,33560.000000,0,0
SAT_P2_S2,6926951.437222,0.000786,0.925003,33600.000000,0,0
SAT_P2_S2,6926592.678118,0.000787,0.924984,33640.000000,0,0
SAT_P2_S2,6926268.946991,0.000785,0.924967,33680.000000,0,0
SAT_P2_S2,6925982.598809,0.000780,0.924951,33720.000000,0,0
SAT_P2_S2,6925735.752198,0.000770,0.924938,33760.000000,0,0
SAT_P2_S2,6925530.280800,0.000757,0.924927,33800.000000,0,0
SAT_P2_S2,6925367.787656,0.000740,0.924919,33840.000000,0,0
SAT_P2_S2,6925249.560416,0.000718,0.924912,33880.000000,0,0
SAT_P2_S2,6925176.564634,0.000692,0.924909,33920.000000,0,0
SAT_P2_S2,6925149.510984,0.000662,0.924908,33960.000000,0,0
SAT_P2_S2,6925168.752673,0.000627,0.924909,34000.000000,0,0
SAT_P2_S2,6925234.273829,0.000588,0.924913,34040.000000,0,0
SAT_P2_S2,6925345.713683,0.000545,0.924919,34080.000000,0,0
SAT_P2_S2,6925502.362052,0.000498,0.924928,34120.000000,0,0
SAT_P2_S2,6925703.128447,0.000446,0.924940,34160.000000,0,0
SAT_P2_S2,6925946.525960,0.000391,0.924953,34200.000000,0,0
SAT_P2_S2,6926230.729816,0.000332,0.924969,34240.000000,0,0
SAT_P2_S2,6926553.629214,0.000270,0.924987,34280.000000,0,0
SAT_P2_S2,6926912.724727,0.000205,0.925007,34320.000000,0,0
SAT_P2_S2,6927305.228625,0.000137,0.925028,34360.000000,0,0
SAT_P2_S2,6927728.096087,0.000068,0.925051,34400.000000,0,0
SAT_P2_S2,6928178.042706,0.000019,0.925076,34440.000000,0,0
SAT_P2_S2,6928651.545421,0.000082,0.925101,34480.000000,0,0
SAT_P2_S2,6929144.884335,0.000155,0.925128,34520.000000,0,0
SAT_P2_S2,6929654.261133,0.000230,0.925155,34560.000000,0,0
SAT_P2_S2,6930175.742089,0.000306,0.925184,34600.000000,0,0
SAT_P2_S2,6930705.292070,0.000381,0.925212,34640.000000,0,0
SAT_P2_S2,6931238.841803,0.000455,0.925240,34680.000000,0,0
SAT_P2_S2,6931772.320368,0.000528,0.925269,34720.000000,0,0
SAT_P2_S2,6932301.655463,0.000599,0.925297,34760.000000,0,0
SAT_P2_S2,6932822.782987,0.000668,0.925325,34800.000000,0,0
SAT_P2_S2,6933331.725120,0.000735,0.925351,34840.000000,0,0
SAT_P2_S2,6933824.654305,0.000799,0.925377,34880.000000,0,0
SAT_P2_S2,6934297.797573,0.000859,0.925402,34920.000000,0,0
SAT_P2_S2,6934747.539148,0.000915,0.925426,34960.000000,0,0
SAT_P2_S2,6935170.444178,0.000967,0.925448,35000.000000,0,0
SAT_P2_S2,6935563.260395,0.001014,0.925468,35040.000000,0,0
SAT_P2_S2,6935922.944936,0.001057,0.925487,35080.000000,0,0
SAT_P2_S2,6936246.708263,0.001094,0.925504,35120.000000,0,0
SAT_P2_S2,6936532.025601,0.001125,0.925518,35160.000000,0,0
SAT_P2_S2,6936776.627501,0.001151,0.925531,35200.000000,0,0
SAT_P2_S2,6936978.528260,0.001171,0.925541,35240.000000,0,0
SAT_P2_S2,6937136.132732,0.001185,0.925549,35280.000000,0,0
SAT_P2_S2,6937248.173923,0.001193,0.925554,35320.000000,0,0
SAT_P2_S2,6937313.723488,0.001194,0.925557,35360.000000,0,0
SAT_P2_S2,6937332.246710,0.001189,0.925557,35400.000000,0,0
SAT_P2_S2,6937303.616449,0.001178,0.925555,35440.000000,0,0
SAT_P2_S2,6937228.090266,0.001160,0.925550,35480.000000,0,0
SAT_P2_S2,6937106.290015,0.001136,0.925543,35520.000000,0,0
SAT_P2_S2,6936939.242239,0.001106,0.925534,35560.000000,0,0
SAT_P2_S2,6936728.409486,0.001070,0.925522,35600.000000,0,0
SAT_P2_S2,6936475.542749,0.001029,0.925508,35640.000000,0,0
SAT_P2_S2,6936182.733223,0.000982,0.925491,35680.000000,0,0
SAT_P2_S2,6935852.386481,0.000930,0.925473,35720.000000,0,0
SAT_P2_S2,6935487.179861,0.000874,0.925453,35760.000000,0,0
SAT_P2_S2,6935089.999362,0.000813,0.925431,35800.000000,0,0
SAT_P2_S2,6934663.915926,0.000748,0.925407,35840.000000,0,0
SAT_P2_S2,6934212.244262,0.000680,0.925383,35880.000000,0,0
SAT_P2_S2,6933738.435895,0.000609,0.925356,35920.000000,0,0
SAT_P2_S2,6933246.059832,0.000536,0.925329,35960.000000,0,0
SAT_P2_S2,6932738.819568,0.000461,0.925302,36000.000000,0,0
SAT_P2_S3,6928137.000000,0.000000,0.925025,0.000000,0,0
SAT_P2_S3,6927661.802394,0.000075,0.924998,40.000000,0,0
SAT_P2_S3,6927167.173157,0.000150,0.924970,80.000000,0,0
SAT_P2_S3,6926656.946050,0.000226,0.924942,120.000000,0,0
SAT_P2_S3,6926135.063169,0.000301,0.924913,160.000000,0,0
SAT_P2_S3,6925605.540229,0.000376,0.924883,200.000000,0,0
SAT_P2_S3,6925072.432115,0.000450,0.924853,240.000000,0,0
SAT_P2_S3,6924539.761712,0.000522,0.924824,280.000000,0,0
SAT_P2_S3,6924011.465995,0.000592,0.924795,320.000000,0,0
SAT_P2_S3,6923491.422293,0.000660,0.924766,360.000000,0,0
SAT_P2_S3,6922983.465575,0.000725,0.924738,400.000000,0,0
SAT_P2_S3,6922491.265003,0.000786,0.924710,440.000000,0,0
SAT_P2_S3,6922018.398908,0.000844,0.924684,480.000000,0,0
SAT_P2_S3,6921568.360286,0.000898,0.924660,520.000000,0,0
SAT_P2_S3,6921144.539888,0.000947,0.924636,560.000000,0,0
SAT_P2_S3,6920750.184828,0.000992,0.924615,600.000000,0,0
SAT_P2_S3,6920388.387071,0.001032,0.924595,640.000000,0,0
SAT_P2_S3,6920062.130526,0.001066,0.924577,680.000000,0,0
SAT_P2_S3,6919774.151232,0.001094,0.924562,720.000000,0,0
SAT_P2_S3,6919526.891135,0.001117,0.924548,760.000000,0,0
SAT_P2_S3,6919322.472905,0.001133,0.924537,800.000000,0,0
SAT_P2_S3,6919162.649609,0.001143,0.924529,840.000000,0,0
SAT_P2_S3,6919048.734870,0.001147,0.924522,880.000000,0,0
SAT_P2_S3,6918981.558440,0.001144,0.924519,920.000000,0,0
SAT_P2_S3,6918961.511922,0.001135,0.924518,960.000000,0,0
SAT_P2_S3,6918988.595897,0.001119,0.924519,1000.000000,0,0
SAT_P2_S3,6919062.331333,0.001097,0.924523,1040.000000,0,0
SAT_P2_S3,6919181.878543,0.001068,0.924530,1080.000000,0,0
SAT_P2_S3,6919346.088892,0.001034,0.924539,1120.000000,0,0
SAT_P2_S3,6919553.524303,0.000994,0.924551,1160.000000,0,0
SAT_P2_S3,6919802.501201,0.000948,0.924564,1200.000000,0,0
SAT_P2_S3,6920091.129685,0.000897,0.924580,1240.000000,0,0
SAT_P2_S3,6920417.324908,0.000842,0.924598,1280.000000,0,0
SAT_P2_S3,6920778.771742,0.000782,0.924618,1320.000000,0,0
SAT_P2_S3,6921172.899286,0.000717,0.924640,1360.000000,0,0
SAT_P2_S3,6921596.922273,0.000650,0.924663,1400.000000,0,0
SAT_P2_S3,6922047.813984,0.000579,0.924688,1440.000000,0,0
SAT_P2_S3,6922522.223138,0.000507,0.924714,1480.000000,0,0
SAT_P2_S3,6923016.538027,0.000433,0.924741,1520.000000,0,0
SAT_P2_S3,6923526.920280,0.000361,0.924769,1560.000000,0,0
SAT_P2_S3,6924049.330444,0.000294,0.924797,1600.000000,0,0
SAT_P2_S3,6924579.559228,0.000237,0.924826,1640.000000,0,0
SAT_P2_S3,6925113.321463,0.000202,0.924855,1680.000000,0,0
SAT_P2_S3,6925646.420528,0.000202,0.924884,1720.000000,0,0
SAT_P2_S3,6926174.685294,0.000236,0.924913,1760.000000,0,0
SAT_P2_S3,6926694.071399,0.000293,0.924941,1800.000000,0,0
SAT_P2_S3,6927200.717514,0.000360,0.924969,1840.000000,0,0
SAT_P2_S3,6927690.955697,0.000432,0.924995,1880.000000,0,0
SAT_P2_S3,6928161.274108,0.000505,0.925021,1920.000000,0,0
SAT_P2_S3,6928608.285723,0.000578,0.925045,1960.000000,0,0
SAT_P2_S3,6929028.761104,0.000650,0.925067,2000.000000,0,0
SAT_P2_S3,6929419.591656,0.000719,0.925088,2040.000000,0,0
SAT_P2_S3,6929777.699834,0.000784,0.925107,2080.000000,0,0
SAT_P2_S3,6930100.099346,0.000846,0.925124,2120.000000,0,0
SAT_P2_S3,6930383.931841,0.000904,0.925139,2160.000000,0,0
SAT_P2_S3,6930626.500352,0.000957,0.925151,2200.000000,0,0
SAT_P2_S3,6930825.313285,0.001005,0.925162,2240.000000,0,0
SAT_P2_S3,6930978.197319,0.001048,0.925170,2280.000000,0,0
SAT_P2_S3,6931083.486862,0.001084,0.925175,2320.000000,0,0
SAT_P2_S3,6931139.974877,0.001115,0.925179,2360.000000,0,0
SAT_P2_S3,6931147.031153,0.001139,0.925179,2400.000000,0,0
SAT_P2_S3,6931104.665858,0.001158,0.925177,2440.000000,0,0
SAT_P2_S3,6931013.533512,0.001170,0.925173,2480.000000,0,0
SAT_P2_S3,6930874.875042,0.001175,0.925166,2520.000000,0,0
SAT_P2_S3,6930690.450013,0.001175,0.925157,2560.000000,0,0
SAT_P2_S3,6930462.512647,0.001168,0.925145,2600.000000,0,0
SAT_P2_S3,6930193.701530,0.001156,0.925131,2640.000000,0,0
SAT_P2_S3,6929886.865971,0.001139,0.925114,2680.000000,0,0
SAT_P2_S3,6929545.024640,0.001116,0.925096,2720.000000,0,0
SAT_P2_S3,6929171.296053,0.001089,0.925076,2760.000000,0,0
SAT_P2_S3,6928768.825085,0.001057,0.925054,2800.000000,0,0
SAT_P2_S3,6928340.723467,0.001020,0.925030,2840.000000,0,0
SAT_P2_S3,6927890.087287,0.000980,0.925005,2880.000000,0,0
SAT_P2_S3,6927420.105625,0.000936,0.924979,2920.000000,0,0
SAT_P2_S3,6926933.953069,0.000889,0.924951,2960.000000,0,0
SAT_P2_S3,6926434.867565,0.000839,0.924923,3000.000000,0,0
SAT_P2_S3,6925926.198231,0.000786,0.924894,3040.000000,0,0
SAT_P2_S3,6925411.416721,0.000731,0.924865,3080.000000,0,0
SAT_P2_S3,6924894.085033,0.000674,0.924836,3120.000000,0,0
SAT_P2_S3,6924377.829753,0.000615,0.924807,3160.000000,0,0
SAT_P2_S3,6923866.377509,0.000555,0.924778,3200.000000,0,0
SAT_P2_S3,6923363.506447,0.000494,0.924750,3240.000000,0,0
SAT_P2_S3,6922872.925315,0.000432,0.924722,3280.000000,0,0
SAT_P2_S3,6922398.291311,0.000371,0.924696,3320.000000,0,0
SAT_P2_S3,6921943.179844,0.000310,0.924671,3360.000000,0,0
SAT_P2_S3,6921511.036097,0.000250,0.924647,3400.000000,0,0
SAT_P2_S3,6921105.124556,0.000192,0.924624,3440.000000,0,0
SAT_P2_S3,6920728.535270,0.000137,0.924604,3480.000000,0,0
SAT_P2_S3,6920384.257170,0.000089,0.924585,3520.000000,0,0
SAT_P2_S3,6920075.037527,0.000065,0.924568,3560.000000,0,0
SAT_P2_S3,6919803.406856,0.000082,0.924554,3600.000000,0,0
SAT_P2_S3,6919571.671975,0.000123,0.924541,3640.000000,0,0
SAT_P2_S3,6919381.878365,0.000169,0.924531,3680.000000,0,0
SAT_P2_S3,6919235.737950,0.000215,0.924523,3720.000000,0,0
SAT_P2_S3,6919134.575015,0.000260,0.924518,3760.000000,0,0
SAT_P2_S3,6919079.350354,0.000303,0.924516,3800.000000,0,0
SAT_P2_S3,6919070.621931,0.000344,0.924516,3840.000000,0,0
SAT_P2_S3,6919108.449030,0.000383,0.924518,3880.000000,0,0
SAT_P2_S3,6919192.452533,0.000420,0.924523,3920.000000,0,0
SAT_P2_S3,6919321.840280,0.000454,0.924531,3960.000000,0,0
SAT_P2_S3,6919495.421306,0.000487,0.924541,4000.000000,0,0
SAT_P2_S3,6919711.621725,0.000518,0.924553,4040.000000,0,0
SAT_P2_S3,6919968.558140,0.000547,0.924568,4080.000000,0,0
SAT_P2_S3,6920264.174995,0.000574,0.924585,4120.000000,0,0
SAT_P2_S3,6920596.154686,0.000600,0.924603,4160.000000,0,0
SAT_P2_S3,6920961.989968,0.000625,0.924624,4200.000000,0,0
SAT_P2_S3,6921359.013941,0.000649,0.924647,4240.000000,0,0
SAT_P2_S3,6921784.391723,0.000672,0.924671,4280.000000,0,0
SAT_P2_S3,6922235.073319,0.000693,0.924696,4320.000000,0,0
SAT_P2_S3,6922707.762140,0.000714,0.924723,4360.000000,0,0
SAT_P2_S3,6923198.960290,0.000734,0.924750,4400.000000,0,0
SAT_P2_S3,6923704.954570,0.000753,0.924779,4440.000000,0,0
SAT_P2_S3,6924221.752884,0.000772,0.924807,4480.000000,0,0
SAT_P2_S3,6924745.177968,0.000789,0.924837,4520.000000,0,0
SAT_P2_S3,6925270.933740,0.000805,0.924866,4560.000000,0,0
SAT_P2_S3,6925794.662031,0.000820,0.924895,4600.000000,0,0
SAT_P2_S3,6926312.001225,0.000833,0.924923,4640.000000,0,0
SAT_P2_S3,6926818.701122,0.000844,0.924951,4680.000000,0,0
SAT_P2_S3,6927310.797338,0.000854,0.924979,4720.000000,0,0
SAT_P2_S3,6927784.545240,0.000861,0.925005,4760.000000,0,0
SAT_P2_S3,6928236.506817,0.000867,0.925029,4800.000000,0,0
SAT_P2_S3,6928663.585992,0.000869,0.925053,4840.000000,0,0
SAT_P2_S3,6929062.987198,0.000869,0.925074,4880.000000,0,0
SAT_P2_S3,6929432.178500,0.000866,0.925094,4920.000000,0,0
SAT_P2_S3,6929768.856311,0.000859,0.925112,4960.000000,0,0
SAT_P2_S3,6930070.868663,0.000849,0.925128,5000.000000,0,0
SAT_P2_S3,6930336.136183,0.000836,0.925141,5040.000000,0,0
SAT_P2_S3,6930562.639196,0.000820,0.925153,5080.000000,0,0
SAT_P2_S3,6930748.495586,0.000799,0.925161,5120.000000,0,0
SAT_P2_S3,6930891.868034,0.000774,0.925168,5160.000000,0,0
SAT_P2_S3,6930991.056426,0.000746,0.925172,5200.000000,0,0
SAT_P2_S3,6931044.599383,0.000713,0.925173,5240.000000,0,0
SAT_P2_S3,6931051.364567,0.000676,0.925171,5280.000000,0,0
SAT_P2_S3,6931010.608459,0.000635,0.925167,5320.000000,0,0
SAT_P2_S3,6930922.047954,0.000589,0.925161,5360.000000,0,0
SAT_P2_S3,6930785.992420,0.000539,0.925152,5400.000000,0,0
SAT_P2_S3,6930603.370544,0.000486,0.925140,5440.000000,0,0
SAT_P2_S3,6930375.639735,0.000428,0.925126,5480.000000,0,0
SAT_P2_S3,6930104.820645,0.000367,0.925111,5520.000000,0,0
SAT_P2_S3,6929793.438121,0.000303,0.925092,5560.000000,0,0
SAT_P2_S3,6929444.421616,0.000236,0.925072,5600.000000,0,0
SAT_P2_S3,6929060.987515,0.000167,0.925051,5640.000000,0,0
SAT_P2_S3,6928646.568510,0.000096,0.925027,5680.000000,0,0
SAT_P2_S3,6928204.811446,0.000026,0.925002,5720.000000,0,0
SAT_P2_S3,6927739.404769,0.000056,0.924976,5760.000000,0,0
SAT_P2_S3,6927254.073043,0.000130,0.924949,5800.000000,0,0
SAT_P2_S3,6926752.577714,0.000205,0.924921,5840.000000,0,0
SAT_P2_S3,6926238.711723,0.000280,0.924893,5880.000000,0,0
SAT_P2_S3,6925716.272256,0.000355,0.924864,5920.000000,0,0
SAT_P2_S3,6925189.057088,0.000429,0.924834,5960.000000,0,0
SAT_P2_S3,6924660.938962,0.000502,0.924805,6000.000000,0,0
SAT_P2_S3,6924135.857691,0.000573,0.924776,6040.000000,0,0
SAT_P2_S3,6923617.714306,0.000642,0.924747,6080.000000,0,0
SAT_P2_S3,6923110.411084,0.000708,0.924719,6120.000000,0,0
SAT_P2_S3,6922617.816491,0.000771,0.924692,6160.000000,0,0
SAT_P2_S3,6922143.702272,0.000830,0.924665,6200.000000,0,0
SAT_P2_S3,6921691.670445,0.000886,0.924640,6240.000000,0,0
SAT_P2_S3,6921265.131731,0.000937,0.924617,6280.000000,0,0
SAT_P2_S3,6920867.352860,0.000983,0.924595,6320.000000,0,0
SAT_P2_S3,6920501.318883,0.001025,0.924575,6360.000000,0,0
SAT_P2_S3,6920169.758797,0.001061,0.924556,6400.000000,0,0
SAT_P2_S3,6919875.162859,0.001091,0.924540,6440.000000,0,0
SAT_P2_S3,6919619.780872,0.001116,0.924526,6480.000000,0,0
SAT_P2_S3,6919405.589846,0.001135,0.924514,6520.000000,0,0
SAT_P2_S3,6919234.276982,0.001148,0.924505,6560.000000,0,0
SAT_P2_S3,6919107.291424,0.001154,0.924498,6600.000000,0,0
SAT_P2_S3,6919025.816879,0.001154,0.924494,6640.000000,0,0
SAT_P2_S3,6918990.657719,0.001148,0.924492,6680.000000,0,0
SAT_P2_S3,6919002.268264,0.001135,0.924493,6720.000000,0,0
SAT_P2_S3,6919060.723548,0.001116,0.924496,6760.000000,0,0
SAT_P2_S3,6919165.674886,0.001091,0.924502,6800.000000,0,0
SAT_P2_S3,6919316.301802,0.001059,0.924511,6840.000000,0,0
SAT_P2_S3,6919511.371559,0.001021,0.924521,6880.000000,0,0
SAT_P2_S3,6919749.245844,0.000978,0.924535,6920.000000,0,0
SAT_P2_S3,6920027.894384,0.000929,0.924550,6960.000000,0,0
SAT_P2_S3,6920344.975194,0.000875,0.924567,7000.000000,0,0
SAT_P2_S3,6920697.866641,0.000816,0.924587,7040.000000,0,0
SAT_P2_S3,6921083.698523,0.000753,0.924608,7080.000000,0,0
SAT_P2_S3,6921499.435493,0.000687,0.924631,7120.000000,0,0
SAT_P2_S3,6921941.988893,0.000618,0.924655,7160.000000,0,0
SAT_P2_S3,6922408.101305,0.000546,0.924681,7200.000000,0,0
SAT_P2_S3,6922894.419606,0.000473,0.924708,7240.000000,0,0
SAT_P2_S3,6923397.495737,0.000400,0.924736,7280.000000,0,0
SAT_P2_S3,6923913.764556,0.000330,0.924764,7320.000000,0,0
SAT_P2_S3,6924439.494648,0.000267,0.924793,7360.000000,0,0
SAT_P2_S3,6924970.771681,0.000218,0.924822,7400.000000,0,0
SAT_P2_S3,6925503.573534,0.000198,0.924851,7440.000000,0,0
SAT_P2_S3,6926033.752148,0.000214,0.924880,7480.000000,0,0
SAT_P2_S3,6926557.024952,0.000260,0.924908,7520.000000,0,0
SAT_P2_S3,6927069.087668,0.000323,0.924936,7560.000000,0,0
SAT_P2_S3,6927565.697155,0.000393,0.924963,7600.000000,0,0
SAT_P2_S3,6928042.729566,0.000466,0.924989,7640.000000,0,0
SAT_P2_S3,6928496.236361,0.000539,0.925014,7680.000000,0,0
SAT_P2_S3,6928922.551215,0.000611,0.925037,7720.000000,0,0
SAT_P2_S3,6929318.421155,0.000680,0.925059,7760.000000,0,0
SAT_P2_S3,6929680.897537,0.000747,0.925078,7800.000000,0,0
SAT_P2_S3,6930007.413268,0.000810,0.925096,7840.000000,0,0
SAT_P2_S3,6930295.776829,0.000868,0.925112,7880.000000,0,0
SAT_P2_S3,6930544.133958,0.000923,0.925126,7920.000000,0,0
SAT_P2_S3,6930750.894117,0.000972,0.925137,7960.000000,0,0
SAT_P2_S3,6930914.682814,0.001016,0.925146,8000.000000,0,0
SAT_P2_S3,6931034.379070,0.001055,0.925152,8040.000000,0,0
SAT_P2_S3,6931109.057047,0.001089,0.925156,8080.000000,0,0
SAT_P2_S3,6931137.937581,0.001117,0.925157,8120.000000,0,0
SAT_P2_S3,6931120.460829,0.001139,0.925156,8160.000000,0,0
SAT_P2_S3,6931056.334721,0.001156,0.925152,8200.000000,0,0
SAT_P2_S3,6930945.563904,0.001166,0.925145,8240.000000,0,0
SAT_P2_S3,6930788.482791,0.001170,0.925136,8280.000000,0,0
SAT_P2_S3,6930585.848246,0.001169,0.925125,8320.000000,0,0
SAT_P2_S3,6930338.966030,0.001161,0.925111,8360.000000,0,0
SAT_P2_S3,6930049.573994,0.001148,0.925095,8400.000000,0,0
SAT_P2_S3,6929719.920835,0.001129,0.925077,8440.000000,0,0
SAT_P2_S3,6929352.758246,0.001104,0.925057,8480.000000,0,0
SAT_P2_S3,6928951.294953,0.001075,0.925035,8520.000000,0,0
SAT_P2_S3,6928519.107090,0.001040,0.925012,8560.000000,0,0
SAT_P2_S3,6928060.062834,0.001001,0.924987,8600.000000,0,0
SAT_P2_S3,6927578.315527,0.000958,0.924962,8640.000000,0,0
SAT_P2_S3,6927078.186027,0.000911,0.924935,8680.000000,0,0
SAT_P2_S3,6926564.041477,0.000861,0.924907,8720.000000,0,0
SAT_P2_S3,6926040.279142,0.000809,0.924879,8760.000000,0,0
SAT_P2_S3,6925511.278019,0.000754,0.924850,8800.000000,0,0
SAT_P2_S3,6924981.329472,0.000697,0.924821,8840.000000,0,0
SAT_P2_S3,6924454.574702,0.000638,0.924792,8880.000000,0,0
SAT_P2_S3,6923935.009488,0.000579,0.924763,8920.000000,0,0
SAT_P2_S3,6923426.538497,0.000519,0.924735,8960.000000,0,0
SAT_P2_S3,6922932.816010,0.000459,0.924707,9000.000000,0,0
SAT_P2_S3,6922457.299721,0.000399,0.924680,9040.000000,0,0
SAT_P2_S3,6922003.249424,0.000339,0.924654,9080.000000,0,0
SAT_P2_S3,6921573.714256,0.000280,0.924630,9120.000000,0,0
SAT_P2_S3,6921171.497682,0.000223,0.924607,9160.000000,0,0
SAT_P2_S3,6920799.155486,0.000169,0.924586,9200.000000,0,0
SAT_P2_S3,6920459.081504,0.000119,0.924566,9240.000000,0,0
SAT_P2_S3,6920153.479159,0.000081,0.924549,9280.000000,0,0
SAT_P2_S3,6919884.322872,0.000072,0.924534,9320.000000,0,0
SAT_P2_S3,6919653.425141,0.000097,0.924520,9360.000000,0,0
SAT_P2_S3,6919462.448320,0.000136,0.924510,9400.000000,0,0
SAT_P2_S3,6919312.878645,0.000180,0.924501,9440.000000,0,0
SAT_P2_S3,6919205.988893,0.000223,0.924496,9480.000000,0,0
SAT_P2_S3,6919142.845689,0.000266,0.924492,9520.000000,0,0
SAT_P2_S3,6919124.342843,0.000307,0.924491,9560.000000,0,0
SAT_P2_S3,6919151.027538,0.000347,0.924493,9600.000000,0,0
SAT_P2_S3,6919223.115643,0.000384,0.924497,9640.000000,0,0
SAT_P2_S3,6919340.455877,0.000420,0.924504,9680.000000,0,0
SAT_P2_S3,6919502.487514,0.000454,0.924513,9720.000000,0,0
SAT_P2_S3,6919708.183848,0.000487,0.924525,9760.000000,0,0
SAT_P2_S3,6919956.039091,0.000518,0.924539,9800.000000,0,0
SAT_P2_S3,6920244.158168,0.000547,0.924555,9840.000000,0,0
SAT_P2_S3,6920570.246708,0.000575,0.924574,9880.000000,0,0
SAT_P2_S3,6920931.602273,0.000602,0.924594,9920.000000,0,0
SAT_P2_S3,6921325.225252,0.000628,0.924616,9960.000000,0,0
SAT_P2_S3,6921747.882916,0.000653,0.924639,10000.000000,0,0
SAT_P2_S3,6922196.140808,0.000677,0.924664,10040.000000,0,0
SAT_P2_S3,6922666.386333,0.000701,0.924691,10080.000000,0,0
SAT_P2_S3,6923154.899551,0.000723,0.924718,10120.000000,0,0
SAT_P2_S3,6923657.949693,0.000745,0.924746,10160.000000,0,0
SAT_P2_S3,6924171.675734,0.000766,0.924775,10200.000000,0,0
SAT_P2_S3,6924692.158079,0.000786,0.924804,10240.000000,0,0
SAT_P2_S3,6925215.432182,0.000805,0.924833,10280.000000,0,0
SAT_P2_S3,6925737.490281,0.000822,0.924863,10320.000000,0,0
SAT_P2_S3,6926254.263739,0.000838,0.924892,10360.000000,0,0
SAT_P2_S3,6926761.643596,0.000852,0.924920,10400.000000,0,0
SAT_P2_S3,6927255.597359,0.000864,0.924948,10440.000000,0,0
SAT_P2_S3,6927732.180523,0.000874,0.924975,10480.000000,0,0
SAT_P2_S3,6928187.541749,0.000882,0.925001,10520.000000,0,0
SAT_P2_S3,6928618.050468,0.000886,0.925025,10560.000000,0,0
SAT_P2_S3,6929020.335231,0.000888,0.925048,10600.000000,0,0
SAT_P2_S3,6929391.326813,0.000886,0.925070,10640.000000,0,0
SAT_P2_S3,6929728.313688,0.000881,0.925089,10680.000000,0,0
SAT_P2_S3,6930028.958872,0.000872,0.925106,10720.000000,0,0
SAT_P2_S3,6930291.267598,0.000860,0.925122,10760.000000,0,0
SAT_P2_S3,6930513.563335,0.000843,0.925135,10800.000000,0,0
SAT_P2_S3,6930694.526195,0.000823,0.925146,10840.000000,0,0
SAT_P2_S3,6930833.133157,0.000799,0.925154,10880.000000,0,0
SAT_P2_S3,6930928.561070,0.000770,0.925160,10920.000000,0,0
SAT_P2_S3,6930980.213206,0.000738,0.925164,10960.000000,0,0
SAT_P2_S3,6930987.711568,0.000701,0.925165,11000.000000,0,0
SAT_P2_S3,6930950.875370,0.000660,0.925163,11040.000000,0,0
SAT_P2_S3,6930869.707948,0.000616,0.925159,11080.000000,0,0
SAT_P2_S3,6930744.452985,0.000567,0.925153,11120.000000,0,0
SAT_P2_S3,6930575.718165,0.000515,0.925144,11160.000000,0,0
SAT_P2_S3,6930364.376631,0.000459,0.925133,11200.000000,0,0
SAT_P2_S3,6930111.662162,0.000399,0.925119,11240.000000,0,0
SAT_P2_S3,6929819.211131,0.000337,0.925103,11280.000000,0,0
SAT_P2_S3,6929489.069319,0.000271,0.925085,11320.000000,0,0
SAT_P2_S3,6929123.654543,0.000203,0.925066,11360.000000,0,0
SAT_P2_S3,6928725.727149,0.000134,0.925044,11400.000000,0,0
SAT_P2_S3,6928298.420623,0.000067,0.925021,11440.000000,0,0
SAT_P2_S3,6927845.168675,0.000042,0.924996,11480.000000,0,0
SAT_P2_S3,6927369.587952,0.000102,0.924971,11520.000000,0,0
SAT_P2_S3,6926875.477318,0.000175,0.924944,11560.000000,0,0
SAT_P2_S3,6926366.772974,0.000250,0.924917,11600.000000,0,0
SAT_P2_S3,6925847.483000,0.000326,0.924888,11640.000000,0,0
SAT_P2_S3,6925321.624106,0.000401,0.924860,11680.000000,0,0
SAT_P2_S3,6924793.220859,0.000476,0.924832,11720.000000,0,0
SAT_P2_S3,6924266.367067,0.000548,0.924803,11760.000000,0,0
SAT_P2_S3,6923745.076499,0.000619,0.924775,11800.000000,0,0
SAT_P2_S3,6923233.322965,0.000687,0.924747,11840.000000,0,0
SAT_P2_S3,6922735.037002,0.000752,0.924720,11880.000000,0,0
SAT_P2_S3,6922254.078740,0.000814,0.924694,11920.000000,0,0
SAT_P2_S3,6921794.177906,0.000872,0.924669,11960.000000,0,0
SAT_P2_S3,6921358.892949,0.000926,0.924645,12000.000000,0,0
SAT_P2_S3,6920951.643806,0.000975,0.924623,12040.000000,0,0
SAT_P2_S3,6920575.651612,0.001019,0.924603,12080.000000,0,0
SAT_P2_S3,6920233.839768,0.001058,0.924584,12120.000000,0,0
SAT_P2_S3,6919928.860522,0.001092,0.924567,12160.000000,0,0
SAT_P2_S3,6919663.078255,0.001119,0.924553,12200.000000,0,0
SAT_P2_S3,6919438.532807,0.001141,0.924541,12240.000000,0,0
SAT_P2_S3,6919256.903691,0.001156,0.924531,12280.000000,0,0
SAT_P2_S3,6919119.533203,0.001165,0.924523,12320.000000,0,0
SAT_P2_S3,6919027.506630,0.001167,0.924518,12360.000000,0,0
SAT_P2_S3,6918981.521911,0.001164,0.924515,12400.000000,0,0
SAT_P2_S3,6918981.944667,0.001153,0.924516,12440.000000,0,0
SAT_P2_S3,6919028.818976,0.001137,0.924518,12480.000000,0,0
SAT_P2_S3,6919121.857067,0.001113,0.924523,12520.000000,0,0
SAT_P2_S3,6919260.398389,0.001084,0.924531,12560.000000,0,0
SAT_P2_S3,6919443.404958,0.001049,0.924541,12600.000000,0,0
SAT_P2_S3,6919669.520096,0.001008,0.924554,12640.000000,0,0
SAT_P2_S3,6919936.995866,0.000961,0.924569,12680.000000,0,0
SAT_P2_S3,6920243.743259,0.000909,0.924586,12720.000000,0,0
SAT_P2_S3,6920587.341904,0.000852,0.924605,12760.000000,0,0
SAT_P2_S3,6920965.036108,0.000791,0.924626,12800.000000,0,0
SAT_P2_S3,6921373.774100,0.000725,0.924648,12840.000000,0,0
SAT_P2_S3,6921810.335470,0.000657,0.924672,12880.000000,0,0
SAT_P2_S3,6922271.303642,0.000586,0.924698,12920.000000,0,0
SAT_P2_S3,6922753.090163,0.000513,0.924725,12960.000000,0,0
SAT_P2_S3,6923252.018100,0.000440,0.924752,13000.000000,0,0
SAT_P2_S3,6923764.356636,0.000368,0.924781,13040.000000,0,0
SAT_P2_S3,6924286.316784,0.000300,0.924810,13080.000000,0,0
SAT_P2_S3,6924814.045180,0.000243,0.924839,13120.000000,0,0
SAT_P2_S3,6925343.674123,0.000207,0.924868,13160.000000,0,0
SAT_P2_S3,6925871.376757,0.000204,0.924897,13200.000000,0,0
SAT_P2_S3,6926393.243927,0.000235,0.924926,13240.000000,0,0
SAT_P2_S3,6926905.365132,0.000289,0.924954,13280.000000,0,0
SAT_P2_S3,6927403.848259,0.000355,0.924982,13320.000000,0,0
SAT_P2_S3,6927884.833613,0.000426,0.925008,13360.000000,0,0
SAT_P2_S3,6928344.494174,0.000499,0.925034,13400.000000,0,0
SAT_P2_S3,6928779.080230,0.000571,0.925057,13440.000000,0,0
SAT_P2_S3,6929185.054640,0.000641,0.925080,13480.000000,0,0
SAT_P2_S3,6929559.071063,0.000709,0.925100,13520.000000,0,0
SAT_P2_S3,6929898.005917,0.000774,0.925119,13560.000000,0,0
SAT_P2_S3,6930199.051627,0.000835,0.925135,13600.000000,0,0
SAT_P2_S3,6930459.760541,0.000891,0.925150,13640.000000,0,0
SAT_P2_S3,6930678.048408,0.000942,0.925162,13680.000000,0,0
SAT_P2_S3,6930852.194122,0.000989,0.925171,13720.000000,0,0
SAT_P2_S3,6930980.893630,0.001030,0.925179,13760.000000,0,0
SAT_P2_S3,6931063.313751,0.001065,0.925183,13800.000000,0,0
SAT_P2_S3,6931098.955689,0.001095,0.925185,13840.000000,0,0
SAT_P2_S3,6931087.718512,0.001119,0.925185,13880.000000,0,0
SAT_P2_S3,6931029.888533,0.001137,0.925182,13920.000000,0,0
SAT_P2_S3,6930926.111679,0.001150,0.925176,13960.000000,0,0
SAT_P2_S3,6930777.341904,0.001156,0.925168,14000.000000,0,0
SAT_P2_S3,6930584.824546,0.001157,0.925157,14040.000000,0,0
SAT_P2_S3,6930350.160284,0.001152,0.925144,14080.000000,0,0
SAT_P2_S3,6930075.212055,0.001141,0.925129,14120.000000,0,0
SAT_P2_S3,6929762.065669,0.001125,0.925111,14160.000000,0,0
SAT_P2_S3,6929413.053682,0.001104,0.925092,14200.000000,0,0
SAT_P2_S3,6929030.741328,0.001078,0.925070,14240.000000,0,0
SAT_P2_S3,6928617.883866,0.001048,0.925047,14280.000000,0,0
SAT_P2_S3,6928177.393365,0.001013,0.925023,14320.000000,0,0
SAT_P2_S3,6927712.376816,0.000973,0.924997,14360.000000,0,0
SAT_P2_S3,6927226.191772,0.000930,0.924970,14400.000000,0,0
SAT_P2_S3,6926722.313939,0.000884,0.924943,14440.000000,0,0
SAT_P2_S3,6926204.421615,0.000834,0.924914,14480.000000,0,0
SAT_P2_S3,6925676.404660,0.000782,0.924886,14520.000000,0,0
SAT_P2_S3,6925142.352730,0.000727,0.924857,14560.000000,0,0
SAT_P2_S3,6924606.511480,0.000670,0.924828,14600.000000,0,0
SAT_P2_S3,6924073.261004,0.000611,0.924799,14640.000000,0,0
SAT_P2_S3,6923547.155810,0.000552,0.924770,14680.000000,0,0
SAT_P2_S3,6923032.792410,0.000492,0.924742,14720.000000,0,0
SAT_P2_S3,6922534.714901,0.000432,0.924715,14760.000000,0,0
SAT_P2_S3,6922057.367583,0.000372,0.924689,14800.000000,0,0
SAT_P2_S3,6921605.002702,0.000313,0.924665,14840.000000,0,0
SAT_P2_S3,6921181.559988,0.000257,0.924641,14880.000000,0,0
SAT_P2_S3,6920790.560273,0.000202,0.924620,14920.000000,0,0
SAT_P2_S3,6920435.080238,0.000153,0.924600,14960.000000,0,0
SAT_P2_S3,6920117.764158,0.000112,0.924582,15000.000000,0,0
SAT_P2_S3,6919840.678440,0.000090,0.924566,15040.000000,0,0
SAT_P2_S3,6919605.400468,0.000096,0.924552,15080.000000,0,0
SAT_P2_S3,6919413.064270,0.000124,0.924541,15120.000000,0,0
SAT_P2_S3,6919264.409470,0.000161,0.924532,15160.000000,0,0
SAT_P2_S3,6919159.817391,0.000201,0.924525,15200.000000,0,0
SAT_P2_S3,6919099.385908,0.000241,0.924521,15240.000000,0,0
SAT_P2_S3,6919083.081749,0.000281,0.924519,15280.000000,0,0
SAT_P2_S3,6919110.710507,0.000319,0.924520,15320.000000,0,0
SAT_P2_S3,6919181.921710,0.000356,0.924524,15360.000000,0,0
SAT_P2_S3,6919296.254664,0.000392,0.924530,15400.000000,0,0
SAT_P2_S3,6919453.117167,0.000426,0.924539,15440.000000,0,0
SAT_P2_S3,6919651.718288,0.000459,0.924549,15480.000000,0,0
SAT_P2_S3,6919890.996298,0.000491,0.924563,15520.000000,0,0
SAT_P2_S3,6920169.604284,0.000521,0.924578,15560.000000,0,0
SAT_P2_S3,6920485.911097,0.000551,0.924596,15600.000000,0,0
SAT_P2_S3,6920837.847685,0.000579,0.924615,15640.000000,0,0
SAT_P2_S3,6921222.963013,0.000607,0.924637,15680.000000,0,0
SAT_P2_S3,6921638.440427,0.000634,0.924660,15720.000000,0,0
SAT_P2_S3,6922081.119350,0.000661,0.924684,15760.000000,0,0
SAT_P2_S3,6922547.510376,0.000686,0.924710,15800.000000,0,0
SAT_P2_S3,6923033.858663,0.000711,0.924737,15840.000000,0,0
SAT_P2_S3,6923536.299172,0.000736,0.924765,15880.000000,0,0
SAT_P2_S3,6924050.843165,0.000759,0.924793,15920.000000,0,0
SAT_P2_S3,6924573.412686,0.000782,0.924822,15960.000000,0,0
SAT_P2_S3,6925099.929956,0.000803,0.924851,16000.000000,0,0
SAT_P2_S3,6925626.349234,0.000823,0.924880,16040.000000,0,0
SAT_P2_S3,6926148.647814,0.000842,0.924909,16080.000000,0,0
SAT_P2_S3,6926662.815406,0.000859,0.924938,16120.000000,0,0
SAT_P2_S3,6927164.903122,0.000873,0.924965,16160.000000,0,0
SAT_P2_S3,6927651.083909,0.000886,0.924992,16200.000000,0,0
SAT_P2_S3,6928117.543658,0.000896,0.925018,16240.000000,0,0
SAT_P2_S3,6928560.582131,0.000903,0.925043,16280.000000,0,0
SAT_P2_S3,6928976.652326,0.000908,0.925066,16320.000000,0,0
SAT_P2_S3,6929362.385841,0.000909,0.925087,16360.000000,0,0
SAT_P2_S3,6929714.657353,0.000906,0.925107,16400.000000,0,0
SAT_P2_S3,6930030.657494,0.000900,0.925125,16440.000000,0,0
SAT_P2_S3,6930307.916784,0.000889,0.925140,16480.000000,0,0
SAT_P2_S3,6930544.319009,0.000875,0.925154,16520.000000,0,0
SAT_P2_S3,6930738.158687,0.000856,0.925165,16560.000000,0,0
SAT_P2_S3,6930888.217988,0.000833,0.925174,16600.000000,0,0
SAT_P2_S3,6930993.621350,0.000806,0.925180,16640.000000,0,0
SAT_P2_S3,6931053.876970,0.000775,0.925184,16680.000000,0,0
SAT_P2_S3,6931068.851266,0.000739,0.925186,16720.000000,0,0
SAT_P2_S3,6931038.725106,0.000699,0.925185,16760.000000,0,0
SAT_P2_S3,6930963.925687,0.000655,0.925181,16800.000000,0,0
SAT_P2_S3,6930845.093243,0.000607,0.925176,16840.000000,0,0
SAT_P2_S3,6930683.141043,0.000555,0.925167,16880.000000,0,0
SAT_P2_S3,6930479.210078,0.000500,0.925157,16920.000000,0,0
SAT_P2_S3,6930234.627616,0.000441,0.925144,16960.000000,0,0
SAT_P2_S3,6929950.978812,0.000379,0.925128,17000.000000,0,0
SAT_P2_S3,6929630.135135,0.000314,0.925111,17040.000000,0,0
SAT_P2_S3,6929274.250890,0.000247,0.925092,17080.000000,0,0
SAT_P2_S3,6928885.753299,0.000177,0.925071,17120.000000,0,0
SAT_P2_S3,6928467.381310,0.000107,0.925049,17160.000000,0,0
SAT_P2_S3,6928022.248813,0.000042,0.925025,17200.000000,0,0
SAT_P2_S3,6927553.685609,0.000058,0.925000,17240.000000,0,0
SAT_P2_S3,6927065.268927,0.000128,0.924974,17280.000000,0,0
SAT_P2_S3,6926560.786529,0.000204,0.924946,17320.000000,0,0
SAT_P2_S3,6926044.179875,0.000280,0.924919,17360.000000,0,0
SAT_P2_S3,6925519.460436,0.000356,0.924891,17400.000000,0,0
SAT_P2_S3,6924990.656437,0.000430,0.924862,17440.000000,0,0
SAT_P2_S3,6924461.846126,0.000504,0.924834,17480.000000,0,0
SAT_P2_S3,6923937.083676,0.000576,0.924806,17520.000000,0,0
SAT_P2_S3,6923420.326321,0.000645,0.924778,17560.000000,0,0
SAT_P2_S3,6922915.469366,0.000712,0.924751,17600.000000,0,0
SAT_P2_S3,6922426.339185,0.000775,0.924725,17640.000000,0,0
SAT_P2_S3,6921956.657305,0.000835,0.924700,17680.000000,0,0
SAT_P2_S3,6921510.001636,0.000891,0.924676,17720.000000,0,0
SAT_P2_S3,6921089.820939,0.000942,0.924653,17760.000000,0,0
SAT_P2_S3,6920699.481136,0.000989,0.924633,17800.000000,0,0
SAT_P2_S3,6920342.100441,0.001030,0.924614,17840.000000,0,0
SAT_P2_S3,6920020.579638,0.001066,0.924596,17880.000000,0,0
SAT_P2_S3,6919737.572745,0.001096,0.924581,17920.000000,0,0
SAT_P2_S3,6919495.443981,0.001121,0.924569,17960.000000,0,0
SAT_P2_S3,6919296.202558,0.001139,0.924558,18000.000000,0,0
SAT_P2_S3,6919141.470919,0.001150,0.924550,18040.000000,0,0
SAT_P2_S3,6919032.541423,0.001155,0.924544,18080.000000,0,0
SAT_P2_S3,6918970.325664,0.001154,0.924541,18120.000000,0,0
SAT_P2_S3,6918955.304688,0.001146,0.924540,18160.000000,0,0
SAT_P2_S3,6918987.586904,0.001132,0.924542,18200.000000,0,0
SAT_P2_S3,6919066.922620,0.001111,0.924546,18240.000000,0,0
SAT_P2_S3,6919192.691968,0.001084,0.924553,18280.000000,0,0
SAT_P2_S3,6919363.884439,0.001050,0.924563,18320.000000,0,0
SAT_P2_S3,6919579.189599,0.001011,0.924575,18360.000000,0,0
SAT_P2_S3,6919836.949249,0.000966,0.924589,18400.000000,0,0
SAT_P2_S3,6920135.174061,0.000915,0.924605,18440.000000,0,0
SAT_P2_S3,6920471.563330,0.000860,0.924623,18480.000000,0,0
SAT_P2_S3,6920843.483553,0.000799,0.924644,18520.000000,0,0
SAT_P2_S3,6921247.964077,0.000735,0.924666,18560.000000,0,0
SAT_P2_S3,6921681.770923,0.000667,0.924690,18600.000000,0,0
SAT_P2_S3,6922141.461297,0.000596,0.924715,18640.000000,0,0
SAT_P2_S3,6922623.309159,0.000523,0.924741,18680.000000,0,0
SAT_P2_S3,6923123.422011,0.000449,0.924769,18720.000000,0,0
SAT_P2_S3,6923637.795434,0.000375,0.924797,18760.000000,0,0
SAT_P2_S3,6924162.349649,0.000305,0.924827,18800.000000,0,0
SAT_P2_S3,6924692.948941,0.000243,0.924856,18840.000000,0,0
SAT_P2_S3,6925225.459679,0.000200,0.924886,18880.000000,0,0
SAT_P2_S3,6925755.874588,0.000189,0.924915,18920.000000,0,0
SAT_P2_S3,6926280.241927,0.000215,0.924944,18960.000000,0,0
SAT_P2_S3,6926794.698954,0.000267,0.924973,19000.000000,0,0
SAT_P2_S3,6927295.515296,0.000333,0.925001,19040.000000,0,0
SAT_P2_S3,6927779.099372,0.000404,0.925028,19080.000000,0,0
SAT_P2_S3,6928241.970570,0.000476,0.925054,19120.000000,0,0
SAT_P2_S3,6928680.743485,0.000549,0.925079,19160.000000,0,0
SAT_P2_S3,6929092.185974,0.000619,0.925102,19200.000000,0,0
SAT_P2_S3,6929473.253698,0.000688,0.925123,19240.000000,0,0
SAT_P2_S3,6929820.994054,0.000753,0.925143,19280.000000,0,0
SAT_P2_S3,6930132.640356,0.000815,0.925160,19320.000000,0,0
SAT_P2_S3,6930405.645644,0.000872,0.925175,19360.000000,0,0
SAT_P2_S3,6930637.700838,0.000925,0.925188,19400.000000,0,0
SAT_P2_S3,6930826.739421,0.000973,0.925199,19440.000000,0,0
SAT_P2_S3,6930970.987064,0.001016,0.925207,19480.000000,0,0
SAT_P2_S3,6931069.086346,0.001053,0.925213,19520.000000,0,0
SAT_P2_S3,6931120.026665,0.001085,0.925216,19560.000000,0,0
SAT_P2_S3,6931123.185639,0.001111,0.925216,19600.000000,0,0
SAT_P2_S3,6931078.383906,0.001131,0.925214,19640.000000,0,0
SAT_P2_S3,6930985.900897,0.001145,0.925210,19680.000000,0,0
SAT_P2_S3,6930846.451601,0.001152,0.925203,19720.000000,0,0
SAT_P2_S3,6930661.168232,0.001154,0.925193,19760.000000,0,0
SAT_P2_S3,6930431.645076,0.001150,0.925182,19800.000000,0,0
SAT_P2_S3,6930159.944339,0.001140,0.925167,19840.000000,0,0
SAT_P2_S3,6929848.454668,0.001125,0.925151,19880.000000,0,0
SAT_P2_S3,6929499.925331,0.001105,0.925133,19920.000000,0,0
SAT_P2_S3,6929117.423058,0.001079,0.925112,19960.000000,0,0
SAT_P2_S3,6928704.262643,0.001049,0.925090,20000.000000,0,0
SAT_P2_S3,6928263.917473,0.001014,0.925067,20040.000000,0,0
SAT_P2_S3,6927799.971597,0.000975,0.925042,20080.000000,0,0
SAT_P2_S3,6927316.147237,0.000933,0.925015,20120.000000,0,0
SAT_P2_S3,6926816.157356,0.000887,0.924988,20160.000000,0,0
SAT_P2_S3,6926303.680196,0.000839,0.924960,20200.000000,0,0
SAT_P2_S3,6925782.367062,0.000787,0.924932,20240.000000,0,0
SAT_P2_S3,6925255.836709,0.000734,0.924903,20280.000000,0,0
SAT_P2_S3,6924727.652000,0.000679,0.924874,20320.000000,0,0
SAT_P2_S3,6924201.321292,0.000622,0.924845,20360.000000,0,0
SAT_P2_S3,6923680.385230,0.000564,0.924816,20400.000000,0,0
SAT_P2_S3,6923168.477568,0.000505,0.924788,20440.000000,0,0
SAT_P2_S3,6922669.229308,0.000446,0.924761,20480.000000,0,0
SAT_P2_S3,6922186.363043,0.000388,0.924735,20520.000000,0,0
SAT_P2_S3,6921723.691890,0.000330,0.924709,20560.000000,0,0
SAT_P2_S3,6921285.078109,0.000273,0.924686,20600.000000,0,0
SAT_P2_S3,6920874.354670,0.000220,0.924664,20640.000000,0,0
SAT_P2_S3,6920495.266614,0.000170,0.924643,20680.000000,0,0
SAT_P2_S3,6920151.459734,0.000130,0.924624,20720.000000,0,0
SAT_P2_S3,6919846.288895,0.000106,0.924608,20760.000000,0,0
SAT_P2_S3,6919582.729921,0.000108,0.924594,20800.000000,0,0
SAT_P2_S3,6919363.315603,0.000131,0.924581,20840.000000,0,0
SAT_P2_S3,6919190.063554,0.000166,0.924572,20880.000000,0,0
SAT_P2_S3,6919064.396365,0.000204,0.924564,20920.000000,0,0
SAT_P2_S3,6918987.101091,0.000244,0.924560,20960.000000,0,0
SAT_P2_S3,6918958.396117,0.000282,0.924557,21000.000000,0,0
SAT_P2_S3,6918978.001260,0.000320,0.924558,21040.000000,0,0
SAT_P2_S3,6919045.077544,0.000355,0.924560,21080.000000,0,0
SAT_P2_S3,6919158.384650,0.000390,0.924566,21120.000000,0,0
SAT_P2_S3,6919316.368767,0.000423,0.924574,21160.000000,0,0
SAT_P2_S3,6919517.226928,0.000454,0.924584,21200.000000,0,0
SAT_P2_S3,6919758.944907,0.000485,0.924596,21240.000000,0,0
SAT_P2_S3,6920039.361288,0.000514,0.924611,21280.000000,0,0
SAT_P2_S3,6920356.280365,0.000543,0.924628,21320.000000,0,0
SAT_P2_S3,6920707.380092,0.000570,0.924647,21360.000000,0,0
SAT_P2_S3,6921090.214148,0.000597,0.924667,21400.000000,0,0
SAT_P2_S3,6921502.216418,0.000624,0.924690,21440.000000,0,0
SAT_P2_S3,6921940.669604,0.000649,0.924714,21480.000000,0,0
SAT_P2_S3,6922402.644408,0.000675,0.924739,21520.000000,0,0
SAT_P2_S3,6922884.957457,0.000699,0.924765,21560.000000,0,0
SAT_P2_S3,6923384.213140,0.000724,0.924793,21600.000000,0,0
SAT_P2_S3,6923896.835249,0.000747,0.924821,21640.000000,0,0
SAT_P2_S3,6924418.977937,0.000770,0.924849,21680.000000,0,0
SAT_P2_S3,6924946.636097,0.000791,0.924878,21720.000000,0,0
SAT_P2_S3,6925475.701943,0.000812,0.924907,21760.000000,0,0
SAT_P2_S3,6926002.007954,0.000831,0.924936,21800.000000,0,0
SAT_P2_S3,6926521.355949,0.000849,0.924965,21840.000000,0,0
SAT_P2_S3,6927029.588147,0.000865,0.924993,21880.000000,0,0
SAT_P2_S3,6927522.727431,0.000879,0.925020,21920.000000,0,0
SAT_P2_S3,6927996.917201,0.000890,0.925046,21960.000000,0,0
SAT_P2_S3,6928448.467548,0.000899,0.925071,22000.000000,0,0
SAT_P2_S3,6928873.915857,0.000904,0.925095,22040.000000,0,0
SAT_P2_S3,6929270.021342,0.000907,0.925117,22080.000000,0,0
SAT_P2_S3,6929633.774207,0.000906,0.925137,22120.000000,0,0
SAT_P2_S3,6929962.427680,0.000901,0.925156,22160.000000,0,0
SAT_P2_S3,6930253.503070,0.000893,0.925172,22200.000000,0,0
SAT_P2_S3,6930504.771734,0.000880,0.925186,22240.000000,0,0
SAT_P2_S3,6930714.272699,0.000864,0.925198,22280.000000,0,0
SAT_P2_S3,6930880.415489,0.000843,0.925208,22320.000000,0,0
SAT_P2_S3,6931001.939514,0.000818,0.925215,22360.000000,0,0
SAT_P2_S3,6931077.902374,0.000788,0.925219,22400.000000,0,0
SAT_P2_S3,6931107.743811,0.000754,0.925222,22440.000000,0,0
SAT_P2_S3,6931091.299597,0.000716,0.925221,22480.000000,0,0
SAT_P2_S3,6931028.777227,0.000673,0.925219,22520.000000,0,0
SAT_P2_S3,6930920.727545,0.000627,0.925213,22560.000000,0,0
SAT_P2_S3,6930768.070860,0.000576,0.925206,22600.000000,0,0
SAT_P2_S3,6930572.138145,0.000522,0.925196,22640.000000,0,0
SAT_P2_S3,6930334.515038,0.000463,0.925183,22680.000000,0,0
SAT_P2_S3,6930057.089941,0.000402,0.925169,22720.000000,0,0
SAT_P2_S3,6929742.036072,0.000338,0.925152,22760.000000,0,0
SAT_P2_S3,6929391.781626,0.000271,0.925134,22800.000000,0,0
SAT_P2_S3,6929008.958460,0.000201,0.925113,22840.000000,0,0
SAT_P2_S3,6928596.386524,0.000131,0.925091,22880.000000,0,0
SAT_P2_S3,6928157.143280,0.000061,0.925067,22920.000000,0,0
SAT_P2_S3,6927694.490348,0.000034,0.925042,22960.000000,0,0
SAT_P2_S3,6927211.829589,0.000100,0.925016,23000.000000,0,0
SAT_P2_S3,6926712.735495,0.000175,0.924989,23040.000000,0,0
SAT_P2_S3,6926200.939397,0.000251,0.924962,23080.000000,0,0
SAT_P2_S3,6925680.278501,0.000326,0.924933,23120.000000,0,0
SAT_P2_S3,6925154.643328,0.000401,0.924905,23160.000000,0,0
SAT_P2_S3,6924627.981983,0.000475,0.924876,23200.000000,0,0
SAT_P2_S3,6924104.322963,0.000547,0.924848,23240.000000,0,0
SAT_P2_S3,6923587.605375,0.000616,0.924820,23280.000000,0,0
SAT_P2_S3,6923081.714481,0.000683,0.924792,23320.000000,0,0
SAT_P2_S3,6922590.454163,0.000747,0.924766,23360.000000,0,0
SAT_P2_S3,6922117.510373,0.000808,0.924740,23400.000000,0,0
SAT_P2_S3,6921666.395573,0.000864,0.924716,23440.000000,0,0
SAT_P2_S3,6921240.430356,0.000917,0.924693,23480.000000,0,0
SAT_P2_S3,6920842.811047,0.000964,0.924671,23520.000000,0,0
SAT_P2_S3,6920476.538155,0.001007,0.924652,23560.000000,0,0
SAT_P2_S3,6920144.375586,0.001045,0.924634,23600.000000,0,0
SAT_P2_S3,6919848.886994,0.001077,0.924618,23640.000000,0,0
SAT_P2_S3,6919592.425985,0.001103,0.924605,23680.000000,0,0
SAT_P2_S3,6919377.093140,0.001123,0.924594,23720.000000,0,0
SAT_P2_S3,6919204.692617,0.001137,0.924585,23760.000000,0,0
SAT_P2_S3,6919076.745929,0.001145,0.924578,23800.000000,0,0
SAT_P2_S3,6918994.525172,0.001147,0.924574,23840.000000,0,0
SAT_P2_S3,6918958.896614,0.001141,0.924573,23880.000000,0,0
SAT_P2_S3,6918970.368963,0.001130,0.924574,23920.000000,0,0
SAT_P2_S3,6919029.079691,0.001112,0.924578,23960.000000,0,0
SAT_P2_S3,6919134.774993,0.001087,0.924584,24000.000000,0,0
SAT_P2_S3,6919286.767390,0.001056,0.924593,24040.000000,0,0
SAT_P2_S3,6919483.972345,0.001019,0.924604,24080.000000,0,0
SAT_P2_S3,6919724.943421,0.000976,0.924617,24120.000000,0,0
SAT_P2_S3,6920007.843644,0.000927,0.924632,24160.000000,0,0
SAT_P2_S3,6920330.505188,0.000874,0.924650,24200.000000,0,0
SAT_P2_S3,6920690.435332,0.000815,0.924670,24240.000000,0,0
SAT_P2_S3,6921084.814549,0.000752,0.924691,24280.000000,0,0
SAT_P2_S3,6921510.543693,0.000684,0.924714,24320.000000,0,0
SAT_P2_S3,6921964.350318,0.000614,0.924739,24360.000000,0,0
SAT_P2_S3,6922442.689806,0.000541,0.924765,24400.000000,0,0
SAT_P2_S3,6922941.807691,0.000466,0.924792,24440.000000,0,0
SAT_P2_S3,6923457.780476,0.000391,0.924820,24480.000000,0,0
SAT_P2_S3,6923986.536023,0.000319,0.924849,24520.000000,0,0
SAT_P2_S3,6924523.847637,0.000253,0.924878,24560.000000,0,0
SAT_P2_S3,6925065.352805,0.000203,0.924907,24600.000000,0,0
SAT_P2_S3,6925606.656454,0.000183,0.924936,24640.000000,0,0
SAT_P2_S3,6926143.368729,0.000204,0.924966,24680.000000,0,0
SAT_P2_S3,6926671.070824,0.000254,0.924994,24720.000000,0,0
SAT_P2_S3,6927185.433775,0.000319,0.925023,24760.000000,0,0
SAT_P2_S3,6927682.281484,0.000391,0.925050,24800.000000,0,0
SAT_P2_S3,6928157.626506,0.000465,0.925076,24840.000000,0,0
SAT_P2_S3,6928607.693043,0.000539,0.925101,24880.000000,0,0
SAT_P2_S3,6929028.983407,0.000611,0.925124,24920.000000,0,0
SAT_P2_S3,6929418.395652,0.000680,0.925146,24960.000000,0,0
SAT_P2_S3,6929773.122553,0.000747,0.925166,25000.000000,0,0
SAT_P2_S3,6930090.703021,0.000809,0.925184,25040.000000,0,0
SAT_P2_S3,6930369.039191,0.000867,0.925200,25080.000000,0,0
SAT_P2_S3,6930606.380364,0.000920,0.925213,25120.000000,0,0
SAT_P2_S3,6930801.270132,0.000969,0.925224,25160.000000,0,0
SAT_P2_S3,6930952.509804,0.001012,0.925233,25200.000000,0,0
SAT_P2_S3,6931059.198424,0.001050,0.925239,25240.000000,0,0
SAT_P2_S3,6931120.705673,0.001082,0.925243,25280.000000,0,0
SAT_P2_S3,6931136.578127,0.001109,0.925244,25320.000000,0,0
SAT_P2_S3,6931106.598929,0.001131,0.925243,25360.000000,0,0
SAT_P2_S3,6931030.804323,0.001146,0.925239,25400.000000,0,0
SAT_P2_S3,6930909.483876,0.001156,0.925232,25440.000000,0,0
SAT_P2_S3,6930743.179389,0.001160,0.925223,25480.000000,0,0
SAT_P2_S3,6930532.741727,0.001158,0.925212,25520.000000,0,0
SAT_P2_S3,6930279.455815,0.001151,0.925198,25560.000000,0,0
SAT_P2_S3,6929984.943371,0.001137,0.925182,25600.000000,0,0
SAT_P2_S3,6929651.231093,0.001119,0.925164,25640.000000,0,0
SAT_P2_S3,6929280.782927,0.001095,0.925144,25680.000000,0,0
SAT_P2_S3,6928876.491757,0.001066,0.925123,25720.000000,0,0
SAT_P2_S3,6928441.624630,0.001032,0.925099,25760.000000,0,0
SAT_P2_S3,6927979.771633,0.000994,0.925075,25800.000000,0,0
SAT_P2_S3,6927494.853326,0.000952,0.925049,25840.000000,0,0
SAT_P2_S3,6926991.043875,0.000906,0.925022,25880.000000,0,0
SAT_P2_S3,6926472.615890,0.000857,0.924994,25920.000000,0,0
SAT_P2_S3,6925943.921658,0.000806,0.924966,25960.000000,0,0
SAT_P2_S3,6925409.324445,0.000752,0.924937,26000.000000,0,0
SAT_P2_S3,6924873.113135,0.000696,0.924908,26040.000000,0,0
SAT_P2_S3,6924339.419320,0.000638,0.924880,26080.000000,0,0
SAT_P2_S3,6923812.200401,0.000580,0.924851,26120.000000,0,0
SAT_P2_S3,6923295.305564,0.000521,0.924823,26160.000000,0,0
SAT_P2_S3,6922792.345561,0.000461,0.924796,26200.000000,0,0
SAT_P2_S3,6922306.744133,0.000402,0.924770,26240.000000,0,0
SAT_P2_S3,6921841.778223,0.000344,0.924744,26280.000000,0,0
SAT_P2_S3,6921400.598893,0.000287,0.924720,26320.000000,0,0
SAT_P2_S3,6920986.221256,0.000232,0.924698,26360.000000,0,0
SAT_P2_S3,6920601.529895,0.000181,0.924677,26400.000000,0,0
SAT_P2_S3,6920249.353461,0.000137,0.924658,26440.000000,0,0
SAT_P2_S3,6919932.451573,0.000107,0.924641,26480.000000,0,0
SAT_P2_S3,6919653.409708,0.000102,0.924626,26520.000000,0,0
SAT_P2_S3,6919414.669332,0.000122,0.924613,26560.000000,0,0
SAT_P2_S3,6919218.485136,0.000156,0.924602,26600.000000,0,0
SAT_P2_S3,6919066.849949,0.000196,0.924594,26640.000000,0,0
SAT_P2_S3,6918961.406769,0.000236,0.924589,26680.000000,0,0
SAT_P2_S3,6918903.409327,0.000277,0.924586,26720.000000,0,0
SAT_P2_S3,6918893.746987,0.000316,0.924585,26760.000000,0,0
SAT_P2_S3,6918932.785564,0.000353,0.924588,26800.000000,0,0
SAT_P2_S3,6919020.377668,0.000389,0.924592,26840.000000,0,0
SAT_P2_S3,6919155.871292,0.000424,0.924599,26880.000000,0,0
SAT_P2_S3,6919338.115094,0.000456,0.924609,26920.000000,0,0
SAT_P2_S3,6919565.449542,0.000487,0.924621,26960.000000,0,0
SAT_P2_S3,6919835.733114,0.000517,0.924635,27000.000000,0,0
SAT_P2_S3,6920146.463709,0.000546,0.924651,27040.000000,0,0
SAT_P2_S3,6920494.833197,0.000574,0.924669,27080.000000,0,0
SAT_P2_S3,6920877.701126,0.000600,0.924689,27120.000000,0,0
SAT_P2_S3,6921291.726109,0.000626,0.924711,27160.000000,0,0
SAT_P2_S3,6921733.428050,0.000652,0.924734,27200.000000,0,0
SAT_P2_S3,6922199.217486,0.000676,0.924758,27240.000000,0,0
SAT_P2_S3,6922685.406973,0.000701,0.924784,27280.000000,0,0
SAT_P2_S3,6923188.261050,0.000724,0.924811,27320.000000,0,0
SAT_P2_S3,6923704.093503,0.000747,0.924838,27360.000000,0,0
SAT_P2_S3,6924229.157452,0.000769,0.924867,27400.000000,0,0
SAT_P2_S3,6924759.687773,0.000790,0.924895,27440.000000,0,0
SAT_P2_S3,6925291.919321,0.000811,0.924924,27480.000000,0,0
SAT_P2_S3,6925822.083511,0.000829,0.924952,27520.000000,0,0
SAT_P2_S3,6926346.377853,0.000847,0.924981,27560.000000,0,0
SAT_P2_S3,6926860.960582,0.000863,0.925008,27600.000000,0,0
SAT_P2_S3,6927362.031500,0.000876,0.925035,27640.000000,0,0
SAT_P2_S3,6927845.848992,0.000888,0.925062,27680.000000,0,0
SAT_P2_S3,6928308.676821,0.000897,0.925087,27720.000000,0,0
SAT_P2_S3,6928746.890598,0.000903,0.925110,27760.000000,0,0
SAT_P2_S3,6929157.013621,0.000906,0.925132,27800.000000,0,0
SAT_P2_S3,6929535.747039,0.000906,0.925153,27840.000000,0,0
SAT_P2_S3,6929880.030853,0.000902,0.925171,27880.000000,0,0
SAT_P2_S3,6930187.101274,0.000895,0.925188,27920.000000,0,0
SAT_P2_S3,6930454.501257,0.000883,0.925203,27960.000000,0,0
SAT_P2_S3,6930680.091821,0.000868,0.925215,28000.000000,0,0
SAT_P2_S3,6930862.121573,0.000848,0.925225,28040.000000,0,0
SAT_P2_S3,6930999.288700,0.000824,0.925232,28080.000000,0,0
SAT_P2_S3,6931090.616385,0.000795,0.925237,28120.000000,0,0
SAT_P2_S3,6931135.527188,0.000762,0.925240,28160.000000,0,0
SAT_P2_S3,6931133.837202,0.000725,0.925240,28200.000000,0,0
SAT_P2_S3,6931085.731152,0.000684,0.925237,28240.000000,0,0
SAT_P2_S3,6930991.713936,0.000638,0.925232,28280.000000,0,0
SAT_P2_S3,6930852.598224,0.000588,0.925225,28320.000000,0,0
SAT_P2_S3,6930669.571559,0.000535,0.925215,28360.000000,0,0
SAT_P2_S3,6930444.103877,0.000478,0.925202,28400.000000,0,0
SAT_P2_S3,6930177.923805,0.000417,0.925188,28440.000000,0,0
SAT_P2_S3,6929873.049383,0.000354,0.925171,28480.000000,0,0
SAT_P2_S3,6929531.783437,0.000287,0.925153,28520.000000,0,0
SAT_P2_S3,6929156.677727,0.000218,0.925132,28560.000000,0,0
SAT_P2_S3,6928750.503700,0.000147,0.925110,28600.000000,0,0
SAT_P2_S3,6928316.288600,0.000075,0.925087,28640.000000,0,0
SAT_P2_S3,6927857.351513,0.000019,0.925062,28680.000000,0,0
SAT_P2_S3,6927377.154091,0.000080,0.925035,28720.000000,0,0
SAT_P2_S3,6926879.356620,0.000155,0.925008,28760.000000,0,0
SAT_P2_S3,6926367.793499,0.000231,0.924980,28800.000000,0,0
SAT_P2_S3,6925846.429859,0.000307,0.924952,28840.000000,0,0
SAT_P2_S3,6925319.293580,0.000382,0.924923,28880.000000,0,0
SAT_P2_S3,6924790.440759,0.000456,0.924894,28920.000000,0,0
SAT_P2_S3,6924263.996496,0.000528,0.924866,28960.000000,0,0
SAT_P2_S3,6923744.036789,0.000598,0.924837,29000.000000,0,0
SAT_P2_S3,6923234.537431,0.000665,0.924809,29040.000000,0,0
SAT_P2_S3,6922739.376148,0.000730,0.924782,29080.000000,0,0
SAT_P2_S3,6922262.302451,0.000791,0.924756,29120.000000,0,0
SAT_P2_S3,6921806.880952,0.000848,0.924731,29160.000000,0,0
SAT_P2_S3,6921376.446136,0.000900,0.924708,29200.000000,0,0
SAT_P2_S3,6920974.128363,0.000948,0.924686,29240.000000,0,0
SAT_P2_S3,6920602.888451,0.000991,0.924666,29280.000000,0,0
SAT_P2_S3,6920265.376469,0.001029,0.924647,29320.000000,0,0
SAT_P2_S3,6919964.001653,0.001062,0.924631,29360.000000,0,0
SAT_P2_S3,6919700.929829,0.001089,0.924617,29400.000000,0,0
SAT_P2_S3,6919478.067706,0.001110,0.924605,29440.000000,0,0
SAT_P2_S3,6919297.026640,0.001125,0.924595,29480.000000,0,0
SAT_P2_S3,6919159.122206,0.001133,0.924588,29520.000000,0,0
SAT_P2_S3,6919065.450363,0.001136,0.924584,29560.000000,0,0
SAT_P2_S3,6919016.802735,0.001132,0.924581,29600.000000,0,0
SAT_P2_S3,6919013.647365,0.001122,0.924582,29640.000000,0,0
SAT_P2_S3,6919056.159534,0.001106,0.924585,29680.000000,0,0
SAT_P2_S3,6919144.215947,0.001083,0.924590,29720.000000,0,0
SAT_P2_S3,6919277.360443,0.001055,0.924598,29760.000000,0,0
SAT_P2_S3,6919454.771663,0.001020,0.924608,29800.000000,0,0
SAT_P2_S3,6919675.355811,0.000979,0.924621,29840.000000,0,0
SAT_P2_S3,6919937.659741,0.000933,0.924636,29880.000000,0,0
SAT_P2_S3,6920239.915527,0.000882,0.924653,29920.000000,0,0
SAT_P2_S3,6920580.044931,0.000825,0.924672,29960.000000,0,0
SAT_P2_S3,6920955.637944,0.000764,0.924693,30000.000000,0,0
SAT_P2_S3,6921363.961358,0.000699,0.924715,30040.000000,0,0
SAT_P2_S3,6921802.050507,0.000630,0.924739,30080.000000,0,0
SAT_P2_S3,6922266.688988,0.000558,0.924765,30120.000000,0,0
SAT_P2_S3,6922754.376110,0.000485,0.924791,30160.000000,0,0
SAT_P2_S3,6923261.402375,0.000410,0.924819,30200.000000,0,0
SAT_P2_S3,6923783.877864,0.000337,0.924847,30240.000000,0,0
SAT_P2_S3,6924317.733593,0.000270,0.924876,30280.000000,0,0
SAT_P2_S3,6924858.723419,0.000214,0.924905,30320.000000,0,0
SAT_P2_S3,6925402.486300,0.000186,0.924934,30360.000000,0,0
SAT_P2_S3,6925944.654504,0.000196,0.924963,30400.000000,0,0
SAT_P2_S3,6926480.758664,0.000241,0.924992,30440.000000,0,0
SAT_P2_S3,6927006.335727,0.000305,0.925020,30480.000000,0,0
SAT_P2_S3,6927516.988479,0.000377,0.925048,30520.000000,0,0
SAT_P2_S3,6928008.431776,0.000451,0.925074,30560.000000,0,0
SAT_P2_S3,6928476.513234,0.000526,0.925099,30600.000000,0,0
SAT_P2_S3,6928917.262055,0.000600,0.925123,30640.000000,0,0
SAT_P2_S3,6929327.018543,0.000672,0.925145,30680.000000,0,0
SAT_P2_S3,6929702.441877,0.000740,0.925166,30720.000000,0,0
SAT_P2_S3,6930040.496850,0.000804,0.925184,30760.000000,0,0
SAT_P2_S3,6930338.541484,0.000864,0.925200,30800.000000,0,0
SAT_P2_S3,6930594.353931,0.000920,0.925215,30840.000000,0,0
SAT_P2_S3,6930806.119696,0.000970,0.925227,30880.000000,0,0
SAT_P2_S3,6930972.407490,0.001015,0.925236,30920.000000,0,0
SAT_P2_S3,6931092.192538,0.001054,0.925243,30960.000000,0,0
SAT_P2_S3,6931164.911895,0.001088,0.925247,31000.000000,0,0
SAT_P2_S3,6931190.312729,0.001115,0.925249,31040.000000,0,0
SAT_P2_S3,6931168.491628,0.001137,0.925249,31080.000000,0,0
SAT_P2_S3,6931099.882909,0.001153,0.925246,31120.000000,0,0
SAT_P2_S3,6930985.233156,0.001163,0.925240,31160.000000,0,0
SAT_P2_S3,6930825.551924,0.001167,0.925232,31200.000000,0,0
SAT_P2_S3,6930622.095096,0.001166,0.925221,31240.000000,0,0
SAT_P2_S3,6930376.437289,0.001158,0.925208,31280.000000,0,0
SAT_P2_S3,6930090.431183,0.001145,0.925193,31320.000000,0,0
SAT_P2_S3,6929766.154366,0.001127,0.925175,31360.000000,0,0
SAT_P2_S3,6929405.968165,0.001104,0.925156,31400.000000,0,0
SAT_P2_S3,6929012.524258,0.001076,0.925134,31440.000000,0,0
SAT_P2_S3,6928588.737909,0.001043,0.925111,31480.000000,0,0
SAT_P2_S3,6928137.754287,0.001005,0.925087,31520.000000,0,0
SAT_P2_S3,6927662.965923,0.000964,0.925061,31560.000000,0,0
SAT_P2_S3,6927168.063662,0.000919,0.925034,31600.000000,0,0
SAT_P2_S3,6926656.871552,0.000870,0.925006,31640.000000,0,0
SAT_P2_S3,6926133.374567,0.000819,0.924978,31680.000000,0,0
SAT_P2_S3,6925601.686736,0.000765,0.924949,31720.000000,0,0
SAT_P2_S3,6925065.999847,0.000708,0.924920,31760.000000,0,0
SAT_P2_S3,6924530.503826,0.000651,0.924891,31800.000000,0,0
SAT_P2_S3,6923999.335094,0.000591,0.924862,31840.000000,0,0
SAT_P2_S3,6923476.608581,0.000531,0.924833,31880.000000,0,0
SAT_P2_S3,6922966.340209,0.000471,0.924806,31920.000000,0,0
SAT_P2_S3,6922472.360956,0.000411,0.924779,31960.000000,0,0
SAT_P2_S3,6921998.343602,0.000351,0.924753,32000.000000,0,0
SAT_P2_S3,6921547.787467,0.000293,0.924729,32040.000000,0,0
SAT_P2_S3,6921123.978962,0.000236,0.924706,32080.000000,0,0
SAT_P2_S3,6920729.954286,0.000184,0.924685,32120.000000,0,0
SAT_P2_S3,6920368.523543,0.000137,0.924665,32160.000000,0,0
SAT_P2_S3,6920042.340077,0.000104,0.924648,32200.000000,0,0
SAT_P2_S3,6919753.757290,0.000096,0.924632,32240.000000,0,0
SAT_P2_S3,6919504.887911,0.000115,0.924619,32280.000000,0,0
SAT_P2_S3,6919297.605958,0.000150,0.924608,32320.000000,0,0
SAT_P2_S3,6919133.530097,0.000190,0.924599,32360.000000,0,0
SAT_P2_S3,6919013.977943,0.000232,0.924593,32400.000000,0,0
SAT_P2_S3,6918939.945484,0.000273,0.924589,32440.000000,0,0
SAT_P2_S3,6918912.164468,0.000313,0.924588,32480.000000,0,0
SAT_P2_S3,6918931.046138,0.000351,0.924590,32520.000000,0,0
SAT_P2_S3,6918996.612756,0.000388,0.924593,32560.000000,0,0
SAT_P2_S3,6919108.535938,0.000423,0.924600,32600.000000,0,0
SAT_P2_S3,6919266.131052,0.000456,0.924609,32640.000000,0,0
SAT_P2_S3,6919468.327341,0.000488,0.924620,32680.000000,0,0
SAT_P2_S3,6919713.641363,0.000518,0.924634,32720.000000,0,0
SAT_P2_S3,6920000.214193,0.000546,0.924649,32760.000000,0,0
SAT_P2_S3,6920325.898453,0.000574,0.924667,32800.000000,0,0
SAT_P2_S3,6920688.142004,0.000600,0.924687,32840.000000,0,0
SAT_P2_S3,6921084.078082,0.000626,0.924708,32880.000000,0,0
SAT_P2_S3,6921510.567018,0.000651,0.924732,32920.000000,0,0
SAT_P2_S3,6921964.225546,0.000675,0.924756,32960.000000,0,0
SAT_P2_S3,6922441.431743,0.000698,0.924782,33000.000000,0,0
SAT_P2_S3,6922938.359330,0.000721,0.924808,33040.000000,0,0
SAT_P2_S3,6923451.094218,0.000743,0.924835,33080.000000,0,0
SAT_P2_S3,6923975.633945,0.000765,0.924863,33120.000000,0,0
SAT_P2_S3,6924507.871319,0.000785,0.924892,33160.000000,0,0
SAT_P2_S3,6925043.683850,0.000805,0.924920,33200.000000,0,0
SAT_P2_S3,6925578.970428,0.000823,0.924948,33240.000000,0,0
SAT_P2_S3,6926109.655934,0.000840,0.924976,33280.000000,0,0
SAT_P2_S3,6926631.691424,0.000855,0.925004,33320.000000,0,0
SAT_P2_S3,6927141.109081,0.000868,0.925031,33360.000000,0,0
SAT_P2_S3,6927634.116543,0.000879,0.925057,33400.000000,0,0
SAT_P2_S3,6928106.984084,0.000888,0.925082,33440.000000,0,0
SAT_P2_S3,6928556.130086,0.000894,0.925105,33480.000000,0,0
SAT_P2_S3,6928978.149897,0.000897,0.925127,33520.000000,0,0
SAT_P2_S3,6929369.818222,0.000897,0.925148,33560.000000,0,0
SAT_P2_S3,6929728.112030,0.000894,0.925166,33600.000000,0,0
SAT_P2_S3,6930050.257490,0.000887,0.925183,33640.000000,0,0
SAT_P2_S3,6930333.741804,0.000876,0.925198,33680.000000,0,0
SAT_P2_S3,6930576.307946,0.000861,0.925210,33720.000000,0,0
SAT_P2_S3,6930775.990996,0.000842,0.925220,33760.000000,0,0
SAT_P2_S3,6930931.229965,0.000819,0.925228,33800.000000,0,0
SAT_P2_S3,6931040.794172,0.000791,0.925233,33840.000000,0,0
SAT_P2_S3,6931103.808489,0.000759,0.925236,33880.000000,0,0
SAT_P2_S3,6931119.801585,0.000723,0.925236,33920.000000,0,0
SAT_P2_S3,6931088.714871,0.000682,0.925234,33960.000000,0,0
SAT_P2_S3,6931010.873455,0.000637,0.925229,34000.000000,0,0
SAT_P2_S3,6930886.962056,0.000589,0.925222,34040.000000,0,0
SAT_P2_S3,6930718.064496,0.000536,0.925213,34080.000000,0,0
SAT_P2_S3,6930505.676597,0.000479,0.925201,34120.000000,0,0
SAT_P2_S3,6930251.566233,0.000419,0.925187,34160.000000,0,0
SAT_P2_S3,6929957.821220,0.000356,0.925170,34200.000000,0,0
SAT_P2_S3,6929626.825535,0.000290,0.925152,34240.000000,0,0
SAT_P2_S3,6929261.218348,0.000222,0.925132,34280.000000,0,0
SAT_P2_S3,6928863.837095,0.000152,0.925110,34320.000000,0,0
SAT_P2_S3,6928437.704338,0.000080,0.925087,34360.000000,0,0
SAT_P2_S3,6927986.094171,0.000023,0.925062,34400.000000,0,0
SAT_P2_S3,6927512.420779,0.000076,0.925036,34440.000000,0,0
SAT_P2_S3,6927020.230267,0.000150,0.925009,34480.000000,0,0
SAT_P2_S3,6926513.221230,0.000226,0.924981,34520.000000,0,0
SAT_P2_S3,6925995.231507,0.000302,0.924952,34560.000000,0,0
SAT_P2_S3,6925470.191075,0.000377,0.924923,34600.000000,0,0
SAT_P2_S3,6924942.082327,0.000451,0.924894,34640.000000,0,0
SAT_P2_S3,6924414.965144,0.000523,0.924865,34680.000000,0,0
SAT_P2_S3,6923892.975907,0.000594,0.924837,34720.000000,0,0
SAT_P2_S3,6923380.172757,0.000662,0.924809,34760.000000,0,0
SAT_P2_S3,6922880.567872,0.000727,0.924781,34800.000000,0,0
SAT_P2_S3,6922398.086232,0.000788,0.924755,34840.000000,0,0
SAT_P2_S3,6921936.507865,0.000846,0.924729,34880.000000,0,0
SAT_P2_S3,6921499.395117,0.000900,0.924705,34920.000000,0,0
SAT_P2_S3,6921090.064559,0.000949,0.924683,34960.000000,0,0
SAT_P2_S3,6920711.640084,0.000993,0.924662,35000.000000,0,0
SAT_P2_S3,6920366.936800,0.001031,0.924643,35040.000000,0,0
SAT_P2_S3,6920058.451466,0.001065,0.924626,35080.000000,0,0
SAT_P2_S3,6919788.387545,0.001092,0.924611,35120.000000,0,0
SAT_P2_S3,6919558.654002,0.001114,0.924598,35160.000000,0,0
SAT_P2_S3,6919370.836635,0.001129,0.924588,35200.000000,0,0
SAT_P2_S3,6919226.182327,0.001139,0.924580,35240.000000,0,0
SAT_P2_S3,6919125.653553,0.001142,0.924575,35280.000000,0,0
SAT_P2_S3,6919069.961468,0.001139,0.924572,35320.000000,0,0
SAT_P2_S3,6919059.446368,0.001129,0.924572,35360.000000,0,0
SAT_P2_S3,6919094.149548,0.001114,0.924574,35400.000000,0,0
SAT_P2_S3,6919173.810699,0.001092,0.924578,35440.000000,0,0
SAT_P2_S3,6919297.850376,0.001064,0.924586,35480.000000,0,0
SAT_P2_S3,6919465.328067,0.001030,0.924595,35520.000000,0,0
SAT_P2_S3,6919675.006981,0.000990,0.924607,35560.000000,0,0
SAT_P2_S3,6919925.339938,0.000945,0.924622,35600.000000,0,0
SAT_P2_S3,6920214.472913,0.000895,0.924638,35640.000000,0,0
SAT_P2_S3,6920540.289666,0.000840,0.924657,35680.000000,0,0
SAT_P2_S3,6920900.410694,0.000781,0.924677,35720.000000,0,0
SAT_P2_S3,6921292.200126,0.000718,0.924699,35760.000000,0,0
SAT_P2_S3,6921712.837991,0.000651,0.924723,35800.000000,0,0
SAT_P2_S3,6922159.405537,0.000581,0.924748,35840.000000,0,0
SAT_P2_S3,6922628.767972,0.000510,0.924774,35880.000000,0,0
SAT_P2_S3,6923117.681540,0.000438,0.924801,35920.000000,0,0
SAT_P2_S3,6923622.782272,0.000367,0.924829,35960.000000,0,0
SAT_P2_S3,6924140.583508,0.000300,0.924857,36000.000000,0,0
SAT_P2_S4,6928137.000000,0.000000,0.925025,0.000000,0,0
SAT_P2_S4,6928609.404285,0.000072,0.925050,40.000000,0,0
SAT_P2_S4,6929102.187937,0.000146,0.925077,80.000000,0,0
SAT_P2_S4,6929611.480431,0.000220,0.925105,120.000000,0,0
SAT_P2_S4,6930133.246787,0.000295,0.925133,160.000000,0,0
SAT_P2_S4,6930663.360678,0.000369,0.925162,200.000000,0,0
SAT_P2_S4,6931197.678190,0.000442,0.925191,240.000000,0,0
SAT_P2_S4,6931732.063773,0.000515,0.925220,280.000000,0,0
SAT_P2_S4,6932262.417542,0.000586,0.925248,320.000000,0,0
SAT_P2_S4,6932784.757415,0.000654,0.925277,360.000000,0,0
SAT_P2_S4,6933295.260698,0.000721,0.925304,400.000000,0,0
SAT_P2_S4,6933790.147447,0.000784,0.925331,440.000000,0,0
SAT_P2_S4,6934265.743098,0.000844,0.925356,480.000000,0,0
SAT_P2_S4,6934718.468629,0.000900,0.925380,520.000000,0,0
SAT_P2_S4,6935144.819969,0.000952,0.925403,560.000000,0,0
SAT_P2_S4,6935541.341675,0.001000,0.925424,600.000000,0,0
SAT_P2_S4,6935904.659046,0.001042,0.925443,640.000000,0,0
SAT_P2_S4,6936231.609956,0.001080,0.925460,680.000000,0,0
SAT_P2_S4,6936519.211052,0.001112,0.925476,720.000000,0,0
SAT_P2_S4,6936764.741978,0.001138,0.925489,760.000000,0,0
SAT_P2_S4,6936965.866369,0.001158,0.925500,800.000000,0,0
SAT_P2_S4,6937120.715652,0.001172,0.925508,840.000000,0,0
SAT_P2_S4,6937227.928096,0.001179,0.925514,880.000000,0,0
SAT_P2_S4,6937286.680935,0.001179,0.925518,920.000000,0,0
SAT_P2_S4,6937296.765841,0.001174,0.925519,960.000000,0,0
SAT_P2_S4,6937258.608389,0.001161,0.925518,1000.000000,0,0
SAT_P2_S4,6937173.113899,0.001143,0.925514,1040.000000,0,0
SAT_P2_S4,6937041.677166,0.001118,0.925507,1080.000000,0,0
SAT_P2_S4,6936866.103438,0.001088,0.925498,1120.000000,0,0
SAT_P2_S4,6936648.506651,0.001052,0.925487,1160.000000,0,0
SAT_P2_S4,6936391.193077,0.001010,0.925473,1200.000000,0,0
SAT_P2_S4,6936096.596292,0.000964,0.925457,1240.000000,0,0
SAT_P2_S4,6935767.306504,0.000913,0.925439,1280.000000,0,0
SAT_P2_S4,6935405.946706,0.000858,0.925419,1320.000000,0,0
SAT_P2_S4,6935015.170384,0.000799,0.925397,1360.000000,0,0
SAT_P2_S4,6934597.707268,0.000736,0.925374,1400.000000,0,0
SAT_P2_S4,6934156.390655,0.000670,0.925349,1440.000000,0,0
SAT_P2_S4,6933694.156967,0.000601,0.925323,1480.000000,0,0
SAT_P2_S4,6933214.055993,0.000530,0.925296,1520.000000,0,0
SAT_P2_S4,6932719.326165,0.000457,0.925268,1560.000000,0,0
SAT_P2_S4,6932213.432594,0.000382,0.925239,1600.000000,0,0
SAT_P2_S4,6931699.934629,0.000308,0.925210,1640.000000,0,0
SAT_P2_S4,6931182.538603,0.000235,0.925181,1680.000000,0,0
SAT_P2_S4,6930665.061217,0.000166,0.925152,1720.000000,0,0
SAT_P2_S4,6930151.370449,0.000113,0.925124,1760.000000,0,0
SAT_P2_S4,6929645.307694,0.000103,0.925096,1800.000000,0,0
SAT_P2_S4,6929150.652456,0.000144,0.925068,1840.000000,0,0
SAT_P2_S4,6928671.167090,0.000206,0.925042,1880.000000,0,0
SAT_P2_S4,6928210.476341,0.000274,0.925016,1920.000000,0,0
SAT_P2_S4,6927772.053546,0.000343,0.924992,1960.000000,0,0
SAT_P2_S4,6927359.239355,0.000410,0.924970,2000.000000,0,0
SAT_P2_S4,6926975.231315,0.000476,0.924949,2040.000000,0,0
SAT_P2_S4,6926623.040125,0.000538,0.924930,2080.000000,0,0
SAT_P2_S4,6926305.452749,0.000596,0.924913,2120.000000,0,0
SAT_P2_S4,6926025.057717,0.000651,0.924898,2160.000000,0,0
SAT_P2_S4,6925784.240170,0.000702,0.924885,2200.000000,0,0
SAT_P2_S4,6925585.026744,0.000747,0.924874,2240.000000,0,0
SAT_P2_S4,6925429.116217,0.000788,0.924866,2280.000000,0,0
SAT_P2_S4,6925317.843023,0.000824,0.924860,2320.000000,0,0
SAT_P2_S4,6925252.133537,0.000855,0.924857,2360.000000,0,0
SAT_P2_S4,6925232.457480,0.000880,0.924857,2400.000000,0,0
SAT_P2_S4,6925258.835222,0.000900,0.924858,2440.000000,0,0
SAT_P2_S4,6925330.939632,0.000914,0.924863,2480.000000,0,0
SAT_P2_S4,6925448.031088,0.000922,0.924870,2520.000000,0,0
SAT_P2_S4,6925609.004834,0.000926,0.924879,2560.000000,0,0
SAT_P2_S4,6925812.470719,0.000924,0.924891,2600.000000,0,0
SAT_P2_S4,6926056.796512,0.000917,0.924905,2640.000000,0,0
SAT_P2_S4,6926340.111830,0.000905,0.924921,2680.000000,0,0
SAT_P2_S4,6926660.311981,0.000889,0.924939,2720.000000,0,0
SAT_P2_S4,6927015.114562,0.000868,0.924959,2760.000000,0,0
SAT_P2_S4,6927402.078217,0.000843,0.924981,2800.000000,0,0
SAT_P2_S4,6927818.473126,0.000814,0.925005,2840.000000,0,0
SAT_P2_S4,6928261.328996,0.000781,0.925030,2880.000000,0,0
SAT_P2_S4,6928727.420190,0.000745,0.925056,2920.000000,0,0
SAT_P2_S4,6929213.246765,0.000707,0.925083,2960.000000,0,0
SAT_P2_S4,6929715.015066,0.000666,0.925111,3000.000000,0,0
SAT_P2_S4,6930228.679939,0.000624,0.925140,3040.000000,0,0
SAT_P2_S4,6930750.089059,0.000580,0.925168,3080.000000,0,0
SAT_P2_S4,6931274.960805,0.000536,0.925198,3120.000000,0,0
SAT_P2_S4,6931798.977188,0.000492,0.925226,3160.000000,0,0
SAT_P2_S4,6932317.908942,0.000449,0.925255,3200.000000,0,0
SAT_P2_S4,6932827.697756,0.000408,0.925283,3240.000000,0,0
SAT_P2_S4,6933324.490741,0.000371,0.925310,3280.000000,0,0
SAT_P2_S4,6933804.665268,0.000338,0.925337,3320.000000,0,0
SAT_P2_S4,6934264.893985,0.000311,0.925362,3360.000000,0,0
SAT_P2_S4,6934702.155867,0.000292,0.925385,3400.000000,0,0
SAT_P2_S4,6935113.595506,0.000281,0.925407,3440.000000,0,0
SAT_P2_S4,6935496.537830,0.000279,0.925427,3480.000000,0,0
SAT_P2_S4,6935848.437222,0.000285,0.925446,3520.000000,0,0
SAT_P2_S4,6936166.828767,0.000297,0.925462,3560.000000,0,0
SAT_P2_S4,6936449.270205,0.000315,0.925476,3600.000000,0,0
SAT_P2_S4,6936693.337944,0.000336,0.925488,3640.000000,0,0
SAT_P2_S4,6936896.738511,0.000359,0.925497,3680.000000,0,0
SAT_P2_S4,6937057.316658,0.000382,0.925504,3720.000000,0,0
SAT_P2_S4,6937173.093700,0.000405,0.925509,3760.000000,0,0
SAT_P2_S4,6937242.416463,0.000427,0.925511,3800.000000,0,0
SAT_P2_S4,6937264.059645,0.000447,0.925510,3840.000000,0,0
SAT_P2_S4,6937237.285851,0.000466,0.925507,3880.000000,0,0
SAT_P2_S4,6937161.888114,0.000482,0.925501,3920.000000,0,0
SAT_P2_S4,6937038.263922,0.000497,0.925493,3960.000000,0,0
SAT_P2_S4,6936867.482043,0.000510,0.925482,4000.000000,0,0
SAT_P2_S4,6936651.120016,0.000521,0.925469,4040.000000,0,0
SAT_P2_S4,6936391.275552,0.000532,0.925454,4080.000000,0,0
SAT_P2_S4,6936090.493913,0.000541,0.925436,4120.000000,0,0
SAT_P2_S4,6935751.673296,0.000549,0.925417,4160.000000,0,0
SAT_P2_S4,6935377.946074,0.000557,0.925395,4200.000000,0,0
SAT_P2_S4,6934972.597534,0.000566,0.925372,4240.000000,0,0
SAT_P2_S4,6934539.080664,0.000574,0.925348,4280.000000,0,0
SAT_P2_S4,6934080.926891,0.000584,0.925322,4320.000000,0,0
SAT_P2_S4,6933601.685578,0.000594,0.925295,4360.000000,0,0
SAT_P2_S4,6933104.968972,0.000605,0.925267,4400.000000,0,0
SAT_P2_S4,6932594.464602,0.000617,0.925239,4440.000000,0,0
SAT_P2_S4,6932073.918871,0.000629,0.925210,4480.000000,0,0
SAT_P2_S4,6931547.118899,0.000643,0.925180,4520.000000,0,0
SAT_P2_S4,6931017.926759,0.000657,0.925151,4560.000000,0,0
SAT_P2_S4,6930490.331795,0.000672,0.925122,4600.000000,0,0
SAT_P2_S4,6929968.285459,0.000686,0.925093,4640.000000,0,0
SAT_P2_S4,6929455.734771,0.000700,0.925064,4680.000000,0,0
SAT_P2_S4,6928956.583608,0.000714,0.925037,4720.000000,0,0
SAT_P2_S4,6928474.640293,0.000726,0.925010,4760.000000,0,0
SAT_P2_S4,6928013.544325,0.000737,0.924985,4800.000000,0,0
SAT_P2_S4,6927576.729857,0.000746,0.924961,4840.000000,0,0
SAT_P2_S4,6927167.480174,0.000753,0.924938,4880.000000,0,0
SAT_P2_S4,6926788.865387,0.000757,0.924917,4920.000000,0,0
SAT_P2_S4,6926443.697708,0.000759,0.924898,4960.000000,0,0
SAT_P2_S4,6926134.580724,0.000757,0.924881,5000.000000,0,0
SAT_P2_S4,6925863.912531,0.000752,0.924866,5040.000000,0,0
SAT_P2_S4,6925633.853070,0.000742,0.924854,5080.000000,0,0
SAT_P2_S4,6925446.284629,0.000729,0.924844,5120.000000,0,0
SAT_P2_S4,6925302.820669,0.000712,0.924836,5160.000000,0,0
SAT_P2_S4,6925204.833532,0.000691,0.924831,5200.000000,0,0
SAT_P2_S4,6925153.283433,0.000665,0.924828,5240.000000,0,0
SAT_P2_S4,6925148.745310,0.000635,0.924828,5280.000000,0,0
SAT_P2_S4,6925191.380577,0.000600,0.924831,5320.000000,0,0
SAT_P2_S4,6925280.908990,0.000561,0.924836,5360.000000,0,0
SAT_P2_S4,6925416.568319,0.000518,0.924843,5400.000000,0,0
SAT_P2_S4,6925597.145649,0.000471,0.924853,5440.000000,0,0
SAT_P2_S4,6925821.058727,0.000420,0.924866,5480.000000,0,0
SAT_P2_S4,6926086.338725,0.000365,0.924880,5520.000000,0,0
SAT_P2_S4,6926390.729441,0.000306,0.924897,5560.000000,0,0
SAT_P2_S4,6926731.731820,0.000245,0.924916,5600.000000,0,0
SAT_P2_S4,6927106.625195,0.000181,0.924936,5640.000000,0,0
SAT_P2_S4,6927512.517619,0.000114,0.924958,5680.000000,0,0
SAT_P2_S4,6927946.452988,0.000047,0.924982,5720.000000,0,0
SAT_P2_S4,6928405.324012,0.000028,0.925008,5760.000000,0,0
SAT_P2_S4,6928885.867311,0.000098,0.925034,5800.000000,0,0
SAT_P2_S4,6929384.676655,0.000171,0.925061,5840.000000,0,0
SAT_P2_S4,6929898.182639,0.000244,0.925089,5880.000000,0,0
SAT_P2_S4,6930422.608629,0.000318,0.925118,5920.000000,0,0
SAT_P2_S4,6930953.949559,0.000391,0.925147,5960.000000,0,0
SAT_P2_S4,6931488.040441,0.000463,0.925176,6000.000000,0,0
SAT_P2_S4,6932020.634174,0.000535,0.925205,6040.000000,0,0
SAT_P2_S4,6932547.342793,0.000604,0.925234,6080.000000,0,0
SAT_P2_S4,6933063.793071,0.000671,0.925262,6120.000000,0,0
SAT_P2_S4,6933565.720132,0.000736,0.925289,6160.000000,0,0
SAT_P2_S4,6934049.040261,0.000797,0.925315,6200.000000,0,0
SAT_P2_S4,6934509.895893,0.000854,0.925340,6240.000000,0,0
SAT_P2_S4,6934944.724280,0.000908,0.925364,6280.000000,0,0
SAT_P2_S4,6935350.375201,0.000957,0.925386,6320.000000,0,0
SAT_P2_S4,6935724.022565,0.001001,0.925407,6360.000000,0,0
SAT_P2_S4,6936063.150506,0.001040,0.925425,6400.000000,0,0
SAT_P2_S4,6936365.548531,0.001075,0.925442,6440.000000,0,0
SAT_P2_S4,6936629.265026,0.001103,0.925456,6480.000000,0,0
SAT_P2_S4,6936852.531572,0.001127,0.925468,6520.000000,0,0
SAT_P2_S4,6937033.707050,0.001144,0.925478,6560.000000,0,0
SAT_P2_S4,6937171.310379,0.001156,0.925485,6600.000000,0,0
SAT_P2_S4,6937264.064447,0.001161,0.925489,6640.000000,0,0
SAT_P2_S4,6937310.809951,0.001161,0.925492,6680.000000,0,0
SAT_P2_S4,6937310.637217,0.001154,0.925491,6720.000000,0,0
SAT_P2_S4,6937262.965234,0.001141,0.925488,6760.000000,0,0
SAT_P2_S4,6937167.606595,0.001121,0.925482,6800.000000,0,0
SAT_P2_S4,6937024.810020,0.001096,0.925474,6840.000000,0,0
SAT_P2_S4,6936835.331843,0.001064,0.925464,6880.000000,0,0
SAT_P2_S4,6936600.561967,0.001026,0.925451,6920.000000,0,0
SAT_P2_S4,6936322.435068,0.000982,0.925436,6960.000000,0,0
SAT_P2_S4,6936003.413747,0.000933,0.925419,7000.000000,0,0
SAT_P2_S4,6935646.472490,0.000879,0.925400,7040.000000,0,0
SAT_P2_S4,6935255.024470,0.000820,0.925379,7080.000000,0,0
SAT_P2_S4,6934832.805013,0.000757,0.925357,7120.000000,0,0
SAT_P2_S4,6934383.759097,0.000691,0.925333,7160.000000,0,0
SAT_P2_S4,6933911.997218,0.000621,0.925307,7200.000000,0,0
SAT_P2_S4,6933421.746090,0.000549,0.925281,7240.000000,0,0
SAT_P2_S4,6932917.170290,0.000475,0.925254,7280.000000,0,0
SAT_P2_S4,6932402.392761,0.000400,0.925226,7320.000000,0,0
SAT_P2_S4,6931881.468471,0.000324,0.925197,7360.000000,0,0
SAT_P2_S4,6931358.352717,0.000249,0.925168,7400.000000,0,0
SAT_P2_S4,6930836.860400,0.000176,0.925139,7440.000000,0,0
SAT_P2_S4,6930320.672721,0.000113,0.925110,7480.000000,0,0
SAT_P2_S4,6929813.425217,0.000083,0.925082,7520.000000,0,0
SAT_P2_S4,6929318.608563,0.000115,0.925054,7560.000000,0,0
SAT_P2_S4,6928839.567310,0.000175,0.925027,7600.000000,0,0
SAT_P2_S4,6928379.526940,0.000243,0.925001,7640.000000,0,0
SAT_P2_S4,6927941.584736,0.000311,0.924976,7680.000000,0,0
SAT_P2_S4,6927528.671032,0.000378,0.924952,7720.000000,0,0
SAT_P2_S4,6927143.522588,0.000442,0.924930,7760.000000,0,0
SAT_P2_S4,6926788.727936,0.000504,0.924910,7800.000000,0,0
SAT_P2_S4,6926466.760351,0.000562,0.924892,7840.000000,0,0
SAT_P2_S4,6926179.859154,0.000617,0.924876,7880.000000,0,0
SAT_P2_S4,6925930.103868,0.000667,0.924862,7920.000000,0,0
SAT_P2_S4,6925719.413376,0.000714,0.924850,7960.000000,0,0
SAT_P2_S4,6925549.521344,0.000755,0.924841,8000.000000,0,0
SAT_P2_S4,6925421.926278,0.000792,0.924834,8040.000000,0,0
SAT_P2_S4,6925337.871893,0.000824,0.924830,8080.000000,0,0
SAT_P2_S4,6925298.390050,0.000851,0.924828,8120.000000,0,0
SAT_P2_S4,6925304.169259,0.000873,0.924829,8160.000000,0,0
SAT_P2_S4,6925355.514993,0.000889,0.924832,8200.000000,0,0
SAT_P2_S4,6925452.342432,0.000900,0.924838,8240.000000,0,0
SAT_P2_S4,6925594.149296,0.000905,0.924846,8280.000000,0,0
SAT_P2_S4,6925779.972236,0.000905,0.924856,8320.000000,0,0
SAT_P2_S4,6926008.369384,0.000900,0.924869,8360.000000,0,0
SAT_P2_S4,6926277.492238,0.000890,0.924884,8400.000000,0,0
SAT_P2_S4,6926585.160668,0.000874,0.924902,8440.000000,0,0
SAT_P2_S4,6926928.788340,0.000855,0.924921,8480.000000,0,0
SAT_P2_S4,6927305.517662,0.000831,0.924942,8520.000000,0,0
SAT_P2_S4,6927712.279913,0.000803,0.924965,8560.000000,0,0
SAT_P2_S4,6928145.832128,0.000772,0.924989,8600.000000,0,0
SAT_P2_S4,6928602.767158,0.000738,0.925015,8640.000000,0,0
SAT_P2_S4,6929079.551341,0.000701,0.925041,8680.000000,0,0
SAT_P2_S4,6929572.619705,0.000662,0.925069,8720.000000,0,0
SAT_P2_S4,6930078.290534,0.000621,0.925098,8760.000000,0,0
SAT_P2_S4,6930592.768064,0.000579,0.925126,8800.000000,0,0
SAT_P2_S4,6931112.173063,0.000536,0.925156,8840.000000,0,0
SAT_P2_S4,6931632.549817,0.000494,0.925185,8880.000000,0,0
SAT_P2_S4,6932149.853562,0.000453,0.925214,8920.000000,0,0
SAT_P2_S4,6932659.961588,0.000414,0.925243,8960.000000,0,0
SAT_P2_S4,6933158.771135,0.000378,0.925271,9000.000000,0,0
SAT_P2_S4,6933642.297109,0.000347,0.925298,9040.000000,0,0
SAT_P2_S4,6934106.616190,0.000321,0.925324,9080.000000,0,0
SAT_P2_S4,6934548.018365,0.000302,0.925349,9120.000000,0,0
SAT_P2_S4,6934963.065865,0.000291,0.925372,9160.000000,0,0
SAT_P2_S4,6935348.627316,0.000288,0.925394,9200.000000,0,0
SAT_P2_S4,6935701.917452,0.000292,0.925414,9240.000000,0,0
SAT_P2_S4,6936020.529060,0.000303,0.925432,9280.000000,0,0
SAT_P2_S4,6936302.403404,0.000317,0.925448,9320.000000,0,0
SAT_P2_S4,6936545.778935,0.000335,0.925462,9360.000000,0,0
SAT_P2_S4,6936749.178095,0.000354,0.925474,9400.000000,0,0
SAT_P2_S4,6936911.436222,0.000374,0.925483,9440.000000,0,0
SAT_P2_S4,6937031.545826,0.000394,0.925490,9480.000000,0,0
SAT_P2_S4,6937108.675788,0.000413,0.925495,9520.000000,0,0
SAT_P2_S4,6937142.176301,0.000431,0.925496,9560.000000,0,0
SAT_P2_S4,6937131.584743,0.000448,0.925496,9600.000000,0,0
SAT_P2_S4,6937076.619097,0.000463,0.925493,9640.000000,0,0
SAT_P2_S4,6936977.209233,0.000476,0.925487,9680.000000,0,0
SAT_P2_S4,6936833.623541,0.000488,0.925479,9720.000000,0,0
SAT_P2_S4,6936646.501413,0.000498,0.925469,9760.000000,0,0
SAT_P2_S4,6936416.822508,0.000507,0.925456,9800.000000,0,0
SAT_P2_S4,6936146.005238,0.000516,0.925441,9840.000000,0,0
SAT_P2_S4,6935835.924937,0.000523,0.925423,9880.000000,0,0
SAT_P2_S4,6935488.885706,0.000530,0.925404,9920.000000,0,0
SAT_P2_S4,6935107.568021,0.000537,0.925383,9960.000000,0,0
SAT_P2_S4,6934695.009531,0.000545,0.925361,10000.000000,0,0
SAT_P2_S4,6934254.619963,0.000553,0.925337,10040.000000,0,0
SAT_P2_S4,6933790.000368,0.000562,0.925311,10080.000000,0,0
SAT_P2_S4,6933304.928110,0.000572,0.925285,10120.000000,0,0
SAT_P2_S4,6932803.315476,0.000584,0.925258,10160.000000,0,0
SAT_P2_S4,6932289.159977,0.000597,0.925230,10200.000000,0,0
SAT_P2_S4,6931766.475999,0.000611,0.925201,10240.000000,0,0
SAT_P2_S4,6931239.259292,0.000626,0.925173,10280.000000,0,0
SAT_P2_S4,6930711.542401,0.000642,0.925144,10320.000000,0,0
SAT_P2_S4,6930187.362681,0.000658,0.925115,10360.000000,0,0
SAT_P2_S4,6929670.677235,0.000674,0.925087,10400.000000,0,0
SAT_P2_S4,6929165.410729,0.000690,0.925060,10440.000000,0,0
SAT_P2_S4,6928675.439914,0.000705,0.925033,10480.000000,0,0
SAT_P2_S4,6928204.545720,0.000719,0.925008,10520.000000,0,0
SAT_P2_S4,6927756.354294,0.000731,0.924983,10560.000000,0,0
SAT_P2_S4,6927334.325292,0.000741,0.924960,10600.000000,0,0
SAT_P2_S4,6926941.789425,0.000749,0.924939,10640.000000,0,0
SAT_P2_S4,6926581.790275,0.000754,0.924919,10680.000000,0,0
SAT_P2_S4,6926257.103329,0.000756,0.924901,10720.000000,0,0
SAT_P2_S4,6925970.228193,0.000754,0.924885,10760.000000,0,0
SAT_P2_S4,6925723.370084,0.000749,0.924872,10800.000000,0,0
SAT_P2_S4,6925518.399425,0.000739,0.924861,10840.000000,0,0
SAT_P2_S4,6925356.839380,0.000726,0.924852,10880.000000,0,0
SAT_P2_S4,6925239.936796,0.000708,0.924845,10920.000000,0,0
SAT_P2_S4,6925168.641820,0.000686,0.924842,10960.000000,0,0
SAT_P2_S4,6925143.533735,0.000660,0.924840,11000.000000,0,0
SAT_P2_S4,6925164.875219,0.000629,0.924842,11040.000000,0,0
SAT_P2_S4,6925232.605929,0.000594,0.924845,11080.000000,0,0
SAT_P2_S4,6925346.309047,0.000554,0.924852,11120.000000,0,0
SAT_P2_S4,6925505.165468,0.000511,0.924860,11160.000000,0,0
SAT_P2_S4,6925708.014090,0.000463,0.924872,11200.000000,0,0
SAT_P2_S4,6925953.312449,0.000411,0.924885,11240.000000,0,0
SAT_P2_S4,6926239.139626,0.000356,0.924901,11280.000000,0,0
SAT_P2_S4,6926563.234827,0.000297,0.924919,11320.000000,0,0
SAT_P2_S4,6926922.997769,0.000235,0.924939,11360.000000,0,0
SAT_P2_S4,6927315.504637,0.000171,0.924961,11400.000000,0,0
SAT_P2_S4,6927737.598460,0.000105,0.924984,11440.000000,0,0
SAT_P2_S4,6928185.989711,0.000041,0.925009,11480.000000,0,0
SAT_P2_S4,6928657.167455,0.000045,0.925035,11520.000000,0,0
SAT_P2_S4,6929147.520855,0.000112,0.925062,11560.000000,0,0
SAT_P2_S4,6929653.374745,0.000184,0.925090,11600.000000,0,0
SAT_P2_S4,6930171.001176,0.000256,0.925118,11640.000000,0,0
SAT_P2_S4,6930696.601251,0.000329,0.925147,11680.000000,0,0
SAT_P2_S4,6931226.315420,0.000401,0.925176,11720.000000,0,0
SAT_P2_S4,6931756.304003,0.000472,0.925205,11760.000000,0,0
SAT_P2_S4,6932282.674211,0.000542,0.925234,11800.000000,0,0
SAT_P2_S4,6932801.473130,0.000610,0.925263,11840.000000,0,0
SAT_P2_S4,6933308.740380,0.000675,0.925290,11880.000000,0,0
SAT_P2_S4,6933800.536775,0.000738,0.925317,11920.000000,0,0
SAT_P2_S4,6934272.951860,0.000797,0.925343,11960.000000,0,0
SAT_P2_S4,6934722.127802,0.000853,0.925368,12000.000000,0,0
SAT_P2_S4,6935144.359901,0.000905,0.925391,12040.000000,0,0
SAT_P2_S4,6935536.208507,0.000952,0.925412,12080.000000,0,0
SAT_P2_S4,6935894.418550,0.000995,0.925432,12120.000000,0,0
SAT_P2_S4,6936216.053560,0.001032,0.925449,12160.000000,0,0
SAT_P2_S4,6936498.541796,0.001064,0.925464,12200.000000,0,0
SAT_P2_S4,6936739.695999,0.001091,0.925478,12240.000000,0,0
SAT_P2_S4,6936937.699859,0.001111,0.925488,12280.000000,0,0
SAT_P2_S4,6937091.118722,0.001126,0.925497,12320.000000,0,0
SAT_P2_S4,6937198.974763,0.001134,0.925503,12360.000000,0,0
SAT_P2_S4,6937260.657960,0.001136,0.925506,12400.000000,0,0
SAT_P2_S4,6937275.894565,0.001133,0.925507,12440.000000,0,0
SAT_P2_S4,6937244.765513,0.001123,0.925505,12480.000000,0,0
SAT_P2_S4,6937167.689835,0.001107,0.925500,12520.000000,0,0
SAT_P2_S4,6937045.378546,0.001085,0.925494,12560.000000,0,0
SAT_P2_S4,6936878.798345,0.001057,0.925484,12600.000000,0,0
SAT_P2_S4,6936669.206223,0.001024,0.925472,12640.000000,0,0
SAT_P2_S4,6936418.193604,0.000985,0.925458,12680.000000,0,0
SAT_P2_S4,6936127.547901,0.000941,0.925442,12720.000000,0,0
SAT_P2_S4,6935799.328287,0.000892,0.925424,12760.000000,0,0
SAT_P2_S4,6935435.867083,0.000838,0.925403,12800.000000,0,0
SAT_P2_S4,6935039.757169,0.000780,0.925381,12840.000000,0,0
SAT_P2_S4,6934613.817872,0.000717,0.925358,12880.000000,0,0
SAT_P2_S4,6934161.097196,0.000651,0.925333,12920.000000,0,0
SAT_P2_S4,6933684.952849,0.000582,0.925307,12960.000000,0,0
SAT_P2_S4,6933188.969874,0.000510,0.925280,13000.000000,0,0
SAT_P2_S4,6932676.938367,0.000436,0.925252,13040.000000,0,0
SAT_P2_S4,6932152.880916,0.000360,0.925224,13080.000000,0,0
SAT_P2_S4,6931621.033613,0.000283,0.925195,13120.000000,0,0
SAT_P2_S4,6931085.786408,0.000206,0.925166,13160.000000,0,0
SAT_P2_S4,6930551.619460,0.000131,0.925137,13200.000000,0,0
SAT_P2_S4,6930023.091525,0.000067,0.925109,13240.000000,0,0
SAT_P2_S4,6929504.820021,0.000066,0.925081,13280.000000,0,0
SAT_P2_S4,6929001.278772,0.000128,0.925053,13320.000000,0,0
SAT_P2_S4,6928516.790763,0.000199,0.925027,13360.000000,0,0
SAT_P2_S4,6928055.450022,0.000270,0.925001,13400.000000,0,0
SAT_P2_S4,6927621.037099,0.000340,0.924977,13440.000000,0,0
SAT_P2_S4,6927216.925459,0.000406,0.924955,13480.000000,0,0
SAT_P2_S4,6926846.040878,0.000469,0.924934,13520.000000,0,0
SAT_P2_S4,6926510.923696,0.000529,0.924915,13560.000000,0,0
SAT_P2_S4,6926213.655145,0.000584,0.924898,13600.000000,0,0
SAT_P2_S4,6925955.867344,0.000635,0.924882,13640.000000,0,0
SAT_P2_S4,6925738.828392,0.000681,0.924870,13680.000000,0,0
SAT_P2_S4,6925563.501157,0.000723,0.924859,13720.000000,0,0
SAT_P2_S4,6925430.574319,0.000760,0.924851,13760.000000,0,0
SAT_P2_S4,6925340.497159,0.000792,0.924846,13800.000000,0,0
SAT_P2_S4,6925293.569952,0.000819,0.924842,13840.000000,0,0
SAT_P2_S4,6925290.020932,0.000841,0.924842,13880.000000,0,0
SAT_P2_S4,6925329.879712,0.000858,0.924844,13920.000000,0,0
SAT_P2_S4,6925413.040867,0.000870,0.924848,13960.000000,0,0
SAT_P2_S4,6925539.231329,0.000876,0.924855,14000.000000,0,0
SAT_P2_S4,6925707.953076,0.000878,0.924865,14040.000000,0,0
SAT_P2_S4,6925918.400282,0.000875,0.924876,14080.000000,0,0
SAT_P2_S4,6926169.412496,0.000867,0.924890,14120.000000,0,0
SAT_P2_S4,6926459.511255,0.000854,0.924907,14160.000000,0,0
SAT_P2_S4,6926786.804959,0.000837,0.924925,14200.000000,0,0
SAT_P2_S4,6927148.971919,0.000816,0.924945,14240.000000,0,0
SAT_P2_S4,6927543.316165,0.000790,0.924967,14280.000000,0,0
SAT_P2_S4,6927966.808501,0.000761,0.924990,14320.000000,0,0
SAT_P2_S4,6928416.109096,0.000729,0.925015,14360.000000,0,0
SAT_P2_S4,6928887.605227,0.000694,0.925041,14400.000000,0,0
SAT_P2_S4,6929377.519687,0.000657,0.925069,14440.000000,0,0
SAT_P2_S4,6929882.021309,0.000618,0.925097,14480.000000,0,0
SAT_P2_S4,6930397.136489,0.000578,0.925125,14520.000000,0,0
SAT_P2_S4,6930918.867840,0.000538,0.925154,14560.000000,0,0
SAT_P2_S4,6931443.221135,0.000499,0.925183,14600.000000,0,0
SAT_P2_S4,6931966.210163,0.000460,0.925212,14640.000000,0,0
SAT_P2_S4,6932483.835814,0.000424,0.925241,14680.000000,0,0
SAT_P2_S4,6932992.099581,0.000391,0.925269,14720.000000,0,0
SAT_P2_S4,6933487.096463,0.000363,0.925296,14760.000000,0,0
SAT_P2_S4,6933964.963588,0.000341,0.925323,14800.000000,0,0
SAT_P2_S4,6934421.899558,0.000325,0.925348,14840.000000,0,0
SAT_P2_S4,6934854.250444,0.000317,0.925372,14880.000000,0,0
SAT_P2_S4,6935258.545578,0.000316,0.925395,14920.000000,0,0
SAT_P2_S4,6935631.542796,0.000321,0.925416,14960.000000,0,0
SAT_P2_S4,6935970.299744,0.000332,0.925435,15000.000000,0,0
SAT_P2_S4,6936272.225908,0.000347,0.925452,15040.000000,0,0
SAT_P2_S4,6936535.086105,0.000364,0.925467,15080.000000,0,0
SAT_P2_S4,6936757.006165,0.000382,0.925480,15120.000000,0,0
SAT_P2_S4,6936936.534234,0.000401,0.925491,15160.000000,0,0
SAT_P2_S4,6937072.635862,0.000419,0.925499,15200.000000,0,0
SAT_P2_S4,6937164.573456,0.000437,0.925505,15240.000000,0,0
SAT_P2_S4,6937211.938273,0.000453,0.925508,15280.000000,0,0
SAT_P2_S4,6937214.620722,0.000467,0.925509,15320.000000,0,0
SAT_P2_S4,6937172.763537,0.000480,0.925508,15360.000000,0,0
SAT_P2_S4,6937086.710301,0.000492,0.925504,15400.000000,0,0
SAT_P2_S4,6936957.011549,0.000502,0.925497,15440.000000,0,0
SAT_P2_S4,6936784.516086,0.000510,0.925489,15480.000000,0,0
SAT_P2_S4,6936570.274680,0.000517,0.925477,15520.000000,0,0
SAT_P2_S4,6936315.590268,0.000523,0.925464,15560.000000,0,0
SAT_P2_S4,6936022.072383,0.000529,0.925449,15600.000000,0,0
SAT_P2_S4,6935691.660419,0.000534,0.925431,15640.000000,0,0
SAT_P2_S4,6935326.608212,0.000538,0.925412,15680.000000,0,0
SAT_P2_S4,6934929.474139,0.000544,0.925391,15720.000000,0,0
SAT_P2_S4,6934503.170567,0.000549,0.925368,15760.000000,0,0
SAT_P2_S4,6934050.948197,0.000556,0.925344,15800.000000,0,0
SAT_P2_S4,6933576.262023,0.000564,0.925318,15840.000000,0,0
SAT_P2_S4,6933082.791461,0.000573,0.925292,15880.000000,0,0
SAT_P2_S4,6932574.393569,0.000584,0.925265,15920.000000,0,0
SAT_P2_S4,6932055.035511,0.000596,0.925237,15960.000000,0,0
SAT_P2_S4,6931528.718024,0.000609,0.925209,16000.000000,0,0
SAT_P2_S4,6930999.450755,0.000623,0.925181,16040.000000,0,0
SAT_P2_S4,6930471.305971,0.000639,0.925153,16080.000000,0,0
SAT_P2_S4,6929948.286323,0.000654,0.925125,16120.000000,0,0
SAT_P2_S4,6929434.334364,0.000670,0.925097,16160.000000,0,0
SAT_P2_S4,6928933.346260,0.000685,0.925070,16200.000000,0,0
SAT_P2_S4,6928449.158242,0.000699,0.925045,16240.000000,0,0
SAT_P2_S4,6927985.499481,0.000712,0.925020,16280.000000,0,0
SAT_P2_S4,6927545.956215,0.000723,0.924996,16320.000000,0,0
SAT_P2_S4,6927134.002894,0.000732,0.924974,16360.000000,0,0
SAT_P2_S4,6926752.977971,0.000739,0.924954,16400.000000,0,0
SAT_P2_S4,6926405.949021,0.000743,0.924936,16440.000000,0,0
SAT_P2_S4,6926095.739899,0.000743,0.924919,16480.000000,0,0
SAT_P2_S4,6925824.897508,0.000740,0.924905,16520.000000,0,0
SAT_P2_S4,6925595.642494,0.000733,0.924892,16560.000000,0,0
SAT_P2_S4,6925409.813943,0.000722,0.924883,16600.000000,0,0
SAT_P2_S4,6925268.867522,0.000707,0.924875,16640.000000,0,0
SAT_P2_S4,6925173.952358,0.000687,0.924870,16680.000000,0,0
SAT_P2_S4,6925125.800363,0.000663,0.924867,16720.000000,0,0
SAT_P2_S4,6925124.757729,0.000635,0.924867,16760.000000,0,0
SAT_P2_S4,6925170.819064,0.000602,0.924870,16800.000000,0,0
SAT_P2_S4,6925263.634966,0.000565,0.924875,16840.000000,0,0
SAT_P2_S4,6925402.487280,0.000523,0.924883,16880.000000,0,0
SAT_P2_S4,6925586.283791,0.000478,0.924893,16920.000000,0,0
SAT_P2_S4,6925813.639078,0.000428,0.924905,16960.000000,0,0
SAT_P2_S4,6926082.795498,0.000375,0.924920,17000.000000,0,0
SAT_P2_S4,6926391.667256,0.000318,0.924937,17040.000000,0,0
SAT_P2_S4,6926737.840540,0.000258,0.924956,17080.000000,0,0
SAT_P2_S4,6927118.554918,0.000195,0.924977,17120.000000,0,0
SAT_P2_S4,6927530.724459,0.000131,0.924999,17160.000000,0,0
SAT_P2_S4,6927971.049193,0.000067,0.925023,17200.000000,0,0
SAT_P2_S4,6928435.995101,0.000035,0.925049,17240.000000,0,0
SAT_P2_S4,6928921.808349,0.000089,0.925076,17280.000000,0,0
SAT_P2_S4,6929424.612730,0.000159,0.925104,17320.000000,0,0
SAT_P2_S4,6929940.463955,0.000230,0.925132,17360.000000,0,0
SAT_P2_S4,6930465.369574,0.000302,0.925161,17400.000000,0,0
SAT_P2_S4,6930995.306062,0.000374,0.925191,17440.000000,0,0
SAT_P2_S4,6931526.288996,0.000445,0.925220,17480.000000,0,0
SAT_P2_S4,6932054.455626,0.000515,0.925250,17520.000000,0,0
SAT_P2_S4,6932575.944696,0.000583,0.925279,17560.000000,0,0
SAT_P2_S4,6933086.975565,0.000648,0.925307,17600.000000,0,0
SAT_P2_S4,6933583.856612,0.000712,0.925335,17640.000000,0,0
SAT_P2_S4,6934062.979590,0.000772,0.925362,17680.000000,0,0
SAT_P2_S4,6934520.792520,0.000829,0.925387,17720.000000,0,0
SAT_P2_S4,6934953.810183,0.000882,0.925411,17760.000000,0,0
SAT_P2_S4,6935358.713790,0.000930,0.925434,17800.000000,0,0
SAT_P2_S4,6935732.317817,0.000975,0.925454,17840.000000,0,0
SAT_P2_S4,6936071.572060,0.001014,0.925473,17880.000000,0,0
SAT_P2_S4,6936373.649072,0.001048,0.925490,17920.000000,0,0
SAT_P2_S4,6936635.991465,0.001077,0.925505,17960.000000,0,0
SAT_P2_S4,6936856.327657,0.001100,0.925517,18000.000000,0,0
SAT_P2_S4,6937032.688425,0.001118,0.925527,18040.000000,0,0
SAT_P2_S4,6937163.481872,0.001129,0.925535,18080.000000,0,0
SAT_P2_S4,6937247.585123,0.001134,0.925540,18120.000000,0,0
SAT_P2_S4,6937284.228317,0.001132,0.925542,18160.000000,0,0
SAT_P2_S4,6937273.083201,0.001125,0.925542,18200.000000,0,0
SAT_P2_S4,6937214.274980,0.001111,0.925539,18240.000000,0,0
SAT_P2_S4,6937108.372774,0.001091,0.925534,18280.000000,0,0
SAT_P2_S4,6936956.349226,0.001065,0.925527,18320.000000,0,0
SAT_P2_S4,6936759.565834,0.001033,0.925517,18360.000000,0,0
SAT_P2_S4,6936519.831368,0.000995,0.925504,18400.000000,0,0
SAT_P2_S4,6936239.313943,0.000952,0.925489,18440.000000,0,0
SAT_P2_S4,6935920.475144,0.000905,0.925473,18480.000000,0,0
SAT_P2_S4,6935566.075286,0.000852,0.925454,18520.000000,0,0
SAT_P2_S4,6935179.131378,0.000795,0.925433,18560.000000,0,0
SAT_P2_S4,6934762.841546,0.000734,0.925410,18600.000000,0,0
SAT_P2_S4,6934320.512034,0.000669,0.925386,18640.000000,0,0
SAT_P2_S4,6933855.548636,0.000602,0.925361,18680.000000,0,0
SAT_P2_S4,6933371.478100,0.000531,0.925334,18720.000000,0,0
SAT_P2_S4,6932871.785379,0.000459,0.925307,18760.000000,0,0
SAT_P2_S4,6932359.969041,0.000385,0.925279,18800.000000,0,0
SAT_P2_S4,6931839.545066,0.000309,0.925250,18840.000000,0,0
SAT_P2_S4,6931314.049295,0.000233,0.925221,18880.000000,0,0
SAT_P2_S4,6930787.024634,0.000158,0.925192,18920.000000,0,0
SAT_P2_S4,6930262.046628,0.000087,0.925164,18960.000000,0,0
SAT_P2_S4,6929742.834010,0.000052,0.925135,19000.000000,0,0
SAT_P2_S4,6929233.205091,0.000099,0.925107,19040.000000,0,0
SAT_P2_S4,6928737.049173,0.000169,0.925080,19080.000000,0,0
SAT_P2_S4,6928258.361734,0.000241,0.925055,19120.000000,0,0
SAT_P2_S4,6927801.209583,0.000313,0.925030,19160.000000,0,0
SAT_P2_S4,6927369.645189,0.000382,0.925006,19200.000000,0,0
SAT_P2_S4,6926967.605282,0.000449,0.924985,19240.000000,0,0
SAT_P2_S4,6926598.851389,0.000512,0.924965,19280.000000,0,0
SAT_P2_S4,6926266.920918,0.000571,0.924947,19320.000000,0,0
SAT_P2_S4,6925974.907431,0.000626,0.924931,19360.000000,0,0
SAT_P2_S4,6925725.437661,0.000676,0.924917,19400.000000,0,0
SAT_P2_S4,6925520.611863,0.000721,0.924905,19440.000000,0,0
SAT_P2_S4,6925361.958254,0.000760,0.924896,19480.000000,0,0
SAT_P2_S4,6925250.391644,0.000795,0.924889,19520.000000,0,0
SAT_P2_S4,6925186.233815,0.000824,0.924885,19560.000000,0,0
SAT_P2_S4,6925169.350376,0.000847,0.924883,19600.000000,0,0
SAT_P2_S4,6925199.158630,0.000865,0.924884,19640.000000,0,0
SAT_P2_S4,6925274.673280,0.000878,0.924887,19680.000000,0,0
SAT_P2_S4,6925394.641232,0.000885,0.924893,19720.000000,0,0
SAT_P2_S4,6925557.618348,0.000887,0.924901,19760.000000,0,0
SAT_P2_S4,6925762.000730,0.000884,0.924912,19800.000000,0,0
SAT_P2_S4,6926006.039943,0.000876,0.924925,19840.000000,0,0
SAT_P2_S4,6926287.893824,0.000864,0.924940,19880.000000,0,0
SAT_P2_S4,6926605.672621,0.000847,0.924957,19920.000000,0,0
SAT_P2_S4,6926957.287917,0.000827,0.924976,19960.000000,0,0
SAT_P2_S4,6927340.483334,0.000802,0.924997,20000.000000,0,0
SAT_P2_S4,6927752.800232,0.000773,0.925019,20040.000000,0,0
SAT_P2_S4,6928191.536266,0.000742,0.925043,20080.000000,0,0
SAT_P2_S4,6928653.691499,0.000707,0.925069,20120.000000,0,0
SAT_P2_S4,6929135.961603,0.000671,0.925095,20160.000000,0,0
SAT_P2_S4,6929634.832503,0.000632,0.925123,20200.000000,0,0
SAT_P2_S4,6930146.554052,0.000592,0.925151,20240.000000,0,0
SAT_P2_S4,6930667.155189,0.000551,0.925180,20280.000000,0,0
SAT_P2_S4,6931192.550444,0.000510,0.925208,20320.000000,0,0
SAT_P2_S4,6931718.607098,0.000471,0.925237,20360.000000,0,0
SAT_P2_S4,6932241.179675,0.000433,0.925266,20400.000000,0,0
SAT_P2_S4,6932756.142155,0.000399,0.925295,20440.000000,0,0
SAT_P2_S4,6933259.472494,0.000368,0.925322,20480.000000,0,0
SAT_P2_S4,6933747.347404,0.000344,0.925349,20520.000000,0,0
SAT_P2_S4,6934216.032503,0.000326,0.925375,20560.000000,0,0
SAT_P2_S4,6934661.972019,0.000316,0.925400,20600.000000,0,0
SAT_P2_S4,6935081.801688,0.000313,0.925423,20640.000000,0,0
SAT_P2_S4,6935472.338804,0.000318,0.925445,20680.000000,0,0
SAT_P2_S4,6935830.595272,0.000328,0.925465,20720.000000,0,0
SAT_P2_S4,6936153.816508,0.000343,0.925483,20760.000000,0,0
SAT_P2_S4,6936439.493080,0.000361,0.925499,20800.000000,0,0
SAT_P2_S4,6936685.357541,0.000381,0.925513,20840.000000,0,0
SAT_P2_S4,6936889.423578,0.000401,0.925524,20880.000000,0,0
SAT_P2_S4,6937050.105349,0.000421,0.925533,20920.000000,0,0
SAT_P2_S4,6937166.158549,0.000440,0.925540,20960.000000,0,0
SAT_P2_S4,6937236.698981,0.000458,0.925545,21000.000000,0,0
SAT_P2_S4,6937261.253273,0.000473,0.925546,21040.000000,0,0
SAT_P2_S4,6937239.761765,0.000487,0.925546,21080.000000,0,0
SAT_P2_S4,6937172.540156,0.000499,0.925543,21120.000000,0,0
SAT_P2_S4,6937060.241470,0.000509,0.925537,21160.000000,0,0
SAT_P2_S4,6936903.877205,0.000518,0.925529,21200.000000,0,0
SAT_P2_S4,6936704.826787,0.000524,0.925519,21240.000000,0,0
SAT_P2_S4,6936464.689019,0.000530,0.925506,21280.000000,0,0
SAT_P2_S4,6936185.329493,0.000535,0.925492,21320.000000,0,0
SAT_P2_S4,6935868.864872,0.000539,0.925475,21360.000000,0,0
SAT_P2_S4,6935517.637344,0.000543,0.925456,21400.000000,0,0
SAT_P2_S4,6935134.174866,0.000547,0.925436,21440.000000,0,0
SAT_P2_S4,6934721.194726,0.000551,0.925413,21480.000000,0,0
SAT_P2_S4,6934281.688955,0.000556,0.925390,21520.000000,0,0
SAT_P2_S4,6933818.833695,0.000563,0.925365,21560.000000,0,0
SAT_P2_S4,6933335.978701,0.000570,0.925338,21600.000000,0,0
SAT_P2_S4,6932836.672046,0.000579,0.925311,21640.000000,0,0
SAT_P2_S4,6932324.640373,0.000589,0.925284,21680.000000,0,0
SAT_P2_S4,6931803.731212,0.000601,0.925255,21720.000000,0,0
SAT_P2_S4,6931277.858094,0.000614,0.925227,21760.000000,0,0
SAT_P2_S4,6930751.007093,0.000628,0.925198,21800.000000,0,0
SAT_P2_S4,6930227.233646,0.000643,0.925170,21840.000000,0,0
SAT_P2_S4,6929710.501383,0.000657,0.925142,21880.000000,0,0
SAT_P2_S4,6929204.718116,0.000672,0.925115,21920.000000,0,0
SAT_P2_S4,6928713.707803,0.000686,0.925088,21960.000000,0,0
SAT_P2_S4,6928241.173262,0.000699,0.925063,22000.000000,0,0
SAT_P2_S4,6927790.645146,0.000711,0.925039,22040.000000,0,0
SAT_P2_S4,6927365.474239,0.000721,0.925016,22080.000000,0,0
SAT_P2_S4,6926968.905606,0.000729,0.924995,22120.000000,0,0
SAT_P2_S4,6926603.981272,0.000734,0.924975,22160.000000,0,0
SAT_P2_S4,6926273.524372,0.000736,0.924958,22200.000000,0,0
SAT_P2_S4,6925980.160865,0.000735,0.924942,22240.000000,0,0
SAT_P2_S4,6925726.300873,0.000730,0.924929,22280.000000,0,0
SAT_P2_S4,6925514.085658,0.000721,0.924918,22320.000000,0,0
SAT_P2_S4,6925345.340364,0.000708,0.924910,22360.000000,0,0
SAT_P2_S4,6925221.591025,0.000692,0.924903,22400.000000,0,0
SAT_P2_S4,6925144.074914,0.000670,0.924900,22440.000000,0,0
SAT_P2_S4,6925113.594726,0.000645,0.924898,22480.000000,0,0
SAT_P2_S4,6925130.572571,0.000614,0.924900,22520.000000,0,0
SAT_P2_S4,6925195.040647,0.000580,0.924904,22560.000000,0,0
SAT_P2_S4,6925306.625680,0.000541,0.924910,22600.000000,0,0
SAT_P2_S4,6925464.514052,0.000497,0.924919,22640.000000,0,0
SAT_P2_S4,6925667.515634,0.000449,0.924930,22680.000000,0,0
SAT_P2_S4,6925914.078575,0.000398,0.924944,22720.000000,0,0
SAT_P2_S4,6926202.284092,0.000343,0.924959,22760.000000,0,0
SAT_P2_S4,6926529.900215,0.000284,0.924977,22800.000000,0,0
SAT_P2_S4,6926894.380819,0.000222,0.924997,22840.000000,0,0
SAT_P2_S4,6927292.862576,0.000158,0.925019,22880.000000,0,0
SAT_P2_S4,6927722.217398,0.000093,0.925042,22920.000000,0,0
SAT_P2_S4,6928179.140949,0.000038,0.925067,22960.000000,0,0
SAT_P2_S4,6928660.038060,0.000063,0.925093,23000.000000,0,0
SAT_P2_S4,6929161.106951,0.000131,0.925120,23040.000000,0,0
SAT_P2_S4,6929678.371313,0.000203,0.925148,23080.000000,0,0
SAT_P2_S4,6930207.701913,0.000276,0.925176,23120.000000,0,0
SAT_P2_S4,6930744.817463,0.000349,0.925206,23160.000000,0,0
SAT_P2_S4,6931285.320145,0.000421,0.925235,23200.000000,0,0
SAT_P2_S4,6931824.820128,0.000493,0.925264,23240.000000,0,0
SAT_P2_S4,6932358.945148,0.000563,0.925294,23280.000000,0,0
SAT_P2_S4,6932883.345549,0.000631,0.925322,23320.000000,0,0
SAT_P2_S4,6933393.804196,0.000696,0.925350,23360.000000,0,0
SAT_P2_S4,6933886.294629,0.000758,0.925378,23400.000000,0,0
SAT_P2_S4,6934357.003573,0.000816,0.925404,23440.000000,0,0
SAT_P2_S4,6934802.344788,0.000871,0.925429,23480.000000,0,0
SAT_P2_S4,6935219.020579,0.000922,0.925452,23520.000000,0,0
SAT_P2_S4,6935604.108919,0.000967,0.925474,23560.000000,0,0
SAT_P2_S4,6935954.935768,0.001008,0.925493,23600.000000,0,0
SAT_P2_S4,6936269.136055,0.001044,0.925511,23640.000000,0,0
SAT_P2_S4,6936544.651041,0.001075,0.925527,23680.000000,0,0
SAT_P2_S4,6936779.705494,0.001100,0.925540,23720.000000,0,0
SAT_P2_S4,6936972.757178,0.001120,0.925551,23760.000000,0,0
SAT_P2_S4,6937122.476552,0.001133,0.925560,23800.000000,0,0
SAT_P2_S4,6937227.812610,0.001141,0.925566,23840.000000,0,0
SAT_P2_S4,6937287.948767,0.001143,0.925569,23880.000000,0,0
SAT_P2_S4,6937302.261537,0.001138,0.925570,23920.000000,0,0
SAT_P2_S4,6937270.390653,0.001128,0.925569,23960.000000,0,0
SAT_P2_S4,6937192.271715,0.001112,0.925565,24000.000000,0,0
SAT_P2_S4,6937068.144390,0.001089,0.925558,24040.000000,0,0
SAT_P2_S4,6936898.562441,0.001061,0.925549,24080.000000,0,0
SAT_P2_S4,6936684.463382,0.001027,0.925537,24120.000000,0,0
SAT_P2_S4,6936427.274380,0.000987,0.925524,24160.000000,0,0
SAT_P2_S4,6936128.792120,0.000941,0.925508,24200.000000,0,0
SAT_P2_S4,6935791.260219,0.000891,0.925490,24240.000000,0,0
SAT_P2_S4,6935417.370392,0.000835,0.925470,24280.000000,0,0
SAT_P2_S4,6935010.230310,0.000776,0.925448,24320.000000,0,0
SAT_P2_S4,6934573.289487,0.000712,0.925425,24360.000000,0,0
SAT_P2_S4,6934110.278500,0.000644,0.925401,24400.000000,0,0
SAT_P2_S4,6933625.211947,0.000574,0.925375,24440.000000,0,0
SAT_P2_S4,6933122.270558,0.000501,0.925348,24480.000000,0,0
SAT_P2_S4,6932605.677745,0.000426,0.925320,24520.000000,0,0
SAT_P2_S4,6932079.674059,0.000349,0.925292,24560.000000,0,0
SAT_P2_S4,6931548.458192,0.000273,0.925264,24600.000000,0,0
SAT_P2_S4,6931016.111622,0.000196,0.925235,24640.000000,0,0
SAT_P2_S4,6930486.536715,0.000122,0.925206,24680.000000,0,0
SAT_P2_S4,6929963.471290,0.000062,0.925178,24720.000000,0,0
SAT_P2_S4,6929450.563582,0.000071,0.925150,24760.000000,0,0
SAT_P2_S4,6928951.245116,0.000135,0.925123,24800.000000,0,0
SAT_P2_S4,6928468.822694,0.000206,0.925097,24840.000000,0,0
SAT_P2_S4,6928006.516393,0.000277,0.925071,24880.000000,0,0
SAT_P2_S4,6927567.479670,0.000346,0.925047,24920.000000,0,0
SAT_P2_S4,6927154.786643,0.000414,0.925025,24960.000000,0,0
SAT_P2_S4,6926771.436715,0.000478,0.925004,25000.000000,0,0
SAT_P2_S4,6926420.422597,0.000540,0.924985,25040.000000,0,0
SAT_P2_S4,6926104.663185,0.000597,0.924968,25080.000000,0,0
SAT_P2_S4,6925826.915226,0.000650,0.924953,25120.000000,0,0
SAT_P2_S4,6925589.769053,0.000699,0.924941,25160.000000,0,0
SAT_P2_S4,6925395.586942,0.000743,0.924930,25200.000000,0,0
SAT_P2_S4,6925246.409584,0.000783,0.924922,25240.000000,0,0
SAT_P2_S4,6925143.862340,0.000816,0.924917,25280.000000,0,0
SAT_P2_S4,6925089.123564,0.000845,0.924914,25320.000000,0,0
SAT_P2_S4,6925082.943471,0.000867,0.924913,25360.000000,0,0
SAT_P2_S4,6925125.485041,0.000884,0.924915,25400.000000,0,0
SAT_P2_S4,6925216.374337,0.000896,0.924920,25440.000000,0,0
SAT_P2_S4,6925354.720569,0.000902,0.924927,25480.000000,0,0
SAT_P2_S4,6925539.140000,0.000902,0.924936,25520.000000,0,0
SAT_P2_S4,6925767.768720,0.000897,0.924948,25560.000000,0,0
SAT_P2_S4,6926038.316119,0.000887,0.924962,25600.000000,0,0
SAT_P2_S4,6926348.211037,0.000872,0.924978,25640.000000,0,0
SAT_P2_S4,6926694.625739,0.000852,0.924996,25680.000000,0,0
SAT_P2_S4,6927074.487806,0.000829,0.925016,25720.000000,0,0
SAT_P2_S4,6927484.592270,0.000801,0.925037,25760.000000,0,0
SAT_P2_S4,6927921.649918,0.000770,0.925061,25800.000000,0,0
SAT_P2_S4,6928382.295305,0.000736,0.925085,25840.000000,0,0
SAT_P2_S4,6928863.082153,0.000700,0.925111,25880.000000,0,0
SAT_P2_S4,6929360.522407,0.000662,0.925137,25920.000000,0,0
SAT_P2_S4,6929871.150549,0.000622,0.925165,25960.000000,0,0
SAT_P2_S4,6930391.391325,0.000581,0.925193,26000.000000,0,0
SAT_P2_S4,6930917.612937,0.000540,0.925222,26040.000000,0,0
SAT_P2_S4,6931446.131227,0.000500,0.925250,26080.000000,0,0
SAT_P2_S4,6931973.204432,0.000460,0.925279,26120.000000,0,0
SAT_P2_S4,6932495.009201,0.000424,0.925307,26160.000000,0,0
SAT_P2_S4,6933007.653506,0.000390,0.925335,26200.000000,0,0
SAT_P2_S4,6933507.281653,0.000362,0.925362,26240.000000,0,0
SAT_P2_S4,6933990.068918,0.000340,0.925388,26280.000000,0,0
SAT_P2_S4,6934452.215168,0.000324,0.925413,26320.000000,0,0
SAT_P2_S4,6934890.049900,0.000317,0.925437,26360.000000,0,0
SAT_P2_S4,6935300.072617,0.000317,0.925459,26400.000000,0,0
SAT_P2_S4,6935678.986543,0.000323,0.925480,26440.000000,0,0
SAT_P2_S4,6936023.754347,0.000336,0.925499,26480.000000,0,0
SAT_P2_S4,6936331.652030,0.000352,0.925515,26520.000000,0,0
SAT_P2_S4,6936600.273664,0.000371,0.925530,26560.000000,0,0
SAT_P2_S4,6936827.530666,0.000390,0.925543,26600.000000,0,0
SAT_P2_S4,6937011.702899,0.000411,0.925553,26640.000000,0,0
SAT_P2_S4,6937151.506431,0.000430,0.925560,26680.000000,0,0
SAT_P2_S4,6937245.961529,0.000449,0.925566,26720.000000,0,0
SAT_P2_S4,6937294.457997,0.000466,0.925569,26760.000000,0,0
SAT_P2_S4,6937296.753519,0.000481,0.925569,26800.000000,0,0
SAT_P2_S4,6937252.956012,0.000495,0.925567,26840.000000,0,0
SAT_P2_S4,6937163.480968,0.000506,0.925562,26880.000000,0,0
SAT_P2_S4,6937029.040727,0.000516,0.925555,26920.000000,0,0
SAT_P2_S4,6936850.715553,0.000525,0.925546,26960.000000,0,0
SAT_P2_S4,6936629.889522,0.000532,0.925534,27000.000000,0,0
SAT_P2_S4,6936368.209548,0.000538,0.925520,27040.000000,0,0
SAT_P2_S4,6936067.626992,0.000543,0.925504,27080.000000,0,0
SAT_P2_S4,6935730.395191,0.000547,0.925485,27120.000000,0,0
SAT_P2_S4,6935359.034887,0.000552,0.925465,27160.000000,0,0
SAT_P2_S4,6934956.299514,0.000557,0.925444,27200.000000,0,0
SAT_P2_S4,6934525.198473,0.000562,0.925420,27240.000000,0,0
SAT_P2_S4,6934069.042804,0.000569,0.925396,27280.000000,0,0
SAT_P2_S4,6933591.288134,0.000576,0.925370,27320.000000,0,0
SAT_P2_S4,6933095.580946,0.000585,0.925343,27360.000000,0,0
SAT_P2_S4,6932585.734876,0.000595,0.925316,27400.000000,0,0
SAT_P2_S4,6932065.689667,0.000606,0.925287,27440.000000,0,0
SAT_P2_S4,6931539.443393,0.000618,0.925259,27480.000000,0,0
SAT_P2_S4,6931011.014134,0.000632,0.925230,27520.000000,0,0
SAT_P2_S4,6930484.480056,0.000646,0.925202,27560.000000,0,0
SAT_P2_S4,6929963.885656,0.000660,0.925173,27600.000000,0,0
SAT_P2_S4,6929453.171876,0.000674,0.925145,27640.000000,0,0
SAT_P2_S4,6928956.189015,0.000688,0.925118,27680.000000,0,0
SAT_P2_S4,6928476.670575,0.000700,0.925092,27720.000000,0,0
SAT_P2_S4,6928018.180819,0.000712,0.925067,27760.000000,0,0
SAT_P2_S4,6927584.068120,0.000722,0.925044,27800.000000,0,0
SAT_P2_S4,6927177.483361,0.000729,0.925022,27840.000000,0,0
SAT_P2_S4,6926801.429484,0.000734,0.925001,27880.000000,0,0
SAT_P2_S4,6926458.614823,0.000736,0.924983,27920.000000,0,0
SAT_P2_S4,6926151.517020,0.000736,0.924966,27960.000000,0,0
SAT_P2_S4,6925882.382340,0.000731,0.924952,28000.000000,0,0
SAT_P2_S4,6925653.211613,0.000724,0.924940,28040.000000,0,0
SAT_P2_S4,6925465.721757,0.000712,0.924930,28080.000000,0,0
SAT_P2_S4,6925321.337524,0.000696,0.924923,28120.000000,0,0
SAT_P2_S4,6925221.261085,0.000676,0.924918,28160.000000,0,0
SAT_P2_S4,6925166.405092,0.000652,0.924915,28200.000000,0,0
SAT_P2_S4,6925157.347155,0.000624,0.924916,28240.000000,0,0
SAT_P2_S4,6925194.363918,0.000591,0.924918,28280.000000,0,0
SAT_P2_S4,6925277.421964,0.000554,0.924923,28320.000000,0,0
SAT_P2_S4,6925406.141519,0.000512,0.924931,28360.000000,0,0
SAT_P2_S4,6925579.754620,0.000467,0.924941,28400.000000,0,0
SAT_P2_S4,6925797.195709,0.000417,0.924953,28440.000000,0,0
SAT_P2_S4,6926057.018198,0.000364,0.924968,28480.000000,0,0
SAT_P2_S4,6926357.433701,0.000307,0.924985,28520.000000,0,0
SAT_P2_S4,6926696.321720,0.000247,0.925004,28560.000000,0,0
SAT_P2_S4,6927071.211426,0.000184,0.925024,28600.000000,0,0
SAT_P2_S4,6927479.291644,0.000118,0.925046,28640.000000,0,0
SAT_P2_S4,6927917.504683,0.000053,0.925070,28680.000000,0,0
SAT_P2_S4,6928382.546354,0.000033,0.925096,28720.000000,0,0
SAT_P2_S4,6928870.825244,0.000099,0.925122,28760.000000,0,0
SAT_P2_S4,6929378.548608,0.000171,0.925149,28800.000000,0,0
SAT_P2_S4,6929901.755552,0.000245,0.925178,28840.000000,0,0
SAT_P2_S4,6930436.323383,0.000319,0.925206,28880.000000,0,0
SAT_P2_S4,6930977.970149,0.000393,0.925235,28920.000000,0,0
SAT_P2_S4,6931522.312760,0.000466,0.925265,28960.000000,0,0
SAT_P2_S4,6932064.978926,0.000538,0.925294,29000.000000,0,0
SAT_P2_S4,6932601.515345,0.000608,0.925323,29040.000000,0,0
SAT_P2_S4,6933127.484068,0.000676,0.925351,29080.000000,0,0
SAT_P2_S4,6933638.523424,0.000741,0.925378,29120.000000,0,0
SAT_P2_S4,6934130.393642,0.000803,0.925405,29160.000000,0,0
SAT_P2_S4,6934598.995870,0.000861,0.925430,29200.000000,0,0
SAT_P2_S4,6935040.416309,0.000915,0.925454,29240.000000,0,0
SAT_P2_S4,6935451.050382,0.000964,0.925476,29280.000000,0,0
SAT_P2_S4,6935827.624179,0.001009,0.925497,29320.000000,0,0
SAT_P2_S4,6936167.166010,0.001048,0.925516,29360.000000,0,0
SAT_P2_S4,6936467.096893,0.001082,0.925532,29400.000000,0,0
SAT_P2_S4,6936725.255514,0.001110,0.925546,29440.000000,0,0
SAT_P2_S4,6936939.884267,0.001132,0.925559,29480.000000,0,0
SAT_P2_S4,6937109.600204,0.001148,0.925568,29520.000000,0,0
SAT_P2_S4,6937233.409448,0.001158,0.925576,29560.000000,0,0
SAT_P2_S4,6937310.762309,0.001162,0.925580,29600.000000,0,0
SAT_P2_S4,6937341.402559,0.001159,0.925582,29640.000000,0,0
SAT_P2_S4,6937325.394275,0.001150,0.925582,29680.000000,0,0
SAT_P2_S4,6937263.111958,0.001136,0.925579,29720.000000,0,0
SAT_P2_S4,6937155.216938,0.001115,0.925574,29760.000000,0,0
SAT_P2_S4,6937002.610726,0.001088,0.925566,29800.000000,0,0
SAT_P2_S4,6936806.419588,0.001056,0.925556,29840.000000,0,0
SAT_P2_S4,6936568.069157,0.001018,0.925543,29880.000000,0,0
SAT_P2_S4,6936289.266710,0.000974,0.925528,29920.000000,0,0
SAT_P2_S4,6935971.942497,0.000926,0.925511,29960.000000,0,0
SAT_P2_S4,6935618.321947,0.000873,0.925492,30000.000000,0,0
SAT_P2_S4,6935230.940321,0.000815,0.925471,30040.000000,0,0
SAT_P2_S4,6934812.624049,0.000753,0.925448,30080.000000,0,0
SAT_P2_S4,6934366.459957,0.000687,0.925424,30120.000000,0,0
SAT_P2_S4,6933895.808991,0.000618,0.925398,30160.000000,0,0
SAT_P2_S4,6933404.359043,0.000546,0.925372,30200.000000,0,0
SAT_P2_S4,6932895.961741,0.000472,0.925344,30240.000000,0,0
SAT_P2_S4,6932374.643735,0.000396,0.925316,30280.000000,0,0
SAT_P2_S4,6931844.570450,0.000319,0.925287,30320.000000,0,0
SAT_P2_S4,6931309.988005,0.000242,0.925258,30360.000000,0,0
SAT_P2_S4,6930775.136290,0.000166,0.925229,30400.000000,0,0
SAT_P2_S4,6930244.187518,0.000098,0.925201,30440.000000,0,0
SAT_P2_S4,6929721.268323,0.000067,0.925173,30480.000000,0,0
SAT_P2_S4,6929210.394610,0.000109,0.925145,30520.000000,0,0
SAT_P2_S4,6928715.373196,0.000176,0.925118,30560.000000,0,0
SAT_P2_S4,6928239.834848,0.000247,0.925093,30600.000000,0,0
SAT_P2_S4,6927787.224415,0.000318,0.925068,30640.000000,0,0
SAT_P2_S4,6927360.770061,0.000387,0.925045,30680.000000,0,0
SAT_P2_S4,6926963.452382,0.000453,0.925024,30720.000000,0,0
SAT_P2_S4,6926598.031093,0.000516,0.925004,30760.000000,0,0
SAT_P2_S4,6926267.125564,0.000576,0.924986,30800.000000,0,0
SAT_P2_S4,6925973.082775,0.000631,0.924970,30840.000000,0,0
SAT_P2_S4,6925718.030549,0.000682,0.924957,30880.000000,0,0
SAT_P2_S4,6925503.884805,0.000729,0.924945,30920.000000,0,0
SAT_P2_S4,6925332.333752,0.000771,0.924936,30960.000000,0,0
SAT_P2_S4,6925204.790341,0.000808,0.924929,31000.000000,0,0
SAT_P2_S4,6925122.364407,0.000839,0.924925,31040.000000,0,0
SAT_P2_S4,6925085.908474,0.000866,0.924924,31080.000000,0,0
SAT_P2_S4,6925095.969249,0.000887,0.924924,31120.000000,0,0
SAT_P2_S4,6925152.700559,0.000902,0.924928,31160.000000,0,0
SAT_P2_S4,6925255.897723,0.000912,0.924934,31200.000000,0,0
SAT_P2_S4,6925404.986531,0.000917,0.924942,31240.000000,0,0
SAT_P2_S4,6925598.991156,0.000916,0.924953,31280.000000,0,0
SAT_P2_S4,6925836.503823,0.000910,0.924966,31320.000000,0,0
SAT_P2_S4,6926115.715774,0.000899,0.924981,31360.000000,0,0
SAT_P2_S4,6926434.509071,0.000884,0.924998,31400.000000,0,0
SAT_P2_S4,6926790.349026,0.000863,0.925017,31440.000000,0,0
SAT_P2_S4,6927180.368387,0.000838,0.925038,31480.000000,0,0
SAT_P2_S4,6927601.417943,0.000810,0.925061,31520.000000,0,0
SAT_P2_S4,6928050.103210,0.000778,0.925085,31560.000000,0,0
SAT_P2_S4,6928522.795844,0.000742,0.925110,31600.000000,0,0
SAT_P2_S4,6929015.670264,0.000705,0.925136,31640.000000,0,0
SAT_P2_S4,6929524.819210,0.000665,0.925163,31680.000000,0,0
SAT_P2_S4,6930046.270638,0.000624,0.925190,31720.000000,0,0
SAT_P2_S4,6930575.959356,0.000581,0.925218,31760.000000,0,0
SAT_P2_S4,6931109.818818,0.000539,0.925246,31800.000000,0,0
SAT_P2_S4,6931643.814868,0.000497,0.925275,31840.000000,0,0
SAT_P2_S4,6932173.947954,0.000457,0.925303,31880.000000,0,0
SAT_P2_S4,6932696.246856,0.000419,0.925330,31920.000000,0,0
SAT_P2_S4,6933206.812242,0.000385,0.925357,31960.000000,0,0
SAT_P2_S4,6933701.907966,0.000356,0.925383,32000.000000,0,0
SAT_P2_S4,6934177.850330,0.000333,0.925408,32040.000000,0,0
SAT_P2_S4,6934631.078006,0.000317,0.925432,32080.000000,0,0
SAT_P2_S4,6935058.187917,0.000309,0.925455,32120.000000,0,0
SAT_P2_S4,6935455.932856,0.000308,0.925475,32160.000000,0,0
SAT_P2_S4,6935821.246999,0.000315,0.925495,32200.000000,0,0
SAT_P2_S4,6936151.290959,0.000327,0.925512,32240.000000,0,0
SAT_P2_S4,6936443.481404,0.000343,0.925527,32280.000000,0,0
SAT_P2_S4,6936695.489954,0.000362,0.925540,32320.000000,0,0
SAT_P2_S4,6936905.266298,0.000382,0.925551,32360.000000,0,0
SAT_P2_S4,6937071.139838,0.000402,0.925560,32400.000000,0,0
SAT_P2_S4,6937191.818850,0.000422,0.925566,32440.000000,0,0
SAT_P2_S4,6937266.344076,0.000440,0.925569,32480.000000,0,0
SAT_P2_S4,6937294.160231,0.000457,0.925570,32520.000000,0,0
SAT_P2_S4,6937275.126594,0.000473,0.925569,32560.000000,0,0
SAT_P2_S4,6937209.492552,0.000486,0.925565,32600.000000,0,0
SAT_P2_S4,6937097.861750,0.000498,0.925559,32640.000000,0,0
SAT_P2_S4,6936941.203323,0.000509,0.925550,32680.000000,0,0
SAT_P2_S4,6936740.906904,0.000518,0.925539,32720.000000,0,0
SAT_P2_S4,6936498.632111,0.000526,0.925525,32760.000000,0,0
SAT_P2_S4,6936216.337806,0.000533,0.925510,32800.000000,0,0
SAT_P2_S4,6935896.271864,0.000539,0.925492,32840.000000,0,0
SAT_P2_S4,6935540.944638,0.000545,0.925473,32880.000000,0,0
SAT_P2_S4,6935153.076461,0.000552,0.925451,32920.000000,0,0
SAT_P2_S4,6934735.572059,0.000559,0.925428,32960.000000,0,0
SAT_P2_S4,6934291.578245,0.000566,0.925404,33000.000000,0,0
SAT_P2_S4,6933824.445534,0.000575,0.925378,33040.000000,0,0
SAT_P2_S4,6933337.649431,0.000585,0.925351,33080.000000,0,0
SAT_P2_S4,6932834.835348,0.000595,0.925324,33120.000000,0,0
SAT_P2_S4,6932319.807442,0.000607,0.925296,33160.000000,0,0
SAT_P2_S4,6931796.485947,0.000621,0.925267,33200.000000,0,0
SAT_P2_S4,6931268.855169,0.000635,0.925238,33240.000000,0,0
SAT_P2_S4,6930740.959450,0.000649,0.925209,33280.000000,0,0
SAT_P2_S4,6930216.942927,0.000664,0.925180,33320.000000,0,0
SAT_P2_S4,6929700.881851,0.000679,0.925152,33360.000000,0,0
SAT_P2_S4,6929196.796234,0.000693,0.925124,33400.000000,0,0
SAT_P2_S4,6928708.619972,0.000707,0.925098,33440.000000,0,0
SAT_P2_S4,6928240.154780,0.000719,0.925072,33480.000000,0,0
SAT_P2_S4,6927794.999455,0.000730,0.925047,33520.000000,0,0
SAT_P2_S4,6927376.507600,0.000738,0.925025,33560.000000,0,0
SAT_P2_S4,6926987.830943,0.000744,0.925003,33600.000000,0,0
SAT_P2_S4,6926631.873195,0.000747,0.924984,33640.000000,0,0
SAT_P2_S4,6926311.210143,0.000747,0.924966,33680.000000,0,0
SAT_P2_S4,6926028.138094,0.000744,0.924951,33720.000000,0,0
SAT_P2_S4,6925784.674491,0.000737,0.924937,33760.000000,0,0
SAT_P2_S4,6925582.533648,0.000726,0.924926,33800.000000,0,0
SAT_P2_S4,6925423.098938,0.000711,0.924918,33840.000000,0,0
SAT_P2_S4,6925307.448516,0.000692,0.924912,33880.000000,0,0
SAT_P2_S4,6925236.430218,0.000669,0.924908,33920.000000,0,0
SAT_P2_S4,6925210.528849,0.000642,0.924907,33960.000000,0,0
SAT_P2_S4,6925229.917608,0.000610,0.924908,34000.000000,0,0
SAT_P2_S4,6925294.467011,0.000574,0.924912,34040.000000,0,0
SAT_P2_S4,6925403.737797,0.000534,0.924919,34080.000000,0,0
SAT_P2_S4,6925556.942040,0.000489,0.924928,34120.000000,0,0
SAT_P2_S4,6925752.971035,0.000441,0.924939,34160.000000,0,0
SAT_P2_S4,6925990.434161,0.000389,0.924953,34200.000000,0,0
SAT_P2_S4,6926267.623446,0.000334,0.924968,34240.000000,0,0
SAT_P2_S4,6926582.567215,0.000275,0.924986,34280.000000,0,0
SAT_P2_S4,6926933.030988,0.000213,0.925006,34320.000000,0,0
SAT_P2_S4,6927316.511065,0.000148,0.925027,34360.000000,0,0
SAT_P2_S4,6927730.277675,0.000081,0.925051,34400.000000,0,0
SAT_P2_S4,6928171.477628,0.000014,0.925075,34440.000000,0,0
SAT_P2_S4,6928637.029025,0.000059,0.925101,34480.000000,0,0
SAT_P2_S4,6929123.674876,0.000131,0.925128,34520.000000,0,0
SAT_P2_S4,6929628.010864,0.000205,0.925156,34560.000000,0,0
SAT_P2_S4,6930146.487337,0.000279,0.925184,34600.000000,0,0
SAT_P2_S4,6930675.380589,0.000352,0.925213,34640.000000,0,0
SAT_P2_S4,6931210.784892,0.000426,0.925241,34680.000000,0,0
SAT_P2_S4,6931748.684727,0.000499,0.925270,34720.000000,0,0
SAT_P2_S4,6932284.962379,0.000571,0.925299,34760.000000,0,0
SAT_P2_S4,6932815.339475,0.000640,0.925327,34800.000000,0,0
SAT_P2_S4,6933335.472888,0.000708,0.925355,34840.000000,0,0
SAT_P2_S4,6933841.006296,0.000773,0.925382,34880.000000,0,0
SAT_P2_S4,6934327.605115,0.000834,0.925407,34920.000000,0,0
SAT_P2_S4,6934790.989599,0.000892,0.925432,34960.000000,0,0
SAT_P2_S4,6935227.024398,0.000946,0.925455,35000.000000,0,0
SAT_P2_S4,6935631.874432,0.000995,0.925476,35040.000000,0,0
SAT_P2_S4,6936001.943064,0.001039,0.925495,35080.000000,0,0
SAT_P2_S4,6936333.974196,0.001077,0.925513,35120.000000,0,0
SAT_P2_S4,6936625.121462,0.001110,0.925528,35160.000000,0,0
SAT_P2_S4,6936872.980701,0.001137,0.925541,35200.000000,0,0
SAT_P2_S4,6937075.579819,0.001158,0.925552,35240.000000,0,0
SAT_P2_S4,6937231.376229,0.001172,0.925561,35280.000000,0,0
SAT_P2_S4,6937339.317406,0.001180,0.925567,35320.000000,0,0
SAT_P2_S4,6937398.819832,0.001182,0.925570,35360.000000,0,0
SAT_P2_S4,6937409.669261,0.001177,0.925571,35400.000000,0,0
SAT_P2_S4,6937372.058014,0.001166,0.925569,35440.000000,0,0
SAT_P2_S4,6937286.567405,0.001148,0.925565,35480.000000,0,0
SAT_P2_S4,6937154.125960,0.001124,0.925558,35520.000000,0,0
SAT_P2_S4,6936975.961238,0.001094,0.925549,35560.000000,0,0
SAT_P2_S4,6936753.605748,0.001059,0.925537,35600.000000,0,0
SAT_P2_S4,6936488.969894,0.001017,0.925524,35640.000000,0,0
SAT_P2_S4,6936184.208824,0.000971,0.925508,35680.000000,0,0
SAT_P2_S4,6935841.755862,0.000919,0.925489,35720.000000,0,0
SAT_P2_S4,6935464.333788,0.000862,0.925469,35760.000000,0,0
SAT_P2_S4,6935054.940111,0.000802,0.925448,35800.000000,0,0
SAT_P2_S4,6934616.798422,0.000737,0.925424,35840.000000,0,0
SAT_P2_S4,6934153.325381,0.000669,0.925399,35880.000000,0,0
SAT_P2_S4,6933668.170082,0.000598,0.925373,35920.000000,0,0
SAT_P2_S4,6933165.176125,0.000524,0.925346,35960.000000,0,0
SAT_P2_S4,6932648.261225,0.000448,0.925318,36000.000000,0,0
SAT_P3_S1,6928137.000000,0.000000,0.925025,0.000000,0,0
SAT_P3_S1,6927694.417462,0.000070,0.925000,40.000000,0,0
SAT_P3_S1,6927280.267622,0.000139,0.924977,80.000000,0,0
SAT_P3_S1,6926897.360105,0.000205,0.924956,120.000000,0,0
SAT_P3_S1,6926548.148175,0.000268,0.924936,160.000000,0,0
SAT_P3_S1,6926234.774349,0.000328,0.924918,200.000000,0,0
SAT_P3_S1,6925959.112602,0.000385,0.924903,240.000000,0,0
SAT_P3_S1,6925722.793045,0.000439,0.924889,280.000000,0,0
SAT_P3_S1,6925527.239769,0.000489,0.924878,320.000000,0,0
SAT_P3_S1,6925373.699353,0.000535,0.924870,360.000000,0,0
SAT_P3_S1,6925263.254028,0.000577,0.924863,400.000000,0,0
SAT_P3_S1,6925196.782767,0.000616,0.924860,440.000000,0,0
SAT_P3_S1,6925174.922794,0.000650,0.924859,480.000000,0,0
SAT_P3_S1,6925198.088566,0.000680,0.924860,520.000000,0,0
SAT_P3_S1,6925266.456083,0.000706,0.924864,560.000000,0,0
SAT_P3_S1,6925379.822915,0.000728,0.924870,600.000000,0,0
SAT_P3_S1,6925537.642283,0.000746,0.924879,640.000000,0,0
SAT_P3_S1,6925739.004857,0.000759,0.924890,680.000000,0,0
SAT_P3_S1,6925982.612441,0.000769,0.924904,720.000000,0,0
SAT_P3_S1,6926266.747370,0.000775,0.924919,760.000000,0,0
SAT_P3_S1,6926589.296352,0.000778,0.924937,800.000000,0,0
SAT_P3_S1,6926947.861463,0.000777,0.924957,840.000000,0,0
SAT_P3_S1,6927339.690117,0.000773,0.924978,880.000000,0,0
SAT_P3_S1,6927761.725285,0.000767,0.925001,920.000000,0,0
SAT_P3_S1,6928210.677156,0.000759,0.925025,960.000000,0,0
SAT_P3_S1,6928683.063009,0.000748,0.925051,1000.000000,0,0
SAT_P3_S1,6929175.214655,0.000736,0.925078,1040.000000,0,0
SAT_P3_S1,6929683.296157,0.000723,0.925105,1080.000000,0,0
SAT_P3_S1,6930203.389196,0.000709,0.925134,1120.000000,0,0
SAT_P3_S1,6930731.545607,0.000694,0.925163,1160.000000,0,0
SAT_P3_S1,6931263.704010,0.000679,0.925192,1200.000000,0,0
SAT_P3_S1,6931795.786487,0.000665,0.925221,1240.000000,0,0
SAT_P3_S1,6932323.728383,0.000651,0.925250,1280.000000,0,0
SAT_P3_S1,6932843.489931,0.000637,0.925278,1320.000000,0,0
SAT_P3_S1,6933351.053607,0.000623,0.925306,1360.000000,0,0
SAT_P3_S1,6933842.465672,0.000611,0.925334,1400.000000,0,0
SAT_P3_S1,6934313.952921,0.000598,0.925360,1440.000000,0,0
SAT_P3_S1,6934761.855611,0.000587,0.925384,1480.000000,0,0
SAT_P3_S1,6935182.675118,0.000575,0.925408,1520.000000,0,0
SAT_P3_S1,6935573.136388,0.000564,0.925430,1560.000000,0,0
SAT_P3_S1,6935930.204851,0.000552,0.925450,1600.000000,0,0
SAT_P3_S1,6936251.106910,0.000540,0.925468,1640.000000,0,0
SAT_P3_S1,6936533.377610,0.000528,0.925484,1680.000000,0,0
SAT_P3_S1,6936774.874729,0.000514,0.925497,1720.000000,0,0
SAT_P3_S1,6936973.763709,0.000499,0.925509,1760.000000,0,0
SAT_P3_S1,6937128.530277,0.000483,0.925518,1800.000000,0,0
SAT_P3_S1,6937238.067420,0.000465,0.925524,1840.000000,0,0
SAT_P3_S1,6937301.618368,0.000446,0.925528,1880.000000,0,0
SAT_P3_S1,6937318.744995,0.000425,0.925530,1920.000000,0,0
SAT_P3_S1,6937289.369125,0.000403,0.925529,1960.000000,0,0
SAT_P3_S1,6937213.769661,0.000380,0.925525,2000.000000,0,0
SAT_P3_S1,6937092.547809,0.000356,0.925518,2040.000000,0,0
SAT_P3_S1,6936926.594774,0.000333,0.925510,2080.000000,0,0
SAT_P3_S1,6936717.121845,0.000310,0.925498,2120.000000,0,0
SAT_P3_S1,6936465.715285,0.000291,0.925485,2160.000000,0,0
SAT_P3_S1,6936174.196531,0.000276,0.925469,2200.000000,0,0
SAT_P3_S1,6935844.691600,0.000267,0.925451,2240.000000,0,0
SAT_P3_S1,6935479.633920,0.000267,0.925431,2280.000000,0,0
SAT_P3_S1,6935081.751860,0.000276,0.925410,2320.000000,0,0
SAT_P3_S1,6934654.029694,0.000294,0.925386,2360.000000,0,0
SAT_P3_S1,6934199.696684,0.000321,0.925362,2400.000000,0,0
SAT_P3_S1,6933722.289970,0.000354,0.925336,2440.000000,0,0
SAT_P3_S1,6933225.569506,0.000393,0.925309,2480.000000,0,0
SAT_P3_S1,6932713.454492,0.000435,0.925281,2520.000000,0,0
SAT_P3_S1,6932190.028761,0.000479,0.925253,2560.000000,0,0
SAT_P3_S1,6931659.496828,0.000526,0.925224,2600.000000,0,0
SAT_P3_S1,6931126.106243,0.000572,0.925195,2640.000000,0,0
SAT_P3_S1,6930594.071171,0.000618,0.925166,2680.000000,0,0
SAT_P3_S1,6930067.557571,0.000663,0.925138,2720.000000,0,0
SAT_P3_S1,6929550.695766,0.000707,0.925110,2760.000000,0,0
SAT_P3_S1,6929047.411026,0.000749,0.925082,2800.000000,0,0
SAT_P3_S1,6928561.464537,0.000787,0.925056,2840.000000,0,0
SAT_P3_S1,6928096.440416,0.000823,0.925030,2880.000000,0,0
SAT_P3_S1,6927655.727969,0.000856,0.925006,2920.000000,0,0
SAT_P3_S1,6927242.486817,0.000885,0.924983,2960.000000,0,0
SAT_P3_S1,6926859.648710,0.000909,0.924962,3000.000000,0,0
SAT_P3_S1,6926510.002610,0.000929,0.924943,3040.000000,0,0
SAT_P3_S1,6926196.134296,0.000945,0.924926,3080.000000,0,0
SAT_P3_S1,6925920.389447,0.000955,0.924911,3120.000000,0,0
SAT_P3_S1,6925684.908138,0.000961,0.924898,3160.000000,0,0
SAT_P3_S1,6925491.606260,0.000961,0.924888,3200.000000,0,0
SAT_P3_S1,6925342.120924,0.000956,0.924880,3240.000000,0,0
SAT_P3_S1,6925237.754079,0.000945,0.924874,3280.000000,0,0
SAT_P3_S1,6925179.473476,0.000929,0.924871,3320.000000,0,0
SAT_P3_S1,6925167.937381,0.000907,0.924871,3360.000000,0,0
SAT_P3_S1,6925203.341462,0.000879,0.924873,3400.000000,0,0
SAT_P3_S1,6925285.472276,0.000846,0.924877,3440.000000,0,0
SAT_P3_S1,6925413.711378,0.000808,0.924884,3480.000000,0,0
SAT_P3_S1,6925587.038744,0.000764,0.924893,3520.000000,0,0
SAT_P3_S1,6925804.023591,0.000716,0.924905,3560.000000,0,0
SAT_P3_S1,6926062.856823,0.000663,0.924919,3600.000000,0,0
SAT_P3_S1,6926361.472842,0.000605,0.924935,3640.000000,0,0
SAT_P3_S1,6926697.528037,0.000544,0.924953,3680.000000,0,0
SAT_P3_S1,6927068.404795,0.000479,0.924973,3720.000000,0,0
SAT_P3_S1,6927471.289299,0.000411,0.924995,3760.000000,0,0
SAT_P3_S1,6927903.194419,0.000341,0.925019,3800.000000,0,0
SAT_P3_S1,6928360.944023,0.000271,0.925043,3840.000000,0,0
SAT_P3_S1,6928841.153186,0.000202,0.925069,3880.000000,0,0
SAT_P3_S1,6929340.263118,0.000143,0.925096,3920.000000,0,0
SAT_P3_S1,6929854.596320,0.000113,0.925124,3960.000000,0,0
SAT_P3_S1,6930380.231956,0.000136,0.925152,4000.000000,0,0
SAT_P3_S1,6930913.087270,0.000194,0.925181,4040.000000,0,0
SAT_P3_S1,6931448.950225,0.000266,0.925210,4080.000000,0,0
SAT_P3_S1,6931983.512314,0.000342,0.925239,4120.000000,0,0
SAT_P3_S1,6932512.389802,0.000419,0.925267,4160.000000,0,0
SAT_P3_S1,6933031.188827,0.000496,0.925295,4200.000000,0,0
SAT_P3_S1,6933535.663227,0.000571,0.925322,4240.000000,0,0
SAT_P3_S1,6934021.724830,0.000643,0.925349,4280.000000,0,0
SAT_P3_S1,6934485.477018,0.000713,0.925374,4320.000000,0,0
SAT_P3_S1,6934923.320015,0.000779,0.925398,4360.000000,0,0
SAT_P3_S1,6935331.992245,0.000842,0.925420,4400.000000,0,0
SAT_P3_S1,6935708.563363,0.000900,0.925441,4440.000000,0,0
SAT_P3_S1,6936050.413432,0.000953,0.925460,4480.000000,0,0
SAT_P3_S1,6936355.255451,0.001001,0.925477,4520.000000,0,0
SAT_P3_S1,6936621.164830,0.001045,0.925492,4560.000000,0,0
SAT_P3_S1,6936846.422092,0.001082,0.925505,4600.000000,0,0
SAT_P3_S1,6937029.551112,0.001115,0.925515,4640.000000,0,0
SAT_P3_S1,6937169.304276,0.001141,0.925523,4680.000000,0,0
SAT_P3_S1,6937264.646123,0.001161,0.925529,4720.000000,0,0
SAT_P3_S1,6937314.726255,0.001176,0.925532,4760.000000,0,0
SAT_P3_S1,6937318.899938,0.001184,0.925533,4800.000000,0,0
SAT_P3_S1,6937276.849031,0.001186,0.925531,4840.000000,0,0
SAT_P3_S1,6937188.562363,0.001182,0.925527,4880.000000,0,0
SAT_P3_S1,6937054.346750,0.001171,0.925520,4920.000000,0,0
SAT_P3_S1,6936874.918400,0.001154,0.925511,4960.000000,0,0
SAT_P3_S1,6936651.435584,0.001132,0.925500,5000.000000,0,0
SAT_P3_S1,6936385.485019,0.001103,0.925487,5040.000000,0,0
SAT_P3_S1,6936079.054626,0.001069,0.925471,5080.000000,0,0
SAT_P3_S1,6935734.548237,0.001029,0.925453,5120.000000,0,0
SAT_P3_S1,6935354.802318,0.000984,0.925434,5160.000000,0,0
SAT_P3_S1,6934942.903826,0.000934,0.925413,5200.000000,0,0
SAT_P3_S1,6934502.200549,0.000880,0.925390,5240.000000,0,0
SAT_P3_S1,6934036.246823,0.000821,0.925365,5280.000000,0,0
SAT_P3_S1,6933548.741493,0.000759,0.925340,5320.000000,0,0
SAT_P3_S1,6933043.450856,0.000694,0.925314,5360.000000,0,0
SAT_P3_S1,6932524.175939,0.000626,0.925286,5400.000000,0,0
SAT_P3_S1,6931994.817404,0.000556,0.925258,5440.000000,0,0
SAT_P3_S1,6931459.308457,0.000484,0.925230,5480.000000,0,0
SAT_P3_S1,6930921.583633,0.000410,0.925201,5520.000000,0,0
SAT_P3_S1,6930385.632508,0.000335,0.925173,5560.000000,0,0
SAT_P3_S1,6929855.505724,0.000260,0.925145,5600.000000,0,0
SAT_P3_S1,6929335.282815,0.000185,0.925117,5640.000000,0,0
SAT_P3_S1,6928829.032694,0.000110,0.925090,5680.000000,0,0
SAT_P3_S1,6928340.821547,0.000036,0.925064,5720.000000,0,0
SAT_P3_S1,6927874.726934,0.000038,0.925039,5760.000000,0,0
SAT_P3_S1,6927434.649334,0.000109,0.925015,5800.000000,0,0
SAT_P3_S1,6927024.318109,0.000178,0.924993,5840.000000,0,0
SAT_P3_S1,6926647.226884,0.000245,0.924973,5880.000000,0,0
SAT_P3_S1,6926306.558564,0.000308,0.924955,5920.000000,0,0
SAT_P3_S1,6926005.085420,0.000368,0.924938,5960.000000,0,0
SAT_P3_S1,6925745.160987,0.000425,0.924924,6000.000000,0,0
SAT_P3_S1,6925528.703634,0.000477,0.924912,6040.000000,0,0
SAT_P3_S1,6925357.138095,0.000526,0.924902,6080.000000,0,0
SAT_P3_S1,6925231.434630,0.000571,0.924895,6120.000000,0,0
SAT_P3_S1,6925152.120006,0.000611,0.924890,6160.000000,0,0
SAT_P3_S1,6925119.277562,0.000646,0.924888,6200.000000,0,0
SAT_P3_S1,6925132.591680,0.000678,0.924888,6240.000000,0,0
SAT_P3_S1,6925191.480318,0.000705,0.924891,6280.000000,0,0
SAT_P3_S1,6925295.067788,0.000728,0.924896,6320.000000,0,0
SAT_P3_S1,6925442.206325,0.000747,0.924903,6360.000000,0,0
SAT_P3_S1,6925631.555742,0.000762,0.924914,6400.000000,0,0
SAT_P3_S1,6925861.610849,0.000773,0.924926,6440.000000,0,0
SAT_P3_S1,6926130.689248,0.000780,0.924941,6480.000000,0,0
SAT_P3_S1,6926436.914967,0.000785,0.924958,6520.000000,0,0
SAT_P3_S1,6926778.254337,0.000785,0.924976,6560.000000,0,0
SAT_P3_S1,6927152.554129,0.000783,0.924997,6600.000000,0,0
SAT_P3_S1,6927557.400043,0.000778,0.925019,6640.000000,0,0
SAT_P3_S1,6927990.170329,0.000771,0.925043,6680.000000,0,0
SAT_P3_S1,6928448.024225,0.000762,0.925069,6720.000000,0,0
SAT_P3_S1,6928927.881407,0.000750,0.925095,6760.000000,0,0
SAT_P3_S1,6929426.386404,0.000738,0.925122,6800.000000,0,0
SAT_P3_S1,6929939.916867,0.000724,0.925150,6840.000000,0,0
SAT_P3_S1,6930464.683567,0.000709,0.925179,6880.000000,0,0
SAT_P3_S1,6930996.688789,0.000694,0.925208,6920.000000,0,0
SAT_P3_S1,6931531.746356,0.000679,0.925237,6960.000000,0,0
SAT_P3_S1,6932065.575108,0.000664,0.925266,7000.000000,0,0
SAT_P3_S1,6932593.859956,0.000649,0.925295,7040.000000,0,0
SAT_P3_S1,6933112.285494,0.000635,0.925323,7080.000000,0,0
SAT_P3_S1,6933616.576042,0.000621,0.925350,7120.000000,0,0
SAT_P3_S1,6934102.598667,0.000608,0.925376,7160.000000,0,0
SAT_P3_S1,6934566.472104,0.000595,0.925402,7200.000000,0,0
SAT_P3_S1,6935004.476229,0.000583,0.925425,7240.000000,0,0
SAT_P3_S1,6935413.167488,0.000571,0.925447,7280.000000,0,0
SAT_P3_S1,6935789.396690,0.000558,0.925468,7320.000000,0,0
SAT_P3_S1,6936130.308943,0.000546,0.925486,7360.000000,0,0
SAT_P3_S1,6936433.347270,0.000533,0.925503,7400.000000,0,0
SAT_P3_S1,6936696.274011,0.000519,0.925517,7440.000000,0,0
SAT_P3_S1,6936917.154091,0.000504,0.925529,7480.000000,0,0
SAT_P3_S1,6937094.322692,0.000488,0.925539,7520.000000,0,0
SAT_P3_S1,6937226.397689,0.000471,0.925546,7560.000000,0,0
SAT_P3_S1,6937312.371075,0.000452,0.925551,7600.000000,0,0
SAT_P3_S1,6937351.524249,0.000432,0.925553,7640.000000,0,0
SAT_P3_S1,6937343.456053,0.000410,0.925553,7680.000000,0,0
SAT_P3_S1,6937288.135460,0.000387,0.925550,7720.000000,0,0
SAT_P3_S1,6937185.922956,0.000364,0.925545,7760.000000,0,0
SAT_P3_S1,6937037.556685,0.000340,0.925537,7800.000000,0,0
SAT_P3_S1,6936844.144849,0.000318,0.925527,7840.000000,0,0
SAT_P3_S1,6936607.220181,0.000297,0.925515,7880.000000,0,0
SAT_P3_S1,6936328.755218,0.000280,0.925500,7920.000000,0,0
SAT_P3_S1,6936011.025830,0.000270,0.925483,7960.000000,0,0
SAT_P3_S1,6935656.650882,0.000267,0.925465,8000.000000,0,0
SAT_P3_S1,6935268.553651,0.000273,0.925444,8040.000000,0,0
SAT_P3_S1,6934849.901318,0.000289,0.925422,8080.000000,0,0
SAT_P3_S1,6934404.027897,0.000313,0.925398,8120.000000,0,0
SAT_P3_S1,6933934.401484,0.000345,0.925373,8160.000000,0,0
SAT_P3_S1,6933444.670878,0.000382,0.925346,8200.000000,0,0
SAT_P3_S1,6932938.542126,0.000423,0.925319,8240.000000,0,0
SAT_P3_S1,6932419.770485,0.000467,0.925291,8280.000000,0,0
SAT_P3_S1,6931892.181928,0.000513,0.925262,8320.000000,0,0
SAT_P3_S1,6931359.669834,0.000559,0.925234,8360.000000,0,0
SAT_P3_S1,6930826.161917,0.000606,0.925205,8400.000000,0,0
SAT_P3_S1,6930295.597670,0.000651,0.925176,8440.000000,0,0
SAT_P3_S1,6929771.971914,0.000696,0.925148,8480.000000,0,0
SAT_P3_S1,6929259.342228,0.000739,0.925120,8520.000000,0,0
SAT_P3_S1,6928761.684069,0.000779,0.925093,8560.000000,0,0
SAT_P3_S1,6928282.923868,0.000816,0.925067,8600.000000,0,0
SAT_P3_S1,6927826.891808,0.000851,0.925042,8640.000000,0,0
SAT_P3_S1,6927397.252541,0.000881,0.925019,8680.000000,0,0
SAT_P3_S1,6926997.419252,0.000908,0.924997,8720.000000,0,0
SAT_P3_S1,6926630.511674,0.000930,0.924977,8760.000000,0,0
SAT_P3_S1,6926299.393480,0.000947,0.924959,8800.000000,0,0
SAT_P3_S1,6926006.546685,0.000959,0.924943,8840.000000,0,0
SAT_P3_S1,6925754.064294,0.000967,0.924929,8880.000000,0,0
SAT_P3_S1,6925543.678402,0.000969,0.924918,8920.000000,0,0
SAT_P3_S1,6925376.771928,0.000965,0.924909,8960.000000,0,0
SAT_P3_S1,6925254.368232,0.000956,0.924902,9000.000000,0,0
SAT_P3_S1,6925177.138309,0.000942,0.924897,9040.000000,0,0
SAT_P3_S1,6925145.481716,0.000922,0.924896,9080.000000,0,0
SAT_P3_S1,6925159.577157,0.000897,0.924896,9120.000000,0,0
SAT_P3_S1,6925219.280461,0.000866,0.924900,9160.000000,0,0
SAT_P3_S1,6925324.205188,0.000830,0.924905,9200.000000,0,0
SAT_P3_S1,6925473.719625,0.000789,0.924914,9240.000000,0,0
SAT_P3_S1,6925666.918159,0.000742,0.924924,9280.000000,0,0
SAT_P3_S1,6925902.571661,0.000692,0.924937,9320.000000,0,0
SAT_P3_S1,6926179.116339,0.000636,0.924952,9360.000000,0,0
SAT_P3_S1,6926494.714682,0.000577,0.924969,9400.000000,0,0
SAT_P3_S1,6926847.150689,0.000513,0.924988,9440.000000,0,0
SAT_P3_S1,6927233.839217,0.000447,0.925009,9480.000000,0,0
SAT_P3_S1,6927651.868737,0.000378,0.925032,9520.000000,0,0
SAT_P3_S1,6928098.029114,0.000307,0.925056,9560.000000,0,0
SAT_P3_S1,6928568.819393,0.000237,0.925081,9600.000000,0,0
SAT_P3_S1,6929060.477063,0.000172,0.925107,9640.000000,0,0
SAT_P3_S1,6929569.087411,0.000125,0.925135,9680.000000,0,0
SAT_P3_S1,6930090.668189,0.000122,0.925162,9720.000000,0,0
SAT_P3_S1,6930621.103342,0.000167,0.925191,9760.000000,0,0
SAT_P3_S1,6931156.266510,0.000233,0.925220,9800.000000,0,0
SAT_P3_S1,6931692.061705,0.000308,0.925248,9840.000000,0,0
SAT_P3_S1,6932224.436617,0.000384,0.925277,9880.000000,0,0
SAT_P3_S1,6932749.372049,0.000461,0.925305,9920.000000,0,0
SAT_P3_S1,6933262.906250,0.000537,0.925333,9960.000000,0,0
SAT_P3_S1,6933761.225566,0.000612,0.925359,10000.000000,0,0
SAT_P3_S1,6934240.578542,0.000683,0.925385,10040.000000,0,0
SAT_P3_S1,6934697.298974,0.000752,0.925410,10080.000000,0,0
SAT_P3_S1,6935127.855180,0.000818,0.925433,10120.000000,0,0
SAT_P3_S1,6935528.877783,0.000879,0.925454,10160.000000,0,0
SAT_P3_S1,6935897.162778,0.000936,0.925474,10200.000000,0,0
SAT_P3_S1,6936229.693184,0.000988,0.925492,10240.000000,0,0
SAT_P3_S1,6936523.739409,0.001035,0.925508,10280.000000,0,0
SAT_P3_S1,6936776.934009,0.001077,0.925521,10320.000000,0,0
SAT_P3_S1,6936987.194766,0.001112,0.925533,10360.000000,0,0
SAT_P3_S1,6937152.837354,0.001142,0.925542,10400.000000,0,0
SAT_P3_S1,6937272.604228,0.001166,0.925548,10440.000000,0,0
SAT_P3_S1,6937345.662586,0.001183,0.925553,10480.000000,0,0
SAT_P3_S1,6937371.574274,0.001194,0.925555,10520.000000,0,0
SAT_P3_S1,6937350.295884,0.001199,0.925554,10560.000000,0,0
SAT_P3_S1,6937282.238931,0.001198,0.925551,10600.000000,0,0
SAT_P3_S1,6937168.144653,0.001190,0.925545,10640.000000,0,0
SAT_P3_S1,6937009.062463,0.001176,0.925537,10680.000000,0,0
SAT_P3_S1,6936806.348485,0.001156,0.925527,10720.000000,0,0
SAT_P3_S1,6936561.638828,0.001130,0.925514,10760.000000,0,0
SAT_P3_S1,6936276.797125,0.001098,0.925499,10800.000000,0,0
SAT_P3_S1,6935953.881533,0.001061,0.925482,10840.000000,0,0
SAT_P3_S1,6935595.193566,0.001019,0.925463,10880.000000,0,0
SAT_P3_S1,6935203.307829,0.000972,0.925442,10920.000000,0,0
SAT_P3_S1,6934780.958605,0.000920,0.925419,10960.000000,0,0
SAT_P3_S1,6934331.122215,0.000864,0.925396,11000.000000,0,0
SAT_P3_S1,6933857.024655,0.000804,0.925370,11040.000000,0,0
SAT_P3_S1,6933362.124556,0.000741,0.925344,11080.000000,0,0
SAT_P3_S1,6932850.072284,0.000674,0.925317,11120.000000,0,0
SAT_P3_S1,6932324.701925,0.000605,0.925289,11160.000000,0,0
SAT_P3_S1,6931790.084953,0.000533,0.925261,11200.000000,0,0
SAT_P3_S1,6931250.393032,0.000459,0.925232,11240.000000,0,0
SAT_P3_S1,6930709.862611,0.000385,0.925204,11280.000000,0,0
SAT_P3_S1,6930172.774654,0.000309,0.925176,11320.000000,0,0
SAT_P3_S1,6929643.403733,0.000233,0.925148,11360.000000,0,0
SAT_P3_S1,6929125.939037,0.000157,0.925121,11400.000000,0,0
SAT_P3_S1,6928624.422477,0.000082,0.925094,11440.000000,0,0
SAT_P3_S1,6928142.765928,0.000013,0.925069,11480.000000,0,0
SAT_P3_S1,6927684.751893,0.000067,0.925045,11520.000000,0,0
SAT_P3_S1,6927253.900521,0.000137,0.925022,11560.000000,0,0
SAT_P3_S1,6926853.530811,0.000206,0.925001,11600.000000,0,0
SAT_P3_S1,6926486.756188,0.000272,0.924982,11640.000000,0,0
SAT_P3_S1,6926156.462442,0.000335,0.924965,11680.000000,0,0
SAT_P3_S1,6925865.252926,0.000394,0.924950,11720.000000,0,0
SAT_P3_S1,6925615.516974,0.000450,0.924936,11760.000000,0,0
SAT_P3_S1,6925409.358865,0.000503,0.924926,11800.000000,0,0
SAT_P3_S1,6925248.571515,0.000551,0.924917,11840.000000,0,0
SAT_P3_S1,6925134.623726,0.000595,0.924911,11880.000000,0,0
SAT_P3_S1,6925068.598138,0.000634,0.924908,11920.000000,0,0
SAT_P3_S1,6925051.127544,0.000670,0.924907,11960.000000,0,0
SAT_P3_S1,6925082.390842,0.000700,0.924908,12000.000000,0,0
SAT_P3_S1,6925162.157854,0.000726,0.924912,12040.000000,0,0
SAT_P3_S1,6925289.649090,0.000747,0.924918,12080.000000,0,0
SAT_P3_S1,6925463.602068,0.000764,0.924927,12120.000000,0,0
SAT_P3_S1,6925682.305342,0.000777,0.924938,12160.000000,0,0
SAT_P3_S1,6925943.633689,0.000786,0.924952,12200.000000,0,0
SAT_P3_S1,6926245.069857,0.000791,0.924968,12240.000000,0,0
SAT_P3_S1,6926583.764187,0.000792,0.924985,12280.000000,0,0
SAT_P3_S1,6926956.683981,0.000790,0.925005,12320.000000,0,0
SAT_P3_S1,6927360.641818,0.000786,0.925027,12360.000000,0,0
SAT_P3_S1,6927792.301898,0.000779,0.925050,12400.000000,0,0
SAT_P3_S1,6928248.285871,0.000769,0.925074,12440.000000,0,0
SAT_P3_S1,6928725.209340,0.000758,0.925100,12480.000000,0,0
SAT_P3_S1,6929219.674128,0.000746,0.925127,12520.000000,0,0
SAT_P3_S1,6929728.244387,0.000732,0.925155,12560.000000,0,0
SAT_P3_S1,6930247.463706,0.000718,0.925184,12600.000000,0,0
SAT_P3_S1,6930773.899199,0.000703,0.925213,12640.000000,0,0
SAT_P3_S1,6931303.994833,0.000687,0.925242,12680.000000,0,0
SAT_P3_S1,6931834.110427,0.000672,0.925271,12720.000000,0,0
SAT_P3_S1,6932360.522623,0.000657,0.925301,12760.000000,0,0
SAT_P3_S1,6932879.424448,0.000643,0.925329,12800.000000,0,0
SAT_P3_S1,6933386.912874,0.000629,0.925357,12840.000000,0,0
SAT_P3_S1,6933879.019508,0.000616,0.925384,12880.000000,0,0
SAT_P3_S1,6934351.841266,0.000603,0.925410,12920.000000,0,0
SAT_P3_S1,6934801.562452,0.000590,0.925435,12960.000000,0,0
SAT_P3_S1,6935224.466035,0.000578,0.925458,13000.000000,0,0
SAT_P3_S1,6935617.061020,0.000566,0.925480,13040.000000,0,0
SAT_P3_S1,6935976.127865,0.000554,0.925500,13080.000000,0,0
SAT_P3_S1,6936298.759082,0.000541,0.925518,13120.000000,0,0
SAT_P3_S1,6936582.395560,0.000528,0.925533,13160.000000,0,0
SAT_P3_S1,6936824.865482,0.000514,0.925547,13200.000000,0,0
SAT_P3_S1,6937024.367881,0.000498,0.925558,13240.000000,0,0
SAT_P3_S1,6937179.438613,0.000481,0.925567,13280.000000,0,0
SAT_P3_S1,6937288.958492,0.000463,0.925573,13320.000000,0,0
SAT_P3_S1,6937352.210095,0.000444,0.925577,13360.000000,0,0
SAT_P3_S1,6937368.741648,0.000422,0.925578,13400.000000,0,0
SAT_P3_S1,6937338.400824,0.000400,0.925577,13440.000000,0,0
SAT_P3_S1,6937261.348321,0.000377,0.925573,13480.000000,0,0
SAT_P3_S1,6937138.060403,0.000353,0.925567,13520.000000,0,0
SAT_P3_S1,6936969.308707,0.000330,0.925559,13560.000000,0,0
SAT_P3_S1,6936756.167157,0.000308,0.925548,13600.000000,0,0
SAT_P3_S1,6936500.102298,0.000289,0.925534,13640.000000,0,0
SAT_P3_S1,6936202.973626,0.000274,0.925519,13680.000000,0,0
SAT_P3_S1,6935866.964359,0.000267,0.925502,13720.000000,0,0
SAT_P3_S1,6935494.643254,0.000268,0.925482,13760.000000,0,0
SAT_P3_S1,6935088.954103,0.000279,0.925461,13800.000000,0,0
SAT_P3_S1,6934653.166486,0.000300,0.925438,13840.000000,0,0
SAT_P3_S1,6934190.808438,0.000328,0.925414,13880.000000,0,0
SAT_P3_S1,6933705.639256,0.000363,0.925388,13920.000000,0,0
SAT_P3_S1,6933201.667664,0.000403,0.925361,13960.000000,0,0
SAT_P3_S1,6932682.974057,0.000447,0.925334,14000.000000,0,0
SAT_P3_S1,6932153.699764,0.000492,0.925306,14040.000000,0,0
SAT_P3_S1,6931618.013675,0.000539,0.925277,14080.000000,0,0
SAT_P3_S1,6931080.068931,0.000586,0.925248,14120.000000,0,0
SAT_P3_S1,6930543.940129,0.000633,0.925220,14160.000000,0,0
SAT_P3_S1,6930013.591837,0.000679,0.925191,14200.000000,0,0
SAT_P3_S1,6929492.936921,0.000723,0.925163,14240.000000,0,0
SAT_P3_S1,6928985.815688,0.000765,0.925136,14280.000000,0,0
SAT_P3_S1,6928495.915521,0.000804,0.925110,14320.000000,0,0
SAT_P3_S1,6928026.829952,0.000840,0.925084,14360.000000,0,0
SAT_P3_S1,6927582.055519,0.000873,0.925060,14400.000000,0,0
SAT_P3_S1,6927164.956793,0.000902,0.925038,14440.000000,0,0
SAT_P3_S1,6926778.717912,0.000926,0.925017,14480.000000,0,0
SAT_P3_S1,6926426.336843,0.000946,0.924998,14520.000000,0,0
SAT_P3_S1,6926110.665724,0.000962,0.924981,14560.000000,0,0
SAT_P3_S1,6925834.250003,0.000972,0.924966,14600.000000,0,0
SAT_P3_S1,6925599.333399,0.000977,0.924954,14640.000000,0,0
SAT_P3_S1,6925407.834572,0.000976,0.924943,14680.000000,0,0
SAT_P3_S1,6925261.310196,0.000970,0.924935,14720.000000,0,0
SAT_P3_S1,6925160.897130,0.000958,0.924930,14760.000000,0,0
SAT_P3_S1,6925107.285394,0.000941,0.924927,14800.000000,0,0
SAT_P3_S1,6925100.781266,0.000917,0.924926,14840.000000,0,0
SAT_P3_S1,6925141.298209,0.000889,0.924928,14880.000000,0,0
SAT_P3_S1,6925228.297732,0.000854,0.924933,14920.000000,0,0
SAT_P3_S1,6925360.874758,0.000815,0.924940,14960.000000,0,0
SAT_P3_S1,6925537.793323,0.000770,0.924949,15000.000000,0,0
SAT_P3_S1,6925757.498762,0.000721,0.924961,15040.000000,0,0
SAT_P3_S1,6926018.123531,0.000667,0.924975,15080.000000,0,0
SAT_P3_S1,6926317.542532,0.000609,0.924991,15120.000000,0,0
SAT_P3_S1,6926653.479947,0.000547,0.925010,15160.000000,0,0
SAT_P3_S1,6927023.405364,0.000482,0.925030,15200.000000,0,0
SAT_P3_S1,6927424.598210,0.000414,0.925052,15240.000000,0,0
SAT_P3_S1,6927854.174867,0.000345,0.925075,15280.000000,0,0
SAT_P3_S1,6928309.091618,0.000275,0.925100,15320.000000,0,0
SAT_P3_S1,6928786.116893,0.000208,0.925126,15360.000000,0,0
SAT_P3_S1,6929281.824772,0.000150,0.925153,15400.000000,0,0
SAT_P3_S1,6929792.667132,0.000121,0.925181,15440.000000,0,0
SAT_P3_S1,6930314.967080,0.000142,0.925209,15480.000000,0,0
SAT_P3_S1,6930844.861355,0.000199,0.925238,15520.000000,0,0
SAT_P3_S1,6931378.380968,0.000269,0.925267,15560.000000,0,0
SAT_P3_S1,6931911.486670,0.000344,0.925296,15600.000000,0,0
SAT_P3_S1,6932440.083729,0.000421,0.925324,15640.000000,0,0
SAT_P3_S1,6932960.034974,0.000498,0.925352,15680.000000,0,0
SAT_P3_S1,6933467.230592,0.000573,0.925379,15720.000000,0,0
SAT_P3_S1,6933957.718281,0.000646,0.925405,15760.000000,0,0
SAT_P3_S1,6934427.619853,0.000717,0.925430,15800.000000,0,0
SAT_P3_S1,6934873.224535,0.000784,0.925454,15840.000000,0,0
SAT_P3_S1,6935291.044745,0.000848,0.925476,15880.000000,0,0
SAT_P3_S1,6935677.844214,0.000908,0.925497,15920.000000,0,0
SAT_P3_S1,6936030.630451,0.000962,0.925515,15960.000000,0,0
SAT_P3_S1,6936346.663259,0.001012,0.925532,16000.000000,0,0
SAT_P3_S1,6936623.535077,0.001057,0.925547,16040.000000,0,0
SAT_P3_S1,6936859.162508,0.001096,0.925559,16080.000000,0,0
SAT_P3_S1,6937051.719221,0.001130,0.925569,16120.000000,0,0
SAT_P3_S1,6937199.700867,0.001157,0.925577,16160.000000,0,0
SAT_P3_S1,6937301.938232,0.001179,0.925582,16200.000000,0,0
SAT_P3_S1,6937357.585364,0.001194,0.925585,16240.000000,0,0
SAT_P3_S1,6937366.102838,0.001202,0.925585,16280.000000,0,0
SAT_P3_S1,6937327.295950,0.001205,0.925583,16320.000000,0,0
SAT_P3_S1,6937241.412333,0.001201,0.925578,16360.000000,0,0
SAT_P3_S1,6937109.025634,0.001191,0.925571,16400.000000,0,0
SAT_P3_S1,6936931.094972,0.001174,0.925561,16440.000000,0,0
SAT_P3_S1,6936708.986270,0.001151,0.925549,16480.000000,0,0
SAT_P3_S1,6936444.464251,0.001123,0.925535,16520.000000,0,0
SAT_P3_S1,6936139.646487,0.001088,0.925519,16560.000000,0,0
SAT_P3_S1,6935796.971004,0.001049,0.925501,16600.000000,0,0
SAT_P3_S1,6935419.232672,0.001004,0.925481,16640.000000,0,0
SAT_P3_S1,6935009.527908,0.000954,0.925459,16680.000000,0,0
SAT_P3_S1,6934571.138857,0.000900,0.925435,16720.000000,0,0
SAT_P3_S1,6934107.548004,0.000841,0.925411,16760.000000,0,0
SAT_P3_S1,6933622.401079,0.000780,0.925385,16800.000000,0,0
SAT_P3_S1,6933119.447464,0.000714,0.925358,16840.000000,0,0
SAT_P3_S1,6932602.478867,0.000647,0.925330,16880.000000,0,0
SAT_P3_S1,6932075.327110,0.000576,0.925302,16920.000000,0,0
SAT_P3_S1,6931541.927578,0.000504,0.925274,16960.000000,0,0
SAT_P3_S1,6931006.177052,0.000430,0.925245,17000.000000,0,0
SAT_P3_S1,6930471.973053,0.000356,0.925217,17040.000000,0,0
SAT_P3_S1,6929943.222415,0.000280,0.925188,17080.000000,0,0
SAT_P3_S1,6929423.827121,0.000205,0.925161,17120.000000,0,0
SAT_P3_S1,6928917.637422,0.000130,0.925134,17160.000000,0,0
SAT_P3_S1,6928428.422173,0.000057,0.925108,17200.000000,0,0
SAT_P3_S1,6927959.911000,0.000025,0.925083,17240.000000,0,0
SAT_P3_S1,6927515.746103,0.000092,0.925060,17280.000000,0,0
SAT_P3_S1,6927099.372970,0.000161,0.925038,17320.000000,0,0
SAT_P3_S1,6926714.062089,0.000229,0.925017,17360.000000,0,0
SAT_P3_S1,6926362.876328,0.000293,0.924999,17400.000000,0,0
SAT_P3_S1,6926048.611622,0.000355,0.924983,17440.000000,0,0
SAT_P3_S1,6925773.743962,0.000413,0.924969,17480.000000,0,0
SAT_P3_S1,6925540.481429,0.000468,0.924957,17520.000000,0,0
SAT_P3_S1,6925350.682102,0.000519,0.924947,17560.000000,0,0
SAT_P3_S1,6925205.877477,0.000566,0.924940,17600.000000,0,0
SAT_P3_S1,6925107.271685,0.000608,0.924935,17640.000000,0,0
SAT_P3_S1,6925055.709607,0.000647,0.924933,17680.000000,0,0
SAT_P3_S1,6925051.666160,0.000680,0.924933,17720.000000,0,0
SAT_P3_S1,6925095.312393,0.000710,0.924936,17760.000000,0,0
SAT_P3_S1,6925186.505383,0.000735,0.924941,17800.000000,0,0
SAT_P3_S1,6925324.699902,0.000756,0.924949,17840.000000,0,0
SAT_P3_S1,6925509.003125,0.000772,0.924959,17880.000000,0,0
SAT_P3_S1,6925738.169469,0.000784,0.924971,17920.000000,0,0
SAT_P3_S1,6926010.572248,0.000792,0.924986,17960.000000,0,0
SAT_P3_S1,6926324.170148,0.000797,0.925003,18000.000000,0,0
SAT_P3_S1,6926676.528913,0.000798,0.925021,18040.000000,0,0
SAT_P3_S1,6927064.912298,0.000795,0.925042,18080.000000,0,0
SAT_P3_S1,6927486.183315,0.000790,0.925064,18120.000000,0,0
SAT_P3_S1,6927936.877358,0.000782,0.925088,18160.000000,0,0
SAT_P3_S1,6928413.265375,0.000772,0.925113,18200.000000,0,0
SAT_P3_S1,6928911.403702,0.000760,0.925139,18240.000000,0,0
SAT_P3_S1,6929427.159560,0.000746,0.925166,18280.000000,0,0
SAT_P3_S1,6929956.259388,0.000732,0.925193,18320.000000,0,0
SAT_P3_S1,6930494.415087,0.000716,0.925222,18360.000000,0,0
SAT_P3_S1,6931037.370308,0.000701,0.925250,18400.000000,0,0
SAT_P3_S1,6931580.862141,0.000686,0.925279,18440.000000,0,0
SAT_P3_S1,6932120.722321,0.000670,0.925308,18480.000000,0,0
SAT_P3_S1,6932652.908040,0.000655,0.925336,18520.000000,0,0
SAT_P3_S1,6933173.499266,0.000641,0.925364,18560.000000,0,0
SAT_P3_S1,6933678.680862,0.000627,0.925391,18600.000000,0,0
SAT_P3_S1,6934164.768695,0.000614,0.925418,18640.000000,0,0
SAT_P3_S1,6934628.291772,0.000602,0.925443,18680.000000,0,0
SAT_P3_S1,6935065.880803,0.000589,0.925467,18720.000000,0,0
SAT_P3_S1,6935474.317898,0.000578,0.925489,18760.000000,0,0
SAT_P3_S1,6935850.575035,0.000566,0.925510,18800.000000,0,0
SAT_P3_S1,6936191.812980,0.000553,0.925529,18840.000000,0,0
SAT_P3_S1,6936495.411149,0.000541,0.925545,18880.000000,0,0
SAT_P3_S1,6936759.003900,0.000527,0.925560,18920.000000,0,0
SAT_P3_S1,6936980.530283,0.000513,0.925572,18960.000000,0,0
SAT_P3_S1,6937158.239510,0.000497,0.925582,19000.000000,0,0
SAT_P3_S1,6937290.695531,0.000480,0.925590,19040.000000,0,0
SAT_P3_S1,6937376.837276,0.000461,0.925595,19080.000000,0,0
SAT_P3_S1,6937416.054209,0.000441,0.925598,19120.000000,0,0
SAT_P3_S1,6937408.055098,0.000419,0.925598,19160.000000,0,0
SAT_P3_S1,6937352.937237,0.000397,0.925596,19200.000000,0,0
SAT_P3_S1,6937251.180402,0.000374,0.925591,19240.000000,0,0
SAT_P3_S1,6937103.621904,0.000351,0.925583,19280.000000,0,0
SAT_P3_S1,6936911.405039,0.000328,0.925573,19320.000000,0,0
SAT_P3_S1,6936675.958988,0.000308,0.925561,19360.000000,0,0
SAT_P3_S1,6936399.060320,0.000291,0.925546,19400.000000,0,0
SAT_P3_S1,6936082.761019,0.000281,0.925529,19440.000000,0,0
SAT_P3_S1,6935729.347266,0.000277,0.925510,19480.000000,0,0
SAT_P3_S1,6935341.380522,0.000283,0.925490,19520.000000,0,0
SAT_P3_S1,6934921.699240,0.000297,0.925467,19560.000000,0,0
SAT_P3_S1,6934473.390044,0.000320,0.925443,19600.000000,0,0
SAT_P3_S1,6933999.759623,0.000351,0.925418,19640.000000,0,0
SAT_P3_S1,6933504.363905,0.000387,0.925392,19680.000000,0,0
SAT_P3_S1,6932991.054387,0.000428,0.925364,19720.000000,0,0
SAT_P3_S1,6932463.817793,0.000471,0.925336,19760.000000,0,0
SAT_P3_S1,6931926.815798,0.000517,0.925307,19800.000000,0,0
SAT_P3_S1,6931384.347570,0.000563,0.925279,19840.000000,0,0
SAT_P3_S1,6930840.791893,0.000610,0.925250,19880.000000,0,0
SAT_P3_S1,6930300.521304,0.000656,0.925221,19920.000000,0,0
SAT_P3_S1,6929767.845606,0.000700,0.925192,19960.000000,0,0
SAT_P3_S1,6929247.034320,0.000743,0.925165,20000.000000,0,0
SAT_P3_S1,6928742.210070,0.000783,0.925138,20040.000000,0,0
SAT_P3_S1,6928257.275429,0.000821,0.925112,20080.000000,0,0
SAT_P3_S1,6927795.924635,0.000855,0.925087,20120.000000,0,0
SAT_P3_S1,6927361.624666,0.000885,0.925064,20160.000000,0,0
SAT_P3_S1,6926957.574538,0.000911,0.925042,20200.000000,0,0
SAT_P3_S1,6926586.674030,0.000933,0.925022,20240.000000,0,0
SAT_P3_S1,6926251.559962,0.000950,0.925004,20280.000000,0,0
SAT_P3_S1,6925954.671195,0.000962,0.924988,20320.000000,0,0
SAT_P3_S1,6925698.111710,0.000970,0.924974,20360.000000,0,0
SAT_P3_S1,6925483.724180,0.000971,0.924962,20400.000000,0,0
SAT_P3_S1,6925313.089973,0.000968,0.924953,20440.000000,0,0
SAT_P3_S1,6925187.511222,0.000959,0.924946,20480.000000,0,0
SAT_P3_S1,6925107.965603,0.000944,0.924942,20520.000000,0,0
SAT_P3_S1,6925075.089374,0.000923,0.924941,20560.000000,0,0
SAT_P3_S1,6925089.235944,0.000897,0.924941,20600.000000,0,0
SAT_P3_S1,6925150.401691,0.000866,0.924945,20640.000000,0,0
SAT_P3_S1,6925258.181788,0.000829,0.924951,20680.000000,0,0
SAT_P3_S1,6925411.806609,0.000787,0.924959,20720.000000,0,0
SAT_P3_S1,6925610.144740,0.000739,0.924969,20760.000000,0,0
SAT_P3_S1,6925851.682908,0.000687,0.924982,20800.000000,0,0
SAT_P3_S1,6926134.515019,0.000631,0.924998,20840.000000,0,0
SAT_P3_S1,6926456.399280,0.000570,0.925015,20880.000000,0,0
SAT_P3_S1,6926814.846140,0.000506,0.925034,20920.000000,0,0
SAT_P3_S1,6927207.009226,0.000438,0.925055,20960.000000,0,0
SAT_P3_S1,6927629.788743,0.000369,0.925078,21000.000000,0,0
SAT_P3_S1,6928079.866896,0.000298,0.925102,21040.000000,0,0
SAT_P3_S1,6928553.728687,0.000229,0.925127,21080.000000,0,0
SAT_P3_S1,6929047.658145,0.000166,0.925154,21120.000000,0,0
SAT_P3_S1,6929557.766175,0.000124,0.925182,21160.000000,0,0
SAT_P3_S1,6930080.098015,0.000129,0.925210,21200.000000,0,0
SAT_P3_S1,6930610.604322,0.000178,0.925239,21240.000000,0,0
SAT_P3_S1,6931145.141701,0.000246,0.925268,21280.000000,0,0
SAT_P3_S1,6931679.554131,0.000320,0.925297,21320.000000,0,0
SAT_P3_S1,6932209.715370,0.000397,0.925326,21360.000000,0,0
SAT_P3_S1,6932731.542649,0.000473,0.925355,21400.000000,0,0
SAT_P3_S1,6933241.013825,0.000549,0.925383,21440.000000,0,0
SAT_P3_S1,6933734.245937,0.000622,0.925410,21480.000000,0,0
SAT_P3_S1,6934207.595577,0.000693,0.925436,21520.000000,0,0
SAT_P3_S1,6934657.553876,0.000761,0.925461,21560.000000,0,0
SAT_P3_S1,6935080.845982,0.000825,0.925485,21600.000000,0,0
SAT_P3_S1,6935474.454538,0.000885,0.925506,21640.000000,0,0
SAT_P3_S1,6935835.621119,0.000941,0.925526,21680.000000,0,0
SAT_P3_S1,6936161.817228,0.000992,0.925544,21720.000000,0,0
SAT_P3_S1,6936450.742779,0.001038,0.925560,21760.000000,0,0
SAT_P3_S1,6936700.401033,0.001079,0.925573,21800.000000,0,0
SAT_P3_S1,6936909.036747,0.001114,0.925584,21840.000000,0,0
SAT_P3_S1,6937075.104785,0.001144,0.925593,21880.000000,0,0
SAT_P3_S1,6937197.321451,0.001167,0.925599,21920.000000,0,0
SAT_P3_S1,6937274.681262,0.001185,0.925603,21960.000000,0,0
SAT_P3_S1,6937306.448166,0.001196,0.925604,22000.000000,0,0
SAT_P3_S1,6937292.154062,0.001201,0.925603,22040.000000,0,0
SAT_P3_S1,6937231.664225,0.001200,0.925599,22080.000000,0,0
SAT_P3_S1,6937125.269112,0.001193,0.925592,22120.000000,0,0
SAT_P3_S1,6936973.565276,0.001180,0.925583,22160.000000,0,0
SAT_P3_S1,6936777.547775,0.001160,0.925572,22200.000000,0,0
SAT_P3_S1,6936538.622023,0.001134,0.925558,22240.000000,0,0
SAT_P3_S1,6936258.590258,0.001103,0.925543,22280.000000,0,0
SAT_P3_S1,6935939.603310,0.001066,0.925525,22320.000000,0,0
SAT_P3_S1,6935584.134650,0.001024,0.925505,22360.000000,0,0
SAT_P3_S1,6935195.023817,0.000976,0.925484,22400.000000,0,0
SAT_P3_S1,6934775.378244,0.000924,0.925461,22440.000000,0,0
SAT_P3_S1,6934328.500752,0.000868,0.925436,22480.000000,0,0
SAT_P3_S1,6933857.894071,0.000808,0.925411,22520.000000,0,0
SAT_P3_S1,6933367.228553,0.000744,0.925384,22560.000000,0,0
SAT_P3_S1,6932860.283844,0.000678,0.925357,22600.000000,0,0
SAT_P3_S1,6932340.897874,0.000609,0.925329,22640.000000,0,0
SAT_P3_S1,6931812.983539,0.000537,0.925300,22680.000000,0,0
SAT_P3_S1,6931280.575058,0.000464,0.925271,22720.000000,0,0
SAT_P3_S1,6930747.671261,0.000389,0.925243,22760.000000,0,0
SAT_P3_S1,6930218.292167,0.000314,0.925214,22800.000000,0,0
SAT_P3_S1,6929696.462408,0.000239,0.925186,22840.000000,0,0
SAT_P3_S1,6929186.175989,0.000164,0.925159,22880.000000,0,0
SAT_P3_S1,6928691.332589,0.000091,0.925132,22920.000000,0,0
SAT_P3_S1,6928215.701828,0.000029,0.925107,22960.000000,0,0
SAT_P3_S1,6927762.963294,0.000065,0.925083,23000.000000,0,0
SAT_P3_S1,6927336.610024,0.000133,0.925060,23040.000000,0,0
SAT_P3_S1,6926939.881885,0.000201,0.925039,23080.000000,0,0
SAT_P3_S1,6926575.780287,0.000267,0.925020,23120.000000,0,0
SAT_P3_S1,6926247.048541,0.000329,0.925002,23160.000000,0,0
SAT_P3_S1,6925956.116112,0.000389,0.924987,23200.000000,0,0
SAT_P3_S1,6925705.109782,0.000445,0.924974,23240.000000,0,0
SAT_P3_S1,6925495.869701,0.000498,0.924963,23280.000000,0,0
SAT_P3_S1,6925329.918188,0.000547,0.924955,23320.000000,0,0
SAT_P3_S1,6925208.493209,0.000591,0.924949,23360.000000,0,0
SAT_P3_S1,6925132.534828,0.000632,0.924945,23400.000000,0,0
SAT_P3_S1,6925102.653836,0.000668,0.924944,23440.000000,0,0
SAT_P3_S1,6925119.138956,0.000699,0.924946,23480.000000,0,0
SAT_P3_S1,6925182.030651,0.000727,0.924950,23520.000000,0,0
SAT_P3_S1,6925291.009749,0.000750,0.924956,23560.000000,0,0
SAT_P3_S1,6925445.398886,0.000769,0.924965,23600.000000,0,0
SAT_P3_S1,6925644.180768,0.000783,0.924977,23640.000000,0,0
SAT_P3_S1,6925885.992363,0.000793,0.924990,23680.000000,0,0
SAT_P3_S1,6926169.095395,0.000800,0.925006,23720.000000,0,0
SAT_P3_S1,6926491.367537,0.000803,0.925024,23760.000000,0,0
SAT_P3_S1,6926850.375223,0.000802,0.925044,23800.000000,0,0
SAT_P3_S1,6927243.424983,0.000798,0.925065,23840.000000,0,0
SAT_P3_S1,6927667.485145,0.000792,0.925088,23880.000000,0,0
SAT_P3_S1,6928119.296233,0.000783,0.925113,23920.000000,0,0
SAT_P3_S1,6928595.413693,0.000771,0.925139,23960.000000,0,0
SAT_P3_S1,6929092.228882,0.000758,0.925166,24000.000000,0,0
SAT_P3_S1,6929605.971012,0.000744,0.925193,24040.000000,0,0
SAT_P3_S1,6930132.746341,0.000728,0.925221,24080.000000,0,0
SAT_P3_S1,6930668.642028,0.000712,0.925250,24120.000000,0,0
SAT_P3_S1,6931209.642787,0.000696,0.925279,24160.000000,0,0
SAT_P3_S1,6931751.658958,0.000679,0.925307,24200.000000,0,0
SAT_P3_S1,6932290.570098,0.000663,0.925336,24240.000000,0,0
SAT_P3_S1,6932822.243142,0.000647,0.925363,24280.000000,0,0
SAT_P3_S1,6933342.525376,0.000632,0.925390,24320.000000,0,0
SAT_P3_S1,6933847.257321,0.000617,0.925417,24360.000000,0,0
SAT_P3_S1,6934332.366801,0.000603,0.925442,24400.000000,0,0
SAT_P3_S1,6934793.939798,0.000590,0.925466,24440.000000,0,0
SAT_P3_S1,6935228.158807,0.000577,0.925488,24480.000000,0,0
SAT_P3_S1,6935631.429673,0.000565,0.925509,24520.000000,0,0
SAT_P3_S1,6936000.434568,0.000552,0.925528,24560.000000,0,0
SAT_P3_S1,6936332.151025,0.000540,0.925545,24600.000000,0,0
SAT_P3_S1,6936623.896783,0.000526,0.925560,24640.000000,0,0
SAT_P3_S1,6936873.365133,0.000512,0.925573,24680.000000,0,0
SAT_P3_S1,6937078.649669,0.000497,0.925583,24720.000000,0,0
SAT_P3_S1,6937238.220722,0.000481,0.925591,24760.000000,0,0
SAT_P3_S1,6937350.906695,0.000463,0.925597,24800.000000,0,0
SAT_P3_S1,6937415.939503,0.000444,0.925600,24840.000000,0,0
SAT_P3_S1,6937432.970240,0.000424,0.925601,24880.000000,0,0
SAT_P3_S1,6937401.951530,0.000402,0.925599,24920.000000,0,0
SAT_P3_S1,6937323.201189,0.000380,0.925594,24960.000000,0,0
SAT_P3_S1,6937197.404338,0.000358,0.925587,25000.000000,0,0
SAT_P3_S1,6937025.598619,0.000336,0.925577,25040.000000,0,0
SAT_P3_S1,6936809.144207,0.000316,0.925565,25080.000000,0,0
SAT_P3_S1,6936549.735420,0.000299,0.925551,25120.000000,0,0
SAT_P3_S1,6936249.483640,0.000287,0.925534,25160.000000,0,0
SAT_P3_S1,6935910.807015,0.000282,0.925515,25200.000000,0,0
SAT_P3_S1,6935536.423802,0.000285,0.925495,25240.000000,0,0
SAT_P3_S1,6935129.356635,0.000297,0.925473,25280.000000,0,0
SAT_P3_S1,6934692.896906,0.000317,0.925449,25320.000000,0,0
SAT_P3_S1,6934230.532913,0.000344,0.925423,25360.000000,0,0
SAT_P3_S1,6933745.887203,0.000378,0.925397,25400.000000,0,0
SAT_P3_S1,6933242.723728,0.000416,0.925369,25440.000000,0,0
SAT_P3_S1,6932724.932593,0.000458,0.925341,25480.000000,0,0
SAT_P3_S1,6932196.387762,0.000502,0.925312,25520.000000,0,0
SAT_P3_S1,6931660.992962,0.000547,0.925283,25560.000000,0,0
SAT_P3_S1,6931122.672071,0.000592,0.925253,25600.000000,0,0
SAT_P3_S1,6930585.347922,0.000637,0.925224,25640.000000,0,0
SAT_P3_S1,6930052.909367,0.000682,0.925195,25680.000000,0,0
SAT_P3_S1,6929529.221999,0.000724,0.925166,25720.000000,0,0
SAT_P3_S1,6929018.211430,0.000765,0.925139,25760.000000,0,0
SAT_P3_S1,6928523.751341,0.000803,0.925112,25800.000000,0,0
SAT_P3_S1,6928049.653837,0.000839,0.925086,25840.000000,0,0
SAT_P3_S1,6927599.667785,0.000870,0.925062,25880.000000,0,0
SAT_P3_S1,6927177.434152,0.000898,0.925040,25920.000000,0,0
SAT_P3_S1,6926786.403803,0.000922,0.925019,25960.000000,0,0
SAT_P3_S1,6926429.763101,0.000941,0.924999,26000.000000,0,0
SAT_P3_S1,6926110.427585,0.000956,0.924982,26040.000000,0,0
SAT_P3_S1,6925831.015450,0.000965,0.924967,26080.000000,0,0
SAT_P3_S1,6925593.701913,0.000969,0.924955,26120.000000,0,0
SAT_P3_S1,6925400.261665,0.000968,0.924944,26160.000000,0,0
SAT_P3_S1,6925252.065146,0.000961,0.924936,26200.000000,0,0
SAT_P3_S1,6925150.070691,0.000949,0.924931,26240.000000,0,0
SAT_P3_S1,6925094.812324,0.000931,0.924928,26280.000000,0,0
SAT_P3_S1,6925086.438825,0.000907,0.924927,26320.000000,0,0
SAT_P3_S1,6925124.834153,0.000878,0.924930,26360.000000,0,0
SAT_P3_S1,6925209.545415,0.000844,0.924934,26400.000000,0,0
SAT_P3_S1,6925339.818742,0.000804,0.924941,26440.000000,0,0
SAT_P3_S1,6925514.646405,0.000759,0.924951,26480.000000,0,0
SAT_P3_S1,6925732.770972,0.000709,0.924963,26520.000000,0,0
SAT_P3_S1,6925992.651373,0.000655,0.924977,26560.000000,0,0
SAT_P3_S1,6926292.435483,0.000597,0.924993,26600.000000,0,0
SAT_P3_S1,6926629.998318,0.000534,0.925012,26640.000000,0,0
SAT_P3_S1,6927002.956209,0.000469,0.925032,26680.000000,0,0
SAT_P3_S1,6927408.558659,0.000400,0.925054,26720.000000,0,0
SAT_P3_S1,6927843.764749,0.000330,0.925077,26760.000000,0,0
SAT_P3_S1,6928305.269909,0.000259,0.925102,26800.000000,0,0
SAT_P3_S1,6928789.524817,0.000192,0.925128,26840.000000,0,0
SAT_P3_S1,6929292.746858,0.000137,0.925155,26880.000000,0,0
SAT_P3_S1,6929810.980304,0.000118,0.925183,26920.000000,0,0
SAT_P3_S1,6930340.235209,0.000150,0.925212,26960.000000,0,0
SAT_P3_S1,6930876.431270,0.000212,0.925240,27000.000000,0,0
SAT_P3_S1,6931415.448298,0.000285,0.925269,27040.000000,0,0
SAT_P3_S1,6931953.187277,0.000362,0.925298,27080.000000,0,0
SAT_P3_S1,6932485.588346,0.000440,0.925326,27120.000000,0,0
SAT_P3_S1,6933008.610653,0.000517,0.925354,27160.000000,0,0
SAT_P3_S1,6933518.220655,0.000592,0.925381,27200.000000,0,0
SAT_P3_S1,6934010.450151,0.000666,0.925407,27240.000000,0,0
SAT_P3_S1,6934481.432920,0.000736,0.925432,27280.000000,0,0
SAT_P3_S1,6934927.318946,0.000803,0.925456,27320.000000,0,0
SAT_P3_S1,6935344.380212,0.000867,0.925478,27360.000000,0,0
SAT_P3_S1,6935729.067554,0.000925,0.925498,27400.000000,0,0
SAT_P3_S1,6936078.059062,0.000979,0.925517,27440.000000,0,0
SAT_P3_S1,6936388.298962,0.001028,0.925534,27480.000000,0,0
SAT_P3_S1,6936657.082243,0.001071,0.925548,27520.000000,0,0
SAT_P3_S1,6936882.212691,0.001109,0.925561,27560.000000,0,0
SAT_P3_S1,6937061.951458,0.001140,0.925571,27600.000000,0,0
SAT_P3_S1,6937195.063341,0.001165,0.925578,27640.000000,0,0
SAT_P3_S1,6937280.860073,0.001183,0.925584,27680.000000,0,0
SAT_P3_S1,6937319.184665,0.001196,0.925587,27720.000000,0,0
SAT_P3_S1,6937310.343912,0.001201,0.925587,27760.000000,0,0
SAT_P3_S1,6937255.036567,0.001201,0.925584,27800.000000,0,0
SAT_P3_S1,6937154.337397,0.001194,0.925579,27840.000000,0,0
SAT_P3_S1,6937009.650687,0.001181,0.925572,27880.000000,0,0
SAT_P3_S1,6936822.543812,0.001163,0.925562,27920.000000,0,0
SAT_P3_S1,6936594.762693,0.001138,0.925550,27960.000000,0,0
SAT_P3_S1,6936328.205748,0.001108,0.925535,28000.000000,0,0
SAT_P3_S1,6936024.896322,0.001073,0.925518,28040.000000,0,0
SAT_P3_S1,6935686.954757,0.001033,0.925499,28080.000000,0,0
SAT_P3_S1,6935316.628646,0.000988,0.925478,28120.000000,0,0
SAT_P3_S1,6934916.413795,0.000939,0.925456,28160.000000,0,0
SAT_P3_S1,6934488.976263,0.000885,0.925432,28200.000000,0,0
SAT_P3_S1,6934037.187688,0.000827,0.925406,28240.000000,0,0
SAT_P3_S1,6933564.171297,0.000766,0.925380,28280.000000,0,0
SAT_P3_S1,6933073.298092,0.000701,0.925353,28320.000000,0,0
SAT_P3_S1,6932568.137724,0.000634,0.925324,28360.000000,0,0
SAT_P3_S1,6932052.408783,0.000564,0.925296,28400.000000,0,0
SAT_P3_S1,6931529.986675,0.000493,0.925267,28440.000000,0,0
SAT_P3_S1,6931004.877478,0.000419,0.925238,28480.000000,0,0
SAT_P3_S1,6930481.061882,0.000345,0.925209,28520.000000,0,0
SAT_P3_S1,6929962.517877,0.000271,0.925181,28560.000000,0,0
SAT_P3_S1,6929453.188402,0.000196,0.925153,28600.000000,0,0
SAT_P3_S1,6928956.938572,0.000123,0.925126,28640.000000,0,0
SAT_P3_S1,6928477.503979,0.000056,0.925100,28680.000000,0,0
SAT_P3_S1,6928018.487274,0.000043,0.925076,28720.000000,0,0
SAT_P3_S1,6927583.434098,0.000105,0.925052,28760.000000,0,0
SAT_P3_S1,6927175.717256,0.000172,0.925030,28800.000000,0,0
SAT_P3_S1,6926798.528757,0.000238,0.925010,28840.000000,0,0
SAT_P3_S1,6926454.884549,0.000302,0.924992,28880.000000,0,0
SAT_P3_S1,6926147.589123,0.000363,0.924976,28920.000000,0,0
SAT_P3_S1,6925879.144155,0.000421,0.924961,28960.000000,0,0
SAT_P3_S1,6925651.766743,0.000475,0.924950,29000.000000,0,0
SAT_P3_S1,6925467.307901,0.000525,0.924940,29040.000000,0,0
SAT_P3_S1,6925327.230576,0.000572,0.924933,29080.000000,0,0
SAT_P3_S1,6925232.602500,0.000614,0.924928,29120.000000,0,0
SAT_P3_S1,6925184.062093,0.000651,0.924926,29160.000000,0,0
SAT_P3_S1,6925181.804866,0.000685,0.924926,29200.000000,0,0
SAT_P3_S1,6925225.651307,0.000714,0.924929,29240.000000,0,0
SAT_P3_S1,6925315.135835,0.000738,0.924934,29280.000000,0,0
SAT_P3_S1,6925449.407794,0.000759,0.924942,29320.000000,0,0
SAT_P3_S1,6925627.349303,0.000775,0.924953,29360.000000,0,0
SAT_P3_S1,6925847.607476,0.000787,0.924965,29400.000000,0,0
SAT_P3_S1,6926108.600556,0.000795,0.924980,29440.000000,0,0
SAT_P3_S1,6926408.490580,0.000799,0.924997,29480.000000,0,0
SAT_P3_S1,6926745.178783,0.000800,0.925016,29520.000000,0,0
SAT_P3_S1,6927116.363499,0.000798,0.925037,29560.000000,0,0
SAT_P3_S1,6927519.446116,0.000792,0.925059,29600.000000,0,0
SAT_P3_S1,6927951.498875,0.000784,0.925083,29640.000000,0,0
SAT_P3_S1,6928409.294507,0.000773,0.925109,29680.000000,0,0
SAT_P3_S1,6928889.319642,0.000761,0.925135,29720.000000,0,0
SAT_P3_S1,6929387.776720,0.000746,0.925163,29760.000000,0,0
SAT_P3_S1,6929900.610942,0.000731,0.925191,29800.000000,0,0
SAT_P3_S1,6930423.623911,0.000714,0.925219,29840.000000,0,0
SAT_P3_S1,6930952.611264,0.000697,0.925248,29880.000000,0,0
SAT_P3_S1,6931483.305594,0.000680,0.925277,29920.000000,0,0
SAT_P3_S1,6932011.538438,0.000662,0.925306,29960.000000,0,0
SAT_P3_S1,6932533.307328,0.000645,0.925334,30000.000000,0,0
SAT_P3_S1,6933044.806973,0.000628,0.925362,30040.000000,0,0
SAT_P3_S1,6933542.416830,0.000612,0.925389,30080.000000,0,0
SAT_P3_S1,6934022.700420,0.000597,0.925415,30120.000000,0,0
SAT_P3_S1,6934482.453240,0.000582,0.925439,30160.000000,0,0
SAT_P3_S1,6934918.592017,0.000568,0.925462,30200.000000,0,0
SAT_P3_S1,6935328.098796,0.000554,0.925483,30240.000000,0,0
SAT_P3_S1,6935708.021657,0.000541,0.925503,30280.000000,0,0
SAT_P3_S1,6936055.449770,0.000528,0.925520,30320.000000,0,0
SAT_P3_S1,6936367.502511,0.000515,0.925536,30360.000000,0,0
SAT_P3_S1,6936641.362824,0.000502,0.925549,30400.000000,0,0
SAT_P3_S1,6936874.352176,0.000488,0.925560,30440.000000,0,0
SAT_P3_S1,6937064.011780,0.000473,0.925568,30480.000000,0,0
SAT_P3_S1,6937208.161692,0.000457,0.925574,30520.000000,0,0
SAT_P3_S1,6937304.986368,0.000440,0.925578,30560.000000,0,0
SAT_P3_S1,6937353.197163,0.000421,0.925579,30600.000000,0,0
SAT_P3_S1,6937352.081935,0.000401,0.925577,30640.000000,0,0
SAT_P3_S1,6937301.466179,0.000380,0.925573,30680.000000,0,0
SAT_P3_S1,6937201.789004,0.000359,0.925567,30720.000000,0,0
SAT_P3_S1,6937054.083885,0.000338,0.925557,30760.000000,0,0
SAT_P3_S1,6936859.909286,0.000318,0.925546,30800.000000,0,0
SAT_P3_S1,6936621.254621,0.000300,0.925532,30840.000000,0,0
SAT_P3_S1,6936340.483501,0.000286,0.925516,30880.000000,0,0
SAT_P3_S1,6936020.323624,0.000279,0.925498,30920.000000,0,0
SAT_P3_S1,6935663.681703,0.000278,0.925477,30960.000000,0,0
SAT_P3_S1,6935273.629032,0.000286,0.925455,31000.000000,0,0
SAT_P3_S1,6934853.379261,0.000303,0.925432,31040.000000,0,0
SAT_P3_S1,6934406.265340,0.000328,0.925407,31080.000000,0,0
SAT_P3_S1,6933935.700387,0.000359,0.925380,31120.000000,0,0
SAT_P3_S1,6933445.170716,0.000395,0.925353,31160.000000,0,0
SAT_P3_S1,6932938.316398,0.000435,0.925325,31200.000000,0,0
SAT_P3_S1,6932418.917715,0.000478,0.925296,31240.000000,0,0
SAT_P3_S1,6931890.811617,0.000522,0.925267,31280.000000,0,0
SAT_P3_S1,6931357.940065,0.000567,0.925238,31320.000000,0,0
SAT_P3_S1,6930824.324697,0.000612,0.925208,31360.000000,0,0
SAT_P3_S1,6930294.007515,0.000657,0.925179,31400.000000,0,0
SAT_P3_S1,6929770.979760,0.000700,0.925150,31440.000000,0,0
SAT_P3_S1,6929259.159690,0.000741,0.925122,31480.000000,0,0
SAT_P3_S1,6928762.426649,0.000781,0.925095,31520.000000,0,0
SAT_P3_S1,6928284.468720,0.000817,0.925069,31560.000000,0,0
SAT_P3_S1,6927828.806844,0.000850,0.925044,31600.000000,0,0
SAT_P3_S1,6927398.800077,0.000880,0.925020,31640.000000,0,0
SAT_P3_S1,6926997.638933,0.000906,0.924999,31680.000000,0,0
SAT_P3_S1,6926628.313010,0.000927,0.924979,31720.000000,0,0
SAT_P3_S1,6926293.599898,0.000944,0.924960,31760.000000,0,0
SAT_P3_S1,6925996.127365,0.000957,0.924944,31800.000000,0,0
SAT_P3_S1,6925738.337974,0.000964,0.924930,31840.000000,0,0
SAT_P3_S1,6925522.386172,0.000966,0.924919,31880.000000,0,0
SAT_P3_S1,6925350.159115,0.000962,0.924910,31920.000000,0,0
SAT_P3_S1,6925223.233678,0.000954,0.924903,31960.000000,0,0
SAT_P3_S1,6925142.808029,0.000939,0.924899,32000.000000,0,0
SAT_P3_S1,6925109.631335,0.000919,0.924897,32040.000000,0,0
SAT_P3_S1,6925123.994697,0.000893,0.924898,32080.000000,0,0
SAT_P3_S1,6925185.793937,0.000862,0.924902,32120.000000,0,0
SAT_P3_S1,6925294.413094,0.000825,0.924908,32160.000000,0,0
SAT_P3_S1,6925448.796916,0.000783,0.924916,32200.000000,0,0
SAT_P3_S1,6925647.511194,0.000736,0.924927,32240.000000,0,0
SAT_P3_S1,6925888.793515,0.000684,0.924940,32280.000000,0,0
SAT_P3_S1,6926170.578078,0.000628,0.924955,32320.000000,0,0
SAT_P3_S1,6926490.539969,0.000568,0.924973,32360.000000,0,0
SAT_P3_S1,6926846.208434,0.000504,0.924992,32400.000000,0,0
SAT_P3_S1,6927234.974680,0.000438,0.925013,32440.000000,0,0
SAT_P3_S1,6927654.025974,0.000368,0.925036,32480.000000,0,0
SAT_P3_S1,6928100.398614,0.000298,0.925060,32520.000000,0,0
SAT_P3_S1,6928570.961832,0.000228,0.925086,32560.000000,0,0
SAT_P3_S1,6929062.373799,0.000163,0.925113,32600.000000,0,0
SAT_P3_S1,6929571.034994,0.000117,0.925140,32640.000000,0,0
SAT_P3_S1,6930093.103879,0.000118,0.925168,32680.000000,0,0
SAT_P3_S1,6930624.586943,0.000167,0.925197,32720.000000,0,0
SAT_P3_S1,6931161.251739,0.000236,0.925226,32760.000000,0,0
SAT_P3_S1,6931698.731429,0.000311,0.925255,32800.000000,0,0
SAT_P3_S1,6932232.619493,0.000388,0.925284,32840.000000,0,0
SAT_P3_S1,6932758.553589,0.000465,0.925312,32880.000000,0,0
SAT_P3_S1,6933272.270149,0.000541,0.925340,32920.000000,0,0
SAT_P3_S1,6933769.674553,0.000615,0.925367,32960.000000,0,0
SAT_P3_S1,6934246.974882,0.000686,0.925393,33000.000000,0,0
SAT_P3_S1,6934700.699363,0.000754,0.925417,33040.000000,0,0
SAT_P3_S1,6935127.630281,0.000819,0.925440,33080.000000,0,0
SAT_P3_S1,6935524.849832,0.000879,0.925462,33120.000000,0,0
SAT_P3_S1,6935889.707194,0.000935,0.925481,33160.000000,0,0
SAT_P3_S1,6936219.751312,0.000986,0.925499,33200.000000,0,0
SAT_P3_S1,6936512.657251,0.001033,0.925514,33240.000000,0,0
SAT_P3_S1,6936766.213613,0.001074,0.925528,33280.000000,0,0
SAT_P3_S1,6936978.385249,0.001109,0.925539,33320.000000,0,0
SAT_P3_S1,6937147.205033,0.001139,0.925547,33360.000000,0,0
SAT_P3_S1,6937270.861714,0.001163,0.925553,33400.000000,0,0
SAT_P3_S1,6937347.786568,0.001180,0.925557,33440.000000,0,0
SAT_P3_S1,6937376.736811,0.001191,0.925558,33480.000000,0,0
SAT_P3_S1,6937356.854973,0.001196,0.925557,33520.000000,0,0
SAT_P3_S1,6937287.748676,0.001194,0.925553,33560.000000,0,0
SAT_P3_S1,6937169.639540,0.001185,0.925546,33600.000000,0,0
SAT_P3_S1,6937003.390701,0.001170,0.925538,33640.000000,0,0
SAT_P3_S1,6936790.440675,0.001148,0.925526,33680.000000,0,0
SAT_P3_S1,6936532.846735,0.001120,0.925513,33720.000000,0,0
SAT_P3_S1,6936233.231203,0.001086,0.925497,33760.000000,0,0
SAT_P3_S1,6935894.678116,0.001046,0.925480,33800.000000,0,0
SAT_P3_S1,6935520.607290,0.001002,0.925460,33840.000000,0,0
SAT_P3_S1,6935114.690076,0.000952,0.925439,33880.000000,0,0
SAT_P3_S1,6934680.818417,0.000899,0.925416,33920.000000,0,0
SAT_P3_S1,6934222.902705,0.000841,0.925391,33960.000000,0,0
SAT_P3_S1,6933744.847204,0.000780,0.925366,34000.000000,0,0
SAT_P3_S1,6933250.522952,0.000716,0.925339,34040.000000,0,0
SAT_P3_S1,6932743.743603,0.000649,0.925311,34080.000000,0,0
SAT_P3_S1,6932228.227821,0.000580,0.925283,34120.000000,0,0
SAT_P3_S1,6931707.597135,0.000509,0.925254,34160.000000,0,0
SAT_P3_S1,6931185.465671,0.000437,0.925225,34200.000000,0,0
SAT_P3_S1,6930665.436387,0.000365,0.925196,34240.000000,0,0
SAT_P3_S1,6930151.028555,0.000292,0.925167,34280.000000,0,0
SAT_P3_S1,6929645.743092,0.000218,0.925139,34320.000000,0,0
SAT_P3_S1,6929153.055403,0.000146,0.925111,34360.000000,0,0
SAT_P3_S1,6928676.376153,0.000075,0.925085,34400.000000,0,0
SAT_P3_S1,6928219.001171,0.000022,0.925059,34440.000000,0,0
SAT_P3_S1,6927784.110721,0.000073,0.925035,34480.000000,0,0
SAT_P3_S1,6927374.824134,0.000140,0.925012,34520.000000,0,0
SAT_P3_S1,6926994.059905,0.000205,0.924991,34560.000000,0,0
SAT_P3_S1,6926644.570161,0.000269,0.924972,34600.000000,0,0
SAT_P3_S1,6926328.948624,0.000329,0.924954,34640.000000,0,0
SAT_P3_S1,6926049.613454,0.000387,0.924939,34680.000000,0,0
SAT_P3_S1,6925808.767179,0.000442,0.924926,34720.000000,0,0
SAT_P3_S1,6925608.425903,0.000492,0.924915,34760.000000,0,0
SAT_P3_S1,6925450.359819,0.000539,0.924907,34800.000000,0,0
SAT_P3_S1,6925336.086987,0.000583,0.924901,34840.000000,0,0
SAT_P3_S1,6925266.829427,0.000622,0.924898,34880.000000,0,0
SAT_P3_S1,6925243.438889,0.000656,0.924897,34920.000000,0,0
SAT_P3_S1,6925266.351631,0.000687,0.924898,34960.000000,0,0
SAT_P3_S1,6925335.626611,0.000713,0.924903,35000.000000,0,0
SAT_P3_S1,6925450.877884,0.000734,0.924909,35040.000000,0,0
SAT_P3_S1,6925611.224468,0.000752,0.924918,35080.000000,0,0
SAT_P3_S1,6925815.350452,0.000765,0.924930,35120.000000,0,0
SAT_P3_S1,6926061.540469,0.000774,0.924944,35160.000000,0,0
SAT_P3_S1,6926347.698759,0.000779,0.924960,35200.000000,0,0
SAT_P3_S1,6926671.376828,0.000781,0.924978,35240.000000,0,0
SAT_P3_S1,6927029.865071,0.000780,0.924998,35280.000000,0,0
SAT_P3_S1,6927420.319453,0.000775,0.925019,35320.000000,0,0
SAT_P3_S1,6927839.662741,0.000768,0.925043,35360.000000,0,0
SAT_P3_S1,6928284.686097,0.000759,0.925068,35400.000000,0,0
SAT_P3_S1,6928752.070792,0.000747,0.925094,35440.000000,0,0
SAT_P3_S1,6929238.382441,0.000735,0.925121,35480.000000,0,0
SAT_P3_S1,6929740.032242,0.000720,0.925149,35520.000000,0,0
SAT_P3_S1,6930253.263739,0.000705,0.925177,35560.000000,0,0
SAT_P3_S1,6930774.219517,0.000689,0.925206,35600.000000,0,0
SAT_P3_S1,6931298.903430,0.000673,0.925236,35640.000000,0,0
SAT_P3_S1,6931823.161282,0.000657,0.925265,35680.000000,0,0
SAT_P3_S1,6932342.770559,0.000642,0.925293,35720.000000,0,0
SAT_P3_S1,6932853.507230,0.000626,0.925322,35760.000000,0,0
SAT_P3_S1,6933351.194071,0.000612,0.925349,35800.000000,0,0
SAT_P3_S1,6933831.755022,0.000597,0.925376,35840.000000,0,0
SAT_P3_S1,6934291.329692,0.000584,0.925401,35880.000000,0,0
SAT_P3_S1,6934726.417697,0.000571,0.925425,35920.000000,0,0
SAT_P3_S1,6935133.780260,0.000558,0.925448,35960.000000,0,0
SAT_P3_S1,6935510.552643,0.000545,0.925468,36000.000000,0,0
SAT_P3_S2,6928137.000000,0.000000,0.925025,0.000000,0,0
SAT_P3_S2,6928588.299866,0.000073,0.925050,40.000000,0,0
SAT_P3_S2,6929013.254783,0.000144,0.925073,80.000000,0,0
SAT_P3_S2,6929408.556422,0.000214,0.925095,120.000000,0,0
SAT_P3_S2,6929771.137874,0.000281,0.925116,160.000000,0,0
SAT_P3_S2,6930098.187157,0.000345,0.925134,200.000000,0,0
SAT_P3_S2,6930387.191376,0.000406,0.925150,240.000000,0,0
SAT_P3_S2,6930635.953628,0.000464,0.925164,280.000000,0,0
SAT_P3_S2,6930842.574043,0.000519,0.925176,320.000000,0,0
SAT_P3_S2,6931005.451569,0.000570,0.925185,360.000000,0,0
SAT_P3_S2,6931123.361453,0.000617,0.925192,400.000000,0,0
SAT_P3_S2,6931195.430285,0.000660,0.925196,440.000000,0,0
SAT_P3_S2,6931221.073716,0.000699,0.925198,480.000000,0,0
SAT_P3_S2,6931200.053252,0.000734,0.925197,520.000000,0,0
SAT_P3_S2,6931132.482206,0.000764,0.925193,560.000000,0,0
SAT_P3_S2,6931018.803651,0.000791,0.925187,600.000000,0,0
SAT_P3_S2,6930859.764540,0.000813,0.925178,640.000000,0,0
SAT_P3_S2,6930656.445887,0.000831,0.925167,680.000000,0,0
SAT_P3_S2,6930410.344176,0.000845,0.925154,720.000000,0,0
SAT_P3_S2,6930123.239724,0.000856,0.925138,760.000000,0,0
SAT_P3_S2,6929797.253891,0.000862,0.925121,800.000000,0,0
SAT_P3_S2,6929434.858910,0.000866,0.925101,840.000000,0,0
SAT_P3_S2,6929038.863499,0.000866,0.925080,880.000000,0,0
SAT_P3_S2,6928612.363694,0.000863,0.925057,920.000000,0,0
SAT_P3_S2,6928158.711345,0.000857,0.925032,960.000000,0,0
SAT_P3_S2,6927681.553837,0.000849,0.925006,1000.000000,0,0
SAT_P3_S2,6927184.766456,0.000839,0.924979,1040.000000,0,0
SAT_P3_S2,6926672.343577,0.000827,0.924952,1080.000000,0,0
SAT_P3_S2,6926148.405176,0.000813,0.924923,1120.000000,0,0
SAT_P3_S2,6925617.150920,0.000798,0.924894,1160.000000,0,0
SAT_P3_S2,6925082.788275,0.000782,0.924865,1200.000000,0,0
SAT_P3_S2,6924549.459994,0.000765,0.924836,1240.000000,0,0
SAT_P3_S2,6924021.232787,0.000747,0.924807,1280.000000,0,0
SAT_P3_S2,6923502.145489,0.000728,0.924779,1320.000000,0,0
SAT_P3_S2,6922996.056307,0.000709,0.924751,1360.000000,0,0
SAT_P3_S2,6922506.686719,0.000689,0.924724,1400.000000,0,0
SAT_P3_S2,6922037.629231,0.000669,0.924699,1440.000000,0,0
SAT_P3_S2,6921592.339959,0.000648,0.924674,1480.000000,0,0
SAT_P3_S2,6921174.102988,0.000626,0.924652,1520.000000,0,0
SAT_P3_S2,6920786.017129,0.000603,0.924630,1560.000000,0,0
SAT_P3_S2,6920431.057786,0.000580,0.924611,1600.000000,0,0
SAT_P3_S2,6920112.029942,0.000555,0.924594,1640.000000,0,0
SAT_P3_S2,6919831.476750,0.000529,0.924579,1680.000000,0,0
SAT_P3_S2,6919591.703266,0.000501,0.924566,1720.000000,0,0
SAT_P3_S2,6919394.742221,0.000471,0.924555,1760.000000,0,0
SAT_P3_S2,6919242.292014,0.000440,0.924547,1800.000000,0,0
SAT_P3_S2,6919135.652802,0.000407,0.924541,1840.000000,0,0
SAT_P3_S2,6919075.722811,0.000372,0.924538,1880.000000,0,0
SAT_P3_S2,6919063.054677,0.000334,0.924537,1920.000000,0,0
SAT_P3_S2,6919097.719580,0.000295,0.924539,1960.000000,0,0
SAT_P3_S2,6919179.368950,0.000254,0.924544,2000.000000,0,0
SAT_P3_S2,6919307.267801,0.000212,0.924551,2040.000000,0,0
SAT_P3_S2,6919480.319165,0.000170,0.924560,2080.000000,0,0
SAT_P3_S2,6919697.065330,0.000131,0.924572,2120.000000,0,0
SAT_P3_S2,6919955.715814,0.000103,0.924586,2160.000000,0,0
SAT_P3_S2,6920254.254709,0.000100,0.924602,2200.000000,0,0
SAT_P3_S2,6920590.438172,0.000125,0.924620,2240.000000,0,0
SAT_P3_S2,6920961.745117,0.000168,0.924640,2280.000000,0,0
SAT_P3_S2,6921365.443377,0.000220,0.924662,2320.000000,0,0
SAT_P3_S2,6921798.592732,0.000277,0.924685,2360.000000,0,0
SAT_P3_S2,6922258.016558,0.000336,0.924710,2400.000000,0,0
SAT_P3_S2,6922740.268877,0.000397,0.924736,2440.000000,0,0
SAT_P3_S2,6923241.659610,0.000458,0.924763,2480.000000,0,0
SAT_P3_S2,6923758.338284,0.000519,0.924791,2520.000000,0,0
SAT_P3_S2,6924286.188025,0.000581,0.924820,2560.000000,0,0
SAT_P3_S2,6924820.917932,0.000641,0.924849,2600.000000,0,0
SAT_P3_S2,6925358.131085,0.000699,0.924878,2640.000000,0,0
SAT_P3_S2,6925893.386433,0.000756,0.924907,2680.000000,0,0
SAT_P3_S2,6926422.238960,0.000811,0.924935,2720.000000,0,0
SAT_P3_S2,6926940.307962,0.000863,0.924963,2760.000000,0,0
SAT_P3_S2,6927443.425965,0.000911,0.924991,2800.000000,0,0
SAT_P3_S2,6927927.671110,0.000956,0.925017,2840.000000,0,0
SAT_P3_S2,6928389.344511,0.000997,0.925042,2880.000000,0,0
SAT_P3_S2,6928825.058336,0.001034,0.925066,2920.000000,0,0
SAT_P3_S2,6929231.747104,0.001066,0.925089,2960.000000,0,0
SAT_P3_S2,6929606.635707,0.001093,0.925110,3000.000000,0,0
SAT_P3_S2,6929947.191836,0.001116,0.925129,3040.000000,0,0
SAT_P3_S2,6930251.124975,0.001133,0.925146,3080.000000,0,0
SAT_P3_S2,6930516.431551,0.001145,0.925161,3120.000000,0,0
SAT_P3_S2,6930741.251051,0.001151,0.925173,3160.000000,0,0
SAT_P3_S2,6930923.911561,0.001152,0.925184,3200.000000,0,0
SAT_P3_S2,6931062.952881,0.001146,0.925192,3240.000000,0,0
SAT_P3_S2,6931157.147387,0.001135,0.925197,3280.000000,0,0
SAT_P3_S2,6931205.503890,0.001118,0.925200,3320.000000,0,0
SAT_P3_S2,6931207.306046,0.001095,0.925201,3360.000000,0,0
SAT_P3_S2,6931162.241032,0.001067,0.925199,3400.000000,0,0
SAT_P3_S2,6931070.417008,0.001032,0.925195,3440.000000,0,0
SAT_P3_S2,6930932.327912,0.000992,0.925189,3480.000000,0,0
SAT_P3_S2,6930748.935466,0.000946,0.925180,3520.000000,0,0
SAT_P3_S2,6930521.672022,0.000895,0.925168,3560.000000,0,0
SAT_P3_S2,6930252.396838,0.000839,0.925155,3600.000000,0,0
SAT_P3_S2,6929943.331840,0.000779,0.925139,3640.000000,0,0
SAT_P3_S2,6929597.036802,0.000715,0.925121,3680.000000,0,0
SAT_P3_S2,6929216.421247,0.000647,0.925102,3720.000000,0,0
SAT_P3_S2,6928804.561920,0.000577,0.925081,3760.000000,0,0
SAT_P3_S2,6928364.701923,0.000504,0.925058,3800.000000,0,0
SAT_P3_S2,6927900.222586,0.000431,0.925033,3840.000000,0,0
SAT_P3_S2,6927414.612677,0.000358,0.925008,3880.000000,0,0
SAT_P3_S2,6926911.422649,0.000289,0.924981,3920.000000,0,0
SAT_P3_S2,6926394.256439,0.000229,0.924954,3960.000000,0,0
SAT_P3_S2,6925866.858425,0.000190,0.924925,4000.000000,0,0
SAT_P3_S2,6925333.099431,0.000186,0.924897,4040.000000,0,0
SAT_P3_S2,6924796.917938,0.000220,0.924868,4080.000000,0,0
SAT_P3_S2,6924262.383722,0.000277,0.924840,4120.000000,0,0
SAT_P3_S2,6923733.689037,0.000346,0.924811,4160.000000,0,0
SAT_P3_S2,6923215.096458,0.000419,0.924784,4200.000000,0,0
SAT_P3_S2,6922710.866826,0.000493,0.924756,4240.000000,0,0
SAT_P3_S2,6922225.224191,0.000567,0.924730,4280.000000,0,0
SAT_P3_S2,6921762.352923,0.000639,0.924705,4320.000000,0,0
SAT_P3_S2,6921326.196929,0.000708,0.924682,4360.000000,0,0
SAT_P3_S2,6920920.434609,0.000774,0.924660,4400.000000,0,0
SAT_P3_S2,6920548.421514,0.000835,0.924640,4440.000000,0,0
SAT_P3_S2,6920213.130455,0.000892,0.924621,4480.000000,0,0
SAT_P3_S2,6919917.066679,0.000943,0.924605,4520.000000,0,0
SAT_P3_S2,6919662.295570,0.000989,0.924591,4560.000000,0,0
SAT_P3_S2,6919450.441958,0.001030,0.924578,4600.000000,0,0
SAT_P3_S2,6919282.677449,0.001064,0.924569,4640.000000,0,0
SAT_P3_S2,6919159.783952,0.001093,0.924562,4680.000000,0,0
SAT_P3_S2,6919082.177190,0.001115,0.924557,4720.000000,0,0
SAT_P3_S2,6919049.919335,0.001131,0.924554,4760.000000,0,0
SAT_P3_S2,6919062.775349,0.001141,0.924555,4800.000000,0,0
SAT_P3_S2,6919120.336378,0.001145,0.924558,4840.000000,0,0
SAT_P3_S2,6919221.941133,0.001142,0.924563,4880.000000,0,0
SAT_P3_S2,6919366.713854,0.001134,0.924571,4920.000000,0,0
SAT_P3_S2,6919553.600656,0.001120,0.924581,4960.000000,0,0
SAT_P3_S2,6919781.367083,0.001100,0.924593,5000.000000,0,0
SAT_P3_S2,6920048.558885,0.001074,0.924608,5040.000000,0,0
SAT_P3_S2,6920353.471643,0.001042,0.924625,5080.000000,0,0
SAT_P3_S2,6920694.187844,0.001005,0.924644,5120.000000,0,0
SAT_P3_S2,6921068.577618,0.000963,0.924665,5160.000000,0,0
SAT_P3_S2,6921474.184483,0.000916,0.924687,5200.000000,0,0
SAT_P3_S2,6921908.283976,0.000865,0.924711,5240.000000,0,0
SAT_P3_S2,6922367.887929,0.000809,0.924736,5280.000000,0,0
SAT_P3_S2,6922849.735870,0.000749,0.924763,5320.000000,0,0
SAT_P3_S2,6923350.280065,0.000686,0.924790,5360.000000,0,0
SAT_P3_S2,6923865.723402,0.000620,0.924818,5400.000000,0,0
SAT_P3_S2,6924392.139272,0.000551,0.924847,5440.000000,0,0
SAT_P3_S2,6924925.405992,0.000479,0.924876,5480.000000,0,0
SAT_P3_S2,6925461.272673,0.000406,0.924905,5520.000000,0,0
SAT_P3_S2,6925995.440229,0.000331,0.924934,5560.000000,0,0
SAT_P3_S2,6926523.615001,0.000256,0.924963,5600.000000,0,0
SAT_P3_S2,6927041.531165,0.000180,0.924991,5640.000000,0,0
SAT_P3_S2,6927544.985585,0.000104,0.925018,5680.000000,0,0
SAT_P3_S2,6928029.942268,0.000030,0.925045,5720.000000,0,0
SAT_P3_S2,6928492.591841,0.000045,0.925070,5760.000000,0,0
SAT_P3_S2,6928929.277884,0.000117,0.925094,5800.000000,0,0
SAT_P3_S2,6929336.597885,0.000188,0.925116,5840.000000,0,0
SAT_P3_S2,6929711.413067,0.000256,0.925137,5880.000000,0,0
SAT_P3_S2,6930050.849762,0.000322,0.925155,5920.000000,0,0
SAT_P3_S2,6930352.308359,0.000385,0.925172,5960.000000,0,0
SAT_P3_S2,6930613.492981,0.000445,0.925186,6000.000000,0,0
SAT_P3_S2,6930832.402490,0.000501,0.925198,6040.000000,0,0
SAT_P3_S2,6931007.310186,0.000554,0.925208,6080.000000,0,0
SAT_P3_S2,6931136.792339,0.000603,0.925215,6120.000000,0,0
SAT_P3_S2,6931219.830131,0.000647,0.925220,6160.000000,0,0
SAT_P3_S2,6931255.716423,0.000688,0.925222,6200.000000,0,0
SAT_P3_S2,6931244.100593,0.000725,0.925222,6240.000000,0,0
SAT_P3_S2,6931185.032686,0.000757,0.925219,6280.000000,0,0
SAT_P3_S2,6931078.975245,0.000785,0.925214,6320.000000,0,0
SAT_P3_S2,6930926.777116,0.000809,0.925206,6360.000000,0,0
SAT_P3_S2,6930729.655334,0.000829,0.925195,6400.000000,0,0
SAT_P3_S2,6930489.241881,0.000844,0.925183,6440.000000,0,0
SAT_P3_S2,6930207.570957,0.000856,0.925168,6480.000000,0,0
SAT_P3_S2,6929886.949029,0.000864,0.925151,6520.000000,0,0
SAT_P3_S2,6929529.985936,0.000869,0.925132,6560.000000,0,0
SAT_P3_S2,6929139.560380,0.000871,0.925111,6600.000000,0,0
SAT_P3_S2,6928718.764687,0.000869,0.925088,6640.000000,0,0
SAT_P3_S2,6928270.840237,0.000865,0.925064,6680.000000,0,0
SAT_P3_S2,6927799.165030,0.000858,0.925039,6720.000000,0,0
SAT_P3_S2,6927307.319750,0.000850,0.925012,6760.000000,0,0
SAT_P3_S2,6926798.963381,0.000839,0.924984,6800.000000,0,0
SAT_P3_S2,6926277.851766,0.000826,0.924956,6840.000000,0,0
SAT_P3_S2,6925747.860020,0.000812,0.924927,6880.000000,0,0
SAT_P3_S2,6925212.975984,0.000797,0.924898,6920.000000,0,0
SAT_P3_S2,6924677.257799,0.000781,0.924869,6960.000000,0,0
SAT_P3_S2,6924144.800406,0.000764,0.924840,7000.000000,0,0
SAT_P3_S2,6923619.766736,0.000745,0.924812,7040.000000,0,0
SAT_P3_S2,6923106.358439,0.000727,0.924784,7080.000000,0,0
SAT_P3_S2,6922608.667878,0.000707,0.924757,7120.000000,0,0
SAT_P3_S2,6922130.690558,0.000687,0.924731,7160.000000,0,0
SAT_P3_S2,6921676.271034,0.000666,0.924706,7200.000000,0,0
SAT_P3_S2,6921249.030134,0.000644,0.924683,7240.000000,0,0
SAT_P3_S2,6920852.285581,0.000622,0.924662,7280.000000,0,0
SAT_P3_S2,6920489.028371,0.000598,0.924642,7320.000000,0,0
SAT_P3_S2,6920161.983165,0.000573,0.924624,7360.000000,0,0
SAT_P3_S2,6919873.487711,0.000546,0.924608,7400.000000,0,0
SAT_P3_S2,6919625.521423,0.000518,0.924594,7440.000000,0,0
SAT_P3_S2,6919419.746264,0.000488,0.924583,7480.000000,0,0
SAT_P3_S2,6919257.526570,0.000456,0.924574,7520.000000,0,0
SAT_P3_S2,6919139.919030,0.000423,0.924568,7560.000000,0,0
SAT_P3_S2,6919067.676268,0.000387,0.924564,7600.000000,0,0
SAT_P3_S2,6919041.319079,0.000349,0.924562,7640.000000,0,0
SAT_P3_S2,6919061.148780,0.000309,0.924563,7680.000000,0,0
SAT_P3_S2,6919127.137393,0.000268,0.924567,7720.000000,0,0
SAT_P3_S2,6919238.978946,0.000224,0.924573,7760.000000,0,0
SAT_P3_S2,6919396.068648,0.000181,0.924582,7800.000000,0,0
SAT_P3_S2,6919597.459590,0.000139,0.924593,7840.000000,0,0
SAT_P3_S2,6919841.809398,0.000104,0.924606,7880.000000,0,0
SAT_P3_S2,6920127.379168,0.000089,0.924621,7920.000000,0,0
SAT_P3_S2,6920452.112791,0.000108,0.924639,7960.000000,0,0
SAT_P3_S2,6920813.537936,0.000150,0.924658,8000.000000,0,0
SAT_P3_S2,6921208.815293,0.000202,0.924680,8040.000000,0,0
SAT_P3_S2,6921634.802874,0.000259,0.924703,8080.000000,0,0
SAT_P3_S2,6922088.103357,0.000318,0.924727,8120.000000,0,0
SAT_P3_S2,6922565.085019,0.000380,0.924753,8160.000000,0,0
SAT_P3_S2,6923061.920376,0.000442,0.924779,8200.000000,0,0
SAT_P3_S2,6923574.698818,0.000504,0.924807,8240.000000,0,0
SAT_P3_S2,6924099.481275,0.000566,0.924835,8280.000000,0,0
SAT_P3_S2,6924632.230494,0.000627,0.924864,8320.000000,0,0
SAT_P3_S2,6925168.906256,0.000687,0.924893,8360.000000,0,0
SAT_P3_S2,6925705.484333,0.000745,0.924922,8400.000000,0,0
SAT_P3_S2,6926237.948594,0.000801,0.924950,8440.000000,0,0
SAT_P3_S2,6926762.268549,0.000854,0.924978,8480.000000,0,0
SAT_P3_S2,6927274.424396,0.000905,0.925006,8520.000000,0,0
SAT_P3_S2,6927770.506167,0.000952,0.925033,8560.000000,0,0
SAT_P3_S2,6928246.628868,0.000995,0.925058,8600.000000,0,0
SAT_P3_S2,6928698.991783,0.001035,0.925083,8640.000000,0,0
SAT_P3_S2,6929123.948936,0.001070,0.925105,8680.000000,0,0
SAT_P3_S2,6929518.059736,0.001100,0.925127,8720.000000,0,0
SAT_P3_S2,6929878.110590,0.001125,0.925146,8760.000000,0,0
SAT_P3_S2,6930201.152410,0.001145,0.925164,8800.000000,0,0
SAT_P3_S2,6930484.610912,0.001159,0.925179,8840.000000,0,0
SAT_P3_S2,6930726.336062,0.001167,0.925192,8880.000000,0,0
SAT_P3_S2,6930924.522400,0.001170,0.925203,8920.000000,0,0
SAT_P3_S2,6931077.791557,0.001166,0.925212,8960.000000,0,0
SAT_P3_S2,6931185.192032,0.001157,0.925218,9000.000000,0,0
SAT_P3_S2,6931246.165223,0.001141,0.925222,9040.000000,0,0
SAT_P3_S2,6931260.490267,0.001120,0.925224,9080.000000,0,0
SAT_P3_S2,6931228.269400,0.001093,0.925222,9120.000000,0,0
SAT_P3_S2,6931149.979398,0.001060,0.925219,9160.000000,0,0
SAT_P3_S2,6931026.337189,0.001021,0.925213,9200.000000,0,0
SAT_P3_S2,6930858.305288,0.000977,0.925204,9240.000000,0,0
SAT_P3_S2,6930647.107687,0.000928,0.925193,9280.000000,0,0
SAT_P3_S2,6930394.229320,0.000874,0.925180,9320.000000,0,0
SAT_P3_S2,6930101.391098,0.000816,0.925164,9360.000000,0,0
SAT_P3_S2,6929770.546582,0.000753,0.925147,9400.000000,0,0
SAT_P3_S2,6929403.959660,0.000687,0.925127,9440.000000,0,0
SAT_P3_S2,6929004.230018,0.000617,0.925106,9480.000000,0,0
SAT_P3_S2,6928574.194199,0.000545,0.925083,9520.000000,0,0
SAT_P3_S2,6928116.996415,0.000471,0.925059,9560.000000,0,0
SAT_P3_S2,6927636.078701,0.000397,0.925034,9600.000000,0,0
SAT_P3_S2,6927135.137913,0.000325,0.925007,9640.000000,0,0
SAT_P3_S2,6926618.059864,0.000260,0.924980,9680.000000,0,0
SAT_P3_S2,6926088.889708,0.000209,0.924952,9720.000000,0,0
SAT_P3_S2,6925551.861562,0.000187,0.924924,9760.000000,0,0
SAT_P3_S2,6925011.238262,0.000205,0.924895,9800.000000,0,0
SAT_P3_S2,6924471.284415,0.000253,0.924867,9840.000000,0,0
SAT_P3_S2,6923936.244544,0.000317,0.924839,9880.000000,0,0
SAT_P3_S2,6923410.303543,0.000389,0.924811,9920.000000,0,0
SAT_P3_S2,6922897.524359,0.000464,0.924784,9960.000000,0,0
SAT_P3_S2,6922401.809373,0.000538,0.924758,10000.000000,0,0
SAT_P3_S2,6921926.945895,0.000611,0.924732,10040.000000,0,0
SAT_P3_S2,6921476.608481,0.000682,0.924709,10080.000000,0,0
SAT_P3_S2,6921054.247418,0.000750,0.924686,10120.000000,0,0
SAT_P3_S2,6920663.150107,0.000814,0.924666,10160.000000,0,0
SAT_P3_S2,6920306.430579,0.000873,0.924647,10200.000000,0,0
SAT_P3_S2,6919986.987683,0.000928,0.924630,10240.000000,0,0
SAT_P3_S2,6919707.446235,0.000978,0.924615,10280.000000,0,0
SAT_P3_S2,6919470.197368,0.001022,0.924602,10320.000000,0,0
SAT_P3_S2,6919277.291987,0.001060,0.924592,10360.000000,0,0
SAT_P3_S2,6919130.425151,0.001092,0.924584,10400.000000,0,0
SAT_P3_S2,6919030.896834,0.001118,0.924579,10440.000000,0,0
SAT_P3_S2,6918979.542924,0.001137,0.924576,10480.000000,0,0
SAT_P3_S2,6918976.692561,0.001149,0.924575,10520.000000,0,0
SAT_P3_S2,6919022.214509,0.001155,0.924577,10560.000000,0,0
SAT_P3_S2,6919115.521224,0.001155,0.924582,10600.000000,0,0
SAT_P3_S2,6919255.495774,0.001148,0.924589,10640.000000,0,0
SAT_P3_S2,6919440.592121,0.001134,0.924598,10680.000000,0,0
SAT_P3_S2,6919668.890323,0.001114,0.924610,10720.000000,0,0
SAT_P3_S2,6919938.137501,0.001089,0.924624,10760.000000,0,0
SAT_P3_S2,6920245.783006,0.001057,0.924640,10800.000000,0,0
SAT_P3_S2,6920589.062184,0.001021,0.924659,10840.000000,0,0
SAT_P3_S2,6920965.141621,0.000979,0.924679,10880.000000,0,0
SAT_P3_S2,6921371.047960,0.000932,0.924701,10920.000000,0,0
SAT_P3_S2,6921803.737121,0.000881,0.924725,10960.000000,0,0
SAT_P3_S2,6922260.135136,0.000826,0.924750,11000.000000,0,0
SAT_P3_S2,6922737.137833,0.000768,0.924776,11040.000000,0,0
SAT_P3_S2,6923231.568801,0.000705,0.924803,11080.000000,0,0
SAT_P3_S2,6923740.145678,0.000640,0.924831,11120.000000,0,0
SAT_P3_S2,6924259.513190,0.000572,0.924860,11160.000000,0,0
SAT_P3_S2,6924786.219935,0.000502,0.924889,11200.000000,0,0
SAT_P3_S2,6925316.617244,0.000430,0.924919,11240.000000,0,0
SAT_P3_S2,6925846.915152,0.000357,0.924948,11280.000000,0,0
SAT_P3_S2,6926373.200964,0.000282,0.924977,11320.000000,0,0
SAT_P3_S2,6926891.449622,0.000207,0.925006,11360.000000,0,0
SAT_P3_S2,6927397.537920,0.000132,0.925033,11400.000000,0,0
SAT_P3_S2,6927887.321769,0.000057,0.925060,11440.000000,0,0
SAT_P3_S2,6928356.794680,0.000018,0.925086,11480.000000,0,0
SAT_P3_S2,6928802.036282,0.000090,0.925110,11520.000000,0,0
SAT_P3_S2,6929219.318187,0.000162,0.925133,11560.000000,0,0
SAT_P3_S2,6929605.194543,0.000231,0.925154,11600.000000,0,0
SAT_P3_S2,6929956.526329,0.000297,0.925173,11640.000000,0,0
SAT_P3_S2,6930270.518811,0.000361,0.925191,11680.000000,0,0
SAT_P3_S2,6930544.746361,0.000422,0.925206,11720.000000,0,0
SAT_P3_S2,6930777.169024,0.000479,0.925219,11760.000000,0,0
SAT_P3_S2,6930966.097058,0.000533,0.925229,11800.000000,0,0
SAT_P3_S2,6931110.155924,0.000583,0.925237,11840.000000,0,0
SAT_P3_S2,6931208.313108,0.000629,0.925243,11880.000000,0,0
SAT_P3_S2,6931259.907431,0.000671,0.925246,11920.000000,0,0
SAT_P3_S2,6931264.515594,0.000709,0.925246,11960.000000,0,0
SAT_P3_S2,6931222.024017,0.000743,0.925244,12000.000000,0,0
SAT_P3_S2,6931132.641286,0.000772,0.925240,12040.000000,0,0
SAT_P3_S2,6930996.901832,0.000798,0.925233,12080.000000,0,0
SAT_P3_S2,6930815.652693,0.000819,0.925224,12120.000000,0,0
SAT_P3_S2,6930590.079768,0.000836,0.925212,12160.000000,0,0
SAT_P3_S2,6930321.813372,0.000849,0.925198,12200.000000,0,0
SAT_P3_S2,6930012.855210,0.000859,0.925182,12240.000000,0,0
SAT_P3_S2,6929665.566825,0.000865,0.925163,12280.000000,0,0
SAT_P3_S2,6929282.696975,0.000868,0.925143,12320.000000,0,0
SAT_P3_S2,6928867.355663,0.000868,0.925121,12360.000000,0,0
SAT_P3_S2,6928422.945682,0.000864,0.925098,12400.000000,0,0
SAT_P3_S2,6927953.092532,0.000859,0.925073,12440.000000,0,0
SAT_P3_S2,6927461.632895,0.000851,0.925047,12480.000000,0,0
SAT_P3_S2,6926952.601539,0.000841,0.925020,12520.000000,0,0
SAT_P3_S2,6926430.053359,0.000829,0.924992,12560.000000,0,0
SAT_P3_S2,6925898.088819,0.000816,0.924963,12600.000000,0,0
SAT_P3_S2,6925360.820130,0.000802,0.924935,12640.000000,0,0
SAT_P3_S2,6924822.332497,0.000787,0.924906,12680.000000,0,0
SAT_P3_S2,6924286.633382,0.000770,0.924877,12720.000000,0,0
SAT_P3_S2,6923757.647551,0.000754,0.924849,12760.000000,0,0
SAT_P3_S2,6923239.300377,0.000736,0.924821,12800.000000,0,0
SAT_P3_S2,6922735.432217,0.000718,0.924793,12840.000000,0,0
SAT_P3_S2,6922249.782127,0.000699,0.924767,12880.000000,0,0
SAT_P3_S2,6921786.018658,0.000679,0.924742,12920.000000,0,0
SAT_P3_S2,6921347.722958,0.000658,0.924719,12960.000000,0,0
SAT_P3_S2,6920938.332796,0.000637,0.924697,13000.000000,0,0
SAT_P3_S2,6920561.086290,0.000614,0.924676,13040.000000,0,0
SAT_P3_S2,6920219.023574,0.000590,0.924658,13080.000000,0,0
SAT_P3_S2,6919914.984354,0.000565,0.924641,13120.000000,0,0
SAT_P3_S2,6919651.436828,0.000538,0.924627,13160.000000,0,0
SAT_P3_S2,6919430.508104,0.000509,0.924615,13200.000000,0,0
SAT_P3_S2,6919253.952236,0.000478,0.924605,13240.000000,0,0
SAT_P3_S2,6919123.114151,0.000445,0.924598,13280.000000,0,0
SAT_P3_S2,6919038.884058,0.000409,0.924593,13320.000000,0,0
SAT_P3_S2,6919001.701688,0.000372,0.924591,13360.000000,0,0
SAT_P3_S2,6919011.655180,0.000332,0.924592,13400.000000,0,0
SAT_P3_S2,6919068.421982,0.000290,0.924594,13440.000000,0,0
SAT_P3_S2,6919171.287598,0.000246,0.924600,13480.000000,0,0
SAT_P3_S2,6919319.221035,0.000201,0.924608,13520.000000,0,0
SAT_P3_S2,6919510.911451,0.000156,0.924618,13560.000000,0,0
SAT_P3_S2,6919744.770752,0.000115,0.924631,13600.000000,0,0
SAT_P3_S2,6920018.938955,0.000088,0.924646,13640.000000,0,0
SAT_P3_S2,6920331.348841,0.000092,0.924663,13680.000000,0,0
SAT_P3_S2,6920679.782965,0.000126,0.924682,13720.000000,0,0
SAT_P3_S2,6921061.749721,0.000176,0.924703,13760.000000,0,0
SAT_P3_S2,6921474.558390,0.000232,0.924725,13800.000000,0,0
SAT_P3_S2,6921915.318148,0.000292,0.924749,13840.000000,0,0
SAT_P3_S2,6922380.923082,0.000353,0.924775,13880.000000,0,0
SAT_P3_S2,6922868.019526,0.000415,0.924801,13920.000000,0,0
SAT_P3_S2,6923373.016230,0.000478,0.924828,13960.000000,0,0
SAT_P3_S2,6923892.182155,0.000540,0.924857,14000.000000,0,0
SAT_P3_S2,6924421.589963,0.000602,0.924885,14040.000000,0,0
SAT_P3_S2,6924957.138231,0.000663,0.924914,14080.000000,0,0
SAT_P3_S2,6925494.633581,0.000722,0.924943,14120.000000,0,0
SAT_P3_S2,6926029.842598,0.000779,0.924971,14160.000000,0,0
SAT_P3_S2,6926558.515258,0.000834,0.925000,14200.000000,0,0
SAT_P3_S2,6927076.417304,0.000886,0.925027,14240.000000,0,0
SAT_P3_S2,6927579.429617,0.000935,0.925054,14280.000000,0,0
SAT_P3_S2,6928063.643976,0.000980,0.925080,14320.000000,0,0
SAT_P3_S2,6928525.268680,0.001021,0.925105,14360.000000,0,0
SAT_P3_S2,6928960.740041,0.001058,0.925128,14400.000000,0,0
SAT_P3_S2,6929366.747714,0.001091,0.925149,14440.000000,0,0
SAT_P3_S2,6929740.237835,0.001118,0.925169,14480.000000,0,0
SAT_P3_S2,6930078.389810,0.001140,0.925187,14520.000000,0,0
SAT_P3_S2,6930378.626985,0.001157,0.925203,14560.000000,0,0
SAT_P3_S2,6930638.703842,0.001168,0.925217,14600.000000,0,0
SAT_P3_S2,6930856.632895,0.001173,0.925229,14640.000000,0,0
SAT_P3_S2,6931030.684355,0.001173,0.925238,14680.000000,0,0
SAT_P3_S2,6931159.440291,0.001166,0.925245,14720.000000,0,0
SAT_P3_S2,6931241.817721,0.001153,0.925249,14760.000000,0,0
SAT_P3_S2,6931277.062490,0.001135,0.925251,14800.000000,0,0
SAT_P3_S2,6931264.752176,0.001110,0.925250,14840.000000,0,0
SAT_P3_S2,6931204.867236,0.001080,0.925247,14880.000000,0,0
SAT_P3_S2,6931097.859767,0.001043,0.925242,14920.000000,0,0
SAT_P3_S2,6930944.529615,0.001001,0.925234,14960.000000,0,0
SAT_P3_S2,6930746.106767,0.000954,0.925223,15000.000000,0,0
SAT_P3_S2,6930504.243764,0.000901,0.925210,15040.000000,0,0
SAT_P3_S2,6930220.981963,0.000844,0.925195,15080.000000,0,0
SAT_P3_S2,6929898.687282,0.000782,0.925178,15120.000000,0,0
SAT_P3_S2,6929540.014976,0.000716,0.925159,15160.000000,0,0
SAT_P3_S2,6929147.944957,0.000647,0.925139,15200.000000,0,0
SAT_P3_S2,6928725.656642,0.000576,0.925116,15240.000000,0,0
SAT_P3_S2,6928276.474717,0.000502,0.925092,15280.000000,0,0
SAT_P3_S2,6927803.868698,0.000428,0.925067,15320.000000,0,0
SAT_P3_S2,6927311.425793,0.000356,0.925041,15360.000000,0,0
SAT_P3_S2,6926802.800245,0.000287,0.925014,15400.000000,0,0
SAT_P3_S2,6926281.677616,0.000229,0.924986,15440.000000,0,0
SAT_P3_S2,6925751.814687,0.000193,0.924957,15480.000000,0,0
SAT_P3_S2,6925217.086456,0.000193,0.924929,15520.000000,0,0
SAT_P3_S2,6924681.347802,0.000228,0.924900,15560.000000,0,0
SAT_P3_S2,6924148.508382,0.000286,0.924872,15600.000000,0,0
SAT_P3_S2,6923622.522970,0.000355,0.924844,15640.000000,0,0
SAT_P3_S2,6923107.359720,0.000428,0.924816,15680.000000,0,0
SAT_P3_S2,6922606.940159,0.000502,0.924790,15720.000000,0,0
SAT_P3_S2,6922125.108374,0.000575,0.924764,15760.000000,0,0
SAT_P3_S2,6921665.669303,0.000647,0.924740,15800.000000,0,0
SAT_P3_S2,6921232.265967,0.000716,0.924717,15840.000000,0,0
SAT_P3_S2,6920828.325444,0.000781,0.924696,15880.000000,0,0
SAT_P3_S2,6920457.055883,0.000842,0.924676,15920.000000,0,0
SAT_P3_S2,6920121.415593,0.000899,0.924659,15960.000000,0,0
SAT_P3_S2,6919824.042755,0.000951,0.924643,16000.000000,0,0
SAT_P3_S2,6919567.277373,0.000998,0.924630,16040.000000,0,0
SAT_P3_S2,6919353.147133,0.001039,0.924619,16080.000000,0,0
SAT_P3_S2,6919183.348516,0.001074,0.924611,16120.000000,0,0
SAT_P3_S2,6919059.273293,0.001103,0.924604,16160.000000,0,0
SAT_P3_S2,6918981.987548,0.001126,0.924601,16200.000000,0,0
SAT_P3_S2,6918952.201440,0.001142,0.924599,16240.000000,0,0
SAT_P3_S2,6918970.285706,0.001152,0.924601,16280.000000,0,0
SAT_P3_S2,6919036.338268,0.001155,0.924604,16320.000000,0,0
SAT_P3_S2,6919150.043589,0.001152,0.924611,16360.000000,0,0
SAT_P3_S2,6919310.700574,0.001142,0.924619,16400.000000,0,0
SAT_P3_S2,6919517.220430,0.001126,0.924631,16440.000000,0,0
SAT_P3_S2,6919768.109617,0.001103,0.924644,16480.000000,0,0
SAT_P3_S2,6920061.431996,0.001074,0.924659,16520.000000,0,0
SAT_P3_S2,6920394.802940,0.001040,0.924677,16560.000000,0,0
SAT_P3_S2,6920765.476151,0.000999,0.924697,16600.000000,0,0
SAT_P3_S2,6921170.362587,0.000954,0.924718,16640.000000,0,0
SAT_P3_S2,6921605.999994,0.000903,0.924741,16680.000000,0,0
SAT_P3_S2,6922068.671315,0.000848,0.924765,16720.000000,0,0
SAT_P3_S2,6922554.474160,0.000789,0.924791,16760.000000,0,0
SAT_P3_S2,6923059.365049,0.000726,0.924817,16800.000000,0,0
SAT_P3_S2,6923579.194282,0.000660,0.924845,16840.000000,0,0
SAT_P3_S2,6924109.785952,0.000591,0.924873,16880.000000,0,0
SAT_P3_S2,6924647.063590,0.000521,0.924902,16920.000000,0,0
SAT_P3_S2,6925186.956656,0.000448,0.924931,16960.000000,0,0
SAT_P3_S2,6925725.469180,0.000374,0.924960,17000.000000,0,0
SAT_P3_S2,6926258.705890,0.000299,0.924989,17040.000000,0,0
SAT_P3_S2,6926782.870370,0.000223,0.925017,17080.000000,0,0
SAT_P3_S2,6927294.230931,0.000148,0.925045,17120.000000,0,0
SAT_P3_S2,6927789.107926,0.000073,0.925072,17160.000000,0,0
SAT_P3_S2,6928263.942105,0.000009,0.925098,17200.000000,0,0
SAT_P3_S2,6928715.289183,0.000075,0.925123,17240.000000,0,0
SAT_P3_S2,6929139.764283,0.000147,0.925147,17280.000000,0,0
SAT_P3_S2,6929534.130737,0.000216,0.925168,17320.000000,0,0
SAT_P3_S2,6929895.332649,0.000283,0.925188,17360.000000,0,0
SAT_P3_S2,6930220.518183,0.000348,0.925207,17400.000000,0,0
SAT_P3_S2,6930507.084761,0.000410,0.925223,17440.000000,0,0
SAT_P3_S2,6930752.739622,0.000468,0.925236,17480.000000,0,0
SAT_P3_S2,6930955.531047,0.000523,0.925248,17520.000000,0,0
SAT_P3_S2,6931113.842971,0.000574,0.925257,17560.000000,0,0
SAT_P3_S2,6931226.408743,0.000622,0.925264,17600.000000,0,0
SAT_P3_S2,6931292.393214,0.000665,0.925268,17640.000000,0,0
SAT_P3_S2,6931311.344223,0.000705,0.925269,17680.000000,0,0
SAT_P3_S2,6931283.134534,0.000740,0.925268,17720.000000,0,0
SAT_P3_S2,6931207.996475,0.000771,0.925265,17760.000000,0,0
SAT_P3_S2,6931086.509569,0.000798,0.925259,17800.000000,0,0
SAT_P3_S2,6930919.560350,0.000820,0.925250,17840.000000,0,0
SAT_P3_S2,6930708.304927,0.000839,0.925239,17880.000000,0,0
SAT_P3_S2,6930454.196207,0.000854,0.925226,17920.000000,0,0
SAT_P3_S2,6930159.056921,0.000865,0.925210,17960.000000,0,0
SAT_P3_S2,6929824.946198,0.000873,0.925193,18000.000000,0,0
SAT_P3_S2,6929454.234296,0.000877,0.925173,18040.000000,0,0
SAT_P3_S2,6929049.618229,0.000878,0.925152,18080.000000,0,0
SAT_P3_S2,6928614.116418,0.000876,0.925129,18120.000000,0,0
SAT_P3_S2,6928151.029663,0.000872,0.925104,18160.000000,0,0
SAT_P3_S2,6927663.921758,0.000864,0.925078,18200.000000,0,0
SAT_P3_S2,6927156.668625,0.000855,0.925051,18240.000000,0,0
SAT_P3_S2,6926633.375277,0.000844,0.925024,18280.000000,0,0
SAT_P3_S2,6926098.280807,0.000831,0.924995,18320.000000,0,0
SAT_P3_S2,6925555.753879,0.000817,0.924966,18360.000000,0,0
SAT_P3_S2,6925010.237802,0.000802,0.924937,18400.000000,0,0
SAT_P3_S2,6924466.166570,0.000786,0.924909,18440.000000,0,0
SAT_P3_S2,6923927.882885,0.000768,0.924880,18480.000000,0,0
SAT_P3_S2,6923399.620542,0.000750,0.924852,18520.000000,0,0
SAT_P3_S2,6922885.534693,0.000732,0.924824,18560.000000,0,0
SAT_P3_S2,6922389.536149,0.000712,0.924798,18600.000000,0,0
SAT_P3_S2,6921915.336595,0.000692,0.924772,18640.000000,0,0
SAT_P3_S2,6921466.446060,0.000671,0.924748,18680.000000,0,0
SAT_P3_S2,6921046.160599,0.000649,0.924725,18720.000000,0,0
SAT_P3_S2,6920657.526663,0.000626,0.924704,18760.000000,0,0
SAT_P3_S2,6920303.335301,0.000602,0.924685,18800.000000,0,0
SAT_P3_S2,6919986.196970,0.000576,0.924668,18840.000000,0,0
SAT_P3_S2,6919708.489146,0.000549,0.924653,18880.000000,0,0
SAT_P3_S2,6919472.295319,0.000520,0.924640,18920.000000,0,0
SAT_P3_S2,6919279.440623,0.000489,0.924630,18960.000000,0,0
SAT_P3_S2,6919131.474192,0.000456,0.924622,19000.000000,0,0
SAT_P3_S2,6919029.620624,0.000421,0.924617,19040.000000,0,0
SAT_P3_S2,6918974.730234,0.000383,0.924614,19080.000000,0,0
SAT_P3_S2,6918967.288445,0.000343,0.924613,19120.000000,0,0
SAT_P3_S2,6919007.466694,0.000301,0.924616,19160.000000,0,0
SAT_P3_S2,6919094.978123,0.000257,0.924620,19200.000000,0,0
SAT_P3_S2,6919229.138129,0.000211,0.924627,19240.000000,0,0
SAT_P3_S2,6919408.877866,0.000165,0.924637,19280.000000,0,0
SAT_P3_S2,6919632.749851,0.000121,0.924649,19320.000000,0,0
SAT_P3_S2,6919898.913442,0.000087,0.924663,19360.000000,0,0
SAT_P3_S2,6920205.154646,0.000082,0.924680,19400.000000,0,0
SAT_P3_S2,6920548.993183,0.000114,0.924698,19440.000000,0,0
SAT_P3_S2,6920927.668139,0.000163,0.924718,19480.000000,0,0
SAT_P3_S2,6921338.120108,0.000220,0.924741,19520.000000,0,0
SAT_P3_S2,6921777.076238,0.000280,0.924764,19560.000000,0,0
SAT_P3_S2,6922241.085149,0.000342,0.924789,19600.000000,0,0
SAT_P3_S2,6922726.521617,0.000405,0.924816,19640.000000,0,0
SAT_P3_S2,6923229.589964,0.000469,0.924843,19680.000000,0,0
SAT_P3_S2,6923746.385620,0.000532,0.924871,19720.000000,0,0
SAT_P3_S2,6924272.994536,0.000594,0.924900,19760.000000,0,0
SAT_P3_S2,6924805.387609,0.000655,0.924929,19800.000000,0,0
SAT_P3_S2,6925339.517614,0.000715,0.924958,19840.000000,0,0
SAT_P3_S2,6925871.360039,0.000772,0.924988,19880.000000,0,0
SAT_P3_S2,6926396.938004,0.000828,0.925017,19920.000000,0,0
SAT_P3_S2,6926912.319818,0.000880,0.925045,19960.000000,0,0
SAT_P3_S2,6927413.644197,0.000929,0.925073,20000.000000,0,0
SAT_P3_S2,6927897.225079,0.000975,0.925099,20040.000000,0,0
SAT_P3_S2,6928359.530578,0.001017,0.925125,20080.000000,0,0
SAT_P3_S2,6928797.155110,0.001054,0.925149,20120.000000,0,0
SAT_P3_S2,6929206.889495,0.001088,0.925171,20160.000000,0,0
SAT_P3_S2,6929585.740448,0.001116,0.925192,20200.000000,0,0
SAT_P3_S2,6929930.918348,0.001139,0.925211,20240.000000,0,0
SAT_P3_S2,6930239.823699,0.001157,0.925227,20280.000000,0,0
SAT_P3_S2,6930510.093387,0.001170,0.925241,20320.000000,0,0
SAT_P3_S2,6930739.687059,0.001177,0.925253,20360.000000,0,0
SAT_P3_S2,6930926.767438,0.001178,0.925263,20400.000000,0,0
SAT_P3_S2,6931069.787355,0.001173,0.925270,20440.000000,0,0
SAT_P3_S2,6931167.521569,0.001162,0.925275,20480.000000,0,0
SAT_P3_S2,6931219.083189,0.001145,0.925277,20520.000000,0,0
SAT_P3_S2,6931223.912390,0.001123,0.925277,20560.000000,0,0
SAT_P3_S2,6931181.792250,0.001094,0.925274,20600.000000,0,0
SAT_P3_S2,6931092.943196,0.001060,0.925269,20640.000000,0,0
SAT_P3_S2,6930957.987012,0.001019,0.925261,20680.000000,0,0
SAT_P3_S2,6930777.899967,0.000974,0.925251,20720.000000,0,0
SAT_P3_S2,6930554.060403,0.000923,0.925238,20760.000000,0,0
SAT_P3_S2,6930288.239370,0.000868,0.925223,20800.000000,0,0
SAT_P3_S2,6929982.554901,0.000808,0.925206,20840.000000,0,0
SAT_P3_S2,6929639.420136,0.000743,0.925187,20880.000000,0,0
SAT_P3_S2,6929261.545568,0.000676,0.925167,20920.000000,0,0
SAT_P3_S2,6928851.976147,0.000605,0.925144,20960.000000,0,0
SAT_P3_S2,6928413.924998,0.000533,0.925121,21000.000000,0,0
SAT_P3_S2,6927950.807435,0.000459,0.925095,21040.000000,0,0
SAT_P3_S2,6927466.221084,0.000386,0.925069,21080.000000,0,0
SAT_P3_S2,6926963.912552,0.000316,0.925042,21120.000000,0,0
SAT_P3_S2,6926447.719154,0.000255,0.925014,21160.000000,0,0
SAT_P3_S2,6925921.540583,0.000212,0.924986,21200.000000,0,0
SAT_P3_S2,6925389.393122,0.000199,0.924957,21240.000000,0,0
SAT_P3_S2,6924855.340377,0.000223,0.924928,21280.000000,0,0
SAT_P3_S2,6924323.418263,0.000273,0.924900,21320.000000,0,0
SAT_P3_S2,6923797.659479,0.000338,0.924871,21360.000000,0,0
SAT_P3_S2,6923282.067288,0.000409,0.924844,21400.000000,0,0
SAT_P3_S2,6922780.559062,0.000482,0.924817,21440.000000,0,0
SAT_P3_S2,6922296.908585,0.000555,0.924791,21480.000000,0,0
SAT_P3_S2,6921834.746671,0.000627,0.924766,21520.000000,0,0
SAT_P3_S2,6921397.601259,0.000696,0.924743,21560.000000,0,0
SAT_P3_S2,6920988.737963,0.000762,0.924721,21600.000000,0,0
SAT_P3_S2,6920611.203402,0.000824,0.924701,21640.000000,0,0
SAT_P3_S2,6920267.816584,0.000882,0.924683,21680.000000,0,0
SAT_P3_S2,6919961.143091,0.000936,0.924667,21720.000000,0,0
SAT_P3_S2,6919693.453917,0.000984,0.924653,21760.000000,0,0
SAT_P3_S2,6919466.770061,0.001027,0.924641,21800.000000,0,0
SAT_P3_S2,6919282.811104,0.001064,0.924631,21840.000000,0,0
SAT_P3_S2,6919143.014600,0.001095,0.924625,21880.000000,0,0
SAT_P3_S2,6919048.524918,0.001120,0.924620,21920.000000,0,0
SAT_P3_S2,6919000.151269,0.001139,0.924618,21960.000000,0,0
SAT_P3_S2,6918998.350410,0.001152,0.924619,22000.000000,0,0
SAT_P3_S2,6919043.287507,0.001158,0.924622,22040.000000,0,0
SAT_P3_S2,6919134.793467,0.001157,0.924627,22080.000000,0,0
SAT_P3_S2,6919272.300073,0.001151,0.924635,22120.000000,0,0
SAT_P3_S2,6919454.890130,0.001138,0.924646,22160.000000,0,0
SAT_P3_S2,6919681.303837,0.001118,0.924659,22200.000000,0,0
SAT_P3_S2,6919949.922655,0.001093,0.924674,22240.000000,0,0
SAT_P3_S2,6920258.755109,0.001062,0.924691,22280.000000,0,0
SAT_P3_S2,6920605.483121,0.001025,0.924710,22320.000000,0,0
SAT_P3_S2,6920987.559546,0.000982,0.924731,22360.000000,0,0
SAT_P3_S2,6921402.099473,0.000935,0.924753,22400.000000,0,0
SAT_P3_S2,6921845.966416,0.000882,0.924777,22440.000000,0,0
SAT_P3_S2,6922315.810140,0.000826,0.924802,22480.000000,0,0
SAT_P3_S2,6922808.086369,0.000765,0.924829,22520.000000,0,0
SAT_P3_S2,6923319.048280,0.000701,0.924856,22560.000000,0,0
SAT_P3_S2,6923844.763137,0.000633,0.924884,22600.000000,0,0
SAT_P3_S2,6924381.208017,0.000563,0.924912,22640.000000,0,0
SAT_P3_S2,6924924.261451,0.000491,0.924941,22680.000000,0,0
SAT_P3_S2,6925469.673044,0.000416,0.924970,22720.000000,0,0
SAT_P3_S2,6926013.149128,0.000341,0.924998,22760.000000,0,0
SAT_P3_S2,6926550.394084,0.000264,0.925026,22800.000000,0,0
SAT_P3_S2,6927077.127250,0.000187,0.925054,22840.000000,0,0
SAT_P3_S2,6927589.099983,0.000111,0.925080,22880.000000,0,0
SAT_P3_S2,6928082.171354,0.000035,0.925106,22920.000000,0,0
SAT_P3_S2,6928552.431501,0.000041,0.925130,22960.000000,0,0
SAT_P3_S2,6928996.110611,0.000115,0.925154,23000.000000,0,0
SAT_P3_S2,6929409.680063,0.000186,0.925175,23040.000000,0,0
SAT_P3_S2,6929789.899267,0.000256,0.925195,23080.000000,0,0
SAT_P3_S2,6930133.819400,0.000323,0.925213,23120.000000,0,0
SAT_P3_S2,6930438.803673,0.000387,0.925229,23160.000000,0,0
SAT_P3_S2,6930702.537727,0.000447,0.925243,23200.000000,0,0
SAT_P3_S2,6930923.055932,0.000504,0.925255,23240.000000,0,0
SAT_P3_S2,6931098.724272,0.000558,0.925264,23280.000000,0,0
SAT_P3_S2,6931228.213327,0.000608,0.925271,23320.000000,0,0
SAT_P3_S2,6931310.522197,0.000653,0.925275,23360.000000,0,0
SAT_P3_S2,6931345.066446,0.000695,0.925277,23400.000000,0,0
SAT_P3_S2,6931331.564734,0.000732,0.925276,23440.000000,0,0
SAT_P3_S2,6931270.090881,0.000765,0.925272,23480.000000,0,0
SAT_P3_S2,6931161.106112,0.000794,0.925266,23520.000000,0,0
SAT_P3_S2,6931005.466500,0.000819,0.925258,23560.000000,0,0
SAT_P3_S2,6930804.395760,0.000840,0.925247,23600.000000,0,0
SAT_P3_S2,6930559.472199,0.000856,0.925233,23640.000000,0,0
SAT_P3_S2,6930272.685154,0.000869,0.925218,23680.000000,0,0
SAT_P3_S2,6929946.407056,0.000878,0.925200,23720.000000,0,0
SAT_P3_S2,6929583.280732,0.000884,0.925180,23760.000000,0,0
SAT_P3_S2,6929186.245700,0.000886,0.925158,23800.000000,0,0
SAT_P3_S2,6928758.501121,0.000886,0.925135,23840.000000,0,0
SAT_P3_S2,6928303.442714,0.000882,0.925110,23880.000000,0,0
SAT_P3_S2,6927824.592588,0.000876,0.925084,23920.000000,0,0
SAT_P3_S2,6927325.584056,0.000868,0.925057,23960.000000,0,0
SAT_P3_S2,6926810.216333,0.000858,0.925029,24000.000000,0,0
SAT_P3_S2,6926282.313267,0.000846,0.925000,24040.000000,0,0
SAT_P3_S2,6925745.753178,0.000833,0.924971,24080.000000,0,0
SAT_P3_S2,6925204.484168,0.000818,0.924941,24120.000000,0,0
SAT_P3_S2,6924662.518880,0.000802,0.924912,24160.000000,0,0
SAT_P3_S2,6924123.897446,0.000785,0.924883,24200.000000,0,0
SAT_P3_S2,6923592.666028,0.000767,0.924854,24240.000000,0,0
SAT_P3_S2,6923072.925392,0.000748,0.924826,24280.000000,0,0
SAT_P3_S2,6922568.793943,0.000729,0.924799,24320.000000,0,0
SAT_P3_S2,6922084.283585,0.000708,0.924773,24360.000000,0,0
SAT_P3_S2,6921623.313625,0.000687,0.924748,24400.000000,0,0
SAT_P3_S2,6921189.658536,0.000664,0.924725,24440.000000,0,0
SAT_P3_S2,6920786.869846,0.000641,0.924703,24480.000000,0,0
SAT_P3_S2,6920418.191544,0.000616,0.924683,24520.000000,0,0
SAT_P3_S2,6920086.531572,0.000590,0.924666,24560.000000,0,0
SAT_P3_S2,6919794.505804,0.000562,0.924650,24600.000000,0,0
SAT_P3_S2,6919544.295243,0.000533,0.924636,24640.000000,0,0
SAT_P3_S2,6919337.677874,0.000501,0.924625,24680.000000,0,0
SAT_P3_S2,6919176.054360,0.000468,0.924617,24720.000000,0,0
SAT_P3_S2,6919060.461689,0.000432,0.924610,24760.000000,0,0
SAT_P3_S2,6918991.562455,0.000394,0.924607,24800.000000,0,0
SAT_P3_S2,6918969.656717,0.000354,0.924605,24840.000000,0,0
SAT_P3_S2,6918994.771595,0.000312,0.924607,24880.000000,0,0
SAT_P3_S2,6919066.669424,0.000267,0.924611,24920.000000,0,0
SAT_P3_S2,6919184.769483,0.000221,0.924617,24960.000000,0,0
SAT_P3_S2,6919348.212858,0.000173,0.924626,25000.000000,0,0
SAT_P3_S2,6919555.859147,0.000127,0.924638,25040.000000,0,0
SAT_P3_S2,6919806.255792,0.000087,0.924651,25080.000000,0,0
SAT_P3_S2,6920097.598687,0.000072,0.924667,25120.000000,0,0
SAT_P3_S2,6920427.745464,0.000099,0.924685,25160.000000,0,0
SAT_P3_S2,6920794.296348,0.000148,0.924705,25200.000000,0,0
SAT_P3_S2,6921194.485055,0.000205,0.924726,25240.000000,0,0
SAT_P3_S2,6921625.239563,0.000266,0.924750,25280.000000,0,0
SAT_P3_S2,6922083.232999,0.000328,0.924774,25320.000000,0,0
SAT_P3_S2,6922564.919113,0.000392,0.924800,25360.000000,0,0
SAT_P3_S2,6923066.540691,0.000456,0.924827,25400.000000,0,0
SAT_P3_S2,6923584.159044,0.000520,0.924855,25440.000000,0,0
SAT_P3_S2,6924113.760545,0.000584,0.924883,25480.000000,0,0
SAT_P3_S2,6924651.281798,0.000647,0.924912,25520.000000,0,0
SAT_P3_S2,6925192.550115,0.000708,0.924941,25560.000000,0,0
SAT_P3_S2,6925733.369214,0.000767,0.924970,25600.000000,0,0
SAT_P3_S2,6926269.540714,0.000824,0.924998,25640.000000,0,0
SAT_P3_S2,6926796.860907,0.000878,0.925026,25680.000000,0,0
SAT_P3_S2,6927311.112057,0.000929,0.925054,25720.000000,0,0
SAT_P3_S2,6927808.111004,0.000977,0.925081,25760.000000,0,0
SAT_P3_S2,6928283.830085,0.001021,0.925106,25800.000000,0,0
SAT_P3_S2,6928734.322354,0.001060,0.925130,25840.000000,0,0
SAT_P3_S2,6929155.820700,0.001095,0.925153,25880.000000,0,0
SAT_P3_S2,6929544.823123,0.001124,0.925174,25920.000000,0,0
SAT_P3_S2,6929898.155422,0.001148,0.925194,25960.000000,0,0
SAT_P3_S2,6930212.998398,0.001167,0.925211,26000.000000,0,0
SAT_P3_S2,6930486.926311,0.001180,0.925226,26040.000000,0,0
SAT_P3_S2,6930718.009095,0.001187,0.925239,26080.000000,0,0
SAT_P3_S2,6930904.818748,0.001188,0.925250,26120.000000,0,0
SAT_P3_S2,6931046.339025,0.001183,0.925259,26160.000000,0,0
SAT_P3_S2,6931142.004955,0.001172,0.925264,26200.000000,0,0
SAT_P3_S2,6931191.666737,0.001155,0.925268,26240.000000,0,0
SAT_P3_S2,6931195.520090,0.001133,0.925268,26280.000000,0,0
SAT_P3_S2,6931154.024948,0.001104,0.925266,26320.000000,0,0
SAT_P3_S2,6931067.877242,0.001070,0.925262,26360.000000,0,0
SAT_P3_S2,6930938.051452,0.001031,0.925255,26400.000000,0,0
SAT_P3_S2,6930765.657711,0.000986,0.925245,26440.000000,0,0
SAT_P3_S2,6930551.974520,0.000937,0.925233,26480.000000,0,0
SAT_P3_S2,6930298.478354,0.000883,0.925218,26520.000000,0,0
SAT_P3_S2,6930006.862600,0.000824,0.925202,26560.000000,0,0
SAT_P3_S2,6929679.031606,0.000762,0.925183,26600.000000,0,0
SAT_P3_S2,6929317.116870,0.000696,0.925163,26640.000000,0,0
SAT_P3_S2,6928923.570322,0.000628,0.925141,26680.000000,0,0
SAT_P3_S2,6928501.169299,0.000557,0.925117,26720.000000,0,0
SAT_P3_S2,6928052.926383,0.000485,0.925092,26760.000000,0,0
SAT_P3_S2,6927582.139320,0.000413,0.925066,26800.000000,0,0
SAT_P3_S2,6927092.362347,0.000344,0.925038,26840.000000,0,0
SAT_P3_S2,6926587.342998,0.000281,0.925010,26880.000000,0,0
SAT_P3_S2,6926070.943787,0.000234,0.924982,26920.000000,0,0
SAT_P3_S2,6925547.110578,0.000212,0.924953,26960.000000,0,0
SAT_P3_S2,6925019.902696,0.000224,0.924924,27000.000000,0,0
SAT_P3_S2,6924493.334489,0.000266,0.924896,27040.000000,0,0
SAT_P3_S2,6923971.382341,0.000325,0.924867,27080.000000,0,0
SAT_P3_S2,6923457.981800,0.000393,0.924839,27120.000000,0,0
SAT_P3_S2,6922957.009995,0.000464,0.924812,27160.000000,0,0
SAT_P3_S2,6922472.241453,0.000537,0.924786,27200.000000,0,0
SAT_P3_S2,6922007.324451,0.000608,0.924761,27240.000000,0,0
SAT_P3_S2,6921565.832961,0.000678,0.924737,27280.000000,0,0
SAT_P3_S2,6921151.237201,0.000745,0.924715,27320.000000,0,0
SAT_P3_S2,6920766.788518,0.000808,0.924694,27360.000000,0,0
SAT_P3_S2,6920415.546143,0.000868,0.924676,27400.000000,0,0
SAT_P3_S2,6920100.338107,0.000922,0.924659,27440.000000,0,0
SAT_P3_S2,6919823.680792,0.000972,0.924644,27480.000000,0,0
SAT_P3_S2,6919587.763686,0.001016,0.924632,27520.000000,0,0
SAT_P3_S2,6919394.408559,0.001055,0.924622,27560.000000,0,0
SAT_P3_S2,6919245.047329,0.001088,0.924614,27600.000000,0,0
SAT_P3_S2,6919140.735197,0.001115,0.924609,27640.000000,0,0
SAT_P3_S2,6919082.133153,0.001135,0.924606,27680.000000,0,0
SAT_P3_S2,6919069.501977,0.001149,0.924606,27720.000000,0,0
SAT_P3_S2,6919102.765560,0.001157,0.924608,27760.000000,0,0
SAT_P3_S2,6919181.612081,0.001159,0.924613,27800.000000,0,0
SAT_P3_S2,6919305.379995,0.001154,0.924621,27840.000000,0,0
SAT_P3_S2,6919473.151946,0.001143,0.924630,27880.000000,0,0
SAT_P3_S2,6919683.770446,0.001126,0.924643,27920.000000,0,0
SAT_P3_S2,6919935.827584,0.001103,0.924657,27960.000000,0,0
SAT_P3_S2,6920227.620934,0.001074,0.924674,28000.000000,0,0
SAT_P3_S2,6920557.132570,0.001039,0.924692,28040.000000,0,0
SAT_P3_S2,6920922.081699,0.000999,0.924713,28080.000000,0,0
SAT_P3_S2,6921319.860348,0.000954,0.924735,28120.000000,0,0
SAT_P3_S2,6921747.492634,0.000904,0.924759,28160.000000,0,0
SAT_P3_S2,6922201.692829,0.000850,0.924784,28200.000000,0,0
SAT_P3_S2,6922678.902290,0.000791,0.924810,28240.000000,0,0
SAT_P3_S2,6923175.312775,0.000729,0.924837,28280.000000,0,0
SAT_P3_S2,6923686.903817,0.000663,0.924865,28320.000000,0,0
SAT_P3_S2,6924209.551728,0.000594,0.924894,28360.000000,0,0
SAT_P3_S2,6924739.176552,0.000524,0.924923,28400.000000,0,0
SAT_P3_S2,6925271.664542,0.000451,0.924952,28440.000000,0,0
SAT_P3_S2,6925802.998201,0.000377,0.924981,28480.000000,0,0
SAT_P3_S2,6926329.298253,0.000302,0.925009,28520.000000,0,0
SAT_P3_S2,6926846.829957,0.000226,0.925037,28560.000000,0,0
SAT_P3_S2,6927351.966687,0.000150,0.925064,28600.000000,0,0
SAT_P3_S2,6927841.168322,0.000075,0.925090,28640.000000,0,0
SAT_P3_S2,6928311.023773,0.000011,0.925115,28680.000000,0,0
SAT_P3_S2,6928758.172777,0.000075,0.925138,28720.000000,0,0
SAT_P3_S2,6929179.249840,0.000147,0.925160,28760.000000,0,0
SAT_P3_S2,6929570.925103,0.000218,0.925180,28800.000000,0,0
SAT_P3_S2,6929929.922613,0.000286,0.925198,28840.000000,0,0
SAT_P3_S2,6930253.038568,0.000352,0.925214,28880.000000,0,0
SAT_P3_S2,6930537.212627,0.000415,0.925228,28920.000000,0,0
SAT_P3_S2,6930779.616479,0.000475,0.925239,28960.000000,0,0
SAT_P3_S2,6930977.752137,0.000531,0.925249,29000.000000,0,0
SAT_P3_S2,6931129.507371,0.000584,0.925255,29040.000000,0,0
SAT_P3_S2,6931233.214311,0.000632,0.925260,29080.000000,0,0
SAT_P3_S2,6931287.762830,0.000676,0.925261,29120.000000,0,0
SAT_P3_S2,6931292.662655,0.000716,0.925261,29160.000000,0,0
SAT_P3_S2,6931247.929142,0.000751,0.925257,29200.000000,0,0
SAT_P3_S2,6931154.139099,0.000782,0.925251,29240.000000,0,0
SAT_P3_S2,6931012.389236,0.000809,0.925242,29280.000000,0,0
SAT_P3_S2,6930824.223945,0.000831,0.925231,29320.000000,0,0
SAT_P3_S2,6930591.539898,0.000850,0.925218,29360.000000,0,0
SAT_P3_S2,6930316.531413,0.000864,0.925202,29400.000000,0,0
SAT_P3_S2,6930001.715724,0.000874,0.925184,29440.000000,0,0
SAT_P3_S2,6929649.798123,0.000881,0.925164,29480.000000,0,0
SAT_P3_S2,6929263.651142,0.000885,0.925142,29520.000000,0,0
SAT_P3_S2,6928846.332632,0.000885,0.925119,29560.000000,0,0
SAT_P3_S2,6928401.083641,0.000883,0.925094,29600.000000,0,0
SAT_P3_S2,6927931.297815,0.000878,0.925068,29640.000000,0,0
SAT_P3_S2,6927440.502692,0.000870,0.925040,29680.000000,0,0
SAT_P3_S2,6926932.409268,0.000861,0.925012,29720.000000,0,0
SAT_P3_S2,6926410.927441,0.000850,0.924983,29760.000000,0,0
SAT_P3_S2,6925880.019133,0.000836,0.924954,29800.000000,0,0
SAT_P3_S2,6925343.739723,0.000822,0.924924,29840.000000,0,0
SAT_P3_S2,6924806.197114,0.000806,0.924895,29880.000000,0,0
SAT_P3_S2,6924271.492378,0.000789,0.924865,29920.000000,0,0
SAT_P3_S2,6923743.645751,0.000771,0.924836,29960.000000,0,0
SAT_P3_S2,6923226.569987,0.000753,0.924808,30000.000000,0,0
SAT_P3_S2,6922724.128682,0.000733,0.924780,30040.000000,0,0
SAT_P3_S2,6922240.025075,0.000712,0.924754,30080.000000,0,0
SAT_P3_S2,6921777.803454,0.000691,0.924729,30120.000000,0,0
SAT_P3_S2,6921340.881848,0.000669,0.924705,30160.000000,0,0
SAT_P3_S2,6920932.553323,0.000645,0.924683,30200.000000,0,0
SAT_P3_S2,6920555.951111,0.000621,0.924662,30240.000000,0,0
SAT_P3_S2,6920214.017874,0.000595,0.924644,30280.000000,0,0
SAT_P3_S2,6919909.533872,0.000568,0.924628,30320.000000,0,0
SAT_P3_S2,6919645.107579,0.000539,0.924613,30360.000000,0,0
SAT_P3_S2,6919423.013418,0.000508,0.924601,30400.000000,0,0
SAT_P3_S2,6919245.211091,0.000475,0.924592,30440.000000,0,0
SAT_P3_S2,6919113.294913,0.000440,0.924585,30480.000000,0,0
SAT_P3_S2,6919028.434280,0.000403,0.924581,30520.000000,0,0
SAT_P3_S2,6918991.309776,0.000364,0.924579,30560.000000,0,0
SAT_P3_S2,6919002.108142,0.000322,0.924579,30600.000000,0,0
SAT_P3_S2,6919060.616442,0.000279,0.924583,30640.000000,0,0
SAT_P3_S2,6919166.151359,0.000233,0.924588,30680.000000,0,0
SAT_P3_S2,6919317.609859,0.000186,0.924597,30720.000000,0,0
SAT_P3_S2,6919513.556651,0.000140,0.924607,30760.000000,0,0
SAT_P3_S2,6919752.279780,0.000099,0.924620,30800.000000,0,0
SAT_P3_S2,6920031.808571,0.000076,0.924636,30840.000000,0,0
SAT_P3_S2,6920349.933134,0.000091,0.924653,30880.000000,0,0
SAT_P3_S2,6920704.278342,0.000135,0.924672,30920.000000,0,0
SAT_P3_S2,6921092.334264,0.000189,0.924693,30960.000000,0,0
SAT_P3_S2,6921511.330508,0.000248,0.924716,31000.000000,0,0
SAT_P3_S2,6921958.288172,0.000310,0.924740,31040.000000,0,0
SAT_P3_S2,6922430.000156,0.000372,0.924766,31080.000000,0,0
SAT_P3_S2,6922923.002047,0.000436,0.924793,31120.000000,0,0
SAT_P3_S2,6923433.539069,0.000499,0.924820,31160.000000,0,0
SAT_P3_S2,6923957.593412,0.000563,0.924849,31200.000000,0,0
SAT_P3_S2,6924491.013242,0.000625,0.924878,31240.000000,0,0
SAT_P3_S2,6925029.475617,0.000686,0.924907,31280.000000,0,0
SAT_P3_S2,6925568.570971,0.000746,0.924936,31320.000000,0,0
SAT_P3_S2,6926103.923013,0.000803,0.924965,31360.000000,0,0
SAT_P3_S2,6926631.271650,0.000857,0.924993,31400.000000,0,0
SAT_P3_S2,6927146.511775,0.000909,0.925021,31440.000000,0,0
SAT_P3_S2,6927645.727123,0.000957,0.925048,31480.000000,0,0
SAT_P3_S2,6928125.270567,0.001002,0.925074,31520.000000,0,0
SAT_P3_S2,6928581.791448,0.001042,0.925098,31560.000000,0,0
SAT_P3_S2,6929012.100984,0.001078,0.925121,31600.000000,0,0
SAT_P3_S2,6929413.208711,0.001109,0.925143,31640.000000,0,0
SAT_P3_S2,6929782.284427,0.001136,0.925162,31680.000000,0,0
SAT_P3_S2,6930116.610026,0.001157,0.925180,31720.000000,0,0
SAT_P3_S2,6930413.528914,0.001173,0.925196,31760.000000,0,0
SAT_P3_S2,6930670.460150,0.001183,0.925209,31800.000000,0,0
SAT_P3_S2,6930885.021556,0.001187,0.925220,31840.000000,0,0
SAT_P3_S2,6931054.991806,0.001185,0.925229,31880.000000,0,0
SAT_P3_S2,6931178.401300,0.001178,0.925235,31920.000000,0,0
SAT_P3_S2,6931253.664991,0.001163,0.925238,31960.000000,0,0
SAT_P3_S2,6931279.680979,0.001143,0.925240,32000.000000,0,0
SAT_P3_S2,6931255.884303,0.001116,0.925238,32040.000000,0,0
SAT_P3_S2,6931182.292788,0.001083,0.925235,32080.000000,0,0
SAT_P3_S2,6931059.593597,0.001044,0.925228,32120.000000,0,0
SAT_P3_S2,6930889.165084,0.000999,0.925220,32160.000000,0,0
SAT_P3_S2,6930672.918962,0.000949,0.925209,32200.000000,0,0
SAT_P3_S2,6930413.301635,0.000893,0.925195,32240.000000,0,0
SAT_P3_S2,6930113.199586,0.000833,0.925180,32280.000000,0,0
SAT_P3_S2,6929775.818327,0.000770,0.925162,32320.000000,0,0
SAT_P3_S2,6929404.544771,0.000702,0.925143,32360.000000,0,0
SAT_P3_S2,6929002.859955,0.000633,0.925121,32400.000000,0,0
SAT_P3_S2,6928574.345556,0.000561,0.925098,32440.000000,0,0
SAT_P3_S2,6928122.540513,0.000489,0.925074,32480.000000,0,0
SAT_P3_S2,6927650.923012,0.000417,0.925048,32520.000000,0,0
SAT_P3_S2,6927162.941911,0.000348,0.925021,32560.000000,0,0
SAT_P3_S2,6926662.034153,0.000286,0.924993,32600.000000,0,0
SAT_P3_S2,6926151.617409,0.000237,0.924965,32640.000000,0,0
SAT_P3_S2,6925635.096851,0.000214,0.924936,32680.000000,0,0
SAT_P3_S2,6925115.941268,0.000223,0.924907,32720.000000,0,0
SAT_P3_S2,6924597.722937,0.000262,0.924878,32760.000000,0,0
SAT_P3_S2,6924083.990116,0.000318,0.924849,32800.000000,0,0
SAT_P3_S2,6923578.328285,0.000384,0.924821,32840.000000,0,0
SAT_P3_S2,6923084.333381,0.000454,0.924793,32880.000000,0,0
SAT_P3_S2,6922605.563867,0.000525,0.924766,32920.000000,0,0
SAT_P3_S2,6922145.475066,0.000595,0.924741,32960.000000,0,0
SAT_P3_S2,6921707.396469,0.000664,0.924716,33000.000000,0,0
SAT_P3_S2,6921294.588171,0.000730,0.924693,33040.000000,0,0
SAT_P3_S2,6920910.127805,0.000793,0.924672,33080.000000,0,0
SAT_P3_S2,6920556.904621,0.000853,0.924653,33120.000000,0,0
SAT_P3_S2,6920237.641031,0.000907,0.924636,33160.000000,0,0
SAT_P3_S2,6919954.876014,0.000958,0.924620,33200.000000,0,0
SAT_P3_S2,6919710.920820,0.001003,0.924607,33240.000000,0,0
SAT_P3_S2,6919507.865538,0.001042,0.924597,33280.000000,0,0
SAT_P3_S2,6919347.524177,0.001076,0.924588,33320.000000,0,0
SAT_P3_S2,6919231.419426,0.001104,0.924582,33360.000000,0,0
SAT_P3_S2,6919160.731524,0.001126,0.924579,33400.000000,0,0
SAT_P3_S2,6919136.225943,0.001142,0.924578,33440.000000,0,0
SAT_P3_S2,6919158.220887,0.001151,0.924580,33480.000000,0,0
SAT_P3_S2,6919226.644469,0.001153,0.924584,33520.000000,0,0
SAT_P3_S2,6919340.962315,0.001150,0.924590,33560.000000,0,0
SAT_P3_S2,6919500.169179,0.001139,0.924599,33600.000000,0,0
SAT_P3_S2,6919702.861691,0.001123,0.924611,33640.000000,0,0
SAT_P3_S2,6919947.287046,0.001101,0.924625,33680.000000,0,0
SAT_P3_S2,6920231.367543,0.001072,0.924641,33720.000000,0,0
SAT_P3_S2,6920552.731800,0.001039,0.924659,33760.000000,0,0
SAT_P3_S2,6920908.806210,0.000999,0.924679,33800.000000,0,0
SAT_P3_S2,6921296.908406,0.000955,0.924701,33840.000000,0,0
SAT_P3_S2,6921714.131568,0.000906,0.924724,33880.000000,0,0
SAT_P3_S2,6922157.428860,0.000853,0.924749,33920.000000,0,0
SAT_P3_S2,6922623.607896,0.000795,0.924775,33960.000000,0,0
SAT_P3_S2,6923109.305618,0.000734,0.924802,34000.000000,0,0
SAT_P3_S2,6923610.940868,0.000670,0.924830,34040.000000,0,0
SAT_P3_S2,6924124.706924,0.000602,0.924859,34080.000000,0,0
SAT_P3_S2,6924646.655553,0.000532,0.924888,34120.000000,0,0
SAT_P3_S2,6925172.656132,0.000460,0.924917,34160.000000,0,0
SAT_P3_S2,6925698.421706,0.000387,0.924946,34200.000000,0,0
SAT_P3_S2,6926219.618970,0.000313,0.924975,34240.000000,0,0
SAT_P3_S2,6926731.955519,0.000238,0.925003,34280.000000,0,0
SAT_P3_S2,6927231.240031,0.000163,0.925030,34320.000000,0,0
SAT_P3_S2,6927713.445204,0.000089,0.925057,34360.000000,0,0
SAT_P3_S2,6928174.825024,0.000024,0.925082,34400.000000,0,0
SAT_P3_S2,6928612.023905,0.000062,0.925106,34440.000000,0,0
SAT_P3_S2,6929021.961965,0.000132,0.925128,34480.000000,0,0
SAT_P3_S2,6929401.912146,0.000200,0.925149,34520.000000,0,0
SAT_P3_S2,6929749.472440,0.000266,0.925168,34560.000000,0,0
SAT_P3_S2,6930062.498106,0.000330,0.925184,34600.000000,0,0
SAT_P3_S2,6930339.049381,0.000391,0.925199,34640.000000,0,0
SAT_P3_S2,6930577.331602,0.000449,0.925211,34680.000000,0,0
SAT_P3_S2,6930775.673907,0.000504,0.925221,34720.000000,0,0
SAT_P3_S2,6930932.503773,0.000556,0.925229,34760.000000,0,0
SAT_P3_S2,6931046.321363,0.000604,0.925234,34800.000000,0,0
SAT_P3_S2,6931115.734388,0.000648,0.925236,34840.000000,0,0
SAT_P3_S2,6931139.608846,0.000688,0.925236,34880.000000,0,0
SAT_P3_S2,6931117.080896,0.000725,0.925233,34920.000000,0,0
SAT_P3_S2,6931047.609775,0.000756,0.925228,34960.000000,0,0
SAT_P3_S2,6930931.111192,0.000784,0.925220,35000.000000,0,0
SAT_P3_S2,6930768.025392,0.000808,0.925210,35040.000000,0,0
SAT_P3_S2,6930559.330402,0.000827,0.925197,35080.000000,0,0
SAT_P3_S2,6930306.532412,0.000842,0.925182,35120.000000,0,0
SAT_P3_S2,6930011.685508,0.000853,0.925165,35160.000000,0,0
SAT_P3_S2,6929677.396192,0.000861,0.925146,35200.000000,0,0
SAT_P3_S2,6929306.628855,0.000865,0.925125,35240.000000,0,0
SAT_P3_S2,6928902.691408,0.000865,0.925103,35280.000000,0,0
SAT_P3_S2,6928469.154617,0.000863,0.925079,35320.000000,0,0
SAT_P3_S2,6928009.764914,0.000858,0.925053,35360.000000,0,0
SAT_P3_S2,6927528.345496,0.000851,0.925027,35400.000000,0,0
SAT_P3_S2,6927028.746704,0.000841,0.924999,35440.000000,0,0
SAT_P3_S2,6926514.900527,0.000830,0.924971,35480.000000,0,0
SAT_P3_S2,6925990.743689,0.000817,0.924943,35520.000000,0,0
SAT_P3_S2,6925460.185522,0.000802,0.924913,35560.000000,0,0
SAT_P3_S2,6924927.160481,0.000787,0.924884,35600.000000,0,0
SAT_P3_S2,6924395.634459,0.000770,0.924855,35640.000000,0,0
SAT_P3_S2,6923869.573310,0.000753,0.924827,35680.000000,0,0
SAT_P3_S2,6923352.906272,0.000735,0.924798,35720.000000,0,0
SAT_P3_S2,6922849.540504,0.000716,0.924771,35760.000000,0,0
SAT_P3_S2,6922363.384185,0.000697,0.924744,35800.000000,0,0
SAT_P3_S2,6921898.167921,0.000677,0.924719,35840.000000,0,0
SAT_P3_S2,6921457.485300,0.000656,0.924695,35880.000000,0,0
SAT_P3_S2,6921044.738868,0.000635,0.924672,35920.000000,0,0
SAT_P3_S2,6920663.093436,0.000612,0.924652,35960.000000,0,0
SAT_P3_S2,6920315.452955,0.000588,0.924633,36000.000000,0,0
SAT_P3_S3,6928137.000000,0.000000,0.925025,0.000000,0,0
SAT_P3_S3,6927687.111861,0.000071,0.925000,40.000000,0,0
SAT_P3_S3,6927263.622848,0.000140,0.924977,80.000000,0,0
SAT_P3_S3,6926869.842671,0.000207,0.924956,120.000000,0,0
SAT_P3_S3,6926508.898617,0.000271,0.924936,160.000000,0,0
SAT_P3_S3,6926183.705894,0.000332,0.924919,200.000000,0,0
SAT_P3_S3,6925896.935670,0.000389,0.924903,240.000000,0,0
SAT_P3_S3,6925650.943339,0.000444,0.924890,280.000000,0,0
SAT_P3_S3,6925447.710812,0.000494,0.924879,320.000000,0,0
SAT_P3_S3,6925288.864533,0.000540,0.924870,360.000000,0,0
SAT_P3_S3,6925175.683138,0.000583,0.924864,400.000000,0,0
SAT_P3_S3,6925108.972182,0.000620,0.924861,440.000000,0,0
SAT_P3_S3,6925089.138014,0.000654,0.924860,480.000000,0,0
SAT_P3_S3,6925116.205248,0.000683,0.924861,520.000000,0,0
SAT_P3_S3,6925189.824996,0.000707,0.924865,560.000000,0,0
SAT_P3_S3,6925309.271367,0.000728,0.924871,600.000000,0,0
SAT_P3_S3,6925473.481308,0.000744,0.924880,640.000000,0,0
SAT_P3_S3,6925681.168529,0.000756,0.924891,680.000000,0,0
SAT_P3_S3,6925930.748061,0.000764,0.924905,720.000000,0,0
SAT_P3_S3,6926220.357403,0.000769,0.924920,760.000000,0,0
SAT_P3_S3,6926547.894361,0.000770,0.924938,800.000000,0,0
SAT_P3_S3,6926911.014313,0.000768,0.924958,840.000000,0,0
SAT_P3_S3,6927307.092956,0.000763,0.924979,880.000000,0,0
SAT_P3_S3,6927733.199309,0.000755,0.925002,920.000000,0,0
SAT_P3_S3,6928186.140050,0.000745,0.925027,960.000000,0,0
SAT_P3_S3,6928662.491281,0.000734,0.925053,1000.000000,0,0
SAT_P3_S3,6929158.501534,0.000721,0.925079,1040.000000,0,0
SAT_P3_S3,6929670.191576,0.000707,0.925107,1080.000000,0,0
SAT_P3_S3,6930193.403856,0.000692,0.925135,1120.000000,0,0
SAT_P3_S3,6930723.846223,0.000677,0.925164,1160.000000,0,0
SAT_P3_S3,6931257.127327,0.000662,0.925193,1200.000000,0,0
SAT_P3_S3,6931788.839030,0.000648,0.925221,1240.000000,0,0
SAT_P3_S3,6932314.716698,0.000634,0.925250,1280.000000,0,0
SAT_P3_S3,6932830.603810,0.000620,0.925278,1320.000000,0,0
SAT_P3_S3,6933332.511468,0.000608,0.925306,1360.000000,0,0
SAT_P3_S3,6933816.688772,0.000596,0.925332,1400.000000,0,0
SAT_P3_S3,6934279.641478,0.000584,0.925358,1440.000000,0,0
SAT_P3_S3,6934718.105351,0.000574,0.925382,1480.000000,0,0
SAT_P3_S3,6935129.019064,0.000564,0.925404,1520.000000,0,0
SAT_P3_S3,6935509.555580,0.000554,0.925425,1560.000000,0,0
SAT_P3_S3,6935857.129422,0.000543,0.925445,1600.000000,0,0
SAT_P3_S3,6936169.273072,0.000533,0.925462,1640.000000,0,0
SAT_P3_S3,6936443.699228,0.000522,0.925477,1680.000000,0,0
SAT_P3_S3,6936678.313894,0.000509,0.925490,1720.000000,0,0
SAT_P3_S3,6936871.224935,0.000496,0.925501,1760.000000,0,0
SAT_P3_S3,6937020.745380,0.000481,0.925510,1800.000000,0,0
SAT_P3_S3,6937125.448991,0.000465,0.925516,1840.000000,0,0
SAT_P3_S3,6937184.311701,0.000447,0.925520,1880.000000,0,0
SAT_P3_S3,6937196.660170,0.000427,0.925521,1920.000000,0,0
SAT_P3_S3,6937162.220020,0.000406,0.925520,1960.000000,0,0
SAT_P3_S3,6937081.177950,0.000384,0.925516,2000.000000,0,0
SAT_P3_S3,6936954.190325,0.000361,0.925510,2040.000000,0,0
SAT_P3_S3,6936782.342764,0.000338,0.925502,2080.000000,0,0
SAT_P3_S3,6936567.104291,0.000316,0.925492,2120.000000,0,0
SAT_P3_S3,6936310.332913,0.000296,0.925479,2160.000000,0,0
SAT_P3_S3,6936014.248469,0.000280,0.925464,2200.000000,0,0
SAT_P3_S3,6935681.268441,0.000271,0.925447,2240.000000,0,0
SAT_P3_S3,6935314.023326,0.000270,0.925428,2280.000000,0,0
SAT_P3_S3,6934915.319054,0.000277,0.925407,2320.000000,0,0
SAT_P3_S3,6934488.095472,0.000294,0.925385,2360.000000,0,0
SAT_P3_S3,6934035.381968,0.000319,0.925361,2400.000000,0,0
SAT_P3_S3,6933560.309529,0.000352,0.925336,2440.000000,0,0
SAT_P3_S3,6933066.215704,0.000389,0.925309,2480.000000,0,0
SAT_P3_S3,6932556.566962,0.000430,0.925282,2520.000000,0,0
SAT_P3_S3,6932034.987156,0.000474,0.925254,2560.000000,0,0
SAT_P3_S3,6931505.307226,0.000519,0.925226,2600.000000,0,0
SAT_P3_S3,6930971.566218,0.000566,0.925197,2640.000000,0,0
SAT_P3_S3,6930437.965029,0.000612,0.925169,2680.000000,0,0
SAT_P3_S3,6929908.813512,0.000657,0.925140,2720.000000,0,0
SAT_P3_S3,6929388.524556,0.000701,0.925112,2760.000000,0,0
SAT_P3_S3,6928881.568508,0.000743,0.925085,2800.000000,0,0
SAT_P3_S3,6928392.282870,0.000782,0.925059,2840.000000,0,0
SAT_P3_S3,6927924.853510,0.000818,0.925033,2880.000000,0,0
SAT_P3_S3,6927483.235081,0.000850,0.925009,2920.000000,0,0
SAT_P3_S3,6927071.065196,0.000879,0.924987,2960.000000,0,0
SAT_P3_S3,6926691.576308,0.000903,0.924966,3000.000000,0,0
SAT_P3_S3,6926347.567035,0.000923,0.924947,3040.000000,0,0
SAT_P3_S3,6926041.473375,0.000938,0.924930,3080.000000,0,0
SAT_P3_S3,6925775.274917,0.000948,0.924915,3120.000000,0,0
SAT_P3_S3,6925550.535763,0.000953,0.924902,3160.000000,0,0
SAT_P3_S3,6925368.449392,0.000952,0.924892,3200.000000,0,0
SAT_P3_S3,6925229.887821,0.000947,0.924884,3240.000000,0,0
SAT_P3_S3,6925135.447362,0.000935,0.924878,3280.000000,0,0
SAT_P3_S3,6925085.454463,0.000919,0.924875,3320.000000,0,0
SAT_P3_S3,6925079.981900,0.000897,0.924874,3360.000000,0,0
SAT_P3_S3,6925118.928212,0.000870,0.924876,3400.000000,0,0
SAT_P3_S3,6925202.024696,0.000838,0.924881,3440.000000,0,0
SAT_P3_S3,6925328.741422,0.000801,0.924888,3480.000000,0,0
SAT_P3_S3,6925498.337094,0.000758,0.924897,3520.000000,0,0
SAT_P3_S3,6925709.843627,0.000711,0.924909,3560.000000,0,0
SAT_P3_S3,6925962.026142,0.000660,0.924923,3600.000000,0,0
SAT_P3_S3,6926253.333252,0.000604,0.924939,3640.000000,0,0
SAT_P3_S3,6926581.897389,0.000544,0.924957,3680.000000,0,0
SAT_P3_S3,6926945.605612,0.000481,0.924977,3720.000000,0,0
SAT_P3_S3,6927341.984799,0.000414,0.924999,3760.000000,0,0
SAT_P3_S3,6927768.240188,0.000345,0.925023,3800.000000,0,0
SAT_P3_S3,6928221.293356,0.000274,0.925047,3840.000000,0,0
SAT_P3_S3,6928697.804033,0.000203,0.925073,3880.000000,0,0
SAT_P3_S3,6929194.167905,0.000137,0.925100,3920.000000,0,0
SAT_P3_S3,6929706.537796,0.000094,0.925128,3960.000000,0,0
SAT_P3_S3,6930230.926630,0.000109,0.925157,4000.000000,0,0
SAT_P3_S3,6930763.252488,0.000168,0.925185,4040.000000,0,0
SAT_P3_S3,6931299.288998,0.000240,0.925214,4080.000000,0,0
SAT_P3_S3,6931834.777125,0.000317,0.925244,4120.000000,0,0
SAT_P3_S3,6932365.474144,0.000394,0.925272,4160.000000,0,0
SAT_P3_S3,6932887.177260,0.000471,0.925301,4200.000000,0,0
SAT_P3_S3,6933395.734242,0.000546,0.925328,4240.000000,0,0
SAT_P3_S3,6933887.098987,0.000619,0.925355,4280.000000,0,0
SAT_P3_S3,6934357.448436,0.000689,0.925381,4320.000000,0,0
SAT_P3_S3,6934803.096221,0.000756,0.925405,4360.000000,0,0
SAT_P3_S3,6935220.553963,0.000819,0.925428,4400.000000,0,0
SAT_P3_S3,6935606.574877,0.000878,0.925449,4440.000000,0,0
SAT_P3_S3,6935958.158893,0.000932,0.925469,4480.000000,0,0
SAT_P3_S3,6936272.564425,0.000981,0.925486,4520.000000,0,0
SAT_P3_S3,6936547.347631,0.001025,0.925501,4560.000000,0,0
SAT_P3_S3,6936780.374099,0.001064,0.925514,4600.000000,0,0
SAT_P3_S3,6936969.804135,0.001097,0.925525,4640.000000,0,0
SAT_P3_S3,6937114.109344,0.001124,0.925533,4680.000000,0,0
SAT_P3_S3,6937212.170835,0.001144,0.925539,4720.000000,0,0
SAT_P3_S3,6937263.241039,0.001159,0.925542,4760.000000,0,0
SAT_P3_S3,6937266.918630,0.001167,0.925543,4800.000000,0,0
SAT_P3_S3,6937223.206925,0.001169,0.925541,4840.000000,0,0
SAT_P3_S3,6937132.520700,0.001165,0.925537,4880.000000,0,0
SAT_P3_S3,6936995.655332,0.001154,0.925530,4920.000000,0,0
SAT_P3_S3,6936813.750645,0.001138,0.925520,4960.000000,0,0
SAT_P3_S3,6936588.308249,0.001115,0.925509,5000.000000,0,0
SAT_P3_S3,6936321.231141,0.001087,0.925494,5040.000000,0,0
SAT_P3_S3,6936014.661487,0.001053,0.925478,5080.000000,0,0
SAT_P3_S3,6935671.021441,0.001014,0.925460,5120.000000,0,0
SAT_P3_S3,6935292.992353,0.000969,0.925439,5160.000000,0,0
SAT_P3_S3,6934883.483090,0.000921,0.925417,5200.000000,0,0
SAT_P3_S3,6934445.577360,0.000867,0.925394,5240.000000,0,0
SAT_P3_S3,6933982.516959,0.000810,0.925369,5280.000000,0,0
SAT_P3_S3,6933497.772754,0.000749,0.925342,5320.000000,0,0
SAT_P3_S3,6932994.982570,0.000686,0.925315,5360.000000,0,0
SAT_P3_S3,6932477.904484,0.000619,0.925287,5400.000000,0,0
SAT_P3_S3,6931950.456549,0.000550,0.925258,5440.000000,0,0
SAT_P3_S3,6931416.703872,0.000479,0.925230,5480.000000,0,0
SAT_P3_S3,6930880.807400,0.000406,0.925201,5520.000000,0,0
SAT_P3_S3,6930346.965585,0.000333,0.925172,5560.000000,0,0
SAT_P3_S3,6929819.406205,0.000259,0.925143,5600.000000,0,0
SAT_P3_S3,6929302.397270,0.000186,0.925115,5640.000000,0,0
SAT_P3_S3,6928800.059332,0.000113,0.925088,5680.000000,0,0
SAT_P3_S3,6928316.377288,0.000041,0.925061,5720.000000,0,0
SAT_P3_S3,6927855.153826,0.000034,0.925036,5760.000000,0,0
SAT_P3_S3,6927419.957193,0.000102,0.925013,5800.000000,0,0
SAT_P3_S3,6927014.054254,0.000168,0.924990,5840.000000,0,0
SAT_P3_S3,6926640.386175,0.000233,0.924970,5880.000000,0,0
SAT_P3_S3,6926301.640467,0.000294,0.924951,5920.000000,0,0
SAT_P3_S3,6926000.200075,0.000353,0.924935,5960.000000,0,0
SAT_P3_S3,6925738.115348,0.000408,0.924921,6000.000000,0,0
SAT_P3_S3,6925517.169966,0.000459,0.924908,6040.000000,0,0
SAT_P3_S3,6925338.899862,0.000507,0.924899,6080.000000,0,0
SAT_P3_S3,6925204.577586,0.000550,0.924891,6120.000000,0,0
SAT_P3_S3,6925115.191240,0.000590,0.924886,6160.000000,0,0
SAT_P3_S3,6925071.473173,0.000626,0.924884,6200.000000,0,0
SAT_P3_S3,6925073.945702,0.000657,0.924884,6240.000000,0,0
SAT_P3_S3,6925122.765334,0.000684,0.924887,6280.000000,0,0
SAT_P3_S3,6925217.763192,0.000707,0.924892,6320.000000,0,0
SAT_P3_S3,6925358.423109,0.000725,0.924900,6360.000000,0,0
SAT_P3_S3,6925543.851739,0.000739,0.924910,6400.000000,0,0
SAT_P3_S3,6925772.732860,0.000750,0.924922,6440.000000,0,0
SAT_P3_S3,6926043.323612,0.000757,0.924937,6480.000000,0,0
SAT_P3_S3,6926353.546736,0.000760,0.924953,6520.000000,0,0
SAT_P3_S3,6926700.964390,0.000759,0.924972,6560.000000,0,0
SAT_P3_S3,6927082.777935,0.000756,0.924993,6600.000000,0,0
SAT_P3_S3,6927495.924008,0.000751,0.925015,6640.000000,0,0
SAT_P3_S3,6927937.128498,0.000743,0.925039,6680.000000,0,0
SAT_P3_S3,6928402.928441,0.000733,0.925064,6720.000000,0,0
SAT_P3_S3,6928889.690683,0.000721,0.925090,6760.000000,0,0
SAT_P3_S3,6929393.682163,0.000709,0.925117,6800.000000,0,0
SAT_P3_S3,6929911.157534,0.000696,0.925145,6840.000000,0,0
SAT_P3_S3,6930438.240547,0.000682,0.925173,6880.000000,0,0
SAT_P3_S3,6930971.002288,0.000669,0.925202,6920.000000,0,0
SAT_P3_S3,6931505.472533,0.000656,0.925231,6960.000000,0,0
SAT_P3_S3,6932037.639046,0.000643,0.925260,7000.000000,0,0
SAT_P3_S3,6932563.427414,0.000631,0.925288,7040.000000,0,0
SAT_P3_S3,6933078.719707,0.000620,0.925316,7080.000000,0,0
SAT_P3_S3,6933579.465800,0.000609,0.925343,7120.000000,0,0
SAT_P3_S3,6934061.673841,0.000600,0.925368,7160.000000,0,0
SAT_P3_S3,6934521.425123,0.000590,0.925393,7200.000000,0,0
SAT_P3_S3,6934954.983179,0.000582,0.925417,7240.000000,0,0
SAT_P3_S3,6935358.859351,0.000573,0.925438,7280.000000,0,0
SAT_P3_S3,6935729.843244,0.000565,0.925459,7320.000000,0,0
SAT_P3_S3,6936065.026821,0.000555,0.925477,7360.000000,0,0
SAT_P3_S3,6936361.876342,0.000545,0.925493,7400.000000,0,0
SAT_P3_S3,6936618.315988,0.000534,0.925508,7440.000000,0,0
SAT_P3_S3,6936832.596527,0.000522,0.925520,7480.000000,0,0
SAT_P3_S3,6937003.354990,0.000508,0.925529,7520.000000,0,0
SAT_P3_S3,6937129.598350,0.000493,0.925537,7560.000000,0,0
SAT_P3_S3,6937210.667123,0.000475,0.925542,7600.000000,0,0
SAT_P3_S3,6937246.172967,0.000456,0.925544,7640.000000,0,0
SAT_P3_S3,6937235.969705,0.000436,0.925544,7680.000000,0,0
SAT_P3_S3,6937180.211850,0.000414,0.925542,7720.000000,0,0
SAT_P3_S3,6937079.294002,0.000390,0.925537,7760.000000,0,0
SAT_P3_S3,6936933.816912,0.000367,0.925529,7800.000000,0,0
SAT_P3_S3,6936744.649799,0.000343,0.925520,7840.000000,0,0
SAT_P3_S3,6936512.957479,0.000320,0.925507,7880.000000,0,0
SAT_P3_S3,6936240.199372,0.000300,0.925493,7920.000000,0,0
SAT_P3_S3,6935928.129057,0.000285,0.925477,7960.000000,0,0
SAT_P3_S3,6935578.849924,0.000276,0.925458,8000.000000,0,0
SAT_P3_S3,6935194.890404,0.000275,0.925438,8040.000000,0,0
SAT_P3_S3,6934779.060618,0.000283,0.925416,8080.000000,0,0
SAT_P3_S3,6934334.507047,0.000301,0.925393,8120.000000,0,0
SAT_P3_S3,6933864.686219,0.000327,0.925368,8160.000000,0,0
SAT_P3_S3,6933373.313638,0.000360,0.925342,8200.000000,0,0
SAT_P3_S3,6932864.281067,0.000399,0.925316,8240.000000,0,0
SAT_P3_S3,6932341.599943,0.000441,0.925288,8280.000000,0,0
SAT_P3_S3,6931809.422277,0.000486,0.925260,8320.000000,0,0
SAT_P3_S3,6931271.939450,0.000532,0.925232,8360.000000,0,0
SAT_P3_S3,6930733.304485,0.000578,0.925204,8400.000000,0,0
SAT_P3_S3,6930197.645755,0.000624,0.925175,8440.000000,0,0
SAT_P3_S3,6929669.049100,0.000670,0.925148,8480.000000,0,0
SAT_P3_S3,6929151.517150,0.000713,0.925120,8520.000000,0,0
SAT_P3_S3,6928648.935073,0.000755,0.925094,8560.000000,0,0
SAT_P3_S3,6928165.099858,0.000793,0.925068,8600.000000,0,0
SAT_P3_S3,6927703.779341,0.000829,0.925044,8640.000000,0,0
SAT_P3_S3,6927268.560846,0.000861,0.925020,8680.000000,0,0
SAT_P3_S3,6926862.904317,0.000889,0.924999,8720.000000,0,0
SAT_P3_S3,6926490.119207,0.000913,0.924979,8760.000000,0,0
SAT_P3_S3,6926153.319315,0.000932,0.924961,8800.000000,0,0
SAT_P3_S3,6925855.336695,0.000946,0.924945,8840.000000,0,0
SAT_P3_S3,6925598.717022,0.000955,0.924932,8880.000000,0,0
SAT_P3_S3,6925385.670760,0.000959,0.924920,8920.000000,0,0
SAT_P3_S3,6925217.991110,0.000957,0.924911,8960.000000,0,0
SAT_P3_S3,6925097.044809,0.000949,0.924904,9000.000000,0,0
SAT_P3_S3,6925023.729623,0.000936,0.924900,9040.000000,0,0
SAT_P3_S3,6924998.427268,0.000916,0.924898,9080.000000,0,0
SAT_P3_S3,6925021.011859,0.000891,0.924899,9120.000000,0,0
SAT_P3_S3,6925090.953533,0.000861,0.924902,9160.000000,0,0
SAT_P3_S3,6925207.257943,0.000825,0.924908,9200.000000,0,0
SAT_P3_S3,6925368.515228,0.000784,0.924916,9240.000000,0,0
SAT_P3_S3,6925572.990347,0.000738,0.924927,9280.000000,0,0
SAT_P3_S3,6925818.683457,0.000687,0.924940,9320.000000,0,0
SAT_P3_S3,6926103.358516,0.000633,0.924955,9360.000000,0,0
SAT_P3_S3,6926424.577814,0.000574,0.924972,9400.000000,0,0
SAT_P3_S3,6926779.796103,0.000511,0.924991,9440.000000,0,0
SAT_P3_S3,6927166.423959,0.000446,0.925013,9480.000000,0,0
SAT_P3_S3,6927581.724696,0.000378,0.925035,9520.000000,0,0
SAT_P3_S3,6928022.890409,0.000308,0.925060,9560.000000,0,0
SAT_P3_S3,6928487.032916,0.000237,0.925085,9600.000000,0,0
SAT_P3_S3,6928971.150053,0.000168,0.925112,9640.000000,0,0
SAT_P3_S3,6929472.070486,0.000109,0.925140,9680.000000,0,0
SAT_P3_S3,6929986.437984,0.000090,0.925168,9720.000000,0,0
SAT_P3_S3,6930510.773775,0.000131,0.925197,9760.000000,0,0
SAT_P3_S3,6931041.381207,0.000198,0.925226,9800.000000,0,0
SAT_P3_S3,6931574.356268,0.000273,0.925255,9840.000000,0,0
SAT_P3_S3,6932105.644594,0.000350,0.925284,9880.000000,0,0
SAT_P3_S3,6932631.084429,0.000427,0.925313,9920.000000,0,0
SAT_P3_S3,6933146.430957,0.000503,0.925341,9960.000000,0,0
SAT_P3_S3,6933647.402082,0.000577,0.925368,10000.000000,0,0
SAT_P3_S3,6934129.804696,0.000649,0.925395,10040.000000,0,0
SAT_P3_S3,6934589.645848,0.000717,0.925420,10080.000000,0,0
SAT_P3_S3,6935023.072865,0.000782,0.925443,10120.000000,0,0
SAT_P3_S3,6935426.516546,0.000843,0.925465,10160.000000,0,0
SAT_P3_S3,6935796.727983,0.000900,0.925485,10200.000000,0,0
SAT_P3_S3,6936130.794753,0.000952,0.925503,10240.000000,0,0
SAT_P3_S3,6936426.155421,0.000999,0.925519,10280.000000,0,0
SAT_P3_S3,6936680.622370,0.001040,0.925533,10320.000000,0,0
SAT_P3_S3,6936892.359877,0.001076,0.925545,10360.000000,0,0
SAT_P3_S3,6937059.839282,0.001106,0.925554,10400.000000,0,0
SAT_P3_S3,6937181.832900,0.001130,0.925561,10440.000000,0,0
SAT_P3_S3,6937257.484264,0.001148,0.925565,10480.000000,0,0
SAT_P3_S3,6937286.210999,0.001159,0.925567,10520.000000,0,0
SAT_P3_S3,6937267.712266,0.001165,0.925566,10560.000000,0,0
SAT_P3_S3,6937202.013484,0.001164,0.925563,10600.000000,0,0
SAT_P3_S3,6937089.486598,0.001156,0.925557,10640.000000,0,0
SAT_P3_S3,6936930.841201,0.001143,0.925549,10680.000000,0,0
SAT_P3_S3,6936727.127053,0.001123,0.925538,10720.000000,0,0
SAT_P3_S3,6936479.805365,0.001098,0.925525,10760.000000,0,0
SAT_P3_S3,6936190.792078,0.001066,0.925510,10800.000000,0,0
SAT_P3_S3,6935862.331072,0.001030,0.925493,10840.000000,0,0
SAT_P3_S3,6935497.056319,0.000988,0.925473,10880.000000,0,0
SAT_P3_S3,6935097.963872,0.000940,0.925452,10920.000000,0,0
SAT_P3_S3,6934668.355742,0.000889,0.925430,10960.000000,0,0
SAT_P3_S3,6934211.758299,0.000833,0.925405,11000.000000,0,0
SAT_P3_S3,6933731.876058,0.000774,0.925380,11040.000000,0,0
SAT_P3_S3,6933232.617410,0.000711,0.925353,11080.000000,0,0
SAT_P3_S3,6932717.952958,0.000645,0.925326,11120.000000,0,0
SAT_P3_S3,6932191.877405,0.000577,0.925298,11160.000000,0,0
SAT_P3_S3,6931658.409324,0.000507,0.925269,11200.000000,0,0
SAT_P3_S3,6931121.571208,0.000435,0.925240,11240.000000,0,0
SAT_P3_S3,6930585.346540,0.000363,0.925211,11280.000000,0,0
SAT_P3_S3,6930053.654486,0.000289,0.925183,11320.000000,0,0
SAT_P3_S3,6929530.401052,0.000216,0.925155,11360.000000,0,0
SAT_P3_S3,6929019.511444,0.000143,0.925127,11400.000000,0,0
SAT_P3_S3,6928524.798354,0.000072,0.925100,11440.000000,0,0
SAT_P3_S3,6928050.025713,0.000022,0.925075,11480.000000,0,0
SAT_P3_S3,6927598.885794,0.000076,0.925051,11520.000000,0,0
SAT_P3_S3,6927174.950410,0.000142,0.925028,11560.000000,0,0
SAT_P3_S3,6926781.597131,0.000207,0.925006,11600.000000,0,0
SAT_P3_S3,6926421.969370,0.000270,0.924987,11640.000000,0,0
SAT_P3_S3,6926099.005128,0.000330,0.924969,11680.000000,0,0
SAT_P3_S3,6925815.298402,0.000386,0.924954,11720.000000,0,0
SAT_P3_S3,6925573.062203,0.000439,0.924941,11760.000000,0,0
SAT_P3_S3,6925374.128694,0.000488,0.924930,11800.000000,0,0
SAT_P3_S3,6925219.932666,0.000533,0.924921,11840.000000,0,0
SAT_P3_S3,6925111.477118,0.000574,0.924915,11880.000000,0,0
SAT_P3_S3,6925049.322277,0.000610,0.924912,11920.000000,0,0
SAT_P3_S3,6925033.658563,0.000643,0.924911,11960.000000,0,0
SAT_P3_S3,6925064.370772,0.000671,0.924912,12000.000000,0,0
SAT_P3_S3,6925140.947261,0.000694,0.924916,12040.000000,0,0
SAT_P3_S3,6925262.591667,0.000714,0.924923,12080.000000,0,0
SAT_P3_S3,6925428.254682,0.000730,0.924932,12120.000000,0,0
SAT_P3_S3,6925636.642474,0.000741,0.924943,12160.000000,0,0
SAT_P3_S3,6925886.200301,0.000749,0.924957,12200.000000,0,0
SAT_P3_S3,6926175.127478,0.000754,0.924972,12240.000000,0,0
SAT_P3_S3,6926501.455267,0.000755,0.924990,12280.000000,0,0
SAT_P3_S3,6926862.948166,0.000753,0.925010,12320.000000,0,0
SAT_P3_S3,6927257.098883,0.000749,0.925031,12360.000000,0,0
SAT_P3_S3,6927681.150915,0.000742,0.925054,12400.000000,0,0
SAT_P3_S3,6928132.096015,0.000733,0.925079,12440.000000,0,0
SAT_P3_S3,6928606.648544,0.000722,0.925104,12480.000000,0,0
SAT_P3_S3,6929101.239961,0.000711,0.925131,12520.000000,0,0
SAT_P3_S3,6929612.095350,0.000698,0.925158,12560.000000,0,0
SAT_P3_S3,6930135.303624,0.000684,0.925187,12600.000000,0,0
SAT_P3_S3,6930666.741970,0.000671,0.925215,12640.000000,0,0
SAT_P3_S3,6931202.203947,0.000658,0.925244,12680.000000,0,0
SAT_P3_S3,6931737.458271,0.000645,0.925272,12720.000000,0,0
SAT_P3_S3,6932268.289384,0.000633,0.925301,12760.000000,0,0
SAT_P3_S3,6932790.517391,0.000621,0.925329,12800.000000,0,0
SAT_P3_S3,6933300.053004,0.000611,0.925356,12840.000000,0,0
SAT_P3_S3,6933793.018225,0.000601,0.925382,12880.000000,0,0
SAT_P3_S3,6934265.680375,0.000593,0.925407,12920.000000,0,0
SAT_P3_S3,6934714.477251,0.000584,0.925431,12960.000000,0,0
SAT_P3_S3,6935136.062649,0.000576,0.925454,13000.000000,0,0
SAT_P3_S3,6935527.315409,0.000569,0.925475,13040.000000,0,0
SAT_P3_S3,6935885.316064,0.000561,0.925494,13080.000000,0,0
SAT_P3_S3,6936207.335289,0.000553,0.925511,13120.000000,0,0
SAT_P3_S3,6936490.895377,0.000543,0.925526,13160.000000,0,0
SAT_P3_S3,6936733.818692,0.000533,0.925539,13200.000000,0,0
SAT_P3_S3,6936934.131928,0.000521,0.925550,13240.000000,0,0
SAT_P3_S3,6937090.166968,0.000508,0.925559,13280.000000,0,0
SAT_P3_S3,6937200.595739,0.000493,0.925564,13320.000000,0,0
SAT_P3_S3,6937264.447527,0.000476,0.925568,13360.000000,0,0
SAT_P3_S3,6937281.106533,0.000457,0.925569,13400.000000,0,0
SAT_P3_S3,6937250.345592,0.000436,0.925567,13440.000000,0,0
SAT_P3_S3,6937172.427212,0.000414,0.925564,13480.000000,0,0
SAT_P3_S3,6937048.012899,0.000390,0.925557,13520.000000,0,0
SAT_P3_S3,6936878.161503,0.000366,0.925548,13560.000000,0,0
SAT_P3_S3,6936664.343540,0.000342,0.925537,13600.000000,0,0
SAT_P3_S3,6936408.412087,0.000320,0.925524,13640.000000,0,0
SAT_P3_S3,6936112.535737,0.000301,0.925508,13680.000000,0,0
SAT_P3_S3,6935779.138173,0.000287,0.925491,13720.000000,0,0
SAT_P3_S3,6935410.904989,0.000280,0.925471,13760.000000,0,0
SAT_P3_S3,6935010.774787,0.000281,0.925450,13800.000000,0,0
SAT_P3_S3,6934581.791100,0.000292,0.925427,13840.000000,0,0
SAT_P3_S3,6934127.148021,0.000312,0.925403,13880.000000,0,0
SAT_P3_S3,6933650.177449,0.000340,0.925378,13920.000000,0,0
SAT_P3_S3,6933154.326147,0.000374,0.925351,13960.000000,0,0
SAT_P3_S3,6932643.120541,0.000413,0.925324,14000.000000,0,0
SAT_P3_S3,6932120.175796,0.000455,0.925296,14040.000000,0,0
SAT_P3_S3,6931589.282403,0.000500,0.925268,14080.000000,0,0
SAT_P3_S3,6931054.305618,0.000545,0.925239,14120.000000,0,0
SAT_P3_S3,6930519.179763,0.000591,0.925211,14160.000000,0,0
SAT_P3_S3,6929987.922422,0.000636,0.925182,14200.000000,0,0
SAT_P3_S3,6929464.605344,0.000681,0.925155,14240.000000,0,0
SAT_P3_S3,6928953.287214,0.000723,0.925128,14280.000000,0,0
SAT_P3_S3,6928457.951205,0.000763,0.925101,14320.000000,0,0
SAT_P3_S3,6927982.506033,0.000801,0.925076,14360.000000,0,0
SAT_P3_S3,6927530.768143,0.000835,0.925053,14400.000000,0,0
SAT_P3_S3,6927106.305008,0.000866,0.925030,14440.000000,0,0
SAT_P3_S3,6926712.468000,0.000892,0.925010,14480.000000,0,0
SAT_P3_S3,6926352.366926,0.000914,0.924991,14520.000000,0,0
SAT_P3_S3,6926028.836872,0.000932,0.924974,14560.000000,0,0
SAT_P3_S3,6925744.377846,0.000944,0.924960,14600.000000,0,0
SAT_P3_S3,6925501.241673,0.000951,0.924947,14640.000000,0,0
SAT_P3_S3,6925301.365678,0.000953,0.924937,14680.000000,0,0
SAT_P3_S3,6925146.386575,0.000950,0.924929,14720.000000,0,0
SAT_P3_S3,6925037.652375,0.000941,0.924923,14760.000000,0,0
SAT_P3_S3,6924976.185526,0.000926,0.924920,14800.000000,0,0
SAT_P3_S3,6924962.644222,0.000905,0.924920,14840.000000,0,0
SAT_P3_S3,6924997.338514,0.000879,0.924922,14880.000000,0,0
SAT_P3_S3,6925080.259557,0.000847,0.924927,14920.000000,0,0
SAT_P3_S3,6925210.924135,0.000809,0.924934,14960.000000,0,0
SAT_P3_S3,6925388.422584,0.000766,0.924943,15000.000000,0,0
SAT_P3_S3,6925611.408822,0.000718,0.924955,15040.000000,0,0
SAT_P3_S3,6925878.089373,0.000665,0.924969,15080.000000,0,0
SAT_P3_S3,6926186.203006,0.000607,0.924985,15120.000000,0,0
SAT_P3_S3,6926533.048884,0.000545,0.925003,15160.000000,0,0
SAT_P3_S3,6926915.613973,0.000480,0.925023,15200.000000,0,0
SAT_P3_S3,6927330.565406,0.000411,0.925045,15240.000000,0,0
SAT_P3_S3,6927774.287934,0.000340,0.925068,15280.000000,0,0
SAT_P3_S3,6928243.000996,0.000267,0.925093,15320.000000,0,0
SAT_P3_S3,6928732.829518,0.000195,0.925119,15360.000000,0,0
SAT_P3_S3,6929239.836617,0.000128,0.925146,15400.000000,0,0
SAT_P3_S3,6929760.049836,0.000085,0.925174,15440.000000,0,0
SAT_P3_S3,6930289.534837,0.000106,0.925202,15480.000000,0,0
SAT_P3_S3,6930824.470271,0.000169,0.925231,15520.000000,0,0
SAT_P3_S3,6931361.023211,0.000243,0.925260,15560.000000,0,0
SAT_P3_S3,6931895.416787,0.000320,0.925289,15600.000000,0,0
SAT_P3_S3,6932423.924887,0.000397,0.925318,15640.000000,0,0
SAT_P3_S3,6932942.853494,0.000473,0.925347,15680.000000,0,0
SAT_P3_S3,6933448.503140,0.000548,0.925375,15720.000000,0,0
SAT_P3_S3,6933937.172642,0.000621,0.925402,15760.000000,0,0
SAT_P3_S3,6934405.255866,0.000690,0.925427,15800.000000,0,0
SAT_P3_S3,6934849.206075,0.000757,0.925452,15840.000000,0,0
SAT_P3_S3,6935265.547570,0.000820,0.925475,15880.000000,0,0
SAT_P3_S3,6935650.973521,0.000879,0.925496,15920.000000,0,0
SAT_P3_S3,6936002.383184,0.000933,0.925516,15960.000000,0,0
SAT_P3_S3,6936316.927085,0.000982,0.925533,16000.000000,0,0
SAT_P3_S3,6936592.055504,0.001026,0.925549,16040.000000,0,0
SAT_P3_S3,6936825.576781,0.001065,0.925562,16080.000000,0,0
SAT_P3_S3,6937015.661784,0.001098,0.925573,16120.000000,0,0
SAT_P3_S3,6937160.828869,0.001125,0.925581,16160.000000,0,0
SAT_P3_S3,6937259.967351,0.001146,0.925587,16200.000000,0,0
SAT_P3_S3,6937312.406397,0.001161,0.925590,16240.000000,0,0
SAT_P3_S3,6937317.779485,0.001169,0.925591,16280.000000,0,0
SAT_P3_S3,6937276.050162,0.001172,0.925589,16320.000000,0,0
SAT_P3_S3,6937187.514730,0.001168,0.925585,16360.000000,0,0
SAT_P3_S3,6937052.789401,0.001158,0.925578,16400.000000,0,0
SAT_P3_S3,6936872.773597,0.001142,0.925569,16440.000000,0,0
SAT_P3_S3,6936648.641068,0.001119,0.925558,16480.000000,0,0
SAT_P3_S3,6936381.918777,0.001091,0.925544,16520.000000,0,0
SAT_P3_S3,6936074.489066,0.001058,0.925528,16560.000000,0,0
SAT_P3_S3,6935728.518921,0.001019,0.925510,16600.000000,0,0
SAT_P3_S3,6935346.533779,0.000974,0.925490,16640.000000,0,0
SAT_P3_S3,6934931.423188,0.000925,0.925468,16680.000000,0,0
SAT_P3_S3,6934486.409827,0.000872,0.925445,16720.000000,0,0
SAT_P3_S3,6934014.999381,0.000814,0.925420,16760.000000,0,0
SAT_P3_S3,6933520.968303,0.000753,0.925394,16800.000000,0,0
SAT_P3_S3,6933008.395494,0.000688,0.925367,16840.000000,0,0
SAT_P3_S3,6932481.486865,0.000621,0.925339,16880.000000,0,0
SAT_P3_S3,6931944.558486,0.000551,0.925311,16920.000000,0,0
SAT_P3_S3,6931401.993113,0.000480,0.925282,16960.000000,0,0
SAT_P3_S3,6930858.179816,0.000407,0.925253,17000.000000,0,0
SAT_P3_S3,6930317.430274,0.000334,0.925225,17040.000000,0,0
SAT_P3_S3,6929783.924062,0.000260,0.925196,17080.000000,0,0
SAT_P3_S3,6929261.744055,0.000187,0.925168,17120.000000,0,0
SAT_P3_S3,6928754.843912,0.000115,0.925141,17160.000000,0,0
SAT_P3_S3,6928266.953240,0.000048,0.925115,17200.000000,0,0
SAT_P3_S3,6927801.634084,0.000041,0.925090,17240.000000,0,0
SAT_P3_S3,6927362.282826,0.000103,0.925066,17280.000000,0,0
SAT_P3_S3,6926952.106561,0.000169,0.925044,17320.000000,0,0
SAT_P3_S3,6926574.089712,0.000233,0.925024,17360.000000,0,0
SAT_P3_S3,6926231.007223,0.000294,0.925005,17400.000000,0,0
SAT_P3_S3,6925925.490103,0.000352,0.924989,17440.000000,0,0
SAT_P3_S3,6925659.881506,0.000406,0.924974,17480.000000,0,0
SAT_P3_S3,6925436.255907,0.000457,0.924962,17520.000000,0,0
SAT_P3_S3,6925256.408137,0.000505,0.924953,17560.000000,0,0
SAT_P3_S3,6925121.820934,0.000548,0.924945,17600.000000,0,0
SAT_P3_S3,6925033.605373,0.000587,0.924941,17640.000000,0,0
SAT_P3_S3,6924992.465389,0.000621,0.924938,17680.000000,0,0
SAT_P3_S3,6924998.745371,0.000652,0.924939,17720.000000,0,0
SAT_P3_S3,6925052.409062,0.000678,0.924941,17760.000000,0,0
SAT_P3_S3,6925152.959706,0.000700,0.924947,17800.000000,0,0
SAT_P3_S3,6925299.507624,0.000717,0.924955,17840.000000,0,0
SAT_P3_S3,6925490.790794,0.000731,0.924965,17880.000000,0,0
SAT_P3_S3,6925725.176081,0.000740,0.924977,17920.000000,0,0
SAT_P3_S3,6926000.657490,0.000746,0.924992,17960.000000,0,0
SAT_P3_S3,6926314.908940,0.000749,0.925009,18000.000000,0,0
SAT_P3_S3,6926665.398872,0.000749,0.925028,18040.000000,0,0
SAT_P3_S3,6927049.297516,0.000745,0.925048,18080.000000,0,0
SAT_P3_S3,6927463.553890,0.000740,0.925071,18120.000000,0,0
SAT_P3_S3,6927904.944129,0.000732,0.925095,18160.000000,0,0
SAT_P3_S3,6928370.096130,0.000723,0.925120,18200.000000,0,0
SAT_P3_S3,6928855.483279,0.000712,0.925146,18240.000000,0,0
SAT_P3_S3,6929357.437144,0.000700,0.925174,18280.000000,0,0
SAT_P3_S3,6929872.235233,0.000688,0.925202,18320.000000,0,0
SAT_P3_S3,6930396.110640,0.000676,0.925231,18360.000000,0,0
SAT_P3_S3,6930925.195361,0.000663,0.925260,18400.000000,0,0
SAT_P3_S3,6931455.601762,0.000651,0.925289,18440.000000,0,0
SAT_P3_S3,6931983.449879,0.000640,0.925318,18480.000000,0,0
SAT_P3_S3,6932504.869610,0.000629,0.925347,18520.000000,0,0
SAT_P3_S3,6933015.995957,0.000619,0.925375,18560.000000,0,0
SAT_P3_S3,6933513.015885,0.000610,0.925402,18600.000000,0,0
SAT_P3_S3,6933992.275143,0.000601,0.925428,18640.000000,0,0
SAT_P3_S3,6934450.180754,0.000594,0.925453,18680.000000,0,0
SAT_P3_S3,6934883.272191,0.000586,0.925476,18720.000000,0,0
SAT_P3_S3,6935288.266859,0.000579,0.925498,18760.000000,0,0
SAT_P3_S3,6935662.083773,0.000571,0.925518,18800.000000,0,0
SAT_P3_S3,6936001.837218,0.000563,0.925536,18840.000000,0,0
SAT_P3_S3,6936304.850828,0.000554,0.925552,18880.000000,0,0
SAT_P3_S3,6936568.748996,0.000544,0.925566,18920.000000,0,0
SAT_P3_S3,6936791.468213,0.000533,0.925577,18960.000000,0,0
SAT_P3_S3,6936971.198814,0.000520,0.925586,19000.000000,0,0
SAT_P3_S3,6937106.466165,0.000505,0.925593,19040.000000,0,0
SAT_P3_S3,6937196.152948,0.000489,0.925598,19080.000000,0,0
SAT_P3_S3,6937239.492709,0.000471,0.925599,19120.000000,0,0
SAT_P3_S3,6937236.052659,0.000450,0.925599,19160.000000,0,0
SAT_P3_S3,6937185.763853,0.000428,0.925596,19200.000000,0,0
SAT_P3_S3,6937089.006098,0.000405,0.925590,19240.000000,0,0
SAT_P3_S3,6936946.484798,0.000380,0.925582,19280.000000,0,0
SAT_P3_S3,6936759.271515,0.000355,0.925572,19320.000000,0,0
SAT_P3_S3,6936528.814472,0.000331,0.925559,19360.000000,0,0
SAT_P3_S3,6936256.923642,0.000309,0.925544,19400.000000,0,0
SAT_P3_S3,6935945.722789,0.000291,0.925527,19440.000000,0,0
SAT_P3_S3,6935597.618977,0.000279,0.925508,19480.000000,0,0
SAT_P3_S3,6935215.346291,0.000274,0.925487,19520.000000,0,0
SAT_P3_S3,6934801.929144,0.000279,0.925465,19560.000000,0,0
SAT_P3_S3,6934360.576529,0.000293,0.925441,19600.000000,0,0
SAT_P3_S3,6933894.713943,0.000317,0.925416,19640.000000,0,0
SAT_P3_S3,6933407.958580,0.000348,0.925389,19680.000000,0,0
SAT_P3_S3,6932904.068290,0.000385,0.925362,19720.000000,0,0
SAT_P3_S3,6932386.882446,0.000426,0.925334,19760.000000,0,0
SAT_P3_S3,6931860.313330,0.000469,0.925306,19800.000000,0,0
SAT_P3_S3,6931328.396760,0.000515,0.925278,19840.000000,0,0
SAT_P3_S3,6930795.140283,0.000561,0.925249,19880.000000,0,0
SAT_P3_S3,6930264.539395,0.000607,0.925221,19920.000000,0,0
SAT_P3_S3,6929740.569058,0.000652,0.925192,19960.000000,0,0
SAT_P3_S3,6929227.155444,0.000695,0.925165,20000.000000,0,0
SAT_P3_S3,6928728.119833,0.000737,0.925138,20040.000000,0,0
SAT_P3_S3,6928247.144271,0.000776,0.925113,20080.000000,0,0
SAT_P3_S3,6927787.815771,0.000812,0.925088,20120.000000,0,0
SAT_P3_S3,6927353.594030,0.000844,0.925065,20160.000000,0,0
SAT_P3_S3,6926947.712285,0.000873,0.925043,20200.000000,0,0
SAT_P3_S3,6926573.218684,0.000898,0.925024,20240.000000,0,0
SAT_P3_S3,6926232.961389,0.000918,0.925006,20280.000000,0,0
SAT_P3_S3,6925929.542527,0.000933,0.924990,20320.000000,0,0
SAT_P3_S3,6925665.284313,0.000944,0.924976,20360.000000,0,0
SAT_P3_S3,6925442.270435,0.000949,0.924965,20400.000000,0,0
SAT_P3_S3,6925262.272504,0.000949,0.924956,20440.000000,0,0
SAT_P3_S3,6925126.765884,0.000944,0.924949,20480.000000,0,0
SAT_P3_S3,6925036.913240,0.000933,0.924945,20520.000000,0,0
SAT_P3_S3,6924993.520785,0.000916,0.924943,20560.000000,0,0
SAT_P3_S3,6924997.022547,0.000894,0.924944,20600.000000,0,0
SAT_P3_S3,6925047.546482,0.000866,0.924948,20640.000000,0,0
SAT_P3_S3,6925144.877359,0.000833,0.924953,20680.000000,0,0
SAT_P3_S3,6925288.399772,0.000794,0.924962,20720.000000,0,0
SAT_P3_S3,6925477.154706,0.000750,0.924972,20760.000000,0,0
SAT_P3_S3,6925709.849715,0.000701,0.924985,20800.000000,0,0
SAT_P3_S3,6925984.843299,0.000647,0.925000,20840.000000,0,0
SAT_P3_S3,6926300.128375,0.000589,0.925018,20880.000000,0,0
SAT_P3_S3,6926653.372842,0.000527,0.925037,20920.000000,0,0
SAT_P3_S3,6927042.006716,0.000461,0.925058,20960.000000,0,0
SAT_P3_S3,6927463.105787,0.000391,0.925080,21000.000000,0,0
SAT_P3_S3,6927913.469351,0.000320,0.925104,21040.000000,0,0
SAT_P3_S3,6928389.652111,0.000246,0.925130,21080.000000,0,0
SAT_P3_S3,6928887.982745,0.000174,0.925156,21120.000000,0,0
SAT_P3_S3,6929404.558989,0.000109,0.925183,21160.000000,0,0
SAT_P3_S3,6929935.273044,0.000080,0.925211,21200.000000,0,0
SAT_P3_S3,6930475.922228,0.000121,0.925240,21240.000000,0,0
SAT_P3_S3,6931022.215555,0.000191,0.925268,21280.000000,0,0
SAT_P3_S3,6931569.760229,0.000268,0.925297,21320.000000,0,0
SAT_P3_S3,6932114.163746,0.000347,0.925325,21360.000000,0,0
SAT_P3_S3,6932651.086543,0.000426,0.925353,21400.000000,0,0
SAT_P3_S3,6933176.264524,0.000503,0.925380,21440.000000,0,0
SAT_P3_S3,6933685.526160,0.000578,0.925407,21480.000000,0,0
SAT_P3_S3,6934174.861422,0.000651,0.925433,21520.000000,0,0
SAT_P3_S3,6934640.529468,0.000720,0.925457,21560.000000,0,0
SAT_P3_S3,6935078.952473,0.000786,0.925480,21600.000000,0,0
SAT_P3_S3,6935486.797363,0.000848,0.925502,21640.000000,0,0
SAT_P3_S3,6935861.004722,0.000906,0.925522,21680.000000,0,0
SAT_P3_S3,6936198.775102,0.000958,0.925540,21720.000000,0,0
SAT_P3_S3,6936497.581815,0.001006,0.925556,21760.000000,0,0
SAT_P3_S3,6936755.182078,0.001048,0.925569,21800.000000,0,0
SAT_P3_S3,6936969.642999,0.001084,0.925581,21840.000000,0,0
SAT_P3_S3,6937139.327245,0.001115,0.925590,21880.000000,0,0
SAT_P3_S3,6937262.883082,0.001139,0.925597,21920.000000,0,0
SAT_P3_S3,6937339.299231,0.001158,0.925601,21960.000000,0,0
SAT_P3_S3,6937367.990540,0.001170,0.925603,22000.000000,0,0
SAT_P3_S3,6937348.677350,0.001176,0.925602,22040.000000,0,0
SAT_P3_S3,6937281.474925,0.001175,0.925598,22080.000000,0,0
SAT_P3_S3,6937166.910726,0.001168,0.925592,22120.000000,0,0
SAT_P3_S3,6937005.919069,0.001155,0.925584,22160.000000,0,0
SAT_P3_S3,6936799.802565,0.001136,0.925573,22200.000000,0,0
SAT_P3_S3,6936550.216367,0.001111,0.925559,22240.000000,0,0
SAT_P3_S3,6936259.222809,0.001081,0.925544,22280.000000,0,0
SAT_P3_S3,6935929.204875,0.001044,0.925526,22320.000000,0,0
SAT_P3_S3,6935562.796258,0.001003,0.925506,22360.000000,0,0
SAT_P3_S3,6935162.891899,0.000957,0.925485,22400.000000,0,0
SAT_P3_S3,6934732.617849,0.000906,0.925461,22440.000000,0,0
SAT_P3_S3,6934275.274843,0.000851,0.925437,22480.000000,0,0
SAT_P3_S3,6933794.288824,0.000793,0.925411,22520.000000,0,0
SAT_P3_S3,6933293.229834,0.000731,0.925383,22560.000000,0,0
SAT_P3_S3,6932775.866797,0.000666,0.925355,22600.000000,0,0
SAT_P3_S3,6932246.020513,0.000598,0.925327,22640.000000,0,0
SAT_P3_S3,6931707.630514,0.000528,0.925298,22680.000000,0,0
SAT_P3_S3,6931164.753035,0.000457,0.925268,22720.000000,0,0
SAT_P3_S3,6930621.538775,0.000384,0.925239,22760.000000,0,0
SAT_P3_S3,6930082.178680,0.000311,0.925210,22800.000000,0,0
SAT_P3_S3,6929550.872212,0.000238,0.925182,22840.000000,0,0
SAT_P3_S3,6929031.864434,0.000166,0.925154,22880.000000,0,0
SAT_P3_S3,6928529.341715,0.000095,0.925127,22920.000000,0,0
SAT_P3_S3,6928047.342834,0.000037,0.925101,22960.000000,0,0
SAT_P3_S3,6927589.748970,0.000062,0.925077,23000.000000,0,0
SAT_P3_S3,6927160.233703,0.000125,0.925054,23040.000000,0,0
SAT_P3_S3,6926762.189617,0.000189,0.925032,23080.000000,0,0
SAT_P3_S3,6926398.664971,0.000251,0.925013,23120.000000,0,0
SAT_P3_S3,6926072.372579,0.000311,0.924995,23160.000000,0,0
SAT_P3_S3,6925785.741109,0.000367,0.924980,23200.000000,0,0
SAT_P3_S3,6925540.775200,0.000420,0.924967,23240.000000,0,0
SAT_P3_S3,6925339.134195,0.000469,0.924956,23280.000000,0,0
SAT_P3_S3,6925182.151660,0.000514,0.924947,23320.000000,0,0
SAT_P3_S3,6925070.842482,0.000555,0.924941,23360.000000,0,0
SAT_P3_S3,6925005.884506,0.000592,0.924938,23400.000000,0,0
SAT_P3_S3,6924987.627946,0.000625,0.924937,23440.000000,0,0
SAT_P3_S3,6925016.178467,0.000654,0.924938,23480.000000,0,0
SAT_P3_S3,6925091.339651,0.000678,0.924943,23520.000000,0,0
SAT_P3_S3,6925212.571014,0.000699,0.924949,23560.000000,0,0
SAT_P3_S3,6925379.024947,0.000715,0.924958,23600.000000,0,0
SAT_P3_S3,6925589.539948,0.000727,0.924970,23640.000000,0,0
SAT_P3_S3,6925842.607534,0.000736,0.924983,23680.000000,0,0
SAT_P3_S3,6926136.345668,0.000741,0.924999,23720.000000,0,0
SAT_P3_S3,6926468.539338,0.000743,0.925017,23760.000000,0,0
SAT_P3_S3,6926836.718211,0.000743,0.925037,23800.000000,0,0
SAT_P3_S3,6927238.043967,0.000739,0.925058,23840.000000,0,0
SAT_P3_S3,6927669.409342,0.000733,0.925081,23880.000000,0,0
SAT_P3_S3,6928127.477880,0.000726,0.925106,23920.000000,0,0
SAT_P3_S3,6928608.710340,0.000717,0.925132,23960.000000,0,0
SAT_P3_S3,6929109.365849,0.000707,0.925159,24000.000000,0,0
SAT_P3_S3,6929625.532140,0.000696,0.925186,24040.000000,0,0
SAT_P3_S3,6930153.232085,0.000684,0.925215,24080.000000,0,0
SAT_P3_S3,6930688.392240,0.000673,0.925243,24120.000000,0,0
SAT_P3_S3,6931226.830241,0.000662,0.925272,24160.000000,0,0
SAT_P3_S3,6931764.325312,0.000651,0.925301,24200.000000,0,0
SAT_P3_S3,6932296.648480,0.000641,0.925330,24240.000000,0,0
SAT_P3_S3,6932819.568181,0.000632,0.925358,24280.000000,0,0
SAT_P3_S3,6933328.863928,0.000623,0.925385,24320.000000,0,0
SAT_P3_S3,6933820.408574,0.000616,0.925412,24360.000000,0,0
SAT_P3_S3,6934290.286588,0.000608,0.925438,24400.000000,0,0
SAT_P3_S3,6934734.712690,0.000601,0.925462,24440.000000,0,0
SAT_P3_S3,6935150.161411,0.000594,0.925485,24480.000000,0,0
SAT_P3_S3,6935533.426814,0.000586,0.925506,24520.000000,0,0
SAT_P3_S3,6935881.658118,0.000578,0.925525,24560.000000,0,0
SAT_P3_S3,6936192.359092,0.000569,0.925543,24600.000000,0,0
SAT_P3_S3,6936463.404531,0.000559,0.925558,24640.000000,0,0
SAT_P3_S3,6936693.117894,0.000548,0.925571,24680.000000,0,0
SAT_P3_S3,6936880.201725,0.000534,0.925582,24720.000000,0,0
SAT_P3_S3,6937023.677727,0.000519,0.925590,24760.000000,0,0
SAT_P3_S3,6937122.898934,0.000502,0.925596,24800.000000,0,0
SAT_P3_S3,6937177.518518,0.000483,0.925599,24840.000000,0,0
SAT_P3_S3,6937187.432169,0.000462,0.925599,24880.000000,0,0
SAT_P3_S3,6937152.729240,0.000439,0.925597,24920.000000,0,0
SAT_P3_S3,6937073.716244,0.000415,0.925593,24960.000000,0,0
SAT_P3_S3,6936950.983597,0.000389,0.925585,25000.000000,0,0
SAT_P3_S3,6936785.281167,0.000363,0.925576,25040.000000,0,0
SAT_P3_S3,6936577.613153,0.000337,0.925564,25080.000000,0,0
SAT_P3_S3,6936329.273368,0.000312,0.925549,25120.000000,0,0
SAT_P3_S3,6936041.864707,0.000290,0.925533,25160.000000,0,0
SAT_P3_S3,6935717.288659,0.000272,0.925515,25200.000000,0,0
SAT_P3_S3,6935357.757430,0.000262,0.925494,25240.000000,0,0
SAT_P3_S3,6934965.872718,0.000261,0.925472,25280.000000,0,0
SAT_P3_S3,6934544.554044,0.000270,0.925449,25320.000000,0,0
SAT_P3_S3,6934096.974868,0.000289,0.925424,25360.000000,0,0
SAT_P3_S3,6933626.569802,0.000317,0.925398,25400.000000,0,0
SAT_P3_S3,6933136.990816,0.000352,0.925371,25440.000000,0,0
SAT_P3_S3,6932632.032143,0.000392,0.925343,25480.000000,0,0
SAT_P3_S3,6932115.558180,0.000435,0.925315,25520.000000,0,0
SAT_P3_S3,6931591.496185,0.000481,0.925287,25560.000000,0,0
SAT_P3_S3,6931063.865373,0.000527,0.925258,25600.000000,0,0
SAT_P3_S3,6930536.618508,0.000574,0.925229,25640.000000,0,0
SAT_P3_S3,6930013.693589,0.000620,0.925201,25680.000000,0,0
SAT_P3_S3,6929499.007997,0.000665,0.925173,25720.000000,0,0
SAT_P3_S3,6928996.438945,0.000709,0.925146,25760.000000,0,0
SAT_P3_S3,6928509.777334,0.000750,0.925120,25800.000000,0,0
SAT_P3_S3,6928042.708003,0.000788,0.925095,25840.000000,0,0
SAT_P3_S3,6927598.862005,0.000823,0.925071,25880.000000,0,0
SAT_P3_S3,6927181.727229,0.000854,0.925049,25920.000000,0,0
SAT_P3_S3,6926794.573570,0.000881,0.925028,25960.000000,0,0
SAT_P3_S3,6926440.456361,0.000904,0.925009,26000.000000,0,0
SAT_P3_S3,6926122.177041,0.000922,0.924993,26040.000000,0,0
SAT_P3_S3,6925842.204792,0.000936,0.924978,26080.000000,0,0
SAT_P3_S3,6925602.673500,0.000944,0.924965,26120.000000,0,0
SAT_P3_S3,6925405.368342,0.000947,0.924955,26160.000000,0,0
SAT_P3_S3,6925251.698882,0.000945,0.924947,26200.000000,0,0
SAT_P3_S3,6925142.732327,0.000937,0.924942,26240.000000,0,0
SAT_P3_S3,6925079.188776,0.000923,0.924939,26280.000000,0,0
SAT_P3_S3,6925061.431978,0.000904,0.924938,26320.000000,0,0
SAT_P3_S3,6925089.510620,0.000880,0.924941,26360.000000,0,0
SAT_P3_S3,6925163.259945,0.000850,0.924945,26400.000000,0,0
SAT_P3_S3,6925282.189872,0.000815,0.924952,26440.000000,0,0
SAT_P3_S3,6925445.526797,0.000774,0.924962,26480.000000,0,0
SAT_P3_S3,6925652.226121,0.000729,0.924974,26520.000000,0,0
SAT_P3_S3,6925900.955066,0.000679,0.924988,26560.000000,0,0
SAT_P3_S3,6926190.044015,0.000624,0.925004,26600.000000,0,0
SAT_P3_S3,6926517.458003,0.000565,0.925023,26640.000000,0,0
SAT_P3_S3,6926880.848826,0.000502,0.925043,26680.000000,0,0
SAT_P3_S3,6927277.552262,0.000436,0.925065,26720.000000,0,0
SAT_P3_S3,6927704.522466,0.000366,0.925089,26760.000000,0,0
SAT_P3_S3,6928158.424310,0.000295,0.925114,26800.000000,0,0
SAT_P3_S3,6928635.686305,0.000223,0.925140,26840.000000,0,0
SAT_P3_S3,6929132.537674,0.000153,0.925167,26880.000000,0,0
SAT_P3_S3,6929645.041065,0.000097,0.925195,26920.000000,0,0
SAT_P3_S3,6930169.175470,0.000089,0.925223,26960.000000,0,0
SAT_P3_S3,6930700.977521,0.000140,0.925252,27000.000000,0,0
SAT_P3_S3,6931236.459924,0.000211,0.925281,27040.000000,0,0
SAT_P3_S3,6931771.681095,0.000287,0.925310,27080.000000,0,0
SAT_P3_S3,6932302.778132,0.000365,0.925338,27120.000000,0,0
SAT_P3_S3,6932825.962403,0.000441,0.925366,27160.000000,0,0
SAT_P3_S3,6933337.477324,0.000517,0.925393,27200.000000,0,0
SAT_P3_S3,6933833.571732,0.000591,0.925419,27240.000000,0,0
SAT_P3_S3,6934310.549968,0.000662,0.925444,27280.000000,0,0
SAT_P3_S3,6934764.765091,0.000730,0.925468,27320.000000,0,0
SAT_P3_S3,6935192.551096,0.000795,0.925489,27360.000000,0,0
SAT_P3_S3,6935590.314066,0.000856,0.925510,27400.000000,0,0
SAT_P3_S3,6935954.585007,0.000912,0.925528,27440.000000,0,0
SAT_P3_S3,6936282.056462,0.000964,0.925544,27480.000000,0,0
SAT_P3_S3,6936569.665622,0.001011,0.925559,27520.000000,0,0
SAT_P3_S3,6936814.680126,0.001051,0.925571,27560.000000,0,0
SAT_P3_S3,6937014.779959,0.001087,0.925580,27600.000000,0,0
SAT_P3_S3,6937168.086875,0.001115,0.925587,27640.000000,0,0
SAT_P3_S3,6937273.190326,0.001138,0.925592,27680.000000,0,0
SAT_P3_S3,6937329.222992,0.001154,0.925594,27720.000000,0,0
SAT_P3_S3,6937335.888105,0.001164,0.925594,27760.000000,0,0
SAT_P3_S3,6937293.326741,0.001167,0.925591,27800.000000,0,0
SAT_P3_S3,6937202.155715,0.001164,0.925585,27840.000000,0,0
SAT_P3_S3,6937063.426966,0.001155,0.925577,27880.000000,0,0
SAT_P3_S3,6936878.567086,0.001139,0.925566,27920.000000,0,0
SAT_P3_S3,6936649.302350,0.001117,0.925553,27960.000000,0,0
SAT_P3_S3,6936377.631764,0.001090,0.925537,28000.000000,0,0
SAT_P3_S3,6936065.886077,0.001057,0.925520,28040.000000,0,0
SAT_P3_S3,6935716.614633,0.001018,0.925500,28080.000000,0,0
SAT_P3_S3,6935332.584051,0.000975,0.925479,28120.000000,0,0
SAT_P3_S3,6934916.806828,0.000927,0.925456,28160.000000,0,0
SAT_P3_S3,6934472.536909,0.000874,0.925431,28200.000000,0,0
SAT_P3_S3,6934003.228702,0.000818,0.925405,28240.000000,0,0
SAT_P3_S3,6933512.501418,0.000758,0.925378,28280.000000,0,0
SAT_P3_S3,6933004.165367,0.000695,0.925350,28320.000000,0,0
SAT_P3_S3,6932482.214415,0.000629,0.925321,28360.000000,0,0
SAT_P3_S3,6931950.668463,0.000561,0.925292,28400.000000,0,0
SAT_P3_S3,6931413.601660,0.000491,0.925262,28440.000000,0,0
SAT_P3_S3,6930875.102051,0.000420,0.925233,28480.000000,0,0
SAT_P3_S3,6930339.219993,0.000348,0.925203,28520.000000,0,0
SAT_P3_S3,6929809.907585,0.000276,0.925174,28560.000000,0,0
SAT_P3_S3,6929291.009381,0.000204,0.925146,28600.000000,0,0
SAT_P3_S3,6928786.340619,0.000133,0.925118,28640.000000,0,0
SAT_P3_S3,6928299.587208,0.000066,0.925092,28680.000000,0,0
SAT_P3_S3,6927834.314792,0.000036,0.925067,28720.000000,0,0
SAT_P3_S3,6927394.001366,0.000089,0.925043,28760.000000,0,0
SAT_P3_S3,6926982.029328,0.000153,0.925020,28800.000000,0,0
SAT_P3_S3,6926601.636491,0.000216,0.925000,28840.000000,0,0
SAT_P3_S3,6926255.867741,0.000277,0.924981,28880.000000,0,0
SAT_P3_S3,6925947.582886,0.000335,0.924965,28920.000000,0,0
SAT_P3_S3,6925679.430579,0.000390,0.924950,28960.000000,0,0
SAT_P3_S3,6925453.682363,0.000442,0.924938,29000.000000,0,0
SAT_P3_S3,6925272.248150,0.000489,0.924929,29040.000000,0,0
SAT_P3_S3,6925136.634713,0.000533,0.924921,29080.000000,0,0
SAT_P3_S3,6925047.901609,0.000572,0.924917,29120.000000,0,0
SAT_P3_S3,6925006.616939,0.000607,0.924914,29160.000000,0,0
SAT_P3_S3,6925012.873394,0.000638,0.924915,29200.000000,0,0
SAT_P3_S3,6925066.402405,0.000665,0.924918,29240.000000,0,0
SAT_P3_S3,6925166.514354,0.000687,0.924923,29280.000000,0,0
SAT_P3_S3,6925312.153925,0.000706,0.924931,29320.000000,0,0
SAT_P3_S3,6925501.982825,0.000720,0.924941,29360.000000,0,0
SAT_P3_S3,6925734.421729,0.000731,0.924954,29400.000000,0,0
SAT_P3_S3,6926007.650503,0.000738,0.924969,29440.000000,0,0
SAT_P3_S3,6926319.607368,0.000742,0.924986,29480.000000,0,0
SAT_P3_S3,6926668.040869,0.000743,0.925005,29520.000000,0,0
SAT_P3_S3,6927050.524099,0.000742,0.925026,29560.000000,0,0
SAT_P3_S3,6927464.327994,0.000737,0.925048,29600.000000,0,0
SAT_P3_S3,6927906.471941,0.000731,0.925072,29640.000000,0,0
SAT_P3_S3,6928373.716560,0.000723,0.925097,29680.000000,0,0
SAT_P3_S3,6928862.552724,0.000714,0.925124,29720.000000,0,0
SAT_P3_S3,6929369.189696,0.000704,0.925151,29760.000000,0,0
SAT_P3_S3,6929889.602939,0.000694,0.925179,29800.000000,0,0
SAT_P3_S3,6930419.679319,0.000683,0.925208,29840.000000,0,0
SAT_P3_S3,6930955.185973,0.000672,0.925237,29880.000000,0,0
SAT_P3_S3,6931491.851717,0.000661,0.925266,29920.000000,0,0
SAT_P3_S3,6932025.472413,0.000651,0.925294,29960.000000,0,0
SAT_P3_S3,6932551.970173,0.000642,0.925323,30000.000000,0,0
SAT_P3_S3,6933067.405080,0.000633,0.925351,30040.000000,0,0
SAT_P3_S3,6933567.980742,0.000625,0.925377,30080.000000,0,0
SAT_P3_S3,6934050.096923,0.000617,0.925403,30120.000000,0,0
SAT_P3_S3,6934510.359113,0.000610,0.925428,30160.000000,0,0
SAT_P3_S3,6934945.446349,0.000604,0.925451,30200.000000,0,0
SAT_P3_S3,6935352.153194,0.000597,0.925472,30240.000000,0,0
SAT_P3_S3,6935727.376163,0.000589,0.925492,30280.000000,0,0
SAT_P3_S3,6936068.099059,0.000581,0.925510,30320.000000,0,0
SAT_P3_S3,6936371.381157,0.000572,0.925526,30360.000000,0,0
SAT_P3_S3,6936634.410803,0.000562,0.925539,30400.000000,0,0
SAT_P3_S3,6936854.664202,0.000549,0.925551,30440.000000,0,0
SAT_P3_S3,6937029.888085,0.000535,0.925560,30480.000000,0,0
SAT_P3_S3,6937158.199311,0.000519,0.925566,30520.000000,0,0
SAT_P3_S3,6937238.209569,0.000500,0.925571,30560.000000,0,0
SAT_P3_S3,6937269.099093,0.000479,0.925573,30600.000000,0,0
SAT_P3_S3,6937250.635660,0.000455,0.925572,30640.000000,0,0
SAT_P3_S3,6937183.177798,0.000430,0.925569,30680.000000,0,0
SAT_P3_S3,6937067.711400,0.000402,0.925563,30720.000000,0,0
SAT_P3_S3,6936905.826265,0.000373,0.925555,30760.000000,0,0
SAT_P3_S3,6936699.535626,0.000344,0.925545,30800.000000,0,0
SAT_P3_S3,6936451.251865,0.000315,0.925532,30840.000000,0,0
SAT_P3_S3,6936163.690785,0.000289,0.925517,30880.000000,0,0
SAT_P3_S3,6935839.763671,0.000268,0.925500,30920.000000,0,0
SAT_P3_S3,6935482.464929,0.000253,0.925481,30960.000000,0,0
SAT_P3_S3,6935094.820083,0.000248,0.925460,31000.000000,0,0
SAT_P3_S3,6934679.936637,0.000255,0.925437,31040.000000,0,0
SAT_P3_S3,6934240.896666,0.000272,0.925413,31080.000000,0,0
SAT_P3_S3,6933780.773497,0.000299,0.925387,31120.000000,0,0
SAT_P3_S3,6933302.689751,0.000333,0.925361,31160.000000,0,0
SAT_P3_S3,6932809.848059,0.000373,0.925333,31200.000000,0,0
SAT_P3_S3,6932305.527656,0.000416,0.925305,31240.000000,0,0
SAT_P3_S3,6931793.085713,0.000462,0.925276,31280.000000,0,0
SAT_P3_S3,6931276.016688,0.000509,0.925247,31320.000000,0,0
SAT_P3_S3,6930757.970744,0.000556,0.925218,31360.000000,0,0
SAT_P3_S3,6930242.614306,0.000603,0.925190,31400.000000,0,0
SAT_P3_S3,6929733.668960,0.000649,0.925161,31440.000000,0,0
SAT_P3_S3,6929234.872575,0.000693,0.925134,31480.000000,0,0
SAT_P3_S3,6928749.923782,0.000735,0.925107,31520.000000,0,0
SAT_P3_S3,6928282.413178,0.000774,0.925081,31560.000000,0,0
SAT_P3_S3,6927835.801001,0.000810,0.925057,31600.000000,0,0
SAT_P3_S3,6927413.477243,0.000843,0.925033,31640.000000,0,0
SAT_P3_S3,6927018.650801,0.000872,0.925012,31680.000000,0,0
SAT_P3_S3,6926654.344782,0.000897,0.924992,31720.000000,0,0
SAT_P3_S3,6926323.417024,0.000917,0.924975,31760.000000,0,0
SAT_P3_S3,6926028.543903,0.000933,0.924959,31800.000000,0,0
SAT_P3_S3,6925772.151018,0.000944,0.924945,31840.000000,0,0
SAT_P3_S3,6925556.441395,0.000949,0.924934,31880.000000,0,0
SAT_P3_S3,6925383.316244,0.000949,0.924925,31920.000000,0,0
SAT_P3_S3,6925254.350784,0.000944,0.924918,31960.000000,0,0
SAT_P3_S3,6925170.760763,0.000933,0.924914,32000.000000,0,0
SAT_P3_S3,6925133.337525,0.000916,0.924913,32040.000000,0,0
SAT_P3_S3,6925142.405640,0.000894,0.924914,32080.000000,0,0
SAT_P3_S3,6925197.867015,0.000866,0.924917,32120.000000,0,0
SAT_P3_S3,6925299.236013,0.000833,0.924923,32160.000000,0,0
SAT_P3_S3,6925445.554125,0.000794,0.924931,32200.000000,0,0
SAT_P3_S3,6925635.501904,0.000751,0.924942,32240.000000,0,0
SAT_P3_S3,6925867.452279,0.000702,0.924955,32280.000000,0,0
SAT_P3_S3,6926139.504539,0.000649,0.924971,32320.000000,0,0
SAT_P3_S3,6926449.497824,0.000592,0.924988,32360.000000,0,0
SAT_P3_S3,6926795.056548,0.000531,0.925008,32400.000000,0,0
SAT_P3_S3,6927173.691442,0.000467,0.925029,32440.000000,0,0
SAT_P3_S3,6927582.701614,0.000399,0.925052,32480.000000,0,0
SAT_P3_S3,6928019.176454,0.000330,0.925076,32520.000000,0,0
SAT_P3_S3,6928480.005079,0.000259,0.925102,32560.000000,0,0
SAT_P3_S3,6928961.856718,0.000190,0.925129,32600.000000,0,0
SAT_P3_S3,6929461.138848,0.000128,0.925157,32640.000000,0,0
SAT_P3_S3,6929973.981323,0.000096,0.925185,32680.000000,0,0
SAT_P3_S3,6930496.313100,0.000122,0.925214,32720.000000,0,0
SAT_P3_S3,6931023.935762,0.000183,0.925243,32760.000000,0,0
SAT_P3_S3,6931552.478107,0.000256,0.925272,32800.000000,0,0
SAT_P3_S3,6932077.553567,0.000331,0.925300,32840.000000,0,0
SAT_P3_S3,6932594.858024,0.000407,0.925329,32880.000000,0,0
SAT_P3_S3,6933100.243149,0.000482,0.925356,32920.000000,0,0
SAT_P3_S3,6933589.762426,0.000555,0.925383,32960.000000,0,0
SAT_P3_S3,6934059.740486,0.000626,0.925408,33000.000000,0,0
SAT_P3_S3,6934506.885695,0.000693,0.925433,33040.000000,0,0
SAT_P3_S3,6934928.188302,0.000758,0.925455,33080.000000,0,0
SAT_P3_S3,6935320.907338,0.000818,0.925476,33120.000000,0,0
SAT_P3_S3,6935682.553202,0.000874,0.925495,33160.000000,0,0
SAT_P3_S3,6936010.820965,0.000926,0.925512,33200.000000,0,0
SAT_P3_S3,6936303.524117,0.000974,0.925527,33240.000000,0,0
SAT_P3_S3,6936558.553345,0.001016,0.925540,33280.000000,0,0
SAT_P3_S3,6936773.872839,0.001053,0.925550,33320.000000,0,0
SAT_P3_S3,6936947.533255,0.001085,0.925558,33360.000000,0,0
SAT_P3_S3,6937077.678574,0.001111,0.925564,33400.000000,0,0
SAT_P3_S3,6937162.600834,0.001131,0.925566,33440.000000,0,0
SAT_P3_S3,6937200.904297,0.001145,0.925567,33480.000000,0,0
SAT_P3_S3,6937191.587878,0.001153,0.925564,33520.000000,0,0
SAT_P3_S3,6937134.048933,0.001154,0.925559,33560.000000,0,0
SAT_P3_S3,6937028.230580,0.001148,0.925552,33600.000000,0,0
SAT_P3_S3,6936874.674449,0.001137,0.925542,33640.000000,0,0
SAT_P3_S3,6936674.516163,0.001118,0.925530,33680.000000,0,0
SAT_P3_S3,6936429.443341,0.001094,0.925515,33720.000000,0,0
SAT_P3_S3,6936141.671895,0.001064,0.925499,33760.000000,0,0
SAT_P3_S3,6935813.943125,0.001028,0.925480,33800.000000,0,0
SAT_P3_S3,6935449.323583,0.000987,0.925459,33840.000000,0,0
SAT_P3_S3,6935051.155543,0.000941,0.925437,33880.000000,0,0
SAT_P3_S3,6934622.987347,0.000890,0.925413,33920.000000,0,0
SAT_P3_S3,6934168.500599,0.000835,0.925388,33960.000000,0,0
SAT_P3_S3,6933691.425513,0.000776,0.925362,34000.000000,0,0
SAT_P3_S3,6933195.497246,0.000714,0.925334,34040.000000,0,0
SAT_P3_S3,6932684.516190,0.000649,0.925306,34080.000000,0,0
SAT_P3_S3,6932162.336254,0.000582,0.925278,34120.000000,0,0
SAT_P3_S3,6931632.790318,0.000513,0.925249,34160.000000,0,0
SAT_P3_S3,6931099.765015,0.000442,0.925219,34200.000000,0,0
SAT_P3_S3,6930567.206195,0.000370,0.925190,34240.000000,0,0
SAT_P3_S3,6930039.087425,0.000297,0.925161,34280.000000,0,0
SAT_P3_S3,6929519.360244,0.000224,0.925133,34320.000000,0,0
SAT_P3_S3,6929011.943616,0.000151,0.925105,34360.000000,0,0
SAT_P3_S3,6928520.756904,0.000080,0.925078,34400.000000,0,0
SAT_P3_S3,6928049.553539,0.000020,0.925052,34440.000000,0,0
SAT_P3_S3,6927601.922334,0.000067,0.925028,34480.000000,0,0
SAT_P3_S3,6927181.266847,0.000133,0.925005,34520.000000,0,0
SAT_P3_S3,6926790.775612,0.000199,0.924984,34560.000000,0,0
SAT_P3_S3,6926433.373171,0.000262,0.924964,34600.000000,0,0
SAT_P3_S3,6926111.701401,0.000322,0.924947,34640.000000,0,0
SAT_P3_S3,6925828.188503,0.000379,0.924931,34680.000000,0,0
SAT_P3_S3,6925585.035265,0.000433,0.924918,34720.000000,0,0
SAT_P3_S3,6925384.133478,0.000482,0.924907,34760.000000,0,0
SAT_P3_S3,6925227.119967,0.000529,0.924899,34800.000000,0,0
SAT_P3_S3,6925115.361985,0.000571,0.924893,34840.000000,0,0
SAT_P3_S3,6925049.909102,0.000609,0.924889,34880.000000,0,0
SAT_P3_S3,6925031.432759,0.000642,0.924889,34920.000000,0,0
SAT_P3_S3,6925060.213557,0.000672,0.924890,34960.000000,0,0
SAT_P3_S3,6925136.185061,0.000697,0.924895,35000.000000,0,0
SAT_P3_S3,6925258.793810,0.000718,0.924901,35040.000000,0,0
SAT_P3_S3,6925427.037120,0.000734,0.924911,35080.000000,0,0
SAT_P3_S3,6925639.491688,0.000747,0.924922,35120.000000,0,0
SAT_P3_S3,6925894.340792,0.000755,0.924936,35160.000000,0,0
SAT_P3_S3,6926189.386424,0.000761,0.924952,35200.000000,0,0
SAT_P3_S3,6926522.093577,0.000762,0.924970,35240.000000,0,0
SAT_P3_S3,6926889.721757,0.000761,0.924990,35280.000000,0,0
SAT_P3_S3,6927289.366708,0.000757,0.925012,35320.000000,0,0
SAT_P3_S3,6927717.926028,0.000751,0.925035,35360.000000,0,0
SAT_P3_S3,6928172.195845,0.000743,0.925060,35400.000000,0,0
SAT_P3_S3,6928648.888528,0.000733,0.925086,35440.000000,0,0
SAT_P3_S3,6929144.610563,0.000722,0.925113,35480.000000,0,0
SAT_P3_S3,6929655.823118,0.000709,0.925141,35520.000000,0,0
SAT_P3_S3,6930178.845972,0.000697,0.925169,35560.000000,0,0
SAT_P3_S3,6930709.914347,0.000684,0.925198,35600.000000,0,0
SAT_P3_S3,6931245.057189,0.000671,0.925227,35640.000000,0,0
SAT_P3_S3,6931780.150624,0.000658,0.925256,35680.000000,0,0
SAT_P3_S3,6932310.966291,0.000646,0.925284,35720.000000,0,0
SAT_P3_S3,6932833.220938,0.000634,0.925312,35760.000000,0,0
SAT_P3_S3,6933342.612254,0.000624,0.925340,35800.000000,0,0
SAT_P3_S3,6933834.888264,0.000613,0.925366,35840.000000,0,0
SAT_P3_S3,6934306.005696,0.000603,0.925392,35880.000000,0,0
SAT_P3_S3,6934752.194634,0.000594,0.925416,35920.000000,0,0
SAT_P3_S3,6935169.939739,0.000585,0.925438,35960.000000,0,0
SAT_P3_S3,6935556.097834,0.000575,0.925459,36000.000000,0,0
SAT_P3_S4,6928137.000000,0.000000,0.925025,0.000000,0,0
SAT_P3_S4,6928579.337568,0.000072,0.925049,40.000000,0,0
SAT_P3_S4,6928995.036374,0.000142,0.925072,80.000000,0,0
SAT_P3_S4,6929381.083019,0.000211,0.925093,120.000000,0,0
SAT_P3_S4,6929734.597202,0.000277,0.925112,160.000000,0,0
SAT_P3_S4,6930052.853058,0.000341,0.925130,200.000000,0,0
SAT_P3_S4,6930333.316775,0.000401,0.925145,240.000000,0,0
SAT_P3_S4,6930573.655569,0.000459,0.925159,280.000000,0,0
SAT_P3_S4,6930771.767875,0.000512,0.925170,320.000000,0,0
SAT_P3_S4,6930925.894091,0.000563,0.925179,360.000000,0,0
SAT_P3_S4,6931034.705556,0.000609,0.925185,400.000000,0,0
SAT_P3_S4,6931097.224470,0.000651,0.925189,440.000000,0,0
SAT_P3_S4,6931112.936984,0.000690,0.925191,480.000000,0,0
SAT_P3_S4,6931081.808991,0.000724,0.925190,520.000000,0,0
SAT_P3_S4,6931004.264363,0.000753,0.925187,560.000000,0,0
SAT_P3_S4,6930881.128175,0.000779,0.925181,600.000000,0,0
SAT_P3_S4,6930713.594318,0.000801,0.925173,640.000000,0,0
SAT_P3_S4,6930503.250212,0.000819,0.925163,680.000000,0,0
SAT_P3_S4,6930251.928872,0.000832,0.925150,720.000000,0,0
SAT_P3_S4,6929961.661894,0.000843,0.925135,760.000000,0,0
SAT_P3_S4,6929634.666782,0.000850,0.925118,800.000000,0,0
SAT_P3_S4,6929273.321973,0.000853,0.925099,840.000000,0,0
SAT_P3_S4,6928880.126807,0.000854,0.925079,880.000000,0,0
SAT_P3_S4,6928457.689475,0.000852,0.925056,920.000000,0,0
SAT_P3_S4,6928008.805915,0.000847,0.925032,960.000000,0,0
SAT_P3_S4,6927536.528818,0.000840,0.925007,1000.000000,0,0
SAT_P3_S4,6927044.074151,0.000831,0.924980,1040.000000,0,0
SAT_P3_S4,6926534.931967,0.000820,0.924953,1080.000000,0,0
SAT_P3_S4,6926012.883721,0.000807,0.924925,1120.000000,0,0
SAT_P3_S4,6925481.982541,0.000793,0.924896,1160.000000,0,0
SAT_P3_S4,6924946.495614,0.000778,0.924868,1200.000000,0,0
SAT_P3_S4,6924410.864365,0.000762,0.924839,1240.000000,0,0
SAT_P3_S4,6923879.710743,0.000745,0.924810,1280.000000,0,0
SAT_P3_S4,6923357.659203,0.000727,0.924782,1320.000000,0,0
SAT_P3_S4,6922849.248204,0.000709,0.924754,1360.000000,0,0
SAT_P3_S4,6922358.864041,0.000690,0.924728,1400.000000,0,0
SAT_P3_S4,6921890.655529,0.000670,0.924702,1440.000000,0,0
SAT_P3_S4,6921448.432547,0.000650,0.924678,1480.000000,0,0
SAT_P3_S4,6921035.594569,0.000628,0.924655,1520.000000,0,0
SAT_P3_S4,6920655.155953,0.000606,0.924634,1560.000000,0,0
SAT_P3_S4,6920309.776565,0.000583,0.924615,1600.000000,0,0
SAT_P3_S4,6920001.654016,0.000558,0.924597,1640.000000,0,0
SAT_P3_S4,6919732.638750,0.000532,0.924582,1680.000000,0,0
SAT_P3_S4,6919504.261576,0.000504,0.924569,1720.000000,0,0
SAT_P3_S4,6919317.760931,0.000475,0.924559,1760.000000,0,0
SAT_P3_S4,6919174.145341,0.000444,0.924550,1800.000000,0,0
SAT_P3_S4,6919074.215506,0.000411,0.924544,1840.000000,0,0
SAT_P3_S4,6919018.549066,0.000376,0.924541,1880.000000,0,0
SAT_P3_S4,6919007.503502,0.000339,0.924541,1920.000000,0,0
SAT_P3_S4,6919041.281959,0.000301,0.924542,1960.000000,0,0
SAT_P3_S4,6919119.856084,0.000261,0.924547,2000.000000,0,0
SAT_P3_S4,6919242.904957,0.000220,0.924554,2040.000000,0,0
SAT_P3_S4,6919409.829303,0.000179,0.924563,2080.000000,0,0
SAT_P3_S4,6919619.727147,0.000141,0.924575,2120.000000,0,0
SAT_P3_S4,6919871.345093,0.000112,0.924589,2160.000000,0,0
SAT_P3_S4,6920163.039291,0.000105,0.924605,2200.000000,0,0
SAT_P3_S4,6920492.808176,0.000124,0.924623,2240.000000,0,0
SAT_P3_S4,6920858.365328,0.000164,0.924643,2280.000000,0,0
SAT_P3_S4,6921257.018835,0.000213,0.924665,2320.000000,0,0
SAT_P3_S4,6921685.770342,0.000268,0.924688,2360.000000,0,0
SAT_P3_S4,6922141.354296,0.000326,0.924713,2400.000000,0,0
SAT_P3_S4,6922620.266414,0.000386,0.924739,2440.000000,0,0
SAT_P3_S4,6923118.769280,0.000446,0.924766,2480.000000,0,0
SAT_P3_S4,6923632.930765,0.000507,0.924794,2520.000000,0,0
SAT_P3_S4,6924158.743852,0.000568,0.924823,2560.000000,0,0
SAT_P3_S4,6924692.106213,0.000628,0.924852,2600.000000,0,0
SAT_P3_S4,6925228.820600,0.000686,0.924881,2640.000000,0,0
SAT_P3_S4,6925764.678218,0.000743,0.924910,2680.000000,0,0
SAT_P3_S4,6926295.496407,0.000798,0.924939,2720.000000,0,0
SAT_P3_S4,6926817.124787,0.000850,0.924968,2760.000000,0,0
SAT_P3_S4,6927325.452945,0.000899,0.924996,2800.000000,0,0
SAT_P3_S4,6927816.479598,0.000944,0.925023,2840.000000,0,0
SAT_P3_S4,6928286.408558,0.000986,0.925049,2880.000000,0,0
SAT_P3_S4,6928731.541780,0.001024,0.925073,2920.000000,0,0
SAT_P3_S4,6929148.384219,0.001057,0.925096,2960.000000,0,0
SAT_P3_S4,6929533.673248,0.001086,0.925118,3000.000000,0,0
SAT_P3_S4,6929884.389751,0.001109,0.925137,3040.000000,0,0
SAT_P3_S4,6930197.781188,0.001128,0.925155,3080.000000,0,0
SAT_P3_S4,6930471.406668,0.001140,0.925170,3120.000000,0,0
SAT_P3_S4,6930703.153649,0.001147,0.925183,3160.000000,0,0
SAT_P3_S4,6930891.224875,0.001148,0.925194,3200.000000,0,0
SAT_P3_S4,6931034.153189,0.001144,0.925203,3240.000000,0,0
SAT_P3_S4,6931130.894525,0.001133,0.925209,3280.000000,0,0
SAT_P3_S4,6931180.784177,0.001116,0.925212,3320.000000,0,0
SAT_P3_S4,6931183.499324,0.001094,0.925213,3360.000000,0,0
SAT_P3_S4,6931139.107574,0.001065,0.925211,3400.000000,0,0
SAT_P3_S4,6931048.064165,0.001031,0.925206,3440.000000,0,0
SAT_P3_S4,6930911.174002,0.000991,0.925199,3480.000000,0,0
SAT_P3_S4,6930729.551066,0.000946,0.925190,3520.000000,0,0
SAT_P3_S4,6930504.635843,0.000896,0.925178,3560.000000,0,0
SAT_P3_S4,6930238.243423,0.000841,0.925164,3600.000000,0,0
SAT_P3_S4,6929932.409739,0.000781,0.925147,3640.000000,0,0
SAT_P3_S4,6929589.445837,0.000717,0.925129,3680.000000,0,0
SAT_P3_S4,6929211.933139,0.000650,0.925108,3720.000000,0,0
SAT_P3_S4,6928802.706578,0.000580,0.925086,3760.000000,0,0
SAT_P3_S4,6928364.813685,0.000508,0.925062,3800.000000,0,0
SAT_P3_S4,6927901.504953,0.000434,0.925037,3840.000000,0,0
SAT_P3_S4,6927416.305824,0.000360,0.925011,3880.000000,0,0
SAT_P3_S4,6926912.951617,0.000290,0.924983,3920.000000,0,0
SAT_P3_S4,6926395.327014,0.000227,0.924955,3960.000000,0,0
SAT_P3_S4,6925867.490306,0.000182,0.924926,4000.000000,0,0
SAT_P3_S4,6925333.641406,0.000173,0.924897,4040.000000,0,0
SAT_P3_S4,6924798.052278,0.000203,0.924868,4080.000000,0,0
SAT_P3_S4,6924264.991938,0.000259,0.924839,4120.000000,0,0
SAT_P3_S4,6923738.705647,0.000328,0.924811,4160.000000,0,0
SAT_P3_S4,6923223.422947,0.000400,0.924783,4200.000000,0,0
SAT_P3_S4,6922723.174181,0.000474,0.924755,4240.000000,0,0
SAT_P3_S4,6922241.811803,0.000547,0.924729,4280.000000,0,0
SAT_P3_S4,6921782.982202,0.000618,0.924704,4320.000000,0,0
SAT_P3_S4,6921350.094725,0.000687,0.924680,4360.000000,0,0
SAT_P3_S4,6920946.276055,0.000751,0.924658,4400.000000,0,0
SAT_P3_S4,6920574.364785,0.000812,0.924638,4440.000000,0,0
SAT_P3_S4,6920236.998102,0.000869,0.924619,4480.000000,0,0
SAT_P3_S4,6919936.569219,0.000920,0.924603,4520.000000,0,0
SAT_P3_S4,6919675.194235,0.000967,0.924588,4560.000000,0,0
SAT_P3_S4,6919454.769173,0.001008,0.924576,4600.000000,0,0
SAT_P3_S4,6919276.971073,0.001043,0.924567,4640.000000,0,0
SAT_P3_S4,6919143.221452,0.001073,0.924559,4680.000000,0,0
SAT_P3_S4,6919054.642539,0.001096,0.924555,4720.000000,0,0
SAT_P3_S4,6919012.063668,0.001113,0.924552,4760.000000,0,0
SAT_P3_S4,6919016.051669,0.001124,0.924553,4800.000000,0,0
SAT_P3_S4,6919066.750697,0.001129,0.924555,4840.000000,0,0
SAT_P3_S4,6919163.921034,0.001127,0.924561,4880.000000,0,0
SAT_P3_S4,6919306.928579,0.001118,0.924568,4920.000000,0,0
SAT_P3_S4,6919494.732664,0.001104,0.924579,4960.000000,0,0
SAT_P3_S4,6919725.861471,0.001083,0.924591,5000.000000,0,0
SAT_P3_S4,6919998.430448,0.001056,0.924606,5040.000000,0,0
SAT_P3_S4,6920310.256629,0.001024,0.924623,5080.000000,0,0
SAT_P3_S4,6920658.848694,0.000986,0.924641,5120.000000,0,0
SAT_P3_S4,6921041.409765,0.000943,0.924662,5160.000000,0,0
SAT_P3_S4,6921454.933415,0.000895,0.924684,5200.000000,0,0
SAT_P3_S4,6921896.245706,0.000843,0.924708,5240.000000,0,0
SAT_P3_S4,6922362.009348,0.000786,0.924733,5280.000000,0,0
SAT_P3_S4,6922848.720062,0.000726,0.924760,5320.000000,0,0
SAT_P3_S4,6923352.751755,0.000662,0.924787,5360.000000,0,0
SAT_P3_S4,6923870.422780,0.000595,0.924815,5400.000000,0,0
SAT_P3_S4,6924397.867488,0.000526,0.924844,5440.000000,0,0
SAT_P3_S4,6924931.105417,0.000455,0.924873,5480.000000,0,0
SAT_P3_S4,6925466.058526,0.000382,0.924901,5520.000000,0,0
SAT_P3_S4,6925998.564969,0.000308,0.924930,5560.000000,0,0
SAT_P3_S4,6926524.379342,0.000233,0.924958,5600.000000,0,0
SAT_P3_S4,6927039.216004,0.000158,0.924986,5640.000000,0,0
SAT_P3_S4,6927538.889308,0.000084,0.925013,5680.000000,0,0
SAT_P3_S4,6928019.327810,0.000016,0.925039,5720.000000,0,0
SAT_P3_S4,6928476.600120,0.000065,0.925064,5760.000000,0,0
SAT_P3_S4,6928907.033194,0.000136,0.925087,5800.000000,0,0
SAT_P3_S4,6929307.272145,0.000205,0.925109,5840.000000,0,0
SAT_P3_S4,6929674.295726,0.000271,0.925129,5880.000000,0,0
SAT_P3_S4,6930005.417248,0.000335,0.925148,5920.000000,0,0
SAT_P3_S4,6930298.326083,0.000396,0.925164,5960.000000,0,0
SAT_P3_S4,6930551.139456,0.000454,0.925178,6000.000000,0,0
SAT_P3_S4,6930762.249521,0.000508,0.925190,6040.000000,0,0
SAT_P3_S4,6930930.359083,0.000558,0.925200,6080.000000,0,0
SAT_P3_S4,6931054.456944,0.000605,0.925207,6120.000000,0,0
SAT_P3_S4,6931133.784191,0.000648,0.925212,6160.000000,0,0
SAT_P3_S4,6931167.783879,0.000687,0.925215,6200.000000,0,0
SAT_P3_S4,6931156.093403,0.000722,0.925214,6240.000000,0,0
SAT_P3_S4,6931098.636113,0.000753,0.925212,6280.000000,0,0
SAT_P3_S4,6930995.593085,0.000780,0.925207,6320.000000,0,0
SAT_P3_S4,6930847.393300,0.000802,0.925199,6360.000000,0,0
SAT_P3_S4,6930654.803830,0.000821,0.925189,6400.000000,0,0
SAT_P3_S4,6930418.970524,0.000836,0.925177,6440.000000,0,0
SAT_P3_S4,6930141.420076,0.000847,0.925163,6480.000000,0,0
SAT_P3_S4,6929824.051939,0.000854,0.925146,6520.000000,0,0
SAT_P3_S4,6929469.174943,0.000858,0.925128,6560.000000,0,0
SAT_P3_S4,6929079.555622,0.000858,0.925107,6600.000000,0,0
SAT_P3_S4,6928658.250064,0.000856,0.925085,6640.000000,0,0
SAT_P3_S4,6928208.626739,0.000851,0.925062,6680.000000,0,0
SAT_P3_S4,6927734.317437,0.000843,0.925037,6720.000000,0,0
SAT_P3_S4,6927239.151163,0.000833,0.925011,6760.000000,0,0
SAT_P3_S4,6926727.064476,0.000822,0.924984,6800.000000,0,0
SAT_P3_S4,6926202.047638,0.000809,0.924957,6840.000000,0,0
SAT_P3_S4,6925668.182256,0.000794,0.924929,6880.000000,0,0
SAT_P3_S4,6925129.561866,0.000778,0.924900,6920.000000,0,0
SAT_P3_S4,6924590.233286,0.000762,0.924872,6960.000000,0,0
SAT_P3_S4,6924054.238286,0.000745,0.924843,7000.000000,0,0
SAT_P3_S4,6923525.615659,0.000727,0.924815,7040.000000,0,0
SAT_P3_S4,6923008.373166,0.000709,0.924788,7080.000000,0,0
SAT_P3_S4,6922506.457338,0.000690,0.924761,7120.000000,0,0
SAT_P3_S4,6922023.776849,0.000671,0.924735,7160.000000,0,0
SAT_P3_S4,6921564.246905,0.000651,0.924711,7200.000000,0,0
SAT_P3_S4,6921131.617105,0.000631,0.924688,7240.000000,0,0
SAT_P3_S4,6920729.497164,0.000609,0.924666,7280.000000,0,0
SAT_P3_S4,6920361.308343,0.000587,0.924647,7320.000000,0,0
SAT_P3_S4,6920030.216399,0.000564,0.924629,7360.000000,0,0
SAT_P3_S4,6919739.019152,0.000539,0.924613,7400.000000,0,0
SAT_P3_S4,6919490.173664,0.000513,0.924600,7440.000000,0,0
SAT_P3_S4,6919285.689406,0.000485,0.924588,7480.000000,0,0
SAT_P3_S4,6919127.109781,0.000455,0.924580,7520.000000,0,0
SAT_P3_S4,6919015.508476,0.000423,0.924573,7560.000000,0,0
SAT_P3_S4,6918951.459329,0.000389,0.924569,7600.000000,0,0
SAT_P3_S4,6918935.027347,0.000353,0.924568,7640.000000,0,0
SAT_P3_S4,6918965.842710,0.000315,0.924569,7680.000000,0,0
SAT_P3_S4,6919043.201332,0.000275,0.924572,7720.000000,0,0
SAT_P3_S4,6919165.973930,0.000234,0.924579,7760.000000,0,0
SAT_P3_S4,6919332.741610,0.000194,0.924587,7800.000000,0,0
SAT_P3_S4,6919541.851859,0.000155,0.924598,7840.000000,0,0
SAT_P3_S4,6919791.454837,0.000125,0.924612,7880.000000,0,0
SAT_P3_S4,6920079.509283,0.000111,0.924627,7920.000000,0,0
SAT_P3_S4,6920403.812717,0.000123,0.924645,7960.000000,0,0
SAT_P3_S4,6920762.095636,0.000156,0.924665,8000.000000,0,0
SAT_P3_S4,6921151.951146,0.000202,0.924686,8040.000000,0,0
SAT_P3_S4,6921570.807633,0.000255,0.924709,8080.000000,0,0
SAT_P3_S4,6922015.951893,0.000310,0.924734,8120.000000,0,0
SAT_P3_S4,6922484.510321,0.000369,0.924760,8160.000000,0,0
SAT_P3_S4,6922973.399538,0.000428,0.924787,8200.000000,0,0
SAT_P3_S4,6923479.286420,0.000488,0.924815,8240.000000,0,0
SAT_P3_S4,6923998.620949,0.000548,0.924843,8280.000000,0,0
SAT_P3_S4,6924527.692732,0.000607,0.924872,8320.000000,0,0
SAT_P3_S4,6925062.515832,0.000666,0.924902,8360.000000,0,0
SAT_P3_S4,6925598.936303,0.000723,0.924931,8400.000000,0,0
SAT_P3_S4,6926132.683645,0.000778,0.924960,8440.000000,0,0
SAT_P3_S4,6926659.418630,0.000831,0.924988,8480.000000,0,0
SAT_P3_S4,6927174.765999,0.000881,0.925016,8520.000000,0,0
SAT_P3_S4,6927674.388135,0.000928,0.925044,8560.000000,0,0
SAT_P3_S4,6928154.142756,0.000971,0.925070,8600.000000,0,0
SAT_P3_S4,6928610.071112,0.001010,0.925094,8640.000000,0,0
SAT_P3_S4,6929038.433077,0.001045,0.925117,8680.000000,0,0
SAT_P3_S4,6929435.798350,0.001075,0.925139,8720.000000,0,0
SAT_P3_S4,6929799.058357,0.001100,0.925159,8760.000000,0,0
SAT_P3_S4,6930125.435726,0.001120,0.925177,8800.000000,0,0
SAT_P3_S4,6930412.488952,0.001134,0.925192,8840.000000,0,0
SAT_P3_S4,6930658.127303,0.001143,0.925206,8880.000000,0,0
SAT_P3_S4,6930860.579965,0.001145,0.925217,8920.000000,0,0
SAT_P3_S4,6931018.357019,0.001143,0.925225,8960.000000,0,0
SAT_P3_S4,6931130.264982,0.001134,0.925231,9000.000000,0,0
SAT_P3_S4,6931195.486397,0.001119,0.925235,9040.000000,0,0
SAT_P3_S4,6931213.460674,0.001098,0.925236,9080.000000,0,0
SAT_P3_S4,6931183.944695,0.001071,0.925235,9120.000000,0,0
SAT_P3_S4,6931107.051361,0.001039,0.925231,9160.000000,0,0
SAT_P3_S4,6930983.269210,0.001000,0.925224,9200.000000,0,0
SAT_P3_S4,6930813.450476,0.000957,0.925216,9240.000000,0,0
SAT_P3_S4,6930598.816861,0.000907,0.925204,9280.000000,0,0
SAT_P3_S4,6930341.037431,0.000853,0.925191,9320.000000,0,0
SAT_P3_S4,6930042.208512,0.000794,0.925175,9360.000000,0,0
SAT_P3_S4,6929704.756894,0.000731,0.925157,9400.000000,0,0
SAT_P3_S4,6929331.471613,0.000664,0.925137,9440.000000,0,0
SAT_P3_S4,6928925.465952,0.000594,0.925116,9480.000000,0,0
SAT_P3_S4,6928490.106650,0.000522,0.925093,9520.000000,0,0
SAT_P3_S4,6928028.932599,0.000448,0.925068,9560.000000,0,0
SAT_P3_S4,6927545.625304,0.000374,0.925042,9600.000000,0,0
SAT_P3_S4,6927044.040941,0.000302,0.925015,9640.000000,0,0
SAT_P3_S4,6926528.049536,0.000236,0.924987,9680.000000,0,0
SAT_P3_S4,6926001.552890,0.000185,0.924959,9720.000000,0,0
SAT_P3_S4,6925468.485379,0.000167,0.924930,9760.000000,0,0
SAT_P3_S4,6924932.802651,0.000190,0.924901,9800.000000,0,0
SAT_P3_S4,6924398.445505,0.000243,0.924873,9840.000000,0,0
SAT_P3_S4,6923869.327407,0.000310,0.924844,9880.000000,0,0
SAT_P3_S4,6923349.400651,0.000382,0.924816,9920.000000,0,0
SAT_P3_S4,6922842.630753,0.000457,0.924788,9960.000000,0,0
SAT_P3_S4,6922352.896819,0.000530,0.924762,10000.000000,0,0
SAT_P3_S4,6921884.023699,0.000603,0.924736,10040.000000,0,0
SAT_P3_S4,6921439.744224,0.000672,0.924712,10080.000000,0,0
SAT_P3_S4,6921023.628993,0.000738,0.924690,10120.000000,0,0
SAT_P3_S4,6920639.004934,0.000801,0.924669,10160.000000,0,0
SAT_P3_S4,6920288.923405,0.000858,0.924650,10200.000000,0,0
SAT_P3_S4,6919976.187463,0.000911,0.924633,10240.000000,0,0
SAT_P3_S4,6919703.192121,0.000959,0.924618,10280.000000,0,0
SAT_P3_S4,6919471.941598,0.001001,0.924605,10320.000000,0,0
SAT_P3_S4,6919284.054049,0.001038,0.924595,10360.000000,0,0
SAT_P3_S4,6919140.761064,0.001068,0.924587,10400.000000,0,0
SAT_P3_S4,6919042.889773,0.001093,0.924581,10440.000000,0,0
SAT_P3_S4,6918990.875939,0.001111,0.924578,10480.000000,0,0
SAT_P3_S4,6918984.864329,0.001123,0.924578,10520.000000,0,0
SAT_P3_S4,6919024.725411,0.001129,0.924580,10560.000000,0,0
SAT_P3_S4,6919110.002472,0.001128,0.924584,10600.000000,0,0
SAT_P3_S4,6919239.995561,0.001121,0.924591,10640.000000,0,0
SAT_P3_S4,6919413.775789,0.001108,0.924601,10680.000000,0,0
SAT_P3_S4,6919630.165139,0.001089,0.924613,10720.000000,0,0
SAT_P3_S4,6919887.701386,0.001065,0.924627,10760.000000,0,0
SAT_P3_S4,6920184.646285,0.001034,0.924643,10800.000000,0,0
SAT_P3_S4,6920519.044001,0.000998,0.924661,10840.000000,0,0
SAT_P3_S4,6920888.587391,0.000957,0.924681,10880.000000,0,0
SAT_P3_S4,6921290.653000,0.000910,0.924703,10920.000000,0,0
SAT_P3_S4,6921722.318363,0.000859,0.924727,10960.000000,0,0
SAT_P3_S4,6922180.371664,0.000804,0.924751,11000.000000,0,0
SAT_P3_S4,6922661.303851,0.000744,0.924777,11040.000000,0,0
SAT_P3_S4,6923161.333726,0.000681,0.924804,11080.000000,0,0
SAT_P3_S4,6923676.524710,0.000615,0.924832,11120.000000,0,0
SAT_P3_S4,6924202.824375,0.000547,0.924860,11160.000000,0,0
SAT_P3_S4,6924736.040583,0.000476,0.924889,11200.000000,0,0
SAT_P3_S4,6925271.960514,0.000403,0.924917,11240.000000,0,0
SAT_P3_S4,6925806.405596,0.000329,0.924946,11280.000000,0,0
SAT_P3_S4,6926335.252933,0.000254,0.924974,11320.000000,0,0
SAT_P3_S4,6926854.441688,0.000179,0.925002,11360.000000,0,0
SAT_P3_S4,6927360.021421,0.000105,0.925029,11400.000000,0,0
SAT_P3_S4,6927848.246396,0.000032,0.925056,11440.000000,0,0
SAT_P3_S4,6928315.464555,0.000046,0.925081,11480.000000,0,0
SAT_P3_S4,6928758.171467,0.000117,0.925105,11520.000000,0,0
SAT_P3_S4,6929173.036014,0.000187,0.925127,11560.000000,0,0
SAT_P3_S4,6929556.909439,0.000255,0.925147,11600.000000,0,0
SAT_P3_S4,6929906.809880,0.000320,0.925166,11640.000000,0,0
SAT_P3_S4,6930219.934747,0.000383,0.925183,11680.000000,0,0
SAT_P3_S4,6930493.760533,0.000443,0.925198,11720.000000,0,0
SAT_P3_S4,6930726.064277,0.000499,0.925210,11760.000000,0,0
SAT_P3_S4,6930914.882954,0.000551,0.925220,11800.000000,0,0
SAT_P3_S4,6931058.614576,0.000600,0.925228,11840.000000,0,0
SAT_P3_S4,6931156.057869,0.000645,0.925234,11880.000000,0,0
SAT_P3_S4,6931206.417579,0.000685,0.925236,11920.000000,0,0
SAT_P3_S4,6931209.293484,0.000721,0.925237,11960.000000,0,0
SAT_P3_S4,6931164.709770,0.000753,0.925235,12000.000000,0,0
SAT_P3_S4,6931073.187373,0.000781,0.925230,12040.000000,0,0
SAT_P3_S4,6930935.600523,0.000804,0.925223,12080.000000,0,0
SAT_P3_S4,6930753.195460,0.000823,0.925214,12120.000000,0,0
SAT_P3_S4,6930527.572619,0.000839,0.925202,12160.000000,0,0
SAT_P3_S4,6930260.645818,0.000850,0.925188,12200.000000,0,0
SAT_P3_S4,6929954.572804,0.000858,0.925172,12240.000000,0,0
SAT_P3_S4,6929611.711080,0.000862,0.925154,12280.000000,0,0
SAT_P3_S4,6929234.659815,0.000863,0.925134,12320.000000,0,0
SAT_P3_S4,6928826.227477,0.000861,0.925112,12360.000000,0,0
SAT_P3_S4,6928389.344345,0.000856,0.925089,12400.000000,0,0
SAT_P3_S4,6927927.120714,0.000849,0.925064,12440.000000,0,0
SAT_P3_S4,6927442.854072,0.000839,0.925038,12480.000000,0,0
SAT_P3_S4,6926940.009925,0.000828,0.925011,12520.000000,0,0
SAT_P3_S4,6926422.193206,0.000815,0.924984,12560.000000,0,0
SAT_P3_S4,6925893.166987,0.000800,0.924956,12600.000000,0,0
SAT_P3_S4,6925356.921070,0.000784,0.924927,12640.000000,0,0
SAT_P3_S4,6924817.520442,0.000768,0.924898,12680.000000,0,0
SAT_P3_S4,6924279.120573,0.000750,0.924870,12720.000000,0,0
SAT_P3_S4,6923745.942466,0.000732,0.924842,12760.000000,0,0
SAT_P3_S4,6923222.221016,0.000713,0.924814,12800.000000,0,0
SAT_P3_S4,6922712.121806,0.000694,0.924787,12840.000000,0,0
SAT_P3_S4,6922219.679702,0.000675,0.924761,12880.000000,0,0
SAT_P3_S4,6921748.818912,0.000655,0.924737,12920.000000,0,0
SAT_P3_S4,6921303.299238,0.000635,0.924713,12960.000000,0,0
SAT_P3_S4,6920886.610321,0.000614,0.924692,13000.000000,0,0
SAT_P3_S4,6920502.009811,0.000592,0.924671,13040.000000,0,0
SAT_P3_S4,6920152.516036,0.000569,0.924653,13080.000000,0,0
SAT_P3_S4,6919840.867464,0.000545,0.924637,13120.000000,0,0
SAT_P3_S4,6919569.522588,0.000520,0.924623,13160.000000,0,0
SAT_P3_S4,6919340.685876,0.000493,0.924611,13200.000000,0,0
SAT_P3_S4,6919156.262277,0.000464,0.924601,13240.000000,0,0
SAT_P3_S4,6919017.872455,0.000434,0.924594,13280.000000,0,0
SAT_P3_S4,6918926.817513,0.000401,0.924589,13320.000000,0,0
SAT_P3_S4,6918884.018797,0.000367,0.924587,13360.000000,0,0
SAT_P3_S4,6918889.991847,0.000330,0.924588,13400.000000,0,0
SAT_P3_S4,6918944.892888,0.000292,0.924591,13440.000000,0,0
SAT_P3_S4,6919048.403145,0.000252,0.924596,13480.000000,0,0
SAT_P3_S4,6919199.705325,0.000212,0.924604,13520.000000,0,0
SAT_P3_S4,6919397.509776,0.000174,0.924614,13560.000000,0,0
SAT_P3_S4,6919640.065364,0.000140,0.924627,13600.000000,0,0
SAT_P3_S4,6919925.155765,0.000120,0.924642,13640.000000,0,0
SAT_P3_S4,6920250.121363,0.000124,0.924658,13680.000000,0,0
SAT_P3_S4,6920611.968601,0.000151,0.924677,13720.000000,0,0
SAT_P3_S4,6921007.483169,0.000193,0.924698,13760.000000,0,0
SAT_P3_S4,6921433.169709,0.000244,0.924721,13800.000000,0,0
SAT_P3_S4,6921885.406119,0.000300,0.924745,13840.000000,0,0
SAT_P3_S4,6922360.509212,0.000358,0.924770,13880.000000,0,0
SAT_P3_S4,6922854.771437,0.000417,0.924797,13920.000000,0,0
SAT_P3_S4,6923364.463961,0.000477,0.924824,13960.000000,0,0
SAT_P3_S4,6923885.862257,0.000537,0.924853,14000.000000,0,0
SAT_P3_S4,6924415.327509,0.000596,0.924882,14040.000000,0,0
SAT_P3_S4,6924949.210749,0.000655,0.924911,14080.000000,0,0
SAT_P3_S4,6925483.834137,0.000712,0.924941,14120.000000,0,0
SAT_P3_S4,6926015.506525,0.000767,0.924970,14160.000000,0,0
SAT_P3_S4,6926540.513059,0.000820,0.924999,14200.000000,0,0
SAT_P3_S4,6927055.083117,0.000870,0.925027,14240.000000,0,0
SAT_P3_S4,6927555.380312,0.000918,0.925055,14280.000000,0,0
SAT_P3_S4,6928037.579443,0.000962,0.925082,14320.000000,0,0
SAT_P3_S4,6928497.951700,0.001002,0.925107,14360.000000,0,0
SAT_P3_S4,6928932.787354,0.001038,0.925131,14400.000000,0,0
SAT_P3_S4,6929338.538046,0.001069,0.925154,14440.000000,0,0
SAT_P3_S4,6929711.880868,0.001096,0.925174,14480.000000,0,0
SAT_P3_S4,6930049.750566,0.001118,0.925193,14520.000000,0,0
SAT_P3_S4,6930349.395351,0.001134,0.925210,14560.000000,0,0
SAT_P3_S4,6930608.423297,0.001144,0.925224,14600.000000,0,0
SAT_P3_S4,6930824.832206,0.001149,0.925236,14640.000000,0,0
SAT_P3_S4,6930996.986781,0.001148,0.925246,14680.000000,0,0
SAT_P3_S4,6931123.598069,0.001141,0.925254,14720.000000,0,0
SAT_P3_S4,6931203.764703,0.001128,0.925258,14760.000000,0,0
SAT_P3_S4,6931236.975542,0.001109,0.925261,14800.000000,0,0
SAT_P3_S4,6931222.986815,0.001085,0.925261,14840.000000,0,0
SAT_P3_S4,6931161.877247,0.001054,0.925258,14880.000000,0,0
SAT_P3_S4,6931054.047260,0.001018,0.925253,14920.000000,0,0
SAT_P3_S4,6930900.205008,0.000976,0.925245,14960.000000,0,0
SAT_P3_S4,6930701.343361,0.000928,0.925235,15000.000000,0,0
SAT_P3_S4,6930458.766976,0.000876,0.925222,15040.000000,0,0
SAT_P3_S4,6930174.199179,0.000819,0.925207,15080.000000,0,0
SAT_P3_S4,6929849.689075,0.000757,0.925191,15120.000000,0,0
SAT_P3_S4,6929487.636066,0.000691,0.925172,15160.000000,0,0
SAT_P3_S4,6929090.819920,0.000622,0.925151,15200.000000,0,0
SAT_P3_S4,6928662.386211,0.000550,0.925129,15240.000000,0,0
SAT_P3_S4,6928205.788199,0.000475,0.925105,15280.000000,0,0
SAT_P3_S4,6927724.730470,0.000400,0.925079,15320.000000,0,0
SAT_P3_S4,6927223.172239,0.000325,0.925053,15360.000000,0,0
SAT_P3_S4,6926705.289550,0.000255,0.925026,15400.000000,0,0
SAT_P3_S4,6926175.309645,0.000197,0.924998,15440.000000,0,0
SAT_P3_S4,6925637.519740,0.000164,0.924969,15480.000000,0,0
SAT_P3_S4,6925096.217856,0.000174,0.924940,15520.000000,0,0
SAT_P3_S4,6924555.652084,0.000220,0.924911,15560.000000,0,0
SAT_P3_S4,6924019.953530,0.000285,0.924883,15600.000000,0,0
SAT_P3_S4,6923493.123047,0.000357,0.924854,15640.000000,0,0
SAT_P3_S4,6922979.104000,0.000432,0.924827,15680.000000,0,0
SAT_P3_S4,6922481.669213,0.000506,0.924800,15720.000000,0,0
SAT_P3_S4,6922004.432856,0.000579,0.924774,15760.000000,0,0
SAT_P3_S4,6921550.879056,0.000649,0.924750,15800.000000,0,0
SAT_P3_S4,6921124.357092,0.000717,0.924727,15840.000000,0,0
SAT_P3_S4,6920728.041596,0.000780,0.924705,15880.000000,0,0
SAT_P3_S4,6920364.900551,0.000840,0.924686,15920.000000,0,0
SAT_P3_S4,6920037.727537,0.000894,0.924668,15960.000000,0,0
SAT_P3_S4,6919749.134113,0.000944,0.924652,16000.000000,0,0
SAT_P3_S4,6919501.409809,0.000988,0.924639,16040.000000,0,0
SAT_P3_S4,6919296.556372,0.001027,0.924628,16080.000000,0,0
SAT_P3_S4,6919136.256554,0.001060,0.924619,16120.000000,0,0
SAT_P3_S4,6919021.827537,0.001086,0.924613,16160.000000,0,0
SAT_P3_S4,6918954.164806,0.001106,0.924609,16200.000000,0,0
SAT_P3_S4,6918933.736253,0.001120,0.924608,16240.000000,0,0
SAT_P3_S4,6918960.658861,0.001128,0.924609,16280.000000,0,0
SAT_P3_S4,6919034.599635,0.001128,0.924613,16320.000000,0,0
SAT_P3_S4,6919154.802369,0.001123,0.924619,16360.000000,0,0
SAT_P3_S4,6919320.138188,0.001111,0.924628,16400.000000,0,0
SAT_P3_S4,6919529.133136,0.001093,0.924639,16440.000000,0,0
SAT_P3_S4,6919779.969192,0.001069,0.924653,16480.000000,0,0
SAT_P3_S4,6920070.501038,0.001040,0.924669,16520.000000,0,0
SAT_P3_S4,6920398.345944,0.001005,0.924686,16560.000000,0,0
SAT_P3_S4,6920760.938646,0.000964,0.924706,16600.000000,0,0
SAT_P3_S4,6921155.449725,0.000919,0.924727,16640.000000,0,0
SAT_P3_S4,6921578.883067,0.000869,0.924751,16680.000000,0,0
SAT_P3_S4,6922028.099814,0.000815,0.924775,16720.000000,0,0
SAT_P3_S4,6922499.819258,0.000757,0.924801,16760.000000,0,0
SAT_P3_S4,6922990.601865,0.000696,0.924828,16800.000000,0,0
SAT_P3_S4,6923496.872676,0.000631,0.924856,16840.000000,0,0
SAT_P3_S4,6924015.014465,0.000564,0.924884,16880.000000,0,0
SAT_P3_S4,6924541.280098,0.000494,0.924913,16920.000000,0,0
SAT_P3_S4,6925071.821906,0.000423,0.924942,16960.000000,0,0
SAT_P3_S4,6925602.739405,0.000350,0.924971,17000.000000,0,0
SAT_P3_S4,6926130.102891,0.000276,0.925000,17040.000000,0,0
SAT_P3_S4,6926649.950186,0.000202,0.925028,17080.000000,0,0
SAT_P3_S4,6927158.301013,0.000128,0.925056,17120.000000,0,0
SAT_P3_S4,6927651.248954,0.000055,0.925082,17160.000000,0,0
SAT_P3_S4,6928125.022963,0.000026,0.925108,17200.000000,0,0
SAT_P3_S4,6928575.914404,0.000094,0.925132,17240.000000,0,0
SAT_P3_S4,6929000.389079,0.000164,0.925154,17280.000000,0,0
SAT_P3_S4,6929395.127782,0.000232,0.925175,17320.000000,0,0
SAT_P3_S4,6929757.043252,0.000298,0.925195,17360.000000,0,0
SAT_P3_S4,6930083.277900,0.000362,0.925212,17400.000000,0,0
SAT_P3_S4,6930371.240382,0.000422,0.925227,17440.000000,0,0
SAT_P3_S4,6930618.709096,0.000480,0.925240,17480.000000,0,0
SAT_P3_S4,6930823.745016,0.000533,0.925251,17520.000000,0,0
SAT_P3_S4,6930984.718596,0.000583,0.925259,17560.000000,0,0
SAT_P3_S4,6931100.348825,0.000629,0.925265,17600.000000,0,0
SAT_P3_S4,6931169.711479,0.000671,0.925268,17640.000000,0,0
SAT_P3_S4,6931192.215248,0.000709,0.925269,17680.000000,0,0
SAT_P3_S4,6931167.591053,0.000742,0.925267,17720.000000,0,0
SAT_P3_S4,6931095.954757,0.000771,0.925263,17760.000000,0,0
SAT_P3_S4,6930977.835988,0.000796,0.925257,17800.000000,0,0
SAT_P3_S4,6930814.071065,0.000817,0.925248,17840.000000,0,0
SAT_P3_S4,6930605.877362,0.000834,0.925236,17880.000000,0,0
SAT_P3_S4,6930354.855134,0.000846,0.925222,17920.000000,0,0
SAT_P3_S4,6930062.963778,0.000855,0.925207,17960.000000,0,0
SAT_P3_S4,6929732.477096,0.000861,0.925189,18000.000000,0,0
SAT_P3_S4,6929365.975845,0.000862,0.925169,18040.000000,0,0
SAT_P3_S4,6928966.405828,0.000861,0.925147,18080.000000,0,0
SAT_P3_S4,6928536.944049,0.000857,0.925124,18120.000000,0,0
SAT_P3_S4,6928080.978389,0.000850,0.925100,18160.000000,0,0
SAT_P3_S4,6927602.099240,0.000841,0.925074,18200.000000,0,0
SAT_P3_S4,6927104.061548,0.000830,0.925047,18240.000000,0,0
SAT_P3_S4,6926590.716970,0.000817,0.925020,18280.000000,0,0
SAT_P3_S4,6926065.961953,0.000802,0.924992,18320.000000,0,0
SAT_P3_S4,6925533.763138,0.000787,0.924963,18360.000000,0,0
SAT_P3_S4,6924998.154432,0.000770,0.924934,18400.000000,0,0
SAT_P3_S4,6924463.103831,0.000752,0.924906,18440.000000,0,0
SAT_P3_S4,6923932.567414,0.000734,0.924877,18480.000000,0,0
SAT_P3_S4,6923410.476998,0.000716,0.924849,18520.000000,0,0
SAT_P3_S4,6922900.708291,0.000697,0.924822,18560.000000,0,0
SAT_P3_S4,6922407.032871,0.000677,0.924796,18600.000000,0,0
SAT_P3_S4,6921933.111774,0.000657,0.924771,18640.000000,0,0
SAT_P3_S4,6921482.559071,0.000637,0.924747,18680.000000,0,0
SAT_P3_S4,6921058.814246,0.000616,0.924724,18720.000000,0,0
SAT_P3_S4,6920665.130444,0.000595,0.924704,18760.000000,0,0
SAT_P3_S4,6920304.575331,0.000572,0.924685,18800.000000,0,0
SAT_P3_S4,6919980.000627,0.000549,0.924668,18840.000000,0,0
SAT_P3_S4,6919693.966764,0.000524,0.924653,18880.000000,0,0
SAT_P3_S4,6919448.777610,0.000498,0.924640,18920.000000,0,0
SAT_P3_S4,6919246.414648,0.000471,0.924630,18960.000000,0,0
SAT_P3_S4,6919088.539336,0.000441,0.924622,19000.000000,0,0
SAT_P3_S4,6918976.488573,0.000410,0.924617,19040.000000,0,0
SAT_P3_S4,6918911.236101,0.000377,0.924614,19080.000000,0,0
SAT_P3_S4,6918893.371040,0.000342,0.924613,19120.000000,0,0
SAT_P3_S4,6918923.152952,0.000306,0.924616,19160.000000,0,0
SAT_P3_S4,6919000.535863,0.000267,0.924620,19200.000000,0,0
SAT_P3_S4,6919125.057835,0.000228,0.924627,19240.000000,0,0
SAT_P3_S4,6919295.915095,0.000190,0.924637,19280.000000,0,0
SAT_P3_S4,6919511.966050,0.000155,0.924649,19320.000000,0,0
SAT_P3_S4,6919771.715454,0.000130,0.924663,19360.000000,0,0
SAT_P3_S4,6920073.283780,0.000123,0.924680,19400.000000,0,0
SAT_P3_S4,6920414.421282,0.000141,0.924698,19440.000000,0,0
SAT_P3_S4,6920792.597522,0.000177,0.924718,19480.000000,0,0
SAT_P3_S4,6921204.910056,0.000224,0.924740,19520.000000,0,0
SAT_P3_S4,6921648.116505,0.000277,0.924764,19560.000000,0,0
SAT_P3_S4,6922118.689430,0.000334,0.924788,19600.000000,0,0
SAT_P3_S4,6922612.850163,0.000394,0.924814,19640.000000,0,0
SAT_P3_S4,6923126.578427,0.000454,0.924841,19680.000000,0,0
SAT_P3_S4,6923655.641897,0.000515,0.924869,19720.000000,0,0
SAT_P3_S4,6924195.705832,0.000576,0.924897,19760.000000,0,0
SAT_P3_S4,6924742.411848,0.000636,0.924926,19800.000000,0,0
SAT_P3_S4,6925291.317801,0.000694,0.924955,19840.000000,0,0
SAT_P3_S4,6925838.024319,0.000751,0.924983,19880.000000,0,0
SAT_P3_S4,6926378.224686,0.000806,0.925012,19920.000000,0,0
SAT_P3_S4,6926907.727747,0.000858,0.925040,19960.000000,0,0
SAT_P3_S4,6927422.458415,0.000907,0.925067,20000.000000,0,0
SAT_P3_S4,6927918.494176,0.000953,0.925093,20040.000000,0,0
SAT_P3_S4,6928392.165688,0.000994,0.925119,20080.000000,0,0
SAT_P3_S4,6928839.967228,0.001032,0.925143,20120.000000,0,0
SAT_P3_S4,6929258.581084,0.001065,0.925165,20160.000000,0,0
SAT_P3_S4,6929644.917227,0.001093,0.925186,20200.000000,0,0
SAT_P3_S4,6929996.110690,0.001116,0.925205,20240.000000,0,0
SAT_P3_S4,6930309.525773,0.001134,0.925222,20280.000000,0,0
SAT_P3_S4,6930582.773842,0.001147,0.925237,20320.000000,0,0
SAT_P3_S4,6930813.755355,0.001154,0.925250,20360.000000,0,0
SAT_P3_S4,6931000.675051,0.001154,0.925260,20400.000000,0,0
SAT_P3_S4,6931142.034955,0.001149,0.925268,20440.000000,0,0
SAT_P3_S4,6931236.662832,0.001138,0.925274,20480.000000,0,0
SAT_P3_S4,6931283.820118,0.001121,0.925277,20520.000000,0,0
SAT_P3_S4,6931283.145160,0.001098,0.925277,20560.000000,0,0
SAT_P3_S4,6931234.642334,0.001069,0.925275,20600.000000,0,0
SAT_P3_S4,6931138.727545,0.001035,0.925270,20640.000000,0,0
SAT_P3_S4,6930996.223544,0.000994,0.925263,20680.000000,0,0
SAT_P3_S4,6930808.316582,0.000948,0.925253,20720.000000,0,0
SAT_P3_S4,6930576.512742,0.000898,0.925241,20760.000000,0,0
SAT_P3_S4,6930302.654552,0.000842,0.925226,20800.000000,0,0
SAT_P3_S4,6929988.947127,0.000781,0.925209,20840.000000,0,0
SAT_P3_S4,6929637.800842,0.000717,0.925191,20880.000000,0,0
SAT_P3_S4,6929251.883403,0.000649,0.925170,20920.000000,0,0
SAT_P3_S4,6928834.106032,0.000578,0.925147,20960.000000,0,0
SAT_P3_S4,6928387.599617,0.000504,0.925123,21000.000000,0,0
SAT_P3_S4,6927915.671517,0.000429,0.925098,21040.000000,0,0
SAT_P3_S4,6927421.800155,0.000353,0.925071,21080.000000,0,0
SAT_P3_S4,6926909.712070,0.000280,0.925044,21120.000000,0,0
SAT_P3_S4,6926383.298257,0.000213,0.925015,21160.000000,0,0
SAT_P3_S4,6925846.577726,0.000164,0.924987,21200.000000,0,0
SAT_P3_S4,6925303.718462,0.000153,0.924957,21240.000000,0,0
SAT_P3_S4,6924759.008312,0.000187,0.924928,21280.000000,0,0
SAT_P3_S4,6924216.787336,0.000247,0.924899,21320.000000,0,0
SAT_P3_S4,6923681.378682,0.000319,0.924870,21360.000000,0,0
SAT_P3_S4,6923157.076987,0.000394,0.924842,21400.000000,0,0
SAT_P3_S4,6922648.144826,0.000469,0.924815,21440.000000,0,0
SAT_P3_S4,6922158.630590,0.000543,0.924789,21480.000000,0,0
SAT_P3_S4,6921692.392072,0.000615,0.924764,21520.000000,0,0
SAT_P3_S4,6921253.058864,0.000684,0.924740,21560.000000,0,0
SAT_P3_S4,6920843.990405,0.000749,0.924718,21600.000000,0,0
SAT_P3_S4,6920468.221204,0.000810,0.924698,21640.000000,0,0
SAT_P3_S4,6920128.450685,0.000866,0.924680,21680.000000,0,0
SAT_P3_S4,6919827.124325,0.000917,0.924663,21720.000000,0,0
SAT_P3_S4,6919566.364396,0.000963,0.924649,21760.000000,0,0
SAT_P3_S4,6919347.955576,0.001004,0.924637,21800.000000,0,0
SAT_P3_S4,6919173.395969,0.001038,0.924628,21840.000000,0,0
SAT_P3_S4,6919043.904383,0.001066,0.924621,21880.000000,0,0
SAT_P3_S4,6918960.393678,0.001089,0.924616,21920.000000,0,0
SAT_P3_S4,6918923.445289,0.001105,0.924615,21960.000000,0,0
SAT_P3_S4,6918933.342036,0.001115,0.924615,22000.000000,0,0
SAT_P3_S4,6918990.107988,0.001118,0.924618,22040.000000,0,0
SAT_P3_S4,6919093.367008,0.001115,0.924624,22080.000000,0,0
SAT_P3_S4,6919242.404398,0.001105,0.924632,22120.000000,0,0
SAT_P3_S4,6919436.162800,0.001090,0.924642,22160.000000,0,0
SAT_P3_S4,6919673.230249,0.001068,0.924655,22200.000000,0,0
SAT_P3_S4,6919951.812566,0.001041,0.924670,22240.000000,0,0
SAT_P3_S4,6920269.747278,0.001007,0.924687,22280.000000,0,0
SAT_P3_S4,6920624.605160,0.000969,0.924706,22320.000000,0,0
SAT_P3_S4,6921013.643590,0.000925,0.924727,22360.000000,0,0
SAT_P3_S4,6921433.814422,0.000876,0.924750,22400.000000,0,0
SAT_P3_S4,6921881.837303,0.000823,0.924774,22440.000000,0,0
SAT_P3_S4,6922354.232785,0.000766,0.924799,22480.000000,0,0
SAT_P3_S4,6922847.323620,0.000705,0.924826,22520.000000,0,0
SAT_P3_S4,6923357.240330,0.000640,0.924853,22560.000000,0,0
SAT_P3_S4,6923879.989498,0.000573,0.924882,22600.000000,0,0
SAT_P3_S4,6924411.533081,0.000504,0.924910,22640.000000,0,0
SAT_P3_S4,6924947.685137,0.000433,0.924939,22680.000000,0,0
SAT_P3_S4,6925484.217724,0.000360,0.924968,22720.000000,0,0
SAT_P3_S4,6926016.900676,0.000286,0.924997,22760.000000,0,0
SAT_P3_S4,6926541.532204,0.000212,0.925026,22800.000000,0,0
SAT_P3_S4,6927053.951379,0.000139,0.925054,22840.000000,0,0
SAT_P3_S4,6927550.089074,0.000068,0.925081,22880.000000,0,0
SAT_P3_S4,6928026.101609,0.000028,0.925108,22920.000000,0,0
SAT_P3_S4,6928478.346055,0.000086,0.925133,22960.000000,0,0
SAT_P3_S4,6928903.402162,0.000154,0.925156,23000.000000,0,0
SAT_P3_S4,6929298.150407,0.000221,0.925178,23040.000000,0,0
SAT_P3_S4,6929659.798111,0.000286,0.925199,23080.000000,0,0
SAT_P3_S4,6929985.863262,0.000348,0.925217,23120.000000,0,0
SAT_P3_S4,6930274.153330,0.000408,0.925233,23160.000000,0,0
SAT_P3_S4,6930522.797265,0.000464,0.925247,23200.000000,0,0
SAT_P3_S4,6930730.280182,0.000517,0.925258,23240.000000,0,0
SAT_P3_S4,6930895.296272,0.000566,0.925267,23280.000000,0,0
SAT_P3_S4,6931016.803591,0.000611,0.925274,23320.000000,0,0
SAT_P3_S4,6931094.016208,0.000653,0.925278,23360.000000,0,0
SAT_P3_S4,6931126.390032,0.000690,0.925279,23400.000000,0,0
SAT_P3_S4,6931113.594643,0.000724,0.925278,23440.000000,0,0
SAT_P3_S4,6931055.530068,0.000754,0.925274,23480.000000,0,0
SAT_P3_S4,6930952.436144,0.000779,0.925268,23520.000000,0,0
SAT_P3_S4,6930804.846515,0.000800,0.925259,23560.000000,0,0
SAT_P3_S4,6930613.595577,0.000818,0.925248,23600.000000,0,0
SAT_P3_S4,6930379.888463,0.000831,0.925234,23640.000000,0,0
SAT_P3_S4,6930105.320087,0.000841,0.925218,23680.000000,0,0
SAT_P3_S4,6929791.851971,0.000847,0.925201,23720.000000,0,0
SAT_P3_S4,6929441.782801,0.000850,0.925181,23760.000000,0,0
SAT_P3_S4,6929057.769485,0.000849,0.925160,23800.000000,0,0
SAT_P3_S4,6928642.845673,0.000845,0.925137,23840.000000,0,0
SAT_P3_S4,6928200.251088,0.000839,0.925112,23880.000000,0,0
SAT_P3_S4,6927733.458784,0.000831,0.925087,23920.000000,0,0
SAT_P3_S4,6927246.132237,0.000820,0.925060,23960.000000,0,0
SAT_P3_S4,6926742.071815,0.000807,0.925032,24000.000000,0,0
SAT_P3_S4,6926225.143941,0.000793,0.925004,24040.000000,0,0
SAT_P3_S4,6925699.252147,0.000778,0.924976,24080.000000,0,0
SAT_P3_S4,6925168.398006,0.000762,0.924947,24120.000000,0,0
SAT_P3_S4,6924636.591486,0.000744,0.924918,24160.000000,0,0
SAT_P3_S4,6924107.815746,0.000727,0.924890,24200.000000,0,0
SAT_P3_S4,6923586.057270,0.000708,0.924861,24240.000000,0,0
SAT_P3_S4,6923075.291756,0.000690,0.924834,24280.000000,0,0
SAT_P3_S4,6922579.433789,0.000671,0.924807,24320.000000,0,0
SAT_P3_S4,6922102.286191,0.000651,0.924782,24360.000000,0,0
SAT_P3_S4,6921647.546877,0.000632,0.924757,24400.000000,0,0
SAT_P3_S4,6921218.821045,0.000612,0.924735,24440.000000,0,0
SAT_P3_S4,6920819.448516,0.000591,0.924713,24480.000000,0,0
SAT_P3_S4,6920452.537114,0.000570,0.924694,24520.000000,0,0
SAT_P3_S4,6920120.930355,0.000547,0.924676,24560.000000,0,0
SAT_P3_S4,6919827.157241,0.000524,0.924661,24600.000000,0,0
SAT_P3_S4,6919573.409283,0.000499,0.924647,24640.000000,0,0
SAT_P3_S4,6919361.551453,0.000473,0.924636,24680.000000,0,0
SAT_P3_S4,6919193.103169,0.000445,0.924628,24720.000000,0,0
SAT_P3_S4,6919069.272797,0.000416,0.924622,24760.000000,0,0
SAT_P3_S4,6918990.950583,0.000384,0.924618,24800.000000,0,0
SAT_P3_S4,6918958.690410,0.000351,0.924617,24840.000000,0,0
SAT_P3_S4,6918972.736481,0.000317,0.924618,24880.000000,0,0
SAT_P3_S4,6919033.110548,0.000280,0.924622,24920.000000,0,0
SAT_P3_S4,6919139.490675,0.000243,0.924629,24960.000000,0,0
SAT_P3_S4,6919291.233781,0.000206,0.924638,25000.000000,0,0
SAT_P3_S4,6919487.383906,0.000171,0.924649,25040.000000,0,0
SAT_P3_S4,6919726.655235,0.000143,0.924663,25080.000000,0,0
SAT_P3_S4,6920007.388446,0.000129,0.924678,25120.000000,0,0
SAT_P3_S4,6920327.530914,0.000135,0.924696,25160.000000,0,0
SAT_P3_S4,6920684.703327,0.000162,0.924716,25200.000000,0,0
SAT_P3_S4,6921076.221437,0.000203,0.924738,25240.000000,0,0
SAT_P3_S4,6921499.032321,0.000252,0.924761,25280.000000,0,0
SAT_P3_S4,6921949.821355,0.000305,0.924786,25320.000000,0,0
SAT_P3_S4,6922425.066506,0.000362,0.924812,25360.000000,0,0
SAT_P3_S4,6922921.070649,0.000420,0.924839,25400.000000,0,0
SAT_P3_S4,6923433.981351,0.000479,0.924867,25440.000000,0,0
SAT_P3_S4,6923959.853772,0.000538,0.924895,25480.000000,0,0
SAT_P3_S4,6924494.771057,0.000597,0.924924,25520.000000,0,0
SAT_P3_S4,6925034.750372,0.000655,0.924953,25560.000000,0,0
SAT_P3_S4,6925575.790153,0.000712,0.924982,25600.000000,0,0
SAT_P3_S4,6926113.898889,0.000767,0.925010,25640.000000,0,0
SAT_P3_S4,6926645.094732,0.000820,0.925038,25680.000000,0,0
SAT_P3_S4,6927165.375320,0.000870,0.925065,25720.000000,0,0
SAT_P3_S4,6927670.709808,0.000917,0.925092,25760.000000,0,0
SAT_P3_S4,6928157.116623,0.000961,0.925117,25800.000000,0,0
SAT_P3_S4,6928620.695567,0.001001,0.925141,25840.000000,0,0
SAT_P3_S4,6929057.574783,0.001036,0.925163,25880.000000,0,0
SAT_P3_S4,6929464.029559,0.001067,0.925184,25920.000000,0,0
SAT_P3_S4,6929836.547159,0.001093,0.925203,25960.000000,0,0
SAT_P3_S4,6930171.862543,0.001114,0.925220,26000.000000,0,0
SAT_P3_S4,6930467.032369,0.001129,0.925235,26040.000000,0,0
SAT_P3_S4,6930719.489344,0.001139,0.925248,26080.000000,0,0
SAT_P3_S4,6930927.104527,0.001143,0.925258,26120.000000,0,0
SAT_P3_S4,6931088.191103,0.001140,0.925266,26160.000000,0,0
SAT_P3_S4,6931201.491436,0.001132,0.925272,26200.000000,0,0
SAT_P3_S4,6931266.205394,0.001117,0.925275,26240.000000,0,0
SAT_P3_S4,6931282.045790,0.001096,0.925275,26280.000000,0,0
SAT_P3_S4,6931249.086156,0.001069,0.925273,26320.000000,0,0
SAT_P3_S4,6931167.794411,0.001036,0.925268,26360.000000,0,0
SAT_P3_S4,6931039.018481,0.000998,0.925260,26400.000000,0,0
SAT_P3_S4,6930863.959644,0.000954,0.925250,26440.000000,0,0
SAT_P3_S4,6930644.123138,0.000905,0.925238,26480.000000,0,0
SAT_P3_S4,6930381.301223,0.000851,0.925223,26520.000000,0,0
SAT_P3_S4,6930077.644672,0.000792,0.925206,26560.000000,0,0
SAT_P3_S4,6929735.620594,0.000728,0.925187,26600.000000,0,0
SAT_P3_S4,6929357.947407,0.000661,0.925166,26640.000000,0,0
SAT_P3_S4,6928947.639310,0.000591,0.925143,26680.000000,0,0
SAT_P3_S4,6928507.990080,0.000518,0.925119,26720.000000,0,0
SAT_P3_S4,6928042.519289,0.000444,0.925093,26760.000000,0,0
SAT_P3_S4,6927554.908633,0.000368,0.925066,26800.000000,0,0
SAT_P3_S4,6927048.987966,0.000294,0.925038,26840.000000,0,0
SAT_P3_S4,6926528.759282,0.000224,0.925010,26880.000000,0,0
SAT_P3_S4,6925998.221259,0.000169,0.924981,26920.000000,0,0
SAT_P3_S4,6925461.389429,0.000145,0.924951,26960.000000,0,0
SAT_P3_S4,6924922.275945,0.000168,0.924921,27000.000000,0,0
SAT_P3_S4,6924384.863520,0.000223,0.924892,27040.000000,0,0
SAT_P3_S4,6923853.061014,0.000292,0.924863,27080.000000,0,0
SAT_P3_S4,6923330.693521,0.000365,0.924834,27120.000000,0,0
SAT_P3_S4,6922821.581311,0.000440,0.924807,27160.000000,0,0
SAT_P3_S4,6922329.503378,0.000515,0.924780,27200.000000,0,0
SAT_P3_S4,6921858.134782,0.000587,0.924754,27240.000000,0,0
SAT_P3_S4,6921411.090043,0.000657,0.924730,27280.000000,0,0
SAT_P3_S4,6920991.900673,0.000723,0.924707,27320.000000,0,0
SAT_P3_S4,6920603.952953,0.000785,0.924686,27360.000000,0,0
SAT_P3_S4,6920250.413619,0.000843,0.924667,27400.000000,0,0
SAT_P3_S4,6919934.202311,0.000896,0.924650,27440.000000,0,0
SAT_P3_S4,6919658.000837,0.000944,0.924636,27480.000000,0,0
SAT_P3_S4,6919424.074179,0.000986,0.924623,27520.000000,0,0
SAT_P3_S4,6919234.284370,0.001023,0.924613,27560.000000,0,0
SAT_P3_S4,6919090.072887,0.001053,0.924605,27600.000000,0,0
SAT_P3_S4,6918992.445318,0.001078,0.924600,27640.000000,0,0
SAT_P3_S4,6918941.945506,0.001096,0.924597,27680.000000,0,0
SAT_P3_S4,6918938.671580,0.001107,0.924597,27720.000000,0,0
SAT_P3_S4,6918982.389206,0.001112,0.924599,27760.000000,0,0
SAT_P3_S4,6919072.535169,0.001111,0.924604,27800.000000,0,0
SAT_P3_S4,6919208.198196,0.001104,0.924612,27840.000000,0,0
SAT_P3_S4,6919388.210638,0.001090,0.924622,27880.000000,0,0
SAT_P3_S4,6919611.174475,0.001070,0.924634,27920.000000,0,0
SAT_P3_S4,6919875.447446,0.001045,0.924648,27960.000000,0,0
SAT_P3_S4,6920179.116114,0.001014,0.924665,28000.000000,0,0
SAT_P3_S4,6920520.013465,0.000977,0.924683,28040.000000,0,0
SAT_P3_S4,6920895.769890,0.000935,0.924704,28080.000000,0,0
SAT_P3_S4,6921303.674517,0.000889,0.924726,28120.000000,0,0
SAT_P3_S4,6921740.725654,0.000838,0.924750,28160.000000,0,0
SAT_P3_S4,6922203.647624,0.000782,0.924775,28200.000000,0,0
SAT_P3_S4,6922688.907272,0.000723,0.924801,28240.000000,0,0
SAT_P3_S4,6923192.717529,0.000660,0.924828,28280.000000,0,0
SAT_P3_S4,6923711.080559,0.000594,0.924856,28320.000000,0,0
SAT_P3_S4,6924239.925458,0.000526,0.924885,28360.000000,0,0
SAT_P3_S4,6924775.132959,0.000456,0.924914,28400.000000,0,0
SAT_P3_S4,6925312.534261,0.000384,0.924943,28440.000000,0,0
SAT_P3_S4,6925848.017384,0.000311,0.924971,28480.000000,0,0
SAT_P3_S4,6926377.564656,0.000238,0.925000,28520.000000,0,0
SAT_P3_S4,6926897.246816,0.000165,0.925027,28560.000000,0,0
SAT_P3_S4,6927403.202145,0.000093,0.925054,28600.000000,0,0
SAT_P3_S4,6927891.659583,0.000037,0.925080,28640.000000,0,0
SAT_P3_S4,6928358.995256,0.000068,0.925105,28680.000000,0,0
SAT_P3_S4,6928801.600215,0.000134,0.925129,28720.000000,0,0
SAT_P3_S4,6929215.940682,0.000202,0.925150,28760.000000,0,0
SAT_P3_S4,6929598.588692,0.000268,0.925171,28800.000000,0,0
SAT_P3_S4,6929946.255937,0.000332,0.925189,28840.000000,0,0
SAT_P3_S4,6930255.817109,0.000393,0.925205,28880.000000,0,0
SAT_P3_S4,6930524.375627,0.000451,0.925219,28920.000000,0,0
SAT_P3_S4,6930749.427277,0.000505,0.925231,28960.000000,0,0
SAT_P3_S4,6930928.905101,0.000555,0.925241,29000.000000,0,0
SAT_P3_S4,6931061.191729,0.000602,0.925249,29040.000000,0,0
SAT_P3_S4,6931145.235495,0.000644,0.925253,29080.000000,0,0
SAT_P3_S4,6931180.583452,0.000682,0.925256,29120.000000,0,0
SAT_P3_S4,6931167.357473,0.000715,0.925256,29160.000000,0,0
SAT_P3_S4,6931106.201303,0.000744,0.925253,29200.000000,0,0
SAT_P3_S4,6930998.255047,0.000768,0.925248,29240.000000,0,0
SAT_P3_S4,6930845.144486,0.000789,0.925240,29280.000000,0,0
SAT_P3_S4,6930648.775794,0.000805,0.925230,29320.000000,0,0
SAT_P3_S4,6930411.305921,0.000818,0.925218,29360.000000,0,0
SAT_P3_S4,6930135.078287,0.000827,0.925203,29400.000000,0,0
SAT_P3_S4,6929822.560514,0.000833,0.925186,29440.000000,0,0
SAT_P3_S4,6929476.274268,0.000835,0.925167,29480.000000,0,0
SAT_P3_S4,6929098.773661,0.000835,0.925146,29520.000000,0,0
SAT_P3_S4,6928692.732910,0.000832,0.925123,29560.000000,0,0
SAT_P3_S4,6928260.931576,0.000826,0.925099,29600.000000,0,0
SAT_P3_S4,6927806.223384,0.000819,0.925074,29640.000000,0,0
SAT_P3_S4,6927331.626809,0.000809,0.925047,29680.000000,0,0
SAT_P3_S4,6926840.351777,0.000798,0.925019,29720.000000,0,0
SAT_P3_S4,6926335.784699,0.000785,0.924991,29760.000000,0,0
SAT_P3_S4,6925821.457113,0.000771,0.924962,29800.000000,0,0
SAT_P3_S4,6925301.054287,0.000756,0.924933,29840.000000,0,0
SAT_P3_S4,6924778.448743,0.000740,0.924904,29880.000000,0,0
SAT_P3_S4,6924257.526987,0.000723,0.924876,29920.000000,0,0
SAT_P3_S4,6923742.200881,0.000706,0.924847,29960.000000,0,0
SAT_P3_S4,6923236.371924,0.000688,0.924819,30000.000000,0,0
SAT_P3_S4,6922743.886324,0.000670,0.924792,30040.000000,0,0
SAT_P3_S4,6922268.470644,0.000652,0.924766,30080.000000,0,0
SAT_P3_S4,6921813.702208,0.000634,0.924742,30120.000000,0,0
SAT_P3_S4,6921383.070177,0.000615,0.924718,30160.000000,0,0
SAT_P3_S4,6920979.926679,0.000595,0.924697,30200.000000,0,0
SAT_P3_S4,6920607.416146,0.000574,0.924677,30240.000000,0,0
SAT_P3_S4,6920268.514132,0.000553,0.924658,30280.000000,0,0
SAT_P3_S4,6919966.003677,0.000531,0.924642,30320.000000,0,0
SAT_P3_S4,6919702.406559,0.000507,0.924628,30360.000000,0,0
SAT_P3_S4,6919479.973364,0.000482,0.924617,30400.000000,0,0
SAT_P3_S4,6919300.616759,0.000455,0.924607,30440.000000,0,0
SAT_P3_S4,6919165.887596,0.000426,0.924601,30480.000000,0,0
SAT_P3_S4,6919076.940839,0.000395,0.924596,30520.000000,0,0
SAT_P3_S4,6919034.480291,0.000362,0.924594,30560.000000,0,0
SAT_P3_S4,6919038.739689,0.000328,0.924595,30600.000000,0,0
SAT_P3_S4,6919089.562880,0.000291,0.924598,30640.000000,0,0
SAT_P3_S4,6919186.416161,0.000254,0.924604,30680.000000,0,0
SAT_P3_S4,6919328.347997,0.000216,0.924612,30720.000000,0,0
SAT_P3_S4,6919514.097648,0.000179,0.924623,30760.000000,0,0
SAT_P3_S4,6919742.144961,0.000147,0.924636,30800.000000,0,0
SAT_P3_S4,6920010.725306,0.000126,0.924651,30840.000000,0,0
SAT_P3_S4,6920317.826609,0.000124,0.924669,30880.000000,0,0
SAT_P3_S4,6920661.223034,0.000145,0.924688,30920.000000,0,0
SAT_P3_S4,6921038.545622,0.000183,0.924709,30960.000000,0,0
SAT_P3_S4,6921447.141599,0.000230,0.924732,31000.000000,0,0
SAT_P3_S4,6921884.097936,0.000282,0.924757,31040.000000,0,0
SAT_P3_S4,6922346.236127,0.000338,0.924782,31080.000000,0,0
SAT_P3_S4,6922830.099382,0.000395,0.924809,31120.000000,0,0
SAT_P3_S4,6923331.927102,0.000454,0.924837,31160.000000,0,0
SAT_P3_S4,6923847.671494,0.000513,0.924865,31200.000000,0,0
SAT_P3_S4,6924373.121402,0.000571,0.924894,31240.000000,0,0
SAT_P3_S4,6924903.961504,0.000629,0.924923,31280.000000,0,0
SAT_P3_S4,6925435.777949,0.000686,0.924952,31320.000000,0,0
SAT_P3_S4,6925964.216502,0.000740,0.924981,31360.000000,0,0
SAT_P3_S4,6926485.075162,0.000793,0.925009,31400.000000,0,0
SAT_P3_S4,6926994.353143,0.000842,0.925037,31440.000000,0,0
SAT_P3_S4,6927488.272303,0.000889,0.925064,31480.000000,0,0
SAT_P3_S4,6927963.323279,0.000932,0.925090,31520.000000,0,0
SAT_P3_S4,6928416.333105,0.000972,0.925114,31560.000000,0,0
SAT_P3_S4,6928844.311294,0.001008,0.925137,31600.000000,0,0
SAT_P3_S4,6929244.448124,0.001039,0.925158,31640.000000,0,0
SAT_P3_S4,6929614.076050,0.001066,0.925177,31680.000000,0,0
SAT_P3_S4,6929950.607912,0.001088,0.925194,31720.000000,0,0
SAT_P3_S4,6930251.501277,0.001105,0.925209,31760.000000,0,0
SAT_P3_S4,6930514.251269,0.001117,0.925222,31800.000000,0,0
SAT_P3_S4,6930736.430479,0.001123,0.925232,31840.000000,0,0
SAT_P3_S4,6930915.749569,0.001124,0.925240,31880.000000,0,0
SAT_P3_S4,6931050.103574,0.001119,0.925245,31920.000000,0,0
SAT_P3_S4,6931137.653323,0.001108,0.925248,31960.000000,0,0
SAT_P3_S4,6931176.999114,0.001090,0.925248,32000.000000,0,0
SAT_P3_S4,6931167.275529,0.001067,0.925246,32040.000000,0,0
SAT_P3_S4,6931108.121104,0.001037,0.925241,32080.000000,0,0
SAT_P3_S4,6930999.798715,0.001002,0.925234,32120.000000,0,0
SAT_P3_S4,6930843.206922,0.000960,0.925224,32160.000000,0,0
SAT_P3_S4,6930639.835530,0.000913,0.925212,32200.000000,0,0
SAT_P3_S4,6930391.683662,0.000861,0.925197,32240.000000,0,0
SAT_P3_S4,6930101.201112,0.000804,0.925180,32280.000000,0,0
SAT_P3_S4,6929771.270527,0.000742,0.925162,32320.000000,0,0
SAT_P3_S4,6929405.011620,0.000677,0.925141,32360.000000,0,0
SAT_P3_S4,6929005.730483,0.000608,0.925119,32400.000000,0,0
SAT_P3_S4,6928576.875099,0.000536,0.925095,32440.000000,0,0
SAT_P3_S4,6928121.990955,0.000463,0.925069,32480.000000,0,0
SAT_P3_S4,6927644.664398,0.000389,0.925043,32520.000000,0,0
SAT_P3_S4,6927148.501474,0.000316,0.925015,32560.000000,0,0
SAT_P3_S4,6926637.202985,0.000247,0.924987,32600.000000,0,0
SAT_P3_S4,6926114.577075,0.000189,0.924958,32640.000000,0,0
SAT_P3_S4,6925584.448155,0.000157,0.924928,32680.000000,0,0
SAT_P3_S4,6925050.728942,0.000168,0.924899,32720.000000,0,0
SAT_P3_S4,6924517.410229,0.000215,0.924869,32760.000000,0,0
SAT_P3_S4,6923988.515133,0.000280,0.924840,32800.000000,0,0
SAT_P3_S4,6923468.033171,0.000352,0.924812,32840.000000,0,0
SAT_P3_S4,6922959.894140,0.000426,0.924784,32880.000000,0,0
SAT_P3_S4,6922467.999220,0.000500,0.924757,32920.000000,0,0
SAT_P3_S4,6921996.066130,0.000572,0.924731,32960.000000,0,0
SAT_P3_S4,6921547.628032,0.000642,0.924706,33000.000000,0,0
SAT_P3_S4,6921126.031040,0.000709,0.924683,33040.000000,0,0
SAT_P3_S4,6920734.420222,0.000772,0.924662,33080.000000,0,0
SAT_P3_S4,6920375.703102,0.000831,0.924642,33120.000000,0,0
SAT_P3_S4,6920052.536135,0.000886,0.924625,33160.000000,0,0
SAT_P3_S4,6919767.390037,0.000936,0.924609,33200.000000,0,0
SAT_P3_S4,6919522.544447,0.000980,0.924596,33240.000000,0,0
SAT_P3_S4,6919319.981047,0.001019,0.924585,33280.000000,0,0
SAT_P3_S4,6919161.426103,0.001052,0.924577,33320.000000,0,0
SAT_P3_S4,6919048.318789,0.001079,0.924571,33360.000000,0,0
SAT_P3_S4,6918981.751473,0.001099,0.924567,33400.000000,0,0
SAT_P3_S4,6918962.399246,0.001114,0.924566,33440.000000,0,0
SAT_P3_S4,6918990.500977,0.001122,0.924568,33480.000000,0,0
SAT_P3_S4,6919065.913275,0.001123,0.924572,33520.000000,0,0
SAT_P3_S4,6919187.990246,0.001118,0.924579,33560.000000,0,0
SAT_P3_S4,6919355.628527,0.001107,0.924588,33600.000000,0,0
SAT_P3_S4,6919567.320541,0.001090,0.924600,33640.000000,0,0
SAT_P3_S4,6919821.200488,0.001066,0.924613,33680.000000,0,0
SAT_P3_S4,6920115.068948,0.001037,0.924629,33720.000000,0,0
SAT_P3_S4,6920446.439347,0.001002,0.924648,33760.000000,0,0
SAT_P3_S4,6920812.659284,0.000963,0.924668,33800.000000,0,0
SAT_P3_S4,6921210.953159,0.000918,0.924689,33840.000000,0,0
SAT_P3_S4,6921638.355465,0.000868,0.924713,33880.000000,0,0
SAT_P3_S4,6922091.787473,0.000815,0.924737,33920.000000,0,0
SAT_P3_S4,6922568.052062,0.000757,0.924763,33960.000000,0,0
SAT_P3_S4,6923063.796233,0.000696,0.924790,34000.000000,0,0
SAT_P3_S4,6923575.460398,0.000631,0.924818,34040.000000,0,0
SAT_P3_S4,6924099.278133,0.000564,0.924847,34080.000000,0,0
SAT_P3_S4,6924631.349227,0.000495,0.924875,34120.000000,0,0
SAT_P3_S4,6925167.543369,0.000423,0.924904,34160.000000,0,0
SAT_P3_S4,6925703.570131,0.000350,0.924933,34200.000000,0,0
SAT_P3_S4,6926235.061193,0.000277,0.924962,34240.000000,0,0
SAT_P3_S4,6926757.646917,0.000203,0.924990,34280.000000,0,0
SAT_P3_S4,6927267.010766,0.000130,0.925018,34320.000000,0,0
SAT_P3_S4,6927758.964335,0.000060,0.925045,34360.000000,0,0
SAT_P3_S4,6928229.595120,0.000034,0.925070,34400.000000,0,0
SAT_P3_S4,6928675.327663,0.000095,0.925094,34440.000000,0,0
SAT_P3_S4,6929092.865248,0.000162,0.925117,34480.000000,0,0
SAT_P3_S4,6929479.269994,0.000229,0.925138,34520.000000,0,0
SAT_P3_S4,6929831.949472,0.000293,0.925157,34560.000000,0,0
SAT_P3_S4,6930148.602125,0.000355,0.925174,34600.000000,0,0
SAT_P3_S4,6930427.142304,0.000414,0.925189,34640.000000,0,0
SAT_P3_S4,6930665.669914,0.000470,0.925202,34680.000000,0,0
SAT_P3_S4,6930862.508126,0.000522,0.925212,34720.000000,0,0
SAT_P3_S4,6931016.074692,0.000571,0.925220,34760.000000,0,0
SAT_P3_S4,6931124.919015,0.000616,0.925226,34800.000000,0,0
SAT_P3_S4,6931187.776611,0.000658,0.925229,34840.000000,0,0
SAT_P3_S4,6931203.625002,0.000695,0.925229,34880.000000,0,0
SAT_P3_S4,6931171.723601,0.000728,0.925227,34920.000000,0,0
SAT_P3_S4,6931091.681374,0.000756,0.925222,34960.000000,0,0
SAT_P3_S4,6930963.607028,0.000781,0.925215,35000.000000,0,0
SAT_P3_S4,6930788.175875,0.000801,0.925205,35040.000000,0,0
SAT_P3_S4,6930566.573301,0.000817,0.925193,35080.000000,0,0
SAT_P3_S4,6930300.582465,0.000829,0.925179,35120.000000,0,0
SAT_P3_S4,6929992.568600,0.000837,0.925162,35160.000000,0,0
SAT_P3_S4,6929645.412345,0.000841,0.925144,35200.000000,0,0
SAT_P3_S4,6929262.410561,0.000843,0.925124,35240.000000,0,0
SAT_P3_S4,6928847.205859,0.000841,0.925102,35280.000000,0,0
SAT_P3_S4,6928403.763585,0.000836,0.925078,35320.000000,0,0
SAT_P3_S4,6927936.171502,0.000830,0.925053,35360.000000,0,0
SAT_P3_S4,6927448.586880,0.000821,0.925027,35400.000000,0,0
SAT_P3_S4,6926945.188794,0.000810,0.925000,35440.000000,0,0
SAT_P3_S4,6926430.127404,0.000798,0.924973,35480.000000,0,0
SAT_P3_S4,6925907.458338,0.000785,0.924944,35520.000000,0,0
SAT_P3_S4,6925381.110342,0.000770,0.924915,35560.000000,0,0
SAT_P3_S4,6924854.946857,0.000755,0.924886,35600.000000,0,0
SAT_P3_S4,6924332.766755,0.000740,0.924857,35640.000000,0,0
SAT_P3_S4,6923818.207948,0.000723,0.924829,35680.000000,0,0
SAT_P3_S4,6923314.817335,0.000707,0.924800,35720.000000,0,0
SAT_P3_S4,6922826.049117,0.000689,0.924773,35760.000000,0,0
SAT_P3_S4,6922355.236356,0.000671,0.924747,35800.000000,0,0
SAT_P3_S4,6921905.549931,0.000653,0.924721,35840.000000,0,0
SAT_P3_S4,6921480.004831,0.000634,0.924697,35880.000000,0,0
SAT_P3_S4,6921081.531944,0.000614,0.924675,35920.000000,0,0
SAT_P3_S4,6920712.849474,0.000594,0.924654,35960.000000,0,0
SAT_P3_S4,6920376.505181,0.000572,0.924635,36000.000000,0,0
SAT_P2_S3,6928137.000000,0.000000,0.925025,0.000000,0,0
SAT_P2_S3,6927661.802394,0.000075,0.924998,40.000000,0,0
SAT_P2_S3,6927167.173157,0.000150,0.924970,80.000000,0,0
SAT_P2_S3,6926656.946050,0.000226,0.924942,120.000000,0,0
SAT_P2_S3,6926135.063169,0.000301,0.924913,160.000000,0,0
SAT_P2_S3,6925605.540229,0.000376,0.924883,200.000000,0,0
SAT_P2_S3,6925072.432115,0.000450,0.924853,240.000000,0,0
SAT_P2_S3,6924539.761712,0.000522,0.924824,280.000000,0,0
SAT_P2_S3,6924011.465995,0.000592,0.924795,320.000000,0,0
SAT_P2_S3,6923491.422293,0.000660,0.924766,360.000000,0,0
SAT_P2_S3,6922983.465575,0.000725,0.924738,400.000000,0,0
SAT_P2_S3,6922491.265003,0.000786,0.924710,440.000000,0,0
SAT_P2_S3,6922018.398908,0.000844,0.924684,480.000000,0,0
SAT_P2_S3,6921568.360286,0.000898,0.924660,520.000000,0,0
SAT_P2_S3,6921144.539888,0.000947,0.924636,560.000000,0,0
SAT_P2_S3,6920750.184828,0.000992,0.924615,600.000000,0,0
SAT_P2_S3,6920388.387071,0.001032,0.924595,640.000000,0,0
SAT_P2_S3,6920062.130526,0.001066,0.924577,680.000000,0,0
SAT_P2_S3,6919774.151232,0.001094,0.924562,720.000000,0,0
SAT_P2_S3,6919526.891135,0.001117,0.924548,760.000000,0,0
SAT_P2_S3,6919322.472905,0.001133,0.924537,800.000000,0,0
SAT_P2_S3,6919162.649609,0.001143,0.924529,840.000000,0,0
SAT_P2_S3,6919048.734870,0.001147,0.924522,880.000000,0,0
SAT_P2_S3,6918981.558440,0.001144,0.924519,920.000000,0,0
SAT_P2_S3,6918961.511922,0.001135,0.924518,960.000000,0,0
SAT_P2_S3,6918988.595897,0.001119,0.924519,1000.000000,0,0
SAT_P2_S3,6919062.331333,0.001097,0.924523,1040.000000,0,0
SAT_P2_S3,6919181.878543,0.001068,0.924530,1080.000000,0,0
SAT_P2_S3,6919346.088892,0.001034,0.924539,1120.000000,0,0
SAT_P2_S3,6919553.524303,0.000994,0.924551,1160.000000,0,0
SAT_P2_S3,6919802.501201,0.000948,0.924564,1200.000000,0,0
SAT_P2_S3,6920091.129685,0.000897,0.924580,1240.000000,0,0
SAT_P2_S3,6920417.324908,0.000842,0.924598,1280.000000,0,0
SAT_P2_S3,6920778.771742,0.000782,0.924618,1320.000000,0,0
SAT_P2_S3,6921172.899286,0.000717,0.924640,1360.000000,0,0
SAT_P2_S3,6921596.922273,0.000650,0.924663,1400.000000,0,0
SAT_P2_S3,6922047.813984,0.000579,0.924688,1440.000000,0,0
SAT_P2_S3,6922522.223138,0.000507,0.924714,1480.000000,0,0
SAT_P2_S3,6923016.538027,0.000433,0.924741,1520.000000,0,0
SAT_P2_S3,6923526.920280,0.000361,0.924769,1560.000000,0,0
SAT_P2_S3,6924049.330444,0.000294,0.924797,1600.000000,0,0
SAT_P2_S3,6924579.559228,0.000237,0.924826,1640.000000,0,0
SAT_P2_S3,6925113.321463,0.000202,0.924855,1680.000000,0,0
SAT_P2_S3,6925667.971227,0.000202,0.924884,1720.000000,0,0
SAT_P2_S3,6926217.788874,0.000239,0.924913,1760.000000,0,0
SAT_P2_S3,6926758.734781,0.000298,0.924941,1800.000000,0,0
SAT_P2_S3,6927286.953818,0.000369,0.924969,1840.000000,0,0
SAT_P2_S3,6927798.774448,0.000444,0.924995,1880.000000,0,0
SAT_P2_S3,6928290.672655,0.000520,0.925021,1920.000000,0,0
SAT_P2_S3,6928759.261005,0.000596,0.925045,1960.000000,0,0
SAT_P2_S3,6929201.336396,0.000670,0.925067,2000.000000,0,0
SAT_P2_S3,6929613.763936,0.000742,0.925088,2040.000000,0,0
SAT_P2_S3,6929993.468024,0.000810,0.925107,2080.000000,0,0
SAT_P2_S3,6930337.466792,0.000874,0.925124,2120.000000,0,0
SAT_P2_S3,6930642.904088,0.000934,0.925139,2160.000000,0,0
SAT_P2_S3,6930907.072301,0.000989,0.925151,2200.000000,0,0
SAT_P2_S3,6931127.467235,0.001039,0.925162,2240.000000,0,0
SAT_P2_S3,6931301.936909,0.001083,0.925170,2280.000000,0,0
SAT_P2_S3,6931428.815836,0.001121,0.925175,2320.000000,0,0
SAT_P2_S3,6931506.880167,0.001153,0.925178,2360.000000,0,0
SAT_P2_S3,6931535.504321,0.001178,0.925179,2400.000000,0,0
SAT_P2_S3,6931514.704714,0.001197,0.925177,2440.000000,0,0
SAT_P2_S3,6931445.132545,0.001210,0.925173,2480.000000,0,0
SAT_P2_S3,6931328.017458,0.001216,0.925166,2520.000000,0,0
SAT_P2_S3,6931165.119830,0.001216,0.925157,2560.000000,0,0
SAT_P2_S3,6930958.720664,0.001210,0.925145,2600.000000,0,0
SAT_P2_S3,6930711.434845,0.001197,0.925131,2640.000000,0,0
SAT_P2_S3,6930426.115294,0.001180,0.925114,2680.000000,0,0
SAT_P2_S3,6930105.786871,0.001156,0.925096,2720.000000,0,0
SAT_P2_S3,6929753.572384,0.001128,0.925076,2760.000000,0,0
SAT_P2_S3,6929372.608546,0.001095,0.925054,2800.000000,0,0
SAT_P2_S3,6928965.997004,0.001057,0.925030,2840.000000,0,0
SAT_P2_S3,6928536.857095,0.001015,0.925005,2880.000000,0,0
SAT_P2_S3,6928088.380045,0.000969,0.924979,2920.000000,0,0
SAT_P2_S3,6927623.726093,0.000920,0.924951,2960.000000,0,0
SAT_P2_S3,6927146.139608,0.000867,0.924923,3000.000000,0,0
SAT_P2_S3,6926658.977911,0.000812,0.924894,3040.000000,0,0
SAT_P2_S3,6926165.710840,0.000754,0.924865,3080.000000,0,0
SAT_P2_S3,6925669.889553,0.000693,0.924836,3120.000000,0,0
SAT_P2_S3,6925175.141839,0.000631,0.924807,3160.000000,0,0
SAT_P2_S3,6924685.224039,0.000567,0.924778,3200.000000,0,0
SAT_P2_S3,6924203.888451,0.000501,0.924750,3240.000000,0,0
SAT_P2_S3,6923734.847812,0.000435,0.924722,3280.000000,0,0
SAT_P2_S3,6923281.764942,0.000369,0.924696,3320.000000,0,0
SAT_P2_S3,6922848.218402,0.000303,0.924671,3360.000000,0,0
SAT_P2_S3,6922437.644194,0.000237,0.924647,3400.000000,0,0
SAT_P2_S3,6922053.295852,0.000173,0.924624,3440.000000,0,0
SAT_P2_S3,6921698.283524,0.000112,0.924604,3480.000000,0,0
SAT_P2_S3,6921375.595728,0.000063,0.924585,3520.000000,0,0
SAT_P2_S3,6921087.963882,0.000060,0.924568,3560.000000,0,0
SAT_P2_S3,6920837.921470,0.000105,0.924554,3600.000000,0,0
SAT_P2_S3,6920627.779969,0.000159,0.924541,3640.000000,0,0
SAT_P2_S3,6920459.579765,0.000215,0.924531,3680.000000,0,0
SAT_P2_S3,6920335.018667,0.000269,0.924524,3720.000000,0,0
SAT_P2_S3,6920255.418648,0.000322,0.924518,3760.000000,0,0
SAT_P2_S3,6920221.766792,0.000373,0.924516,3800.000000,0,0
SAT_P2_S3,6920234.592177,0.000421,0.924516,3840.000000,0,0
SAT_P2_S3,6920293.955492,0.000467,0.924518,3880.000000,0,0
SAT_P2_S3,6920399.481380,0.000511,0.924523,3920.000000,0,0
SAT_P2_S3,6920550.379405,0.000553,0.924531,3960.000000,0,0
SAT_P2_S3,6920745.448216,0.000592,0.924541,4000.000000,0,0
SAT_P2_S3,6920983.102221,0.000629,0.924553,4040.000000,0,0
SAT_P2_S3,6921261.478759,0.000663,0.924568,4080.000000,0,0
SAT_P2_S3,6921578.522654,0.000696,0.924585,4120.000000,0,0
SAT_P2_S3,6921931.901051,0.000727,0.924603,4160.000000,0,0
SAT_P2_S3,6922319.111432,0.000756,0.924624,4200.000000,0,0
SAT_P2_S3,6922737.493558,0.000783,0.924647,4240.000000,0,0
SAT_P2_S3,6923184.210166,0.000808,0.924671,4280.000000,0,0
SAT_P2_S3,6923656.200863,0.000832,0.924696,4320.000000,0,0
SAT_P2_S3,6924150.171168,0.000855,0.924723,4360.000000,0,0
SAT_P2_S3,6924662.653591,0.000875,0.924750,4400.000000,0,0
SAT_P2_S3,6925189.912531,0.000895,0.924778,4440.000000,0,0
SAT_P2_S3,6925727.963525,0.000912,0.924807,4480.000000,0,0
SAT_P2_S3,6926272.640219,0.000928,0.924836,4520.000000,0,0
SAT_P2_S3,6926819.655626,0.000942,0.924866,4560.000000,0,0
SAT_P2_S3,6927364.648344,0.000954,0.924895,4600.000000,0,0
SAT_P2_S3,6927903.251921,0.000964,0.924923,4640.000000,0,0
SAT_P2_S3,6928431.244035,0.000972,0.924951,4680.000000,0,0
SAT_P2_S3,6928944.666935,0.000977,0.924978,4720.000000,0,0
SAT_P2_S3,6929439.764720,0.000980,0.925004,4760.000000,0,0
SAT_P2_S3,6929913.110481,0.000980,0.925029,4800.000000,0,0
SAT_P2_S3,6930361.611525,0.000978,0.925052,4840.000000,0,0
SAT_P2_S3,6930782.475199,0.000972,0.925074,4880.000000,0,0
SAT_P2_S3,6931173.172387,0.000963,0.925094,4920.000000,0,0
SAT_P2_S3,6931531.402396,0.000951,0.925112,4960.000000,0,0
SAT_P2_S3,6931855.017440,0.000936,0.925128,5000.000000,0,0
SAT_P2_S3,6932141.943426,0.000917,0.925141,5040.000000,0,0
SAT_P2_S3,6932390.165132,0.000894,0.925152,5080.000000,0,0
SAT_P2_S3,6932597.804469,0.000868,0.925161,5120.000000,0,0
SAT_P2_S3,6932763.031374,0.000837,0.925168,5160.000000,0,0
SAT_P2_S3,6932884.150328,0.000803,0.925171,5200.000000,0,0
SAT_P2_S3,6932959.703178,0.000765,0.925172,5240.000000,0,0
SAT_P2_S3,6932988.559555,0.000722,0.925171,5280.000000,0,0
SAT_P2_S3,6932969.976526,0.000676,0.925167,5320.000000,0,0
SAT_P2_S3,6932903.668689,0.000626,0.925161,5360.000000,0,0
SAT_P2_S3,6932789.937669,0.000572,0.925152,5400.000000,0,0
SAT_P2_S3,6932629.705811,0.000515,0.925140,5440.000000,0,0
SAT_P2_S3,6932424.420315,0.000454,0.925127,5480.000000,0,0
SAT_P2_S3,6932176.090093,0.000392,0.925111,5520.000000,0,0
SAT_P2_S3,6931887.227200,0.000327,0.925093,5560.000000,0,0
SAT_P2_S3,6931560.748824,0.000263,0.925073,5600.000000,0,0
SAT_P2_S3,6931199.859833,0.000202,0.925051,5640.000000,0,0
SAT_P2_S3,6930807.980703,0.000151,0.925028,5680.000000,0,0
SAT_P2_S3,6930388.746094,0.000128,0.925003,5720.000000,0,0
SAT_P2_S3,6929945.836084,0.000148,0.924977,5760.000000,0,0
SAT_P2_S3,6929482.965508,0.000199,0.924950,5800.000000,0,0
SAT_P2_S3,6929003.886111,0.000264,0.924922,5840.000000,0,0
SAT_P2_S3,6928512.381521,0.000335,0.924893,5880.000000,0,0
SAT_P2_S3,6928012.240166,0.000408,0.924864,5920.000000,0,0
SAT_P2_S3,6927507.250336,0.000481,0.924835,5960.000000,0,0
SAT_P2_S3,6927001.272060,0.000553,0.924806,6000.000000,0,0
SAT_P2_S3,6926498.236087,0.000624,0.924777,6040.000000,0,0
SAT_P2_S3,6926002.032801,0.000693,0.924748,6080.000000,0,0
SAT_P2_S3,6925516.554398,0.000759,0.924720,6120.000000,0,0
SAT_P2_S3,6925045.660096,0.000823,0.924693,6160.000000,0,0
SAT_P2_S3,6924593.114554,0.000882,0.924666,6200.000000,0,0
SAT_P2_S3,6924162.514819,0.000938,0.924641,6240.000000,0,0
SAT_P2_S3,6923757.266936,0.000989,0.924618,6280.000000,0,0
SAT_P2_S3,6923380.633644,0.001036,0.924596,6320.000000,0,0
SAT_P2_S3,6923035.600633,0.001077,0.924575,6360.000000,0,0
SAT_P2_S3,6922724.896679,0.001113,0.924557,6400.000000,0,0
SAT_P2_S3,6922451.012585,0.001143,0.924541,6440.000000,0,0
SAT_P2_S3,6922216.199997,0.001167,0.924527,6480.000000,0,0
SAT_P2_S3,6922022.439487,0.001185,0.924515,6520.000000,0,0
SAT_P2_S3,6921871.422630,0.001197,0.924506,6560.000000,0,0
SAT_P2_S3,6921764.601727,0.001203,0.924499,6600.000000,0,0
SAT_P2_S3,6921703.169119,0.001202,0.924494,6640.000000,0,0
SAT_P2_S3,6921687.938424,0.001194,0.924492,6680.000000,0,0
SAT_P2_S3,6921719.375758,0.001180,0.924493,6720.000000,0,0
SAT_P2_S3,6921797.570360,0.001159,0.924496,6760.000000,0,0
SAT_P2_S3,6921922.191016,0.001132,0.924502,6800.000000,0,0
SAT_P2_S3,6922092.437275,0.001098,0.924510,6840.000000,0,0
SAT_P2_S3,6922307.096097,0.001058,0.924521,6880.000000,0,0
SAT_P2_S3,6922564.550835,0.001013,0.924534,6920.000000,0,0
SAT_P2_S3,6922862.792093,0.000962,0.924550,6960.000000,0,0
SAT_P2_S3,6923199.497696,0.000906,0.924567,7000.000000,0,0
SAT_P2_S3,6923572.064655,0.000845,0.924586,7040.000000,0,0
SAT_P2_S3,6923977.639802,0.000780,0.924607,7080.000000,0,0
SAT_P2_S3,6924413.202173,0.000711,0.924630,7120.000000,0,0
SAT_P2_S3,6924875.676102,0.000639,0.924655,7160.000000,0,0
SAT_P2_S3,6925361.817569,0.000564,0.924680,7200.000000,0,0
SAT_P2_S3,6925868.286049,0.000489,0.924707,7240.000000,0,0
SAT_P2_S3,6926391.646673,0.000413,0.924734,7280.000000,0,0
SAT_P2_S3,6926928.348848,0.000339,0.924763,7320.000000,0,0
SAT_P2_S3,6927474.677368,0.000273,0.924791,7360.000000,0,0
SAT_P2_S3,6928026.734958,0.000221,0.924820,7400.000000,0,0
SAT_P2_S3,6928580.515605,0.000198,0.924850,7440.000000,0,0
SAT_P2_S3,6929131.888277,0.000214,0.924878,7480.000000,0,0
SAT_P2_S3,6929676.584824,0.000261,0.924907,7520.000000,0,0
SAT_P2_S3,6930210.312042,0.000326,0.924935,7560.000000,0,0
SAT_P2_S3,6930728.833579,0.000399,0.924962,7600.000000,0,0
SAT_P2_S3,6931228.027873,0.000475,0.924988,7640.000000,0,0
SAT_P2_S3,6931697.467775,0.000550,0.925012,7680.000000,0,0
SAT_P2_S3,6932124.862751,0.000622,0.925036,7720.000000,0,0
SAT_P2_S3,6932522.014313,0.000691,0.925057,7760.000000,0,0
SAT_P2_S3,6932885.970546,0.000758,0.925077,7800.000000,0,0
SAT_P2_S3,6933214.171753,0.000820,0.925095,7840.000000,0,0
SAT_P2_S3,6933504.412109,0.000878,0.925111,7880.000000,0,0
SAT_P2_S3,6933754.785221,0.000932,0.925125,7920.000000,0,0
SAT_P2_S3,6933963.674942,0.000981,0.925136,7960.000000,0,0
SAT_P2_S3,6934129.774140,0.001025,0.925145,8000.000000,0,0
SAT_P2_S3,6934251.925780,0.001064,0.925151,8040.000000,0,0
SAT_P2_S3,6934329.163720,0.001097,0.925155,8080.000000,0,0
SAT_P2_S3,6934360.722508,0.001125,0.925157,8120.000000,0,0
SAT_P2_S3,6934346.052298,0.001146,0.925155,8160.000000,0,0
SAT_P2_S3,6934284.824028,0.001162,0.925152,8200.000000,0,0
SAT_P2_S3,6934176.978727,0.001172,0.925145,8240.000000,0,0
SAT_P2_S3,6934022.873495,0.001176,0.925136,8280.000000,0,0
SAT_P2_S3,6933823.289376,0.001173,0.925125,8320.000000,0,0
SAT_P2_S3,6933579.429559,0.001165,0.925111,8360.000000,0,0
SAT_P2_S3,6933293.007159,0.001151,0.925096,8400.000000,0,0
SAT_P2_S3,6932966.256280,0.001131,0.925078,8440.000000,0,0
SAT_P2_S3,6932601.891396,0.001106,0.925058,8480.000000,0,0
SAT_P2_S3,6932203.046135,0.001076,0.925037,8520.000000,0,0
SAT_P2_S3,6931773.249374,0.001040,0.925014,8560.000000,0,0
SAT_P2_S3,6931316.416848,0.001000,0.924989,8600.000000,0,0
SAT_P2_S3,6930836.648932,0.000957,0.924963,8640.000000,0,0
SAT_P2_S3,6930338.214597,0.000909,0.924937,8680.000000,0,0
SAT_P2_S3,6929825.486887,0.000858,0.924909,8720.000000,0,0
SAT_P2_S3,6929302.871524,0.000805,0.924881,8760.000000,0,0
SAT_P2_S3,6928774.718255,0.000749,0.924852,8800.000000,0,0
SAT_P2_S3,6928245.271551,0.000691,0.924823,8840.000000,0,0
SAT_P2_S3,6927718.715547,0.000631,0.924794,8880.000000,0,0
SAT_P2_S3,6927199.097649,0.000571,0.924765,8920.000000,0,0
SAT_P2_S3,6926690.259183,0.000510,0.924737,8960.000000,0,0
SAT_P2_S3,6926195.870436,0.000448,0.924709,9000.000000,0,0
SAT_P2_S3,6925719.419867,0.000387,0.924682,9040.000000,0,0
SAT_P2_S3,6925264.177360,0.000327,0.924657,9080.000000,0,0
SAT_P2_S3,6924833.161243,0.000267,0.924632,9120.000000,0,0
SAT_P2_S3,6924429.169581,0.000209,0.924609,9160.000000,0,0
SAT_P2_S3,6924054.852786,0.000154,0.924588,9200.000000,0,0
SAT_P2_S3,6923712.584886,0.000104,0.924568,9240.000000,0,0
SAT_P2_S3,6923404.544548,0.000069,0.924550,9280.000000,0,0
SAT_P2_S3,6923132.737944,0.000070,0.924535,9320.000000,0,0
SAT_P2_S3,6922899.004607,0.000104,0.924522,9360.000000,0,0
SAT_P2_S3,6922704.992806,0.000148,0.924511,9400.000000,0,0
SAT_P2_S3,6922552.156547,0.000193,0.924502,9440.000000,0,0
SAT_P2_S3,6922441.821305,0.000238,0.924496,9480.000000,0,0
SAT_P2_S3,6922375.113194,0.000281,0.924493,9520.000000,0,0
SAT_P2_S3,6922352.881317,0.000323,0.924492,9560.000000,0,0
SAT_P2_S3,6922375.704708,0.000363,0.924493,9600.000000,0,0
SAT_P2_S3,6922443.849404,0.000400,0.924497,9640.000000,0,0
SAT_P2_S3,6922557.198839,0.000436,0.924504,9680.000000,0,0
SAT_P2_S3,6922715.190649,0.000469,0.924513,9720.000000,0,0
SAT_P2_S3,6922916.823837,0.000501,0.924524,9760.000000,0,0
SAT_P2_S3,6923160.719052,0.000531,0.924538,9800.000000,0,0
SAT_P2_S3,6923444.995251,0.000560,0.924554,9840.000000,0,0
SAT_P2_S3,6923767.364968,0.000587,0.924572,9880.000000,0,0
SAT_P2_S3,6924125.187977,0.000612,0.924592,9920.000000,0,0
SAT_P2_S3,6924515.518774,0.000637,0.924614,9960.000000,0,0
SAT_P2_S3,6924935.131759,0.000660,0.924637,10000.000000,0,0
SAT_P2_S3,6925380.575362,0.000683,0.924662,10040.000000,0,0
SAT_P2_S3,6925848.302122,0.000704,0.924688,10080.000000,0,0
SAT_P2_S3,6926334.658436,0.000725,0.924715,10120.000000,0,0
SAT_P2_S3,6926835.866059,0.000745,0.924743,10160.000000,0,0
SAT_P2_S3,6927348.089836,0.000764,0.924772,10200.000000,0,0
SAT_P2_S3,6927867.448663,0.000783,0.924801,10240.000000,0,0
SAT_P2_S3,6928389.995270,0.000800,0.924831,10280.000000,0,0
SAT_P2_S3,6928911.697820,0.000815,0.924860,10320.000000,0,0
SAT_P2_S3,6929428.486454,0.000830,0.924889,10360.000000,0,0
SAT_P2_S3,6929936.346269,0.000842,0.924917,10400.000000,0,0
SAT_P2_S3,6930431.222537,0.000853,0.924945,10440.000000,0,0
SAT_P2_S3,6930909.137213,0.000862,0.924972,10480.000000,0,0
SAT_P2_S3,6931366.258070,0.000868,0.924998,10520.000000,0,0
SAT_P2_S3,6931798.941356,0.000872,0.925023,10560.000000,0,0
SAT_P2_S3,6932203.791821,0.000873,0.925046,10600.000000,0,0
SAT_P2_S3,6932577.717216,0.000871,0.925067,10640.000000,0,0
SAT_P2_S3,6932917.973238,0.000865,0.925087,10680.000000,0,0
SAT_P2_S3,6933222.190391,0.000856,0.925104,10720.000000,0,0
SAT_P2_S3,6933488.344758,0.000843,0.925120,10760.000000,0,0
SAT_P2_S3,6933714.729380,0.000827,0.925133,10800.000000,0,0
SAT_P2_S3,6933899.983483,0.000806,0.925144,10840.000000,0,0
SAT_P2_S3,6934043.066180,0.000782,0.925153,10880.000000,0,0
SAT_P2_S3,6934143.129794,0.000754,0.925159,10920.000000,0,0
SAT_P2_S3,6934199.554854,0.000721,0.925163,10960.000000,0,0
SAT_P2_S3,6934211.940600,0.000685,0.925164,11000.000000,0,0
SAT_P2_S3,6934180.086984,0.000645,0.925163,11040.000000,0,0
SAT_P2_S3,6934103.977446,0.000601,0.925159,11080.000000,0,0
SAT_P2_S3,6933983.822224,0.000553,0.925153,11120.000000,0,0
SAT_P2_S3,6933820.186614,0.000501,0.925145,11160.000000,0,0
SAT_P2_S3,6933613.913852,0.000446,0.925134,11200.000000,0,0
SAT_P2_S3,6933366.189785,0.000387,0.925120,11240.000000,0,0
SAT_P2_S3,6933078.598508,0.000325,0.925105,11280.000000,0,0
SAT_P2_S3,6932753.134226,0.000261,0.925087,11320.000000,0,0
SAT_P2_S3,6932392.167074,0.000193,0.925068,11360.000000,0,0
SAT_P2_S3,6931998.409255,0.000124,0.925046,11400.000000,0,0
SAT_P2_S3,6931574.936918,0.000055,0.925024,11440.000000,0,0
SAT_P2_S3,6931125.151682,0.000034,0.924999,11480.000000,0,0
SAT_P2_S3,6930652.634312,0.000102,0.924974,11520.000000,0,0
SAT_P2_S3,6930161.153651,0.000176,0.924947,11560.000000,0,0
SAT_P2_S3,6929654.620956,0.000251,0.924920,11600.000000,0,0
SAT_P2_S3,6929137.028770,0.000326,0.924892,11640.000000,0,0
SAT_P2_S3,6928612.384409,0.000401,0.924864,11680.000000,0,0
SAT_P2_S3,6928084.697404,0.000474,0.924835,11720.000000,0,0
SAT_P2_S3,6927558.045748,0.000546,0.924807,11760.000000,0,0
SAT_P2_S3,6927036.446857,0.000616,0.924778,11800.000000,0,0
SAT_P2_S3,6926523.868309,0.000684,0.924751,11840.000000,0,0
SAT_P2_S3,6926024.236725,0.000748,0.924724,11880.000000,0,0
SAT_P2_S3,6925541.414607,0.000810,0.924697,11920.000000,0,0
SAT_P2_S3,6925079.142399,0.000867,0.924672,11960.000000,0,0
SAT_P2_S3,6924640.991917,0.000920,0.924649,12000.000000,0,0
SAT_P2_S3,6924230.388559,0.000969,0.924626,12040.000000,0,0
SAT_P2_S3,6923850.584808,0.001013,0.924605,12080.000000,0,0
SAT_P2_S3,6923504.530636,0.001051,0.924587,12120.000000,0,0
SAT_P2_S3,6923194.909155,0.001084,0.924570,12160.000000,0,0
SAT_P2_S3,6922924.118644,0.001112,0.924555,12200.000000,0,0
SAT_P2_S3,6922694.239973,0.001133,0.924542,12240.000000,0,0
SAT_P2_S3,6922506.997578,0.001148,0.924532,12280.000000,0,0
SAT_P2_S3,6922363.771214,0.001157,0.924524,12320.000000,0,0
SAT_P2_S3,6922265.681414,0.001160,0.924519,12360.000000,0,0
SAT_P2_S3,6922213.479230,0.001156,0.924516,12400.000000,0,0
SAT_P2_S3,6922207.572568,0.001146,0.924516,12440.000000,0,0
SAT_P2_S3,6922248.049046,0.001129,0.924518,12480.000000,0,0
SAT_P2_S3,6922334.669133,0.001106,0.924523,12520.000000,0,0
SAT_P2_S3,6922466.828436,0.001077,0.924530,12560.000000,0,0
SAT_P2_S3,6922643.535098,0.001042,0.924540,12600.000000,0,0
SAT_P2_S3,6922863.488728,0.001001,0.924552,12640.000000,0,0
SAT_P2_S3,6923124.996384,0.000954,0.924567,12680.000000,0,0
SAT_P2_S3,6923426.021096,0.000902,0.924583,12720.000000,0,0
SAT_P2_S3,6923764.195525,0.000846,0.924602,12760.000000,0,0
SAT_P2_S3,6924136.816567,0.000785,0.924623,12800.000000,0,0
SAT_P2_S3,6924540.876473,0.000720,0.924645,12840.000000,0,0
SAT_P2_S3,6924973.183103,0.000652,0.924669,12880.000000,0,0
SAT_P2_S3,6925430.361085,0.000581,0.924694,12920.000000,0,0
SAT_P2_S3,6925908.847048,0.000508,0.924721,12960.000000,0,0
SAT_P2_S3,6926404.983412,0.000435,0.924748,13000.000000,0,0
SAT_P2_S3,6926915.055513,0.000364,0.924776,13040.000000,0,0
SAT_P2_S3,6927435.291447,0.000297,0.924805,13080.000000,0,0
SAT_P2_S3,6927961.853602,0.000241,0.924834,13120.000000,0,0
SAT_P2_S3,6928490.879783,0.000206,0.924864,13160.000000,0,0
SAT_P2_S3,6929018.554619,0.000205,0.924893,13200.000000,0,0
SAT_P2_S3,6929540.984227,0.000237,0.924922,13240.000000,0,0
SAT_P2_S3,6930054.266634,0.000292,0.924950,13280.000000,0,0
SAT_P2_S3,6930554.514968,0.000358,0.924978,13320.000000,0,0
SAT_P2_S3,6931037.873942,0.000430,0.925004,13360.000000,0,0
SAT_P2_S3,6931500.518540,0.000502,0.925030,13400.000000,0,0
SAT_P2_S3,6931938.690196,0.000575,0.925054,13440.000000,0,0
SAT_P2_S3,6932348.824528,0.000645,0.925076,13480.000000,0,0
SAT_P2_S3,6932727.558610,0.000713,0.925097,13520.000000,0,0
SAT_P2_S3,6933071.733162,0.000778,0.925116,13560.000000,0,0
SAT_P2_S3,6933378.496236,0.000839,0.925133,13600.000000,0,0
SAT_P2_S3,6933645.349749,0.000895,0.925147,13640.000000,0,0
SAT_P2_S3,6933870.157369,0.000947,0.925160,13680.000000,0,0
SAT_P2_S3,6934051.142337,0.000993,0.925170,13720.000000,0,0
SAT_P2_S3,6934186.932919,0.001034,0.925177,13760.000000,0,0
SAT_P2_S3,6934276.633842,0.001070,0.925182,13800.000000,0,0
SAT_P2_S3,6934319.688885,0.001100,0.925185,13840.000000,0,0
SAT_P2_S3,6934315.935149,0.001124,0.925185,13880.000000,0,0
SAT_P2_S3,6934265.597911,0.001142,0.925182,13920.000000,0,0
SAT_P2_S3,6934169.267289,0.001154,0.925177,13960.000000,0,0
SAT_P2_S3,6934027.846797,0.001161,0.925169,14000.000000,0,0
SAT_P2_S3,6933842.529955,0.001161,0.925159,14040.000000,0,0
SAT_P2_S3,6933614.858289,0.001156,0.925146,14080.000000,0,0
SAT_P2_S3,6933346.656957,0.001146,0.925131,14120.000000,0,0
SAT_P2_S3,6933039.966480,0.001130,0.925114,14160.000000,0,0
SAT_P2_S3,6932697.075935,0.001108,0.925095,14200.000000,0,0
SAT_P2_S3,6932320.509976,0.001082,0.925074,14240.000000,0,0
SAT_P2_S3,6931912.988727,0.001051,0.925051,14280.000000,0,0
SAT_P2_S3,6931477.390384,0.001016,0.925027,14320.000000,0,0
SAT_P2_S3,6931016.777870,0.000976,0.925002,14360.000000,0,0
SAT_P2_S3,6930534.470077,0.000932,0.924975,14400.000000,0,0
SAT_P2_S3,6930033.907185,0.000885,0.924947,14440.000000,0,0
SAT_P2_S3,6929518.724038,0.000835,0.924919,14480.000000,0,0
SAT_P2_S3,6928992.764893,0.000782,0.924891,14520.000000,0,0
SAT_P2_S3,6928460.076817,0.000726,0.924862,14560.000000,0,0
SAT_P2_S3,6927924.867723,0.000668,0.924833,14600.000000,0,0
SAT_P2_S3,6927391.480705,0.000609,0.924804,14640.000000,0,0
SAT_P2_S3,6926864.431719,0.000549,0.924775,14680.000000,0,0
SAT_P2_S3,6926348.308471,0.000488,0.924747,14720.000000,0,0
SAT_P2_S3,6925847.650669,0.000426,0.924720,14760.000000,0,0
SAT_P2_S3,6925366.914555,0.000365,0.924694,14800.000000,0,0
SAT_P2_S3,6924910.382943,0.000306,0.924669,14840.000000,0,0
SAT_P2_S3,6924482.047444,0.000248,0.924646,14880.000000,0,0
SAT_P2_S3,6924085.497074,0.000192,0.924624,14920.000000,0,0
SAT_P2_S3,6923723.879429,0.000142,0.924603,14960.000000,0,0
SAT_P2_S3,6923399.923505,0.000101,0.924585,15000.000000,0,0
SAT_P2_S3,6923115.787864,0.000083,0.924569,15040.000000,0,0
SAT_P2_S3,6922873.133631,0.000096,0.924555,15080.000000,0,0
SAT_P2_S3,6922673.170414,0.000129,0.924543,15120.000000,0,0
SAT_P2_S3,6922516.706019,0.000169,0.924533,15160.000000,0,0
SAT_P2_S3,6922404.180660,0.000211,0.924526,15200.000000,0,0
SAT_P2_S3,6922335.734498,0.000252,0.924522,15240.000000,0,0
SAT_P2_S3,6922311.355426,0.000292,0.924520,15280.000000,0,0
SAT_P2_S3,6922330.882836,0.000331,0.924520,15320.000000,0,0
SAT_P2_S3,6922393.986009,0.000368,0.924523,15360.000000,0,0
SAT_P2_S3,6922500.225466,0.000404,0.924529,15400.000000,0,0
SAT_P2_S3,6922649.037106,0.000438,0.924537,15440.000000,0,0
SAT_P2_S3,6922839.671093,0.000470,0.924548,15480.000000,0,0
SAT_P2_S3,6923071.118477,0.000501,0.924560,15520.000000,0,0
SAT_P2_S3,6923342.087647,0.000531,0.924575,15560.000000,0,0
SAT_P2_S3,6923651.018536,0.000559,0.924593,15600.000000,0,0
SAT_P2_S3,6923995.924260,0.000587,0.924612,15640.000000,0,0
SAT_P2_S3,6924374.433502,0.000613,0.924633,15680.000000,0,0
SAT_P2_S3,6924783.806620,0.000639,0.924655,15720.000000,0,0
SAT_P2_S3,6925220.957355,0.000664,0.924680,15760.000000,0,0
SAT_P2_S3,6925682.464607,0.000688,0.924705,15800.000000,0,0
SAT_P2_S3,6926164.626342,0.000711,0.924732,15840.000000,0,0
SAT_P2_S3,6926663.607341,0.000733,0.924759,15880.000000,0,0
SAT_P2_S3,6927175.457140,0.000755,0.924788,15920.000000,0,0
SAT_P2_S3,6927696.115077,0.000776,0.924817,15960.000000,0,0
SAT_P2_S3,6928221.512699,0.000796,0.924846,16000.000000,0,0
SAT_P2_S3,6928747.609408,0.000814,0.924875,16040.000000,0,0
SAT_P2_S3,6929270.388440,0.000832,0.924904,16080.000000,0,0
SAT_P2_S3,6929785.844211,0.000847,0.924932,16120.000000,0,0
SAT_P2_S3,6930290.021782,0.000861,0.924960,16160.000000,0,0
SAT_P2_S3,6930779.092123,0.000873,0.924987,16200.000000,0,0
SAT_P2_S3,6931249.239043,0.000882,0.925013,16240.000000,0,0
SAT_P2_S3,6931696.748382,0.000888,0.925038,16280.000000,0,0
SAT_P2_S3,6932118.050352,0.000892,0.925061,16320.000000,0,0
SAT_P2_S3,6932509.747031,0.000893,0.925083,16360.000000,0,0
SAT_P2_S3,6932868.665601,0.000890,0.925103,16400.000000,0,0
SAT_P2_S3,6933191.936359,0.000884,0.925121,16440.000000,0,0
SAT_P2_S3,6933477.026546,0.000874,0.925137,16480.000000,0,0
SAT_P2_S3,6933721.750916,0.000859,0.925151,16520.000000,0,0
SAT_P2_S3,6933924.313575,0.000841,0.925163,16560.000000,0,0
SAT_P2_S3,6934083.402240,0.000819,0.925172,16600.000000,0,0
SAT_P2_S3,6934198.075670,0.000792,0.925179,16640.000000,0,0
SAT_P2_S3,6934267.761710,0.000762,0.925184,16680.000000,0,0
SAT_P2_S3,6934292.252369,0.000727,0.925186,16720.000000,0,0
SAT_P2_S3,6934271.666535,0.000688,0.925185,16760.000000,0,0
SAT_P2_S3,6934206.383383,0.000645,0.925182,16800.000000,0,0
SAT_P2_S3,6934096.995598,0.000598,0.925177,16840.000000,0,0
SAT_P2_S3,6933944.347008,0.000547,0.925169,16880.000000,0,0
SAT_P2_S3,6933749.546126,0.000493,0.925159,16920.000000,0,0
SAT_P2_S3,6933513.865800,0.000435,0.925146,16960.000000,0,0
SAT_P2_S3,6933238.830737,0.000374,0.925132,17000.000000,0,0
SAT_P2_S3,6932926.245300,0.000310,0.925115,17040.000000,0,0
SAT_P2_S3,6932578.199156,0.000244,0.925096,17080.000000,0,0
SAT_P2_S3,6932197.053830,0.000175,0.925076,17120.000000,0,0
SAT_P2_S3,6931785.464977,0.000104,0.925054,17160.000000,0,0
SAT_P2_S3,6931346.462316,0.000035,0.925030,17200.000000,0,0
SAT_P2_S3,6930883.323691,0.000049,0.925005,17240.000000,0,0
SAT_P2_S3,6930399.562395,0.000122,0.924979,17280.000000,0,0
SAT_P2_S3,6929898.911653,0.000197,0.924952,17320.000000,0,0
SAT_P2_S3,6929385.274668,0.000273,0.924925,17360.000000,0,0
SAT_P2_S3,6928862.643146,0.000348,0.924897,17400.000000,0,0
SAT_P2_S3,6928335.031762,0.000422,0.924869,17440.000000,0,0
SAT_P2_S3,6927806.490709,0.000495,0.924840,17480.000000,0,0
SAT_P2_S3,6927281.089918,0.000566,0.924812,17520.000000,0,0
SAT_P2_S3,6926762.789323,0.000635,0.924784,17560.000000,0,0
SAT_P2_S3,6926255.489965,0.000702,0.924757,17600.000000,0,0
SAT_P2_S3,6925763.026245,0.000765,0.924731,17640.000000,0,0
SAT_P2_S3,6925289.138539,0.000824,0.924705,17680.000000,0,0
SAT_P2_S3,6924837.430274,0.000880,0.924681,17720.000000,0,0
SAT_P2_S3,6924411.364929,0.000931,0.924659,17760.000000,0,0
SAT_P2_S3,6924014.327111,0.000978,0.924637,17800.000000,0,0
SAT_P2_S3,6923649.488747,0.001019,0.924618,17840.000000,0,0
SAT_P2_S3,6923319.794087,0.001056,0.924600,17880.000000,0,0
SAT_P2_S3,6923027.949745,0.001086,0.924585,17920.000000,0,0
SAT_P2_S3,6922776.387157,0.001111,0.924572,17960.000000,0,0
SAT_P2_S3,6922567.198510,0.001129,0.924561,18000.000000,0,0
SAT_P2_S3,6922402.091903,0.001142,0.924552,18040.000000,0,0
SAT_P2_S3,6922282.426720,0.001147,0.924546,18080.000000,0,0
SAT_P2_S3,6922209.221379,0.001147,0.924542,18120.000000,0,0
SAT_P2_S3,6922183.046131,0.001140,0.924540,18160.000000,0,0
SAT_P2_S3,6922204.097519,0.001126,0.924542,18200.000000,0,0
SAT_P2_S3,6922272.211888,0.001106,0.924546,18240.000000,0,0
SAT_P2_S3,6922386.861216,0.001079,0.924552,18280.000000,0,0
SAT_P2_S3,6922547.127931,0.001047,0.924561,18320.000000,0,0
SAT_P2_S3,6922751.772693,0.001008,0.924572,18360.000000,0,0
SAT_P2_S3,6922999.228883,0.000964,0.924585,18400.000000,0,0
SAT_P2_S3,6923287.587411,0.000914,0.924601,18440.000000,0,0
SAT_P2_S3,6923614.629737,0.000859,0.924619,18480.000000,0,0
SAT_P2_S3,6923977.810428,0.000800,0.924639,18520.000000,0,0
SAT_P2_S3,6924374.244111,0.000736,0.924661,18560.000000,0,0
SAT_P2_S3,6924800.757239,0.000668,0.924684,18600.000000,0,0
SAT_P2_S3,6925253.981088,0.000598,0.924709,18640.000000,0,0
SAT_P2_S3,6925730.253015,0.000525,0.924735,18680.000000,0,0
SAT_P2_S3,6926225.727119,0.000452,0.924762,18720.000000,0,0
SAT_P2_S3,6926736.431349,0.000378,0.924790,18760.000000,0,0
SAT_P2_S3,6927258.311954,0.000308,0.924819,18800.000000,0,0
SAT_P2_S3,6927787.251963,0.000246,0.924849,18840.000000,0,0
SAT_P2_S3,6928319.116416,0.000202,0.924878,18880.000000,0,0
SAT_P2_S3,6928849.871772,0.000189,0.924908,18920.000000,0,0
SAT_P2_S3,6929375.567703,0.000213,0.924937,18960.000000,0,0
SAT_P2_S3,6929892.318464,0.000265,0.924966,19000.000000,0,0
SAT_P2_S3,6930396.367238,0.000329,0.924994,19040.000000,0,0
SAT_P2_S3,6930884.097438,0.000400,0.925022,19080.000000,0,0
SAT_P2_S3,6931352.010379,0.000473,0.925048,19120.000000,0,0
SAT_P2_S3,6931796.702052,0.000545,0.925073,19160.000000,0,0
SAT_P2_S3,6932214.900229,0.000617,0.925096,19200.000000,0,0
SAT_P2_S3,6932603.538373,0.000685,0.925118,19240.000000,0,0
SAT_P2_S3,6932959.635522,0.000751,0.925138,19280.000000,0,0
SAT_P2_S3,6933280.384375,0.000813,0.925156,19320.000000,0,0
SAT_P2_S3,6933563.187028,0.000871,0.925171,19360.000000,0,0
SAT_P2_S3,6933805.680306,0.000925,0.925185,19400.000000,0,0
SAT_P2_S3,6934005.738309,0.000973,0.925196,19440.000000,0,0
SAT_P2_S3,6934161.507337,0.001017,0.925205,19480.000000,0,0
SAT_P2_S3,6934271.523701,0.001055,0.925211,19520.000000,0,0
SAT_P2_S3,6934334.696515,0.001087,0.925215,19560.000000,0,0
SAT_P2_S3,6934350.294285,0.001113,0.925216,19600.000000,0,0
SAT_P2_S3,6934318.020822,0.001134,0.925215,19640.000000,0,0
SAT_P2_S3,6934238.036515,0.001148,0.925211,19680.000000,0,0
SAT_P2_S3,6934110.942038,0.001157,0.925205,19720.000000,0,0
SAT_P2_S3,6933937.754743,0.001159,0.925196,19760.000000,0,0
SAT_P2_S3,6933719.935864,0.001156,0.925185,19800.000000,0,0
SAT_P2_S3,6933459.440412,0.001146,0.925171,19840.000000,0,0
SAT_P2_S3,6933158.555722,0.001132,0.925155,19880.000000,0,0
SAT_P2_S3,6932819.934292,0.001111,0.925138,19920.000000,0,0
SAT_P2_S3,6932446.556855,0.001086,0.925118,19960.000000,0,0
SAT_P2_S3,6932041.673023,0.001056,0.925096,20000.000000,0,0
SAT_P2_S3,6931608.711613,0.001021,0.925073,20040.000000,0,0
SAT_P2_S3,6931151.219029,0.000982,0.925048,20080.000000,0,0
SAT_P2_S3,6930672.878993,0.000940,0.925022,20120.000000,0,0
SAT_P2_S3,6930177.412164,0.000894,0.924996,20160.000000,0,0
SAT_P2_S3,6929668.494402,0.000845,0.924968,20200.000000,0,0
SAT_P2_S3,6929149.778355,0.000793,0.924939,20240.000000,0,0
SAT_P2_S3,6928624.887125,0.000739,0.924911,20280.000000,0,0
SAT_P2_S3,6928097.392065,0.000683,0.924882,20320.000000,0,0
SAT_P2_S3,6927570.803185,0.000625,0.924853,20360.000000,0,0
SAT_P2_S3,6927048.631866,0.000567,0.924824,20400.000000,0,0
SAT_P2_S3,6926534.495540,0.000507,0.924796,20440.000000,0,0
SAT_P2_S3,6926032.000076,0.000447,0.924768,20480.000000,0,0
SAT_P2_S3,6925544.833089,0.000387,0.924742,20520.000000,0,0
SAT_P2_S3,6925076.773247,0.000328,0.924716,20560.000000,0,0
SAT_P2_S3,6924631.663309,0.000270,0.924692,20600.000000,0,0
SAT_P2_S3,6924213.336770,0.000215,0.924670,20640.000000,0,0
SAT_P2_S3,6923825.552448,0.000164,0.924649,20680.000000,0,0
SAT_P2_S3,6923471.982890,0.000122,0.924630,20720.000000,0,0
SAT_P2_S3,6923156.070353,0.000098,0.924613,20760.000000,0,0
SAT_P2_S3,6922880.889942,0.000103,0.924598,20800.000000,0,0
SAT_P2_S3,6922649.099386,0.000131,0.924585,20840.000000,0,0
SAT_P2_S3,6922462.864903,0.000169,0.924575,20880.000000,0,0
SAT_P2_S3,6922323.779443,0.000209,0.924567,20920.000000,0,0
SAT_P2_S3,6922232.806465,0.000250,0.924561,20960.000000,0,0
SAT_P2_S3,6922190.315502,0.000290,0.924558,21000.000000,0,0
SAT_P2_S3,6922196.187497,0.000328,0.924558,21040.000000,0,0
SAT_P2_S3,6922249.725418,0.000364,0.924560,21080.000000,0,0
SAT_P2_S3,6922349.802097,0.000399,0.924564,21120.000000,0,0
SAT_P2_S3,6922494.951467,0.000432,0.924571,21160.000000,0,0
SAT_P2_S3,6922683.442651,0.000463,0.924581,21200.000000,0,0
SAT_P2_S3,6922913.319829,0.000493,0.924593,21240.000000,0,0
SAT_P2_S3,6923182.457780,0.000522,0.924607,21280.000000,0,0
SAT_P2_S3,6923488.675441,0.000549,0.924623,21320.000000,0,0
SAT_P2_S3,6923829.698999,0.000576,0.924641,21360.000000,0,0
SAT_P2_S3,6924203.116104,0.000602,0.924661,21400.000000,0,0
SAT_P2_S3,6924606.402968,0.000627,0.924683,21440.000000,0,0
SAT_P2_S3,6925036.897681,0.000651,0.924707,21480.000000,0,0
SAT_P2_S3,6925491.743696,0.000674,0.924731,21520.000000,0,0
SAT_P2_S3,6925967.838176,0.000697,0.924758,21560.000000,0,0
SAT_P2_S3,6926461.849361,0.000720,0.924785,21600.000000,0,0
SAT_P2_S3,6926970.283362,0.000742,0.924812,21640.000000,0,0
SAT_P2_S3,6927489.368344,0.000763,0.924841,21680.000000,0,0
SAT_P2_S3,6928015.155455,0.000783,0.924870,21720.000000,0,0
SAT_P2_S3,6928543.575477,0.000802,0.924899,21760.000000,0,0
SAT_P2_S3,6929070.488236,0.000820,0.924928,21800.000000,0,0
SAT_P2_S3,6929591.709649,0.000836,0.924956,21840.000000,0,0
SAT_P2_S3,6930103.069164,0.000851,0.924984,21880.000000,0,0
SAT_P2_S3,6930600.545163,0.000864,0.925012,21920.000000,0,0
SAT_P2_S3,6931080.259148,0.000875,0.925038,21960.000000,0,0
SAT_P2_S3,6931538.469280,0.000883,0.925064,22000.000000,0,0
SAT_P2_S3,6931971.652222,0.000888,0.925088,22040.000000,0,0
SAT_P2_S3,6932376.508893,0.000891,0.925110,22080.000000,0,0
SAT_P2_S3,6932749.965152,0.000890,0.925131,22120.000000,0,0
SAT_P2_S3,6933089.198092,0.000886,0.925150,22160.000000,0,0
SAT_P2_S3,6933391.656108,0.000878,0.925167,22200.000000,0,0
SAT_P2_S3,6933655.042476,0.000866,0.925182,22240.000000,0,0
SAT_P2_S3,6933877.314330,0.000850,0.925194,22280.000000,0,0
SAT_P2_S3,6934056.757681,0.000830,0.925205,22320.000000,0,0
SAT_P2_S3,6934192.035824,0.000806,0.925213,22360.000000,0,0
SAT_P2_S3,6934282.095044,0.000778,0.925218,22400.000000,0,0
SAT_P2_S3,6934326.257001,0.000745,0.925221,22440.000000,0,0
SAT_P2_S3,6934324.235034,0.000708,0.925221,22480.000000,0,0
SAT_P2_S3,6934276.123983,0.000667,0.925219,22520.000000,0,0
SAT_P2_S3,6934182.366756,0.000622,0.925215,22560.000000,0,0
SAT_P2_S3,6934043.755808,0.000573,0.925208,22600.000000,0,0
SAT_P2_S3,6933861.499294,0.000520,0.925199,22640.000000,0,0
SAT_P2_S3,6933637.101096,0.000463,0.925187,22680.000000,0,0
SAT_P2_S3,6933372.348880,0.000403,0.925173,22720.000000,0,0
SAT_P2_S3,6933069.320421,0.000340,0.925157,22760.000000,0,0
SAT_P2_S3,6932730.362334,0.000274,0.925139,22800.000000,0,0
SAT_P2_S3,6932358.040363,0.000206,0.925120,22840.000000,0,0
SAT_P2_S3,6931955.105311,0.000136,0.925098,22880.000000,0,0
SAT_P2_S3,6931524.534870,0.000064,0.925075,22920.000000,0,0
SAT_P2_S3,6931069.549066,0.000018,0.925050,22960.000000,0,0
SAT_P2_S3,6930593.483883,0.000087,0.925025,23000.000000,0,0
SAT_P2_S3,6930099.851924,0.000161,0.924998,23040.000000,0,0
SAT_P2_S3,6929592.328408,0.000236,0.924971,23080.000000,0,0
SAT_P2_S3,6929074.713531,0.000311,0.924942,23120.000000,0,0
SAT_P2_S3,6928550.874222,0.000386,0.924914,23160.000000,0,0
SAT_P2_S3,6928024.723106,0.000459,0.924885,23200.000000,0,0
SAT_P2_S3,6927500.264919,0.000530,0.924857,23240.000000,0,0
SAT_P2_S3,6926981.461635,0.000600,0.924829,23280.000000,0,0
SAT_P2_S3,6926472.207481,0.000667,0.924801,23320.000000,0,0
SAT_P2_S3,6925976.324716,0.000731,0.924774,23360.000000,0,0
SAT_P2_S3,6925497.534628,0.000791,0.924748,23400.000000,0,0
SAT_P2_S3,6925039.402888,0.000848,0.924724,23440.000000,0,0
SAT_P2_S3,6924605.302276,0.000901,0.924700,23480.000000,0,0
SAT_P2_S3,6924198.452351,0.000949,0.924678,23520.000000,0,0
SAT_P2_S3,6923821.935163,0.000993,0.924658,23560.000000,0,0
SAT_P2_S3,6923478.572357,0.001031,0.924640,23600.000000,0,0
SAT_P2_S3,6923170.989103,0.001064,0.924623,23640.000000,0,0
SAT_P2_S3,6922901.605586,0.001091,0.924609,23680.000000,0,0
SAT_P2_S3,6922672.606784,0.001112,0.924597,23720.000000,0,0
SAT_P2_S3,6922485.893138,0.001127,0.924588,23760.000000,0,0
SAT_P2_S3,6922343.068997,0.001136,0.924580,23800.000000,0,0
SAT_P2_S3,6922245.498825,0.001139,0.924576,23840.000000,0,0
SAT_P2_S3,6922194.184917,0.001135,0.924573,23880.000000,0,0
SAT_P2_S3,6922189.755245,0.001125,0.924574,23920.000000,0,0
SAT_P2_S3,6922232.472493,0.001108,0.924576,23960.000000,0,0
SAT_P2_S3,6922322.220283,0.001085,0.924582,24000.000000,0,0
SAT_P2_S3,6922458.465542,0.001055,0.924590,24040.000000,0,0
SAT_P2_S3,6922640.243140,0.001020,0.924600,24080.000000,0,0
SAT_P2_S3,6922866.249566,0.000978,0.924612,24120.000000,0,0
SAT_P2_S3,6923134.775649,0.000931,0.924627,24160.000000,0,0
SAT_P2_S3,6923443.770110,0.000878,0.924644,24200.000000,0,0
SAT_P2_S3,6923790.858319,0.000821,0.924663,24240.000000,0,0
SAT_P2_S3,6924173.336852,0.000759,0.924684,24280.000000,0,0
SAT_P2_S3,6924588.199163,0.000693,0.924706,24320.000000,0,0
SAT_P2_S3,6925032.239751,0.000623,0.924730,24360.000000,0,0
SAT_P2_S3,6925502.021621,0.000551,0.924756,24400.000000,0,0
SAT_P2_S3,6925993.862464,0.000477,0.924783,24440.000000,0,0
SAT_P2_S3,6926503.903000,0.000402,0.924810,24480.000000,0,0
SAT_P2_S3,6927028.132607,0.000329,0.924839,24520.000000,0,0
SAT_P2_S3,6927562.387807,0.000262,0.924868,24560.000000,0,0
SAT_P2_S3,6928102.356640,0.000209,0.924897,24600.000000,0,0
SAT_P2_S3,6928643.649575,0.000184,0.924926,24640.000000,0,0
SAT_P2_S3,6929181.905562,0.000199,0.924955,24680.000000,0,0
SAT_P2_S3,6929712.704095,0.000245,0.924984,24720.000000,0,0
SAT_P2_S3,6930231.690206,0.000309,0.925013,24760.000000,0,0
SAT_P2_S3,6930734.638350,0.000381,0.925040,24800.000000,0,0
SAT_P2_S3,6931217.501324,0.000455,0.925067,24840.000000,0,0
SAT_P2_S3,6931676.431391,0.000529,0.925092,24880.000000,0,0
SAT_P2_S3,6932107.827357,0.000601,0.925116,24920.000000,0,0
SAT_P2_S3,6932508.453440,0.000671,0.925138,24960.000000,0,0
SAT_P2_S3,6932875.409357,0.000738,0.925159,25000.000000,0,0
SAT_P2_S3,6933206.108675,0.000801,0.925177,25040.000000,0,0
SAT_P2_S3,6933498.328586,0.000860,0.925194,25080.000000,0,0
SAT_P2_S3,6933750.203559,0.000915,0.925208,25120.000000,0,0
SAT_P2_S3,6933960.180583,0.000964,0.925220,25160.000000,0,0
SAT_P2_S3,6934126.971331,0.001009,0.925230,25200.000000,0,0
SAT_P2_S3,6934249.562860,0.001048,0.925237,25240.000000,0,0
SAT_P2_S3,6934327.257600,0.001081,0.925242,25280.000000,0,0
SAT_P2_S3,6934359.526090,0.001110,0.925244,25320.000000,0,0
SAT_P2_S3,6934346.070416,0.001132,0.925243,25360.000000,0,0
SAT_P2_S3,6934286.837510,0.001149,0.925240,25400.000000,0,0
SAT_P2_S3,6934182.028474,0.001160,0.925235,25440.000000,0,0
SAT_P2_S3,6934032.091173,0.001165,0.925226,25480.000000,0,0
SAT_P2_S3,6933837.751918,0.001164,0.925216,25520.000000,0,0
SAT_P2_S3,6933600.136450,0.001157,0.925203,25560.000000,0,0
SAT_P2_S3,6933320.745780,0.001145,0.925188,25600.000000,0,0
SAT_P2_S3,6933001.445092,0.001127,0.925171,25640.000000,0,0
SAT_P2_S3,6932644.531563,0.001104,0.925152,25680.000000,0,0
SAT_P2_S3,6932252.738375,0.001076,0.925131,25720.000000,0,0
SAT_P2_S3,6931829.191973,0.001043,0.925108,25760.000000,0,0
SAT_P2_S3,6931377.355001,0.001005,0.925084,25800.000000,0,0
SAT_P2_S3,6930901.011942,0.000964,0.925058,25840.000000,0,0
SAT_P2_S3,6930404.264569,0.000918,0.925032,25880.000000,0,0
SAT_P2_S3,6929891.329587,0.000869,0.925004,25920.000000,0,0
SAT_P2_S3,6929366.528748,0.000817,0.924976,25960.000000,0,0
SAT_P2_S3,6928834.219428,0.000763,0.924948,26000.000000,0,0
SAT_P2_S3,6928298.718387,0.000706,0.924919,26040.000000,0,0
SAT_P2_S3,6927764.211139,0.000648,0.924890,26080.000000,0,0
SAT_P2_S3,6927234.706531,0.000589,0.924862,26120.000000,0,0
SAT_P2_S3,6926714.092106,0.000529,0.924834,26160.000000,0,0
SAT_P2_S3,6926206.067618,0.000468,0.924806,26200.000000,0,0
SAT_P2_S3,6925714.111347,0.000408,0.924779,26240.000000,0,0
SAT_P2_S3,6925241.545680,0.000348,0.924754,26280.000000,0,0
SAT_P2_S3,6924791.563096,0.000290,0.924729,26320.000000,0,0
SAT_P2_S3,6924367.222424,0.000233,0.924706,26360.000000,0,0
SAT_P2_S3,6923971.443821,0.000180,0.924685,26400.000000,0,0
SAT_P2_S3,6923607.057607,0.000134,0.924665,26440.000000,0,0
SAT_P2_S3,6923276.868457,0.000101,0.924647,26480.000000,0,0
SAT_P2_S3,6922983.503213,0.000095,0.924631,26520.000000,0,0
SAT_P2_S3,6922729.455459,0.000117,0.924618,26560.000000,0,0
SAT_P2_S3,6922517.049096,0.000154,0.924606,26600.000000,0,0
SAT_P2_S3,6922348.378575,0.000195,0.924597,26640.000000,0,0
SAT_P2_S3,6922225.219420,0.000238,0.924591,26680.000000,0,0
SAT_P2_S3,6922148.967508,0.000279,0.924587,26720.000000,0,0
SAT_P2_S3,6922120.658785,0.000320,0.924586,26760.000000,0,0
SAT_P2_S3,6922140.868741,0.000358,0.924587,26800.000000,0,0
SAT_P2_S3,6922209.644145,0.000395,0.924590,26840.000000,0,0
SAT_P2_S3,6922326.530268,0.000429,0.924596,26880.000000,0,0
SAT_P2_S3,6922490.575624,0.000462,0.924605,26920.000000,0,0
SAT_P2_S3,6922700.322600,0.000493,0.924616,26960.000000,0,0
SAT_P2_S3,6922953.814877,0.000523,0.924629,27000.000000,0,0
SAT_P2_S3,6923248.681994,0.000551,0.924644,27040.000000,0,0
SAT_P2_S3,6923582.265625,0.000577,0.924662,27080.000000,0,0
SAT_P2_S3,6923951.537675,0.000603,0.924681,27120.000000,0,0
SAT_P2_S3,6924353.240501,0.000628,0.924702,27160.000000,0,0
SAT_P2_S3,6924783.953228,0.000652,0.924725,27200.000000,0,0
SAT_P2_S3,6925240.136689,0.000675,0.924749,27240.000000,0,0
SAT_P2_S3,6925718.145241,0.000697,0.924774,27280.000000,0,0
SAT_P2_S3,6926214.259684,0.000719,0.924800,27320.000000,0,0
SAT_P2_S3,6926724.786771,0.000740,0.924827,27360.000000,0,0
SAT_P2_S3,6927246.016277,0.000761,0.924855,27400.000000,0,0
SAT_P2_S3,6927774.191704,0.000781,0.924884,27440.000000,0,0
SAT_P2_S3,6928305.556276,0.000799,0.924912,27480.000000,0,0
SAT_P2_S3,6928836.355540,0.000817,0.924941,27520.000000,0,0
SAT_P2_S3,6929362.811411,0.000833,0.924969,27560.000000,0,0
SAT_P2_S3,6929881.102011,0.000848,0.924997,27600.000000,0,0
SAT_P2_S3,6930387.409076,0.000861,0.925024,27640.000000,0,0
SAT_P2_S3,6930878.002341,0.000872,0.925051,27680.000000,0,0
SAT_P2_S3,6931349.131345,0.000881,0.925076,27720.000000,0,0
SAT_P2_S3,6931797.134616,0.000887,0.925101,27760.000000,0,0
SAT_P2_S3,6932218.485541,0.000890,0.925123,27800.000000,0,0
SAT_P2_S3,6932609.818014,0.000891,0.925144,27840.000000,0,0
SAT_P2_S3,6932967.975337,0.000888,0.925164,27880.000000,0,0
SAT_P2_S3,6933290.078274,0.000881,0.925181,27920.000000,0,0
SAT_P2_S3,6933573.552615,0.000870,0.925197,27960.000000,0,0
SAT_P2_S3,6933816.132932,0.000856,0.925210,28000.000000,0,0
SAT_P2_S3,6934015.899576,0.000837,0.925221,28040.000000,0,0
SAT_P2_S3,6934171.380698,0.000815,0.925229,28080.000000,0,0
SAT_P2_S3,6934281.467068,0.000788,0.925235,28120.000000,0,0
SAT_P2_S3,6934345.417737,0.000756,0.925239,28160.000000,0,0
SAT_P2_S3,6934362.886600,0.000721,0.925240,28200.000000,0,0
SAT_P2_S3,6934333.911626,0.000681,0.925238,28240.000000,0,0
SAT_P2_S3,6934258.869825,0.000637,0.925234,28280.000000,0,0
SAT_P2_S3,6934138.441860,0.000590,0.925228,28320.000000,0,0
SAT_P2_S3,6933973.647033,0.000538,0.925219,28360.000000,0,0
SAT_P2_S3,6933765.861685,0.000483,0.925207,28400.000000,0,0
SAT_P2_S3,6933516.688659,0.000424,0.925194,28440.000000,0,0
SAT_P2_S3,6933228.021888,0.000362,0.925178,28480.000000,0,0
SAT_P2_S3,6932902.042254,0.000297,0.925160,28520.000000,0,0
SAT_P2_S3,6932541.196547,0.000230,0.925141,28560.000000,0,0
SAT_P2_S3,6932148.158400,0.000160,0.925119,28600.000000,0,0
SAT_P2_S3,6931725.828771,0.000088,0.925096,28640.000000,0,0
SAT_P2_S3,6931277.409592,0.000016,0.925072,28680.000000,0,0
SAT_P2_S3,6930806.293510,0.000060,0.925046,28720.000000,0,0
SAT_P2_S3,6930316.048763,0.000135,0.925020,28760.000000,0,0
SAT_P2_S3,6929810.427695,0.000210,0.924992,28800.000000,0,0
SAT_P2_S3,6929293.337565,0.000285,0.924964,28840.000000,0,0
SAT_P2_S3,6928768.776693,0.000360,0.924935,28880.000000,0,0
SAT_P2_S3,6928240.778383,0.000433,0.924906,28920.000000,0,0
SAT_P2_S3,6927713.421567,0.000505,0.924878,28960.000000,0,0
SAT_P2_S3,6927190.822385,0.000575,0.924849,29000.000000,0,0
SAT_P2_S3,6926676.978479,0.000643,0.924821,29040.000000,0,0
SAT_P2_S3,6926175.804445,0.000708,0.924794,29080.000000,0,0
SAT_P2_S3,6925691.100876,0.000769,0.924767,29120.000000,0,0
SAT_P2_S3,6925226.510480,0.000826,0.924742,29160.000000,0,0
SAT_P2_S3,6924785.460959,0.000880,0.924718,29200.000000,0,0
SAT_P2_S3,6924371.152708,0.000929,0.924695,29240.000000,0,0
SAT_P2_S3,6923986.626783,0.000973,0.924674,29280.000000,0,0
SAT_P2_S3,6923634.659164,0.001012,0.924655,29320.000000,0,0
SAT_P2_S3,6923317.756611,0.001046,0.924638,29360.000000,0,0
SAT_P2_S3,6923038.183740,0.001074,0.924623,29400.000000,0,0
SAT_P2_S3,6922797.959063,0.001097,0.924610,29440.000000,0,0
SAT_P2_S3,6922598.821211,0.001114,0.924599,29480.000000,0,0
SAT_P2_S3,6922442.205944,0.001124,0.924591,29520.000000,0,0
SAT_P2_S3,6922329.291618,0.001129,0.924585,29560.000000,0,0
SAT_P2_S3,6922261.025533,0.001127,0.924582,29600.000000,0,0
SAT_P2_S3,6922237.999882,0.001119,0.924581,29640.000000,0,0
SAT_P2_S3,6922260.518237,0.001104,0.924583,29680.000000,0,0
SAT_P2_S3,6922328.590081,0.001084,0.924588,29720.000000,0,0
SAT_P2_S3,6922441.910331,0.001057,0.924594,29760.000000,0,0
SAT_P2_S3,6922599.814141,0.001024,0.924604,29800.000000,0,0
SAT_P2_S3,6922801.331992,0.000985,0.924615,29840.000000,0,0
SAT_P2_S3,6923045.171775,0.000941,0.924629,29880.000000,0,0
SAT_P2_S3,6923329.705177,0.000891,0.924645,29920.000000,0,0
SAT_P2_S3,6923652.998618,0.000836,0.924663,29960.000000,0,0
SAT_P2_S3,6924012.796174,0.000777,0.924684,30000.000000,0,0
SAT_P2_S3,6924406.508631,0.000713,0.924705,30040.000000,0,0
SAT_P2_S3,6924831.267118,0.000646,0.924729,30080.000000,0,0
SAT_P2_S3,6925284.001427,0.000575,0.924753,30120.000000,0,0
SAT_P2_S3,6925761.325127,0.000502,0.924779,30160.000000,0,0
SAT_P2_S3,6926259.630407,0.000429,0.924807,30200.000000,0,0
SAT_P2_S3,6926775.116433,0.000355,0.924834,30240.000000,0,0
SAT_P2_S3,6927303.805472,0.000286,0.924863,30280.000000,0,0
SAT_P2_S3,6927841.537415,0.000227,0.924892,30320.000000,0,0
SAT_P2_S3,6928383.999638,0.000190,0.924921,30360.000000,0,0
SAT_P2_S3,6928926.840690,0.000191,0.924950,30400.000000,0,0
SAT_P2_S3,6929465.646073,0.000228,0.924979,30440.000000,0,0
SAT_P2_S3,6929995.950277,0.000288,0.925007,30480.000000,0,0
SAT_P2_S3,6930513.329200,0.000358,0.925035,30520.000000,0,0
SAT_P2_S3,6931013.454497,0.000433,0.925062,30560.000000,0,0
SAT_P2_S3,6931492.119345,0.000508,0.925088,30600.000000,0,0
SAT_P2_S3,6931945.268512,0.000583,0.925112,30640.000000,0,0
SAT_P2_S3,6932369.091035,0.000655,0.925135,30680.000000,0,0
SAT_P2_S3,6932760.132409,0.000724,0.925156,30720.000000,0,0
SAT_P2_S3,6933115.200756,0.000790,0.925176,30760.000000,0,0
SAT_P2_S3,6933431.479180,0.000852,0.925193,30800.000000,0,0
SAT_P2_S3,6933706.558436,0.000908,0.925208,30840.000000,0,0
SAT_P2_S3,6933938.444750,0.000960,0.925221,30880.000000,0,0
SAT_P2_S3,6934125.533880,0.001007,0.925232,30920.000000,0,0
SAT_P2_S3,6934266.608387,0.001048,0.925240,30960.000000,0,0
SAT_P2_S3,6934360.904398,0.001083,0.925245,31000.000000,0,0
SAT_P2_S3,6934408.032342,0.001113,0.925248,31040.000000,0,0
SAT_P2_S3,6934407.926324,0.001137,0.925249,31080.000000,0,0
SAT_P2_S3,6934360.865783,0.001155,0.925247,31120.000000,0,0
SAT_P2_S3,6934267.458506,0.001166,0.925242,31160.000000,0,0
SAT_P2_S3,6934128.595565,0.001172,0.925235,31200.000000,0,0
SAT_P2_S3,6933945.413617,0.001172,0.925226,31240.000000,0,0
SAT_P2_S3,6933719.326334,0.001167,0.925214,31280.000000,0,0
SAT_P2_S3,6933452.084779,0.001155,0.925200,31320.000000,0,0
SAT_P2_S3,6933145.638896,0.001138,0.925183,31360.000000,0,0
SAT_P2_S3,6932802.216574,0.001116,0.925165,31400.000000,0,0
SAT_P2_S3,6932424.332118,0.001089,0.925144,31440.000000,0,0
SAT_P2_S3,6932014.777422,0.001057,0.925122,31480.000000,0,0
SAT_P2_S3,6931576.584507,0.001021,0.925098,31520.000000,0,0
SAT_P2_S3,6931113.015273,0.000980,0.925073,31560.000000,0,0
SAT_P2_S3,6930627.624231,0.000936,0.925047,31600.000000,0,0
SAT_P2_S3,6930124.169841,0.000887,0.925019,31640.000000,0,0
SAT_P2_S3,6929606.551428,0.000836,0.924991,31680.000000,0,0
SAT_P2_S3,6929078.815467,0.000782,0.924962,31720.000000,0,0
SAT_P2_S3,6928545.115113,0.000726,0.924933,31760.000000,0,0
SAT_P2_S3,6928009.637194,0.000667,0.924904,31800.000000,0,0
SAT_P2_S3,6927476.532015,0.000608,0.924875,31840.000000,0,0
SAT_P2_S3,6926949.907100,0.000547,0.924847,31880.000000,0,0
SAT_P2_S3,6926433.847136,0.000485,0.924819,31920.000000,0,0
SAT_P2_S3,6925932.244177,0.000424,0.924792,31960.000000,0,0
SAT_P2_S3,6925448.841495,0.000363,0.924766,32000.000000,0,0
SAT_P2_S3,6924987.216301,0.000303,0.924741,32040.000000,0,0
SAT_P2_S3,6924550.753951,0.000244,0.924717,32080.000000,0,0
SAT_P2_S3,6924142.602587,0.000189,0.924695,32120.000000,0,0
SAT_P2_S3,6923765.664406,0.000139,0.924675,32160.000000,0,0
SAT_P2_S3,6923422.671565,0.000100,0.924656,32200.000000,0,0
SAT_P2_S3,6923116.117919,0.000087,0.924640,32240.000000,0,0
SAT_P2_S3,6922848.222490,0.000106,0.924625,32280.000000,0,0
SAT_P2_S3,6922620.969037,0.000143,0.924613,32320.000000,0,0
SAT_P2_S3,6922436.099643,0.000185,0.924603,32360.000000,0,0
SAT_P2_S3,6922295.075971,0.000228,0.924596,32400.000000,0,0
SAT_P2_S3,6922199.041610,0.000271,0.924591,32440.000000,0,0
SAT_P2_S3,6922148.844005,0.000312,0.924589,32480.000000,0,0
SAT_P2_S3,6922145.076744,0.000352,0.924589,32520.000000,0,0
SAT_P2_S3,6922187.930166,0.000389,0.924591,32560.000000,0,0
SAT_P2_S3,6922277.248626,0.000425,0.924597,32600.000000,0,0
SAT_P2_S3,6922412.523848,0.000459,0.924604,32640.000000,0,0
SAT_P2_S3,6922592.878631,0.000490,0.924614,32680.000000,0,0
SAT_P2_S3,6922817.031652,0.000520,0.924627,32720.000000,0,0
SAT_P2_S3,6923083.300541,0.000549,0.924642,32760.000000,0,0
SAT_P2_S3,6923389.692670,0.000576,0.924658,32800.000000,0,0
SAT_P2_S3,6923733.859614,0.000602,0.924677,32840.000000,0,0
SAT_P2_S3,6924113.089370,0.000626,0.924698,32880.000000,0,0
SAT_P2_S3,6924524.380991,0.000650,0.924720,32920.000000,0,0
SAT_P2_S3,6924964.481224,0.000673,0.924744,32960.000000,0,0
SAT_P2_S3,6925429.893835,0.000695,0.924769,33000.000000,0,0
SAT_P2_S3,6925916.894431,0.000716,0.924795,33040.000000,0,0
SAT_P2_S3,6926421.609235,0.000737,0.924822,33080.000000,0,0
SAT_P2_S3,6926940.116109,0.000756,0.924849,33120.000000,0,0
SAT_P2_S3,6927468.346052,0.000775,0.924877,33160.000000,0,0
SAT_P2_S3,6928002.194298,0.000793,0.924906,33200.000000,0,0
SAT_P2_S3,6928537.559285,0.000810,0.924934,33240.000000,0,0
SAT_P2_S3,6929070.364504,0.000826,0.924962,33280.000000,0,0
SAT_P2_S3,6929596.553775,0.000841,0.924990,33320.000000,0,0
SAT_P2_S3,6930112.116672,0.000853,0.925017,33360.000000,0,0
SAT_P2_S3,6930613.191349,0.000864,0.925044,33400.000000,0,0
SAT_P2_S3,6931096.024299,0.000872,0.925069,33440.000000,0,0
SAT_P2_S3,6931556.961541,0.000879,0.925093,33480.000000,0,0
SAT_P2_S3,6931992.517917,0.000882,0.925116,33520.000000,0,0
SAT_P2_S3,6932399.385504,0.000882,0.925137,33560.000000,0,0
SAT_P2_S3,6932774.443059,0.000880,0.925157,33600.000000,0,0
SAT_P2_S3,6933114.793640,0.000874,0.925174,33640.000000,0,0
SAT_P2_S3,6933417.800585,0.000864,0.925190,33680.000000,0,0
SAT_P2_S3,6933681.084276,0.000850,0.925204,33720.000000,0,0
SAT_P2_S3,6933902.528742,0.000833,0.925215,33760.000000,0,0
SAT_P2_S3,6934080.357345,0.000812,0.925224,33800.000000,0,0
SAT_P2_S3,6934213.198345,0.000786,0.925230,33840.000000,0,0
SAT_P2_S3,6934299.979616,0.000756,0.925234,33880.000000,0,0
SAT_P2_S3,6934340.023595,0.000722,0.925236,33920.000000,0,0
SAT_P2_S3,6934333.061631,0.000683,0.925235,33960.000000,0,0
SAT_P2_S3,6934279.225819,0.000641,0.925232,34000.000000,0,0
SAT_P2_S3,6934179.015091,0.000594,0.925226,34040.000000,0,0
SAT_P2_S3,6934033.293490,0.000544,0.925218,34080.000000,0,0
SAT_P2_S3,6933843.357456,0.000489,0.925207,34120.000000,0,0
SAT_P2_S3,6933610.828485,0.000432,0.925194,34160.000000,0,0
SAT_P2_S3,6933337.626014,0.000370,0.925179,34200.000000,0,0
SAT_P2_S3,6933025.976208,0.000306,0.925162,34240.000000,0,0
SAT_P2_S3,6932678.386716,0.000240,0.925142,34280.000000,0,0
SAT_P2_S3,6932297.591338,0.000171,0.925121,34320.000000,0,0
SAT_P2_S3,6931886.506087,0.000100,0.925099,34360.000000,0,0
SAT_P2_S3,6931448.257247,0.000028,0.925075,34400.000000,0,0
SAT_P2_S3,6930986.205036,0.000049,0.925049,34440.000000,0,0
SAT_P2_S3,6930503.803402,0.000123,0.925023,34480.000000,0,0
SAT_P2_S3,6930004.663954,0.000198,0.924995,34520.000000,0,0
SAT_P2_S3,6929492.545642,0.000273,0.924967,34560.000000,0,0
SAT_P2_S3,6928971.326671,0.000348,0.924938,34600.000000,0,0
SAT_P2_S3,6928444.953965,0.000421,0.924910,34640.000000,0,0
SAT_P2_S3,6927917.426623,0.000494,0.924881,34680.000000,0,0
SAT_P2_S3,6927392.849229,0.000564,0.924852,34720.000000,0,0
SAT_P2_S3,6926875.310445,0.000633,0.924823,34760.000000,0,0
SAT_P2_S3,6926368.840863,0.000698,0.924795,34800.000000,0,0
SAT_P2_S3,6925877.405309,0.000761,0.924768,34840.000000,0,0
SAT_P2_S3,6925404.860297,0.000819,0.924743,34880.000000,0,0
SAT_P2_S3,6924954.882474,0.000874,0.924718,34920.000000,0,0
SAT_P2_S3,6924530.909312,0.000925,0.924694,34960.000000,0,0
SAT_P2_S3,6924136.152729,0.000970,0.924673,35000.000000,0,0
SAT_P2_S3,6923773.612472,0.001011,0.924653,35040.000000,0,0
SAT_P2_S3,6923445.934367,0.001046,0.924635,35080.000000,0,0
SAT_P2_S3,6923155.474096,0.001075,0.924619,35120.000000,0,0
SAT_P2_S3,6922904.295295,0.001099,0.924605,35160.000000,0,0
SAT_P2_S3,6922694.156479,0.001117,0.924593,35200.000000,0,0
SAT_P2_S3,6922526.481496,0.001129,0.924584,35240.000000,0,0
SAT_P2_S3,6922402.369327,0.001134,0.924578,35280.000000,0,0
SAT_P2_S3,6922322.679360,0.001134,0.924573,35320.000000,0,0
SAT_P2_S3,6922287.944211,0.001127,0.924572,35360.000000,0,0
SAT_P2_S3,6922298.365057,0.001114,0.924572,35400.000000,0,0
SAT_P2_S3,6922353.842944,0.001094,0.924576,35440.000000,0,0
SAT_P2_S3,6922453.975315,0.001069,0.924582,35480.000000,0,0
SAT_P2_S3,6922598.022481,0.001038,0.924590,35520.000000,0,0
SAT_P2_S3,6922784.892047,0.001001,0.924601,35560.000000,0,0
SAT_P2_S3,6923013.223365,0.000958,0.924614,35600.000000,0,0
SAT_P2_S3,6923281.321088,0.000910,0.924629,35640.000000,0,0
SAT_P2_S3,6923587.214071,0.000857,0.924646,35680.000000,0,0
SAT_P2_S3,6923928.670767,0.000800,0.924666,35720.000000,0,0
SAT_P2_S3,6924303.195017,0.000738,0.924687,35760.000000,0,0
SAT_P2_S3,6924708.057538,0.000673,0.924710,35800.000000,0,0
SAT_P2_S3,6925140.407971,0.000605,0.924734,35840.000000,0,0
SAT_P2_S3,6925597.230740,0.000534,0.924759,35880.000000,0,0
SAT_P2_S3,6926075.345408,0.000463,0.924786,35920.000000,0,0
SAT_P2_S3,6926571.460976,0.000391,0.924814,35960.000000,0,0
SAT_P2_S3,6927082.165912,0.000323,0.924842,36000.000000,0,0
