name_sat,x,y,z,t,firing,detected_by_GS,nom_station
Sat_real_1,0.000000,6321479.405889,-4105216.726426,1.004000,0,false,
Sat_real_1,-434986.196459,6310897.007910,-4098328.427148,61.004000,0,false,
Sat_real_1,-868515.764672,6279184.624238,-4077686.250933,121.004000,0,false,
Sat_real_1,-1299136.909190,6226446.511698,-4043358.235007,181.004000,0,false,
Sat_real_1,-1725407.053005,6152856.046878,-3995457.512524,241.004000,0,false,
Sat_real_1,-2145897.397261,6058655.216547,-3934141.977717,301.004000,0,false,
Sat_real_1,-2559197.446766,5944153.902949,-3859613.817127,361.004000,0,false,
Sat_real_1,-2963919.508039,5809729.028537,-3772118.949113,421.004000,0,false,
Sat_real_1,-3358703.117318,5655823.423574,-3671946.282717,481.004000,0,false,
Sat_real_1,-3742219.429092,5482944.562782,-3559426.891196,541.004000,0,false,
Sat_real_1,-4113175.521628,5291663.072961,-3434933.036287,601.004000,0,false,
Sat_real_1,-4470318.614349,5082611.038276,-3298877.060529,661.004000,0,false,
Sat_real_1,-4812440.221548,4856480.155887,-3151710.181905,721.004000,0,false,
Sat_real_1,-5138380.142382,4614019.628455,-2993921.116672,781.004000,0,false,
Sat_real_1,-5447030.370300,4356033.922977,-2826034.614655,841.004000,0,false,
Sat_real_1,-5737338.837629,4083380.316526,-2648609.855117,901.004000,0,false,
Sat_real_1,-6008313.022551,3796966.271981,-2462238.731180,961.004000,0,false,
Sat_real_1,-6259023.396697,3497746.642758,-2267544.022152,1021.004000,0,false,
Sat_real_1,-6488606.700353,3186720.704806,-2065177.452618,1081.004000,0,false,
Sat_real_1,-6696269.007280,2864929.014378,-1855817.637481,1141.004000,0,false,
Sat_real_1,-6881288.636214,2533450.126397,-1640167.935671,1201.004000,0,false,
Sat_real_1,-7043018.833265,2193397.152992,-1418954.199485,1261.004000,0,false,
Sat_real_1,-7180890.202896,1845914.165310,-1192922.421764,1321.004000,0,false,
Sat_real_1,-7294412.947207,1492172.478843,-962836.307216,1381.004000,0,false,
Sat_real_1,-7383178.797077,1133366.800949,-729474.754231,1441.004000,0,true,Nairobi
Sat_real_1,-7446862.733098,770711.277610,-493629.271329,1501.004000,0,true,Nairobi
Sat_real_1,-7485224.411625,405435.441437,-256101.329644,1561.004000,0,true,Nairobi
Sat_real_1,-7498109.279166,38780.072613,-17699.659011,1621.004000,0,true,Nairobi
Sat_real_1,-7485449.451511,-328007.002044,220762.495997,1681.004000,0,true,Nairobi
Sat_real_1,-7447264.238832,-693675.164939,458470.155579,1741.004000,0,true,Nairobi
Sat_real_1,-7383660.430174,-1056975.307537,694609.412781,1801.004000,0,true,Nairobi
Sat_real_1,-7294832.252344,-1416664.154796,928370.257480,1861.004000,0,true,Nairobi
Sat_real_1,-7181060.987537,-1771508.600415,1158949.407253,1921.004000,0,true,Nairobi
Sat_real_1,-7042714.331692,-2120290.046018,1385553.140706,1981.004000,0,true,Nairobi
Sat_real_1,-6880245.374574,-2461808.705463,1607400.107694,2041.004000,0,true,Nairobi
Sat_real_1,-6694191.314538,-2794887.888980,1823724.126040,2101.004000,0,true,Nairobi
Sat_real_1,-6485171.833062,-3118378.220782,2033776.934265,2161.004000,0,false,
Sat_real_1,-6253887.123118,-3431161.768269,2236830.885915,2221.004000,0,false,
Sat_real_1,-6001115.659688,-3732156.094999,2432181.593435,2281.004000,0,false,
Sat_real_1,-5727711.615998,-4020318.170539,2619150.477836,2341.004000,0,false,
Sat_real_1,-5434602.039423,-4294648.179861,2797087.252089,2401.004000,0,false,
Sat_real_1,-5122783.731741,-4554193.174787,2965372.300814,2461.004000,0,false,
Sat_real_1,-4793319.835685,-4798050.550075,3123418.945110,2521.004000,0,false,
Sat_real_1,-4447336.210054,-5025371.379489,3270675.615758,2581.004000,0,false,
Sat_real_1,-4086017.516193,-5235363.525575,3406627.878670,2641.004000,0,false,
Sat_real_1,-3710603.109374,-5427294.593050,3530800.358406,2701.004000,0,false,
Sat_real_1,-3322382.697907,-5600494.652518,3642758.511953,2761.004000,0,false,
Sat_real_1,-2922691.778219,-5754358.714197,3742110.239451,2821.004000,0,false,
Sat_real_1,-2512906.916364,-5888349.003314,3828507.365522,2881.004000,0,false,
Sat_real_1,-2094440.837676,-6001996.939306,3901646.926976,2941.004000,0,false,
Sat_real_1,-1668737.395567,-6094904.902021,3961272.321008,3001.004000,0,false,
Sat_real_1,-1237266.405489,-6166747.701004,4007174.258651,3061.004000,0,false,
Sat_real_1,-801518.385335,-6217273.779400,4039191.543815,3121.004000,0,false,
Sat_real_1,-362999.214005,-6246306.130654,4057211.663453,3181.004000,0,false,
Sat_real_1,76775.251976,-6253743.006946,4061171.240036,3241.004000,0,false,
Sat_real_1,516284.621241,-6239558.251779,4051056.237382,3301.004000,0,false,
Sat_real_1,954009.416397,-6203801.437554,4026902.037656,3361.004000,0,true,Tokyo
Sat_real_1,1388436.527729,-6146597.683016,3988793.308476,3421.004000,0,true,Tokyo
Sat_real_1,1818064.646311,-6068147.182490,3936863.681351,3481.004000,0,true,Tokyo
Sat_real_1,2241409.667247,-5968724.520327,3871295.289669,3541.004000,0,true,Tokyo
Sat_real_1,2657010.012785,-5848677.601914,3792318.057054,3601.004000,0,true,Tokyo
Sat_real_1,3063431.885412,-5708426.387975,3700208.857896,3661.004000,0,true,Tokyo
Sat_real_1,3459274.399152,-5548461.314234,3595290.473605,3721.004000,0,true,Tokyo
Sat_real_1,3843174.573379,-5369341.438117,3477930.371737,3781.004000,0,true,Tokyo
Sat_real_1,4213812.201016,-5171692.389871,3348539.358432,3841.004000,0,true,Tokyo
Sat_real_1,4569914.493763,-4956203.985570,3207570.010836,3901.004000,0,true,Tokyo
Sat_real_1,4910260.575449,-4723627.681707,3055515.006442,3961.004000,0,true,Tokyo
Sat_real_1,5233685.743203,-4474773.773506,2892905.285144,4021.004000,0,true,Tokyo
Sat_real_1,5539085.499697,-4210508.380387,2720308.072045,4081.004000,0,false,
Sat_real_1,5825419.397955,-3931750.290761,2538324.807594,4141.004000,0,false,
Sat_real_1,6091714.561050,-3639467.545348,2347588.906806,4201.004000,0,false,
Sat_real_1,6337069.004575,-3334673.916148,2148763.449533,4261.004000,0,false,
Sat_real_1,6560654.652075,-3018425.201502,1942538.750584,4321.004000,0,false,
Sat_real_1,6761720.059138,-2691815.378053,1729629.836611,4381.004000,0,false,
Sat_real_1,6939592.907582,-2355972.667280,1510773.867490,4441.004000,0,false,
Sat_real_1,7093682.098565,-2012055.437876,1286727.451912,4501.004000,0,false,
Sat_real_1,7223479.617855,-1661248.062924,1058263.934411,4561.004000,0,false,
Sat_real_1,7328562.044970,-1304756.685233,826170.624024,4621.004000,0,false,
Sat_real_1,7408591.737513,-943804.926985,591245.988083,4681.004000,0,false,
Sat_real_1,7463317.770134,-579629.586018,354296.838568,4741.004000,0,false,
Sat_real_1,7492576.446130,-213476.281418,116135.486761,4801.004000,0,false,
Sat_real_1,7496291.585392,153404.877830,-122423.086241,4861.004000,0,false,
Sat_real_1,7474474.455697,519763.618848,-360564.054662,4921.004000,0,false,
Sat_real_1,7427223.389390,884353.800143,-597475.552453,4981.004000,0,false,
Sat_real_1,7354723.174831,1245937.656266,-832351.444428,5041.004000,0,false,
Sat_real_1,7257244.038087,1603289.987349,-1064394.060355,5101.004000,0,false,
Sat_real_1,7135140.430635,1955202.271267,-1292816.878188,5161.004000,0,false,
Sat_real_1,6988849.491810,2300486.685563,-1516847.147322,5221.004000,0,false,
Sat_real_1,6818889.234289,2637980.025055,-1735728.442663,5281.004000,0,false,
Sat_real_1,6625856.542374,2966547.517404,-1948723.151054,5341.004000,0,false,
Sat_real_1,6410424.815813,3285086.490773,-2155114.859589,5401.004000,0,false,
Sat_real_1,6173341.467257,3592529.923523,-2354210.665905,5461.004000,0,false,
Sat_real_1,5915425.157558,3887849.835970,-2545343.384137,5521.004000,0,false,
Sat_real_1,5637562.818327,4170060.524693,-2727873.647155,5581.004000,0,false,
Sat_real_1,5340706.544484,4438221.664357,-2901191.921713,5641.004000,0,false,
Sat_real_1,5025870.212717,4691441.199509,-3064720.385742,5701.004000,0,false,
Sat_real_1,4694126.007541,4928878.102737,-3217914.718140,5761.004000,0,false,
Sat_real_1,4346600.756061,5149744.936647,-3360265.760002,5821.004000,0,false,
Sat_real_1,3984472.113773,5353310.230624,-3491301.054429,5881.004000,0,false,
Sat_real_1,3608964.665425,5538900.714630,-3610586.292596,5941.004000,0,false,
Sat_real_1,3221345.834000,5705903.300215,-3717726.593706,6001.004000,0,false,
Sat_real_1,2822921.737502,5853766.922231,-3812367.693252,6061.004000,0,false,
Sat_real_1,2415032.925147,5982004.157405,-3894196.984442,6121.004000,0,false,
Sat_real_1,1999050.029009,6090192.639790,-3962944.425955,6181.004000,0,false,
Sat_real_1,1576369.376573,6177976.327153,-4018383.351316,6241.004000,0,false,
Sat_real_1,1148408.502971,6245066.493179,-4060331.098570,6301.004000,0,false,
Sat_real_1,716601.651232,6291242.583938,-4088649.550777,6361.004000,0,false,
Sat_real_1,282395.223232,6316352.845467,-4103245.526933,6421.004000,0,false,
Sat_real_1,-152756.796222,6320314.748316,-4104071.040469,6481.004000,0,false,
Sat_real_1,-587397.422669,6303115.269875,-4091123.465287,6541.004000,0,false,
Sat_real_1,-1020071.279207,6264810.896000,-4064445.519000,6601.004000,0,false,
Sat_real_1,-1449329.195214,6205527.490806,-4024125.160583,6661.004000,0,false,
Sat_real_1,-1873732.797308,6125459.931980,-3970295.335240,6721.004000,0,false,
Sat_real_1,-2291859.077414,6024871.537672,-3903133.583244,6781.004000,0,false,
Sat_real_1,-2702304.939685,5904093.343129,-3822861.550369,6841.004000,0,false,
Sat_real_1,-3103691.681580,5763523.093758,-3729744.312686,6901.004000,0,false,
Sat_real_1,-3494669.433395,5603624.101546,-3624089.611251,6961.004000,0,false,
Sat_real_1,-3873921.513944,5424923.870853,-3506246.935405,7021.004000,0,false,
Sat_real_1,-4240168.698210,5228012.523415,-3376606.474186,7081.004000,0,false,
Sat_real_1,-4592173.419065,5013541.079919,-3235597.973115,7141.004000,0,false,
Sat_real_1,-4928743.817675,4782219.480196,-3083689.420558,7201.004000,0,false,
Sat_real_1,-5248737.718465,4534814.475995,-2921385.650609,7261.004000,0,false,
Sat_real_1,-5551066.456756,4272147.312709,-2749226.808959,7321.004000,0,false,
Sat_real_1,-5834698.567521,3995091.228223,-2567786.700350,7381.004000,0,false,
Sat_real_1,-6098663.356917,3704568.798590,-2377671.037186,7441.004000,0,false,
Sat_real_1,-6342054.275257,3401549.077099,-2179515.554890,7501.004000,0,false,
Sat_real_1,-6564032.136246,3087044.579272,-1973984.028053,7561.004000,0,false,
Sat_real_1,-6763828.113779,2762108.086107,-1761766.169431,7621.004000,0,false,
Sat_real_1,-6940746.600404,2427829.319441,-1543575.446387,7681.004000,0,false,
Sat_real_1,-7094167.768851,2085331.434834,-1320146.779456,7741.004000,0,false,
Sat_real_1,-7223549.950021,1735767.395320,-1092234.163696,7801.004000,0,false,
Sat_real_1,-7328431.759749,1380316.213973,-860608.205021,7861.004000,0,false,
Sat_real_1,-7408433.939290,1020179.072394,-626053.576344,7921.004000,0,false,
Sat_real_1,-7463261.011185,656575.347892,-389366.414266,7981.004000,0,false,
Sat_real_1,-7492702.572705,290738.531251,-151351.645784,8041.004000,0,false,
Sat_real_1,-7496634.361553,-76087.929736,87179.732687,8101.004000,0,false,
Sat_real_1,-7475019.019941,-442654.856956,325413.420685,8161.004000,0,false,
Sat_real_1,-7427906.522780,-807711.621018,562534.611450,8221.004000,0,false,
Sat_real_1,-7355434.379975,-1170010.465162,797730.817514,8281.004000,0,false,
Sat_real_1,-7257827.431351,-1528310.840738,1030194.701546,8341.004000,0,false,
Sat_real_1,-7135397.381454,-1881383.752204,1259126.911782,8401.004000,0,false,
Sat_real_1,-6988542.006711,-2228016.085392,1483738.904688,8461.004000,0,false,
Sat_real_1,-6817744.012158,-2567014.893260,1703255.738031,8521.004000,0,false,
Sat_real_1,-6623569.654245,-2897211.656973,1916918.846677,8581.004000,0,false,
Sat_real_1,-6406666.964232,-3217466.451462,2123988.754115,8641.004000,0,false,
Sat_real_1,-6167763.720159,-3526672.049454,2323747.742619,8701.004000,0,false,
Sat_real_1,-5907665.108184,-3823757.925589,2515502.456660,8761.004000,0,false,
Sat_real_1,-5627251.057063,-4107694.129923,2698586.419285,8821.004000,0,false,
Sat_real_1,-5327473.351820,-4377495.078160,2872362.492791,8881.004000,0,false,
Sat_real_1,-5009352.386115,-4632223.142891,3036225.207268,8941.004000,0,false,
Sat_real_1,-4673973.688325,-4870992.114612,3189603.002475,9001.004000,0,false,
Sat_real_1,-4322484.179310,-5092970.476110,3331960.345933,9061.004000,0,false,
Sat_real_1,-3956088.162316,-5297384.455840,3462799.704846,9121.004000,0,false,
Sat_real_1,-3576043.138054,-5483520.930382,3581663.417967,9181.004000,0,false,
Sat_real_1,-3183655.353326,-5650730.035668,3688135.375663,9241.004000,0,false,
Sat_real_1,-2780275.194310,-5798427.588575,3781842.574989,9301.004000,0,false,
Sat_real_1,-2367292.401639,-5926097.256578,3862456.509185,9361.004000,0,false,
Sat_real_1,-1946131.126156,-6033292.469588,3929694.387903,9421.004000,0,false,
Sat_real_1,-1518244.861500,-6119638.098326,3983320.204349,9481.004000,0,false,
Sat_real_1,-1085111.250507,-6184831.859266,4023145.623177,9541.004000,0,false,
Sat_real_1,-648226.791975,-6228645.428712,4049030.677918,9601.004000,0,false,
Sat_real_1,-209101.473533,-6250925.313104,4060884.308730,9661.004000,0,false,
Sat_real_1,230746.649613,-6251593.445354,4058664.720757,9721.004000,0,false,
Sat_real_1,669796.919019,-6230647.439846,4042379.519156,9781.004000,0,false,
Sat_real_1,1106531.538715,-6188160.628674,4012085.700800,9841.004000,0,false,
Sat_real_1,1539441.026313,-6124281.754778,3967889.421617,9901.004000,0,false,
Sat_real_1,1967029.631345,-6039234.421447,3909945.604387,9961.004000,0,false,
Sat_real_1,2387820.694682,-5933316.271770,3838457.369857,10021.004000,0,false,
Sat_real_1,2800361.922550,-5806897.839503,3753675.253227,10081.004000,0,false,
Sat_real_1,3203230.577220,-5660421.200068,3655896.289805,10141.004000,0,false,
Sat_real_1,3595038.534319,-5494398.304285,3545462.893806,10201.004000,0,false,
Sat_real_1,3974437.225344,-5309409.092593,3422761.593950,10261.004000,0,false,
Sat_real_1,4340122.431809,-5106099.366681,3288221.611221,10321.004000,0,true,Tokyo
Sat_real_1,4690838.882020,-4885178.364547,3142313.244212,10381.004000,0,true,Tokyo
Sat_real_1,5025384.693582,-4647416.162294,2985546.142282,10441.004000,0,true,Tokyo
Sat_real_1,5342615.569203,-4393640.802558,2818467.402114,10501.004000,0,true,Tokyo
Sat_real_1,5641448.792591,-4124735.241309,2641659.547347,10561.004000,0,true,Tokyo
Sat_real_1,5920866.983630,-3841634.103506,2455738.385402,10621.004000,0,true,Tokyo
Sat_real_1,6179921.551108,-3545320.213513,2261350.719598,10681.004000,0,true,Tokyo
Sat_real_1,6417735.926781,-3236821.010170,2059171.987611,10741.004000,0,true,Tokyo
Sat_real_1,6633508.466099,-2917204.774873,1849903.780057,10801.004000,0,false,
Sat_real_1,6826515.094786,-2587576.750949,1634271.289510,10861.004000,0,false,
Sat_real_1,6996111.663732,-2249075.153178,1413020.689215,10921.004000,0,false,
Sat_real_1,7141735.944974,-1902867.045444,1186916.427427,10981.004000,0,false,
Sat_real_1,7262909.385353,-1550144.172791,956738.492754,11041.004000,0,false,
Sat_real_1,7359238.486089,-1192118.702996,723279.622266,11101.004000,0,false,
Sat_real_1,7430415.908187,-830018.933413,487342.488121,11161.004000,0,false,
Sat_real_1,7476221.268233,-465084.970639,249736.868205,11221.004000,0,false,
Sat_real_1,7496521.555401,-98564.378712,11276.798898,11281.004000,0,false,
Sat_real_1,7491271.309109,268292.150114,-227222.255545,11341.004000,0,false,
Sat_real_1,7460512.421611,634235.114369,-464946.223787,11401.004000,0,false,
Sat_real_1,7404373.679688,998020.483158,-701085.220074,11461.004000,0,false,
Sat_real_1,7323070.016621,1358413.923351,-934836.299807,11521.004000,0,false,
Sat_real_1,7216901.409060,1714194.964976,-1165406.171835,11581.004000,0,false,
Sat_real_1,7086251.567046,2064161.086456,-1392013.856563,11641.004000,0,false,
Sat_real_1,6931586.285807,2407131.702117,-1613893.277932,11701.004000,0,false,
Sat_real_1,6753451.574343,2741952.051614,-1830295.790077,11761.004000,0,false,
Sat_real_1,6552471.537923,3067496.972455,-2040492.626448,11821.004000,0,false,
Sat_real_1,6329345.956863,3382674.531938,-2243777.255587,11881.004000,0,false,
Sat_real_1,6084847.705677,3686429.536406,-2439467.656217,11941.004000,0,false,
Sat_real_1,5819819.897209,3977746.872341,-2626908.480857,12001.004000,0,false,
Sat_real_1,5535172.859121,4255654.706791,-2805473.126402,12061.004000,0,false,
Sat_real_1,5231880.927747,4519227.526579,-2974565.697707,12121.004000,0,false,
Sat_real_1,4910979.012733,4767588.983651,-3133622.842148,12181.004000,0,false,
Sat_real_1,4573559.058656,4999914.597602,-3282115.489134,12241.004000,0,false,
Sat_real_1,4220766.309562,5215434.247933,-3419550.449835,12301.004000,0,false,
Sat_real_1,3853795.463905,5413434.507189,-3545471.911037,12361.004000,0,false,
Sat_real_1,3473886.710470,5593260.792203,-3659462.808471,12421.004000,0,false,
Sat_real_1,3082321.610904,5754319.290764,-3761146.052050,12481.004000,0,false,
Sat_real_1,2680418.926149,5896078.740613,-3850185.654003,12541.004000,0,false,
Sat_real_1,2269530.321230,6018071.974292,-3926287.703534,12601.004000,0,false,
Sat_real_1,1851036.009807,6119897.297228,-3989201.232660,12661.004000,0,false,
Sat_real_1,1426340.336056,6201219.674620,-4038718.957367,12721.004000,0,false,
Sat_real_1,996867.275421,6261771.678066,-4074677.861718,12781.004000,0,false,
Sat_real_1,564055.915559,6301354.285349,-4096959.686219,12841.004000,0,false,
Sat_real_1,129355.886598,6319837.435160,-4105491.255634,12901.004000,0,false,
Sat_real_1,-305777.227361,6317160.412779,-4100244.695669,12961.004000,0,false,
Sat_real_1,-739886.488680,6293332.041138,-4081237.521540,13021.004000,0,false,
Sat_real_1,-1171518.216722,6248430.624615,-4048532.563841,13081.004000,0,false,
Sat_real_1,-1599226.584616,6182603.746978,-4002237.797936,13141.004000,0,false,
Sat_real_1,-2021578.194088,6096067.822348,-3942506.011268,13201.004000,0,false,
Sat_real_1,-2437156.625383,5989107.477843,-3869534.360066,13261.004000,0,false,
Sat_real_1,-2844566.946766,5862074.744723,-3783563.800981,13321.004000,0,false,
Sat_real_1,-3242440.164071,5715388.007514,-3684878.365559,13381.004000,0,false,
Sat_real_1,-3629437.625542,5549530.810956,-3573804.342737,13441.004000,0,false,
Sat_real_1,-4004255.337794,5365050.427952,-3450709.306997,13501.004000,0,false,
Sat_real_1,-4365628.219690,5162556.260780,-3316001.039267,13561.004000,0,false,
Sat_real_1,-4712334.268807,4942718.053587,-3170126.326288,13621.004000,0,false,
Sat_real_1,-5043198.598107,4706263.869240,-3013569.607686,13681.004000,0,false,
Sat_real_1,-5357097.391153,4453977.920352,-2846851.528677,13741.004000,0,false,
Sat_real_1,-5652961.690295,4186698.173354,-2670527.345502,13801.004000,0,false,
Sat_real_1,-5929781.066522,3905313.789480,-2485185.224342,13861.004000,0,false,
Sat_real_1,-6186607.118869,3610762.380443,-2291444.419290,13921.004000,0,false,
Sat_real_1,-6422556.794082,3304027.084858,-2089953.333266,13981.004000,0,false,
Sat_real_1,-6636815.511509,2986133.480580,-1881387.472002,14041.004000,0,false,
Sat_real_1,-6828640.085537,2658146.337967,-1666447.294769,14101.004000,0,false,
Sat_real_1,-6997361.484454,2321166.248662,-1445855.984344,14161.004000,0,false,
Sat_real_1,-7142387.285810,1976326.075172,-1220357.102848,14221.004000,0,false,
Sat_real_1,-7263203.976145,1624787.300701,-990712.184013,14281.004000,0,false,
Sat_real_1,-7359378.964903,1267736.239775,-757698.238035,14341.004000,0,false,
Sat_real_1,-7430562.351188,906380.135019,-522105.185348,14401.004000,0,false,
Sat_real_1,-7476488.483358,541943.158720,-284733.231354,14461.004000,0,false,
Sat_real_1,-7496977.145515,175662.304872,-46390.173660,14521.004000,0,false,
Sat_real_1,-7491934.544336,-191216.787490,192111.333030,14581.004000,0,false,
Sat_real_1,-7461353.949535,-557444.079029,429956.553307,14641.004000,0,false,
Sat_real_1,-7405316.035866,-921769.423539,666331.476837,14701.004000,0,false,
Sat_real_1,-7323988.973289,-1282946.897228,900425.645961,14761.004000,0,false,
Sat_real_1,-7217628.103522,-1639739.134009,1131434.984133,14821.004000,0,false,
Sat_real_1,-7086575.389364,-1990921.668877,1358564.628372,14881.004000,0,false,
Sat_real_1,-6931258.497166,-2335287.253067,1581031.740403,14941.004000,0,false,
Sat_real_1,-6752189.568312,-2671650.135229,1798068.292927,15001.004000,0,false,
Sat_real_1,-6549963.732496,-2998850.308413,2008923.831061,15061.004000,0,false,
Sat_real_1,-6325257.210065,-3315757.655217,2212868.162900,15121.004000,0,false,
Sat_real_1,-6078825.190207,-3621276.037557,2409194.011172,15181.004000,0,false,
Sat_real_1,-5811499.358540,-3914347.260404,2597219.578584,15241.004000,0,false,
Sat_real_1,-5524185.133849,-4193954.915816,2776291.031631,15301.004000,0,false,
Sat_real_1,-5217858.668041,-4459128.118817,2945784.910981,15361.004000,0,false,
Sat_real_1,-4893563.488228,-4708945.032208,3105110.400734,15421.004000,0,false,
Sat_real_1,-4552406.949791,-4942536.272571,3253711.518246,15481.004000,0,false,
Sat_real_1,-4195556.403125,-5159088.100514,3391069.160730,15541.004000,0,false,
Sat_real_1,-3824235.130458,-5357845.418761,3516703.024586,15601.004000,0,false,
Sat_real_1,-3439718.101885,-5538114.604799,3630173.415383,15661.004000,0,false,
Sat_real_1,-3043327.460613,-5699266.049528,3731082.863444,15721.004000,0,false,
Sat_real_1,-2636427.873132,-5840736.532128,3819077.631246,15781.004000,0,false,
Sat_real_1,-2220421.677152,-5962031.306840,3893849.030548,15841.004000,0,false,
Sat_real_1,-1796743.889322,-6062725.967431,3955134.592535,15901.004000,0,false,
Sat_real_1,-1366857.074184,-6142468.032859,4002719.054046,15961.004000,0,false,
Sat_real_1,-932246.104193,-6200978.270294,4036435.170595,16021.004000,0,false,
Sat_real_1,-494412.825272,-6238051.709538,4056164.326413,16081.004000,0,false,
Sat_real_1,-54870.671616,-6253558.447611,4061837.006296,16141.004000,0,false,
Sat_real_1,384860.774481,-6247444.101870,4053433.037059,16201.004000,0,false,
Sat_real_1,823261.239602,-6219730.013542,4030981.665385,16261.004000,0,false,
Sat_real_1,1258815.216670,-6170513.178286,3994561.457001,16321.004000,0,false,
Sat_real_1,1690017.401036,-6099965.854651,3944299.985401,16381.004000,0,false,
Sat_real_1,2115378.098381,-6008334.967771,3880373.386607,16441.004000,0,false,
Sat_real_1,2533428.562176,-5895941.162105,3803005.685103,16501.004000,0,false,
Sat_real_1,2942726.257231,-5763177.610037,3712467.960596,16561.004000,0,false,
Sat_real_1,3341860.022370,-5610508.555297,3609077.342245,16621.004000,0,false,
Sat_real_1,3729455.091075,-5438467.550707,3493195.804541,16681.004000,0,false,
Sat_real_1,4104177.998538,-5247655.505080,3365228.839490,16741.004000,0,false,
Sat_real_1,4464741.285956,-5038738.416370,3225623.926244,16801.004000,0,false,
Sat_real_1,4809908.035395,-4812444.896988,3074868.866956,16861.004000,0,false,
Sat_real_1,5138496.206824,-4569563.481706,2913489.983095,16921.004000,0,false,
Sat_real_1,5449382.730639,-4310939.689328,2742050.153899,16981.004000,0,false,
Sat_real_1,5741507.425397,-4037472.943872,2561146.765215,17041.004000,0,false,
Sat_real_1,6013876.619571,-3750113.251309,2371409.501939,17101.004000,0,false,
Sat_real_1,6265566.544210,-3449857.725074,2173498.043981,17161.004000,0,false,
Sat_real_1,6495726.464702,-3137746.953926,1968099.661674,17221.004000,0,false,
Sat_real_1,6703581.493821,-2814861.195452,1755926.700181,17281.004000,0,false,
Sat_real_1,6888435.183642,-2482316.478075,1537714.005668,17341.004000,0,false,
Sat_real_1,7049671.743832,-2141260.547737,1314216.253449,17401.004000,0,false,
Sat_real_1,7186757.980856,-1792868.734020,1086205.225830,17461.004000,0,false,
Sat_real_1,7299244.928191,-1438339.741821,854467.044219,17521.004000,0,false,
Sat_real_1,7386769.113132,-1078891.367700,619799.355810,17581.004000,0,false,
Sat_real_1,7449053.584051,-715756.200767,383008.512770,17641.004000,0,false,
Sat_real_1,7485908.540839,-350177.277022,144906.725645,17701.004000,0,false,
Sat_real_1,7497231.685154,16596.263733,-93690.778143,17761.004000,0,false,
Sat_real_1,7483008.266678,383313.510049,-331968.584915,17821.004000,0,false,
Sat_real_1,7443310.773825,748726.091182,-569113.908200,17881.004000,0,false,
Sat_real_1,7378298.404285,1111592.444331,-804319.370020,17941.004000,0,false,
Sat_real_1,7288216.155657,1470682.029222,-1036785.743572,18001.004000,0,false,
Sat_real_1,7173393.661708,1824779.471123,-1265724.646347,18061.004000,0,false,
Sat_real_1,7034243.755284,2172688.618284,-1490361.174426,18121.004000,0,false,
Sat_real_1,6871260.714943,2513236.494361,-1709936.464758,18181.004000,0,false,
Sat_real_1,6685018.331078,2845277.152841,-1923710.191482,18241.004000,0,false,
Sat_real_1,6476167.648321,3167695.394452,-2130962.969027,18301.004000,0,false,
Sat_real_1,6245434.506875,3479410.360304,-2330998.671608,18361.004000,0,false,
Sat_real_1,5993616.868871,3779378.987136,-2523146.659934,18421.004000,0,false,
Sat_real_1,5721581.893446,4066599.298591,-2706763.897703,18481.004000,0,false,
Sat_real_1,5430262.881118,4340113.572888,-2881236.985453,18541.004000,0,false,
Sat_real_1,5120655.963681,4599011.315408,-3045984.063981,18601.004000,0,false,
Sat_real_1,4793816.647030,4842432.076242,-3200456.614644,18661.004000,0,false,
Sat_real_1,4450856.197381,5069568.094836,-3344141.144941,18721.004000,0,false,
Sat_real_1,4092937.846875,5279666.737992,-3476560.737124,18781.004000,0,false,
Sat_real_1,3721272.916255,5472032.795684,-3597276.503076,18841.004000,0,false,
Sat_real_1,3337116.766920,5646030.541582,-3705888.883571,18901.004000,0,false,
Sat_real_1,2941764.666932,5801085.621540,-3802038.834050,18961.004000,0,false,
Sat_real_1,2536547.567176,5936686.753718,-3885408.886041,19021.004000,0,false,
Sat_real_1,2122827.773546,6052387.204319,-3955724.060389,19081.004000,0,false,
Sat_real_1,1701994.580605,6147806.123820,-4012752.688202,19141.004000,0,false,
Sat_real_1,1275459.811922,6222629.633310,-4056307.066935,19201.004000,0,false,
Sat_real_1,844653.321269,6276611.738478,-4086244.002789,19261.004000,0,false,
Sat_real_1,411018.454347,6309575.051556,-4102465.226720,19321.004000,0,false,
Sat_real_1,-23992.529057,6321411.280561,-4104917.657841,19381.004000,0,false,
Sat_real_1,-458923.043053,6312081.577586,-4093593.574532,19441.004000,0,false,
Sat_real_1,-892316.781470,6281616.628241,-4068530.616676,19501.004000,0,false,
Sat_real_1,-1322722.319410,6230116.566243,-4029811.674109,19561.004000,0,false,
Sat_real_1,-1748697.702908,6157750.694348,-3977564.649211,19621.004000,0,false,
Sat_real_1,-2168815.012607,6064756.972287,-3911962.067992,19681.004000,0,false,
Sat_real_1,-2581664.907680,5951441.365213,-3833220.600503,19741.004000,0,false,
Sat_real_1,-2985861.115867,5818176.936079,-3741600.414443,19801.004000,0,false,
Sat_real_1,-3380044.878720,5665402.764578,-3637404.415559,19861.004000,0,false,
Sat_real_1,-3762889.336594,5493622.673344,-3520977.362033,19921.004000,0,false,
Sat_real_1,-4133103.821554,5303403.724987,-3392704.829423,19981.004000,0,false,
Sat_real_1,-4489438.096443,5095374.574634,-3253012.080592,20041.004000,0,false,
Sat_real_1,-4830686.457565,4870223.576569,-3102362.775962,20101.004000,0,false,
Sat_real_1,-5155691.738686,4628696.721448,-2941257.573557,20161.004000,0,false,
Sat_real_1,-5463349.192154,4371595.391697,-2770232.611515,20221.004000,0,false,
Sat_real_1,-5752610.206078,4099773.910693,-2589857.858109,20281.004000,0,false,
Sat_real_1,-6022485.915036,3814136.950560,-2400735.371257,20341.004000,0,false,
Sat_real_1,-6272050.613520,3515636.736962,-2203497.428764,20401.004000,0,false,
Sat_real_1,-6500445.024890,3205270.100224,-1998804.560951,20461.004000,0,false,
Sat_real_1,-6706879.356585,2884075.346385,-1787343.469209,20521.004000,0,false,
Sat_real_1,-6890636.199321,2553128.983382,-1569824.852599,20581.004000,0,false,
Sat_real_1,-7051073.210241,2213542.289074,-1346981.134161,20641.004000,0,false,
Sat_real_1,-7187625.531144,1866457.713211,-1119564.081900,20701.004000,0,false,
Sat_real_1,-7299808.020486,1513045.162257,-888342.355080,20761.004000,0,false,
Sat_real_1,-7387217.171596,1154498.143423,-654098.961721,20821.004000,0,false,
Sat_real_1,-7449532.808020,792029.805750,-417628.650536,20881.004000,0,false,
Sat_real_1,-7486519.491434,426868.885750,-179735.243163,20941.004000,0,false,
Sat_real_1,-7498027.599537,60255.566995,58771.086275,21001.004000,0,false,
Sat_real_1,-7483994.174240,-306562.717023,297076.566333,21061.004000,0,false,
Sat_real_1,-7444443.414492,-672335.531277,534366.612291,21121.004000,0,false,
Sat_real_1,-7379486.923502,-1035813.726661,769828.632195,21181.004000,0,false,
Sat_real_1,-7289323.649248,-1395753.750473,1002654.843243,21241.004000,0,false,
Sat_real_1,-7174239.474902,-1750921.966539,1232045.088976,21301.004000,0,false,
Sat_real_1,-7034606.565649,-2100098.980927,1457209.655926,21361.004000,0,false,
Sat_real_1,-6870882.341640,-2442083.936395,1677372.064103,21421.004000,0,false,
Sat_real_1,-6683608.183116,-2775698.788768,1891771.841405,21481.004000,0,false,
Sat_real_1,-6473407.811396,-3099792.526722,2099667.256404,21541.004000,0,false,
Sat_real_1,-6240985.310465,-3413245.302876,2300337.988448,21601.004000,0,false,
Sat_real_1,-5987122.897961,-3714972.496582,2493087.749899,21661.004000,0,false,
Sat_real_1,-5712678.338610,-4003928.636430,2677246.812347,21721.004000,0,false,
Sat_real_1,-5418582.107438,-4279111.220590,2852174.463149,21781.004000,0,false,
Sat_real_1,-5105834.266080,-4539564.387442,3017261.360675,21841.004000,0,false,
Sat_real_1,-4775501.031144,-4784382.402393,3171931.765544,21901.004000,0,false,
Sat_real_1,-4428711.136320,-5012713.008636,3315645.680224,21961.004000,0,false,
Sat_real_1,-4066651.905154,-5223760.549762,3447900.835598,22021.004000,0,false,
Sat_real_1,-3690565.125373,-5416788.929087,3568234.567777,22081.004000,0,false,
Sat_real_1,-3301742.703341,-5591124.349377,3676225.548064,22141.004000,0,true,Paris
Sat_real_1,-2901522.089698,-5746157.792608,3771495.339589,22201.004000,0,true,Paris
Sat_real_1,-2491281.560961,-5881347.310112,3853709.827564,22261.004000,0,true,Paris
Sat_real_1,-2072435.311823,-5996220.020019,3922580.455472,22321.004000,0,true,Paris
Sat_real_1,-1646428.426062,-6090373.890657,3977865.319390,22381.004000,0,true,Paris
Sat_real_1,-1214731.714493,-6163479.238269,4019370.073857,22441.004000,0,false,
Sat_real_1,-778836.454213,-6215279.955490,4046948.660476,22501.004000,0,false,
Sat_real_1,-340249.043061,-6245594.459475,4060503.852399,22561.004000,0,false,
Sat_real_1,99514.395142,-6254316.423849,4059987.657086,22621.004000,0,false,
Sat_real_1,538933.466004,-6241415.132371,4045401.471560,22681.004000,0,false,
Sat_real_1,976488.968070,-6206935.631832,4016796.106590,22741.004000,0,false,
Sat_real_1,1410668.357415,-6150998.554585,3974271.595337,22801.004000,0,false,
Sat_real_1,1839971.186438,-6073799.654178,3917976.814998,22861.004000,0,false,
Sat_real_1,2262914.502581,-5975609.117249,3848108.962637,22921.004000,0,false,
Sat_real_1,2678038.159678,-5856770.498342,3764912.785574,22981.004000,0,false,
Sat_real_1,3083910.052016,-5717699.462769,3668679.686632,23041.004000,0,false,
Sat_real_1,3479131.222335,-5558882.219103,3559746.627538,23101.004000,0,false,
Sat_real_1,3862340.836290,-5380873.691402,3438494.863062,23161.004000,0,false,
Sat_real_1,4232221.033240,-5184295.497768,3305348.549041,23221.004000,0,false,
Sat_real_1,4587501.563338,-4969833.592996,3160773.133257,23281.004000,0,false,
Sat_real_1,4926964.279892,-4738235.752860,3005273.643900,23341.004000,0,false,
Sat_real_1,5249447.401584,-4490308.792942,2839392.807615,23401.004000,0,false,
Sat_real_1,5553849.550447,-4226915.572054,2663709.030098,23461.004000,0,false,
Sat_real_1,5839133.594836,-3948971.840994,2478834.278831,23521.004000,0,false,
Sat_real_1,6104330.161027,-3657442.829009,2285411.800311,23581.004000,0,false,
Sat_real_1,6348540.940492,-3353339.722547,2084113.770850,23641.004000,0,false,
Sat_real_1,6570941.679567,-3037715.960100,1875638.833078,23701.004000,0,false,
Sat_real_1,6770784.880388,-2711663.391527,1660709.549143,23761.004000,0,false,
Sat_real_1,6947402.266038,-2376308.355969,1440069.805053,23821.004000,0,false,
Sat_real_1,7100206.855210,-2032807.598907,1214482.115908,23881.004000,0,false,
Sat_real_1,7228694.816743,-1682344.147710,984724.907269,23941.004000,0,false,
Sat_real_1,7332446.973428,-1326123.091031,751589.738398,24001.004000,0,false,
Sat_real_1,7411129.993722,-965367.299079,515878.490698,24061.004000,0,false,
Sat_real_1,7464497.335546,-601313.120142,278400.543185,24121.004000,0,false,
Sat_real_1,7492389.761465,-235206.020064,39969.916244,24181.004000,0,false,
Sat_real_1,7494735.625671,131703.762263,-198597.571812,24241.004000,0,false,
Sat_real_1,7471550.790946,498165.557524,-436487.142006,24301.004000,0,false,
Sat_real_1,7422938.229382,862932.577370,-672887.867156,24361.004000,0,false,
Sat_real_1,7349087.382874,1224766.171894,-906995.445550,24421.004000,0,false,
Sat_real_1,7250273.116758,1582440.027721,-1138014.929316,24481.004000,0,false,
Sat_real_1,7126854.479557,1934744.283655,-1365163.395512,24541.004000,0,false,
Sat_real_1,6979273.138452,2280489.552863,-1587672.550555,24601.004000,0,false,
Sat_real_1,6808051.549750,2618510.841499,-1804791.262268,24661.004000,0,false,
Sat_real_1,6613790.943029,2947671.365218,-2015788.021599,24721.004000,0,false,
Sat_real_1,6397168.955242,3266866.223601,-2219953.305738,24781.004000,0,false,
Sat_real_1,6158937.121557,3575025.960240,-2416601.863749,24841.004000,0,false,
Sat_real_1,5899918.098527,3871119.967414,-2605074.896324,24901.004000,0,false,
Sat_real_1,5621002.677331,4154159.737615,-2784742.132031,24961.004000,0,false,
Sat_real_1,5323146.656996,4423201.980023,-2955003.813055,25021.004000,0,false,
Sat_real_1,5007367.445999,4677351.526178,-3115292.539066,25081.004000,0,false,
Sat_real_1,4674740.570482,4915764.099839,-3265075.020894,25141.004000,0,false,
Sat_real_1,4326395.991104,5137648.886229,-3403853.700291,25201.004000,0,false,
Sat_real_1,3963514.278678,5342270.918780,-3531168.248371,25261.004000,0,false,
Sat_real_1,3587322.705901,5528953.318846,-3646596.966766,25321.004000,0,false,
Sat_real_1,3199091.151217,5697079.287753,-3749758.024242,25381.004000,0,false,
Sat_real_1,2800127.953390,5846093.961984,-3840310.603153,25441.004000,0,false,
Sat_real_1,2391775.642990,5975506.045793,-3917955.898614,25501.004000,0,false,
Sat_real_1,1975406.589902,6084889.246869,-3982437.987630,25561.004000,0,false,
Sat_real_1,1552418.605271,6173883.559146,-4033544.597393,25621.004000,0,false,
Sat_real_1,1124230.442169,6242196.271541,-4071107.692737,25681.004000,0,false,
Sat_real_1,692277.281716,6289602.838728,-4095003.972708,25741.004000,0,false,
Sat_real_1,258006.169667,6315947.516272,-4105155.211990,25801.004000,0,false,
Sat_real_1,-177128.570565,6321143.794179,-4101528.469774,25861.004000,0,false,
Sat_real_1,-611669.928515,6305174.680118,-4084136.199774,25921.004000,0,false,
Sat_real_1,-1044162.815394,6268092.704224,-4053036.177969,25981.004000,0,false,
Sat_real_1,-1473158.658440,6210019.792550,-4008331.344424,26041.004000,0,false,
Sat_real_1,-1897219.982055,6131146.905579,-3950169.491942,26101.004000,0,false,
Sat_real_1,-2314924.963592,6031733.476182,-3878742.824282,26161.004000,0,false,
Sat_real_1,-2724871.964444,5912106.696774,-3794287.416476,26221.004000,0,false,
Sat_real_1,-3125683.997129,5772660.527773,-3697082.494506,26281.004000,0,false,
Sat_real_1,-3516013.152243,5613854.572878,-3587449.628777,26341.004000,0,false,
Sat_real_1,-3894544.943401,5436212.722223,-3465751.777399,26401.004000,0,false,
Sat_real_1,-4260002.570297,5240321.599092,-3332392.202358,26461.004000,0,false,
Sat_real_1,-4611151.117059,5026828.857564,-3187813.288984,26521.004000,0,false,
Sat_real_1,-4946801.602954,4796441.218406,-3032495.196457,26581.004000,0,false,
Sat_real_1,-5265814.960115,4549922.374285,-2866954.423501,26641.004000,0,false,
Sat_real_1,-5567105.861096,4288090.677829,-2691742.234211,26701.004000,0,false,
Sat_real_1,-5849646.409794,4011816.646351,-2507442.965972,26761.004000,0,false,
Sat_real_1,-6112469.707006,3722020.306375,-2314672.234501,26821.004000,0,false,
Sat_real_1,-6354673.213136,3419668.330874,-2114075.006991,26881.004000,0,false,
Sat_real_1,-6575421.952914,3105771.022421,-1906323.577411,26941.004000,0,false,
Sat_real_1,-6773951.488936,2781379.114344,-1692115.427168,27001.004000,0,false,
Sat_real_1,-6949570.749756,2447580.446318,-1472171.006658,27061.004000,0,false,
Sat_real_1,-7101664.567776,2105496.465143,-1247231.407836,27121.004000,0,false,
Sat_real_1,-7229696.021098,1756278.605641,-1018055.962000,27181.004000,0,false,
Sat_real_1,-7333208.537928,1401104.547993,-785419.760832,27241.004000,0,false,
Sat_real_1,-7411827.713578,1041174.350826,-550111.100910,27301.004000,0,false,
Sat_real_1,-7465262.948152,677706.493122,-312928.871148,27361.004000,0,false,
Sat_real_1,-7493308.736744,311933.804939,-74679.873004,27421.004000,0,false,
Sat_real_1,-7495845.721449,-54900.682804,163823.908742,27481.004000,0,false,
Sat_real_1,-7472841.454203,-421547.963545,401768.079738,27541.004000,0,false,
Sat_real_1,-7424350.814599,-786757.337890,638338.641747,27601.004000,0,false,
Sat_real_1,-7350516.193987,-1149280.746560,872724.827153,27661.004000,0,false,
Sat_real_1,-7251567.276232,-1507877.116120,1104121.934594,27721.004000,0,false,
Sat_real_1,-7127820.536210,-1861316.712068,1331734.164157,27781.004000,0,false,
Sat_real_1,-6979678.417669,-2208385.473126,1554777.434234,27841.004000,0,false,
Sat_real_1,-6807628.152389,-2547889.296737,1772482.159855,27901.004000,0,false,
Sat_real_1,-6612240.345094,-2878658.292455,1984096.005454,27961.004000,0,false,
Sat_real_1,-6394167.174970,-3199550.939469,2188886.568190,28021.004000,0,false,
Sat_real_1,-6154140.339316,-3509458.174495,2386144.011091,28081.004000,0,false,
Sat_real_1,-5892968.707443,-3807307.384539,2575183.628948,28141.004000,0,false,
Sat_real_1,-5611535.650334,-4092066.269111,2755348.323253,28201.004000,0,false,
Sat_real_1,-5310796.155950,-4362746.623420,2926011.021680,28261.004000,0,false,
Sat_real_1,-4991773.596262,-4618407.935307,3086576.969631,28321.004000,0,false,
Sat_real_1,-4655556.257601,-4858160.850473,3236485.931298,28381.004000,0,false,
Sat_real_1,-4303293.611310,-5081170.465163,3375214.273076,28441.004000,0,false,
Sat_real_1,-3936192.309299,-5286659.398471,3502276.897903,28501.004000,0,false,
Sat_real_1,-3555511.997873,-5473910.716100,3617229.078895,28561.004000,0,false,
Sat_real_1,-3162560.869071,-5642270.571608,3719668.103898,28621.004000,0,false,
Sat_real_1,-2758691.042911,-5791150.646681,3809234.785814,28681.004000,0,false,
Sat_real_1,-2345293.775792,-5920030.346778,3885614.810408,28741.004000,0,false,
Sat_real_1,-1923794.506136,-6028458.732571,3948539.909161,28801.004000,0,false,
Sat_real_1,-1495647.776932,-6116056.214121,3997788.875464,28861.004000,0,true,Paris
Sat_real_1,-1062332.036272,-6182515.973646,4033188.401790,28921.004000,0,true,Paris
Sat_real_1,-625344.339502,-6227605.092598,4054613.722105,28981.004000,0,true,Paris
Sat_real_1,-186194.982530,-6251165.442967,4061989.098804,29041.004000,0,true,Paris
Sat_real_1,253597.918298,-6253114.295323,4055288.123064,29101.004000,0,true,Paris
Sat_real_1,692513.886779,-6233444.599303,4034533.799670,29161.004000,0,true,Paris
Sat_real_1,1129035.549666,-6192225.041909,3999798.485501,29221.004000,0,true,Paris
Sat_real_1,1561654.086171,-6129599.764518,3951203.604508,29281.004000,0,true,Paris
Sat_real_1,1988874.648626,-6045787.843452,3888919.207824,29341.004000,0,false,
Sat_real_1,2409221.725769,-5941082.487731,3813163.349821,29401.004000,0,false,
Sat_real_1,2821244.423804,-5815849.915454,3724201.256055,29461.004000,0,false,
Sat_real_1,3223521.663993,-5670528.019640,3622344.355526,29521.004000,0,false,
Sat_real_1,3614667.244204,-5505624.711931,3507949.105885,29581.004000,0,false,
Sat_real_1,3993334.784941,-5321716.048331,3381415.679260,29641.004000,0,false,
Sat_real_1,4358222.516234,-5119444.098907,3243186.484453,29701.004000,0,false,
Sat_real_1,4708077.867118,-4899514.530983,3093744.505864,29761.004000,0,false,
Sat_real_1,5041701.893074,-4662694.014522,2933611.529054,29821.004000,0,false,
Sat_real_1,5357953.453811,-4409807.356784,2763346.193445,29881.004000,0,false,
Sat_real_1,5655753.195409,-4141734.464182,2583541.934543,29941.004000,0,false,
Sat_real_1,5934087.284628,-3859407.106608,2394824.800453,30001.004000,0,false,
Sat_real_1,6192010.851583,-3563805.464675,2197851.131050,30061.004000,0,false,
Sat_real_1,6428651.211038,-3255954.556491,1993305.161584,30121.004000,0,false,
Sat_real_1,6643210.750724,-2936920.474615,1781896.508450,30181.004000,0,false,
Sat_real_1,6834969.570970,-2607806.514329,1564357.588899,30241.004000,0,false,
Sat_real_1,7003287.818807,-2269749.181930,1341440.969047,30301.004000,0,false,
Sat_real_1,7147607.669687,-1923914.075667,1113916.636627,30361.004000,0,false,
Sat_real_1,7267455.057163,-1571491.717005,882569.247321,30421.004000,0,false,
Sat_real_1,7362441.026168,-1213693.292839,648195.321056,30481.004000,0,false,
Sat_real_1,7432262.819089,-851746.368201,411600.424762,30541.004000,0,false,
Sat_real_1,7476704.642471,-486890.570813,173596.342759,30601.004000,0,false,
Sat_real_1,7495638.072294,-120373.248436,-65001.764550,30661.004000,0,false,
Sat_real_1,7489022.218599,246554.852364,-303378.184552,30721.004000,0,false,
Sat_real_1,7456903.520184,612643.899496,-540719.465475,30781.004000,0,false,
Sat_real_1,7399415.289673,976649.252893,-776217.202972,30841.004000,0,false,
Sat_real_1,7316776.956798,1337335.695284,-1009070.791631,30901.004000,0,false,
Sat_real_1,7209292.966345,1693481.605544,-1238490.132916,30961.004000,0,false,
Sat_real_1,7077351.458091,2043883.056026,-1463698.289559,31021.004000,0,false,
Sat_real_1,6921422.603385,2387357.813884,-1683934.070154,31081.004000,0,false,
Sat_real_1,6742056.719910,2722749.245756,-1898454.545302,31141.004000,0,false,
Sat_real_1,6539882.124587,3048930.101698,-2106537.478571,31201.004000,0,false,
Sat_real_1,6315602.694145,3364806.158700,-2307483.658867,31261.004000,0,false,
Sat_real_1,6069995.260237,3669319.737532,-2500619.145573,31321.004000,0,false,
Sat_real_1,5803906.733034,3961453.049985,-2685297.396896,31381.004000,0,false,
Sat_real_1,5518251.068121,4240231.407546,-2860901.304160,31441.004000,0,false,
Sat_real_1,5214006.044569,4504726.265025,-3026845.114543,31501.004000,0,false,
Sat_real_1,4892209.826347,4754058.077589,-3182576.228015,31561.004000,0,false,
Sat_real_1,4553957.417234,4987399.014103,-3327576.898617,31621.004000,0,false,
Sat_real_1,4200396.918780,5203975.462189,-3461365.796221,31681.004000,0,false,
Sat_real_1,3832725.681762,5403070.379561,-3583499.466015,31741.004000,0,false,
Sat_real_1,3452186.328611,5584025.456713,-3693573.662253,31801.004000,0,false,
Sat_real_1,3060062.628957,5746243.061278,-3791224.536318,31861.004000,0,false,
Sat_real_1,2657675.313607,5889188.029511,-3876129.723340,31921.004000,0,false,
Sat_real_1,2246377.767932,6012389.222235,-3948009.272294,31981.004000,0,false,
Sat_real_1,1827551.669580,6115440.917709,-4006626.468023,32041.004000,0,false,
Sat_real_1,1402602.560986,6198004.004416,-4051788.521055,32101.004000,0,false,
Sat_real_1,972955.348004,6259806.942552,-4083347.104952,32161.004000,0,false,
Sat_real_1,540049.778569,6300646.574813,-4101198.794785,32221.004000,0,false,
Sat_real_1,105335.872470,6320388.693431,-4105285.345654,32281.004000,0,false,
Sat_real_1,-329730.666234,6318968.444953,-4095593.865015,32341.004000,0,false,
Sat_real_1,-763693.050915,6296390.532048,-4072156.852191,32401.004000,0,false,
Sat_real_1,-1195098.024344,6252729.176797,-4035052.081715,32461.004000,0,false,
Sat_real_1,-1622500.459228,6188127.932294,-3984402.387390,32521.004000,0,false,
Sat_real_1,-2044467.937433,6102799.245306,-3920375.283691,32581.004000,0,false,
Sat_real_1,-2459585.306061,5997023.853185,-3843182.478560,32641.004000,0,false,
Sat_real_1,-2866459.190292,5871149.977157,-3753079.253410,32701.004000,0,false,
Sat_real_1,-3263722.445286,5725592.279607,-3650363.689838,32761.004000,0,false,
Sat_real_1,-3650038.558478,5560830.671992,-3535375.799388,32821.004000,0,false,
Sat_real_1,-4024105.957386,5377408.882806,-3408496.498719,32881.004000,0,false,
Sat_real_1,-4384662.252500,5175932.864156,-3270146.481028,32941.004000,0,false,
Sat_real_1,-4730488.382043,4957069.003356,-3120784.962785,33001.004000,0,false,
Sat_real_1,-5060412.628654,4721542.110022,-2960908.287196,33061.004000,0,false,
Sat_real_1,-5373314.549071,4470133.257357,-2791048.434804,33121.004000,0,false,
Sat_real_1,-5668128.737338,4203677.400606,-2611771.392315,33181.004000,0,false,
Sat_real_1,-5943848.476111,3923060.839316,-2423675.421683,33241.004000,0,false,
Sat_real_1,-6199529.217016,3629218.491766,-2227389.209599,33301.004000,0,false,
Sat_real_1,-6434291.890380,3323130.992326,-2023569.903994,33361.004000,0,false,
Sat_real_1,-6647326.027273,3005821.622893,-1812901.045052,33421.004000,0,false,
Sat_real_1,-6837892.676327,2678353.077746,-1596090.390649,33481.004000,0,false,
Sat_real_1,-7005327.166505,2341824.100785,-1373867.660486,33541.004000,0,false,
Sat_real_1,-7149041.558633,1997365.936676,-1146982.164984,33601.004000,0,false,
Sat_real_1,-7268526.937568,1646138.676772,-916200.368420,33661.004000,0,false,
Sat_real_1,-7363355.415569,1289327.464036,-682303.366517,33721.004000,0,false,
Sat_real_1,-7433181.873379,928138.582334,-446084.294767,33781.004000,0,false,
Sat_real_1,-7477745.495213,563795.453845,-208345.682156,33841.004000,0,false,
Sat_real_1,-7496870.922617,197534.530593,30103.255337,33901.004000,0,false,
Sat_real_1,-7490469.206871,-169398.877624,268449.357625,33961.004000,0,false,
Sat_real_1,-7458538.421939,-535754.839127,505878.297540,34021.004000,0,false,
Sat_real_1,-7401163.975578,-900283.081466,741577.381015,34081.004000,0,false,
Sat_real_1,-7318518.684604,-1261737.307389,974738.365506,34141.004000,0,false,
Sat_real_1,-7210862.436887,-1618879.519720,1204560.276297,34201.004000,0,false,
Sat_real_1,-7078541.632010,-1970484.357054,1430252.226097,34261.004000,0,false,
Sat_real_1,-6921988.261684,-2315343.408209,1651036.213964,34321.004000,0,false,
Sat_real_1,-6741718.670829,-2652269.495293,1866149.897498,34381.004000,0,false,
Sat_real_1,-6538332.065413,-2980100.931007,2074849.343115,34441.004000,0,false,
Sat_real_1,-6312508.600492,-3297705.673523,2276411.700030,34501.004000,0,false,
Sat_real_1,-6065007.238642,-3603985.427310,2470137.833443,34561.004000,0,false,
Sat_real_1,-5796663.257897,-3897879.618136,2655354.867081,34621.004000,0,false,
Sat_real_1,-5508385.460231,-4178369.240858,2831418.635205,34681.004000,0,true,NY
Sat_real_1,-5201153.150646,-4444480.599490,2997716.058114,34741.004000,0,true,NY
Sat_real_1,-4876012.759184,-4695288.830685,3153667.368050,34801.004000,0,true,NY
Sat_real_1,-4534074.279443,-4929921.305599,3298728.250978,34861.004000,0,true,NY
Sat_real_1,-4176507.431555,-5147560.819358,3432391.843596,34921.004000,0,true,NY
Sat_real_1,-3804537.597394,-5347448.584476,3554190.597414,34981.004000,0,true,NY
Sat_real_1,-3419441.588153,-5528887.069390,3663698.038190,35041.004000,0,true,NY
Sat_real_1,-3022543.141897,-5691242.545383,3760530.329274,35101.004000,0,false,
Sat_real_1,-2615208.289356,-5833947.476155,3844347.729393,35161.004000,0,false,
Sat_real_1,-2198840.518539,-5956502.629132,3914855.864400,35221.004000,0,false,
Sat_real_1,-1774875.794302,-6058478.965992,3971806.851375,35281.004000,0,false,
Sat_real_1,-1344777.435467,-6139519.260861,4015000.241714,35341.004000,0,false,
Sat_real_1,-910030.877239,-6199339.456224,4044283.790191,35401.004000,0,false,
Sat_real_1,-472138.334285,-6237729.710865,4059554.020740,35461.004000,0,false,
Sat_real_1,-32613.408152,-6254555.237712,4060756.653746,35521.004000,0,false,
Sat_real_1,407024.363013,-6249756.777753,4047886.794865,35581.004000,0,false,
Sat_real_1,845254.970343,-6223350.832109,4020988.965833,35641.004000,0,false,
Sat_real_1,1280563.399689,-6175429.607455,3980156.948474,35701.004000,0,false,
Sat_real_1,1711445.072612,-6106160.641784,3925533.420804,35761.004000,0,false,
Sat_real_1,2136411.255127,-6015786.226269,3857309.460692,35821.004000,0,true,Paris
Sat_real_1,2553994.392346,-5904622.467399,3775723.816072,35881.004000,0,true,Paris
Sat_real_1,2962753.369234,-5773058.118919,3681062.025906,35941.004000,0,true,Paris
Sat_real_1,3361278.668274,-5621553.140493,3573655.364222,36001.004000,0,false,
Sat_real_1,3748197.387912,-5450636.956277,3453879.590538,36061.004000,0,false,
Sat_real_1,4122178.151361,-5260906.525099,3322153.578552,36121.004000,0,false,
Sat_real_1,4481935.810182,-5053024.085909,3178937.736940,36181.004000,0,false,
Sat_real_1,4826235.986213,-4827714.703897,3024732.302954,36241.004000,0,false,
Sat_real_1,5153899.410007,-4585763.586162,2860075.489910,36301.004000,0,false,
Sat_real_1,5463806.015425,-4328013.151315,2685541.479517,36361.004000,0,false,
Sat_real_1,5754898.857134,-4055359.956257,2501738.325087,36421.004000,0,false,
Sat_real_1,6026187.720208,-3768751.369073,2309305.696198,36481.004000,0,false,
Sat_real_1,6276752.505175,-3469182.099296,2108912.535479,36541.004000,0,true,Nairobi
Sat_real_1,6505746.339840,-3157690.563454,1901254.614102,36601.004000,0,true,Nairobi
Sat_real_1,6712398.373747,-2835355.080151,1687051.983154,36661.004000,0,true,Nairobi
Sat_real_1,6896016.351951,-2503289.977013,1467046.372202,36721.004000,0,true,Nairobi
Sat_real_1,7055988.805933,-2162641.536609,1241998.491365,36781.004000,0,true,Nairobi
Sat_real_1,7191786.977994,-1814583.869193,1012685.291527,36841.004000,0,true,Nairobi
Sat_real_1,7302966.427103,-1460314.705178,779897.179569,36901.004000,0,true,Nairobi
Sat_real_1,7389168.276571,-1101051.113322,544435.193714,36961.004000,0,true,Nairobi
Sat_real_1,7450120.224147,-738025.203112,307108.174637,37021.004000,0,true,Nairobi
Sat_real_1,7485637.144728,-372479.776530,68729.913879,37081.004000,0,true,Nairobi
Sat_real_1,7495621.426224,-5663.986139,-169883.686503,37141.004000,0,false,
Sat_real_1,7480062.990824,361170.998399,-407917.440554,37201.004000,0,false,
Sat_real_1,7439038.967578,726776.303150,-644559.682885,37261.004000,0,false,
Sat_real_1,7372713.149269,1089909.616626,-879005.037602,37321.004000,0,false,
Sat_real_1,7281335.061581,1449339.406020,-1110457.145650,37381.004000,0,false,
Sat_real_1,7165238.794526,1803849.062315,-1338131.340795,37441.004000,0,false,
Sat_real_1,7024841.551162,2152240.961931,-1561257.265666,37501.004000,0,false,
Sat_real_1,6860641.886099,2493340.426085,-1779081.415032,37561.004000,0,false,
Sat_real_1,6673217.764921,2825999.584736,-1990869.614151,37621.004000,0,false,
Sat_real_1,6463224.288117,3149101.103227,-2195909.400662,37681.004000,0,false,
Sat_real_1,6231391.224740,3461561.787725,-2393512.323824,37741.004000,0,false,
Sat_real_1,5978520.318518,3762336.049655,-2583016.146733,37801.004000,0,false,
Sat_real_1,5705482.346539,4050419.206756,-2763786.935974,37861.004000,0,false,
Sat_real_1,5413214.048815,4324850.659167,-2935221.066003,37921.004000,0,false,
Sat_real_1,5102714.796482,4584716.865881,-3096747.086228,37981.004000,0,false,
Sat_real_1,4775043.126675,4829154.170894,-3247827.485700,38041.004000,0,false,
Sat_real_1,4431313.115184,5057351.452101,-3387960.337174,38101.004000,0,false,
Sat_real_1,4072690.575341,5268552.567554,-3516680.803948,38161.004000,0,false,
Sat_real_1,3700389.178280,5462058.662600,-3633562.553168,38221.004000,0,false,
Sat_real_1,3315666.397027,5637230.238198,-3738219.008902,38281.004000,0,false,
Sat_real_1,2919819.373885,5793489.056639,-3830304.497065,38341.004000,0,false,
Sat_real_1,2514180.691416,5930319.853510,-3909515.261728,38401.004000,0,false,
Sat_real_1,2100114.042079,6047271.829174,-3975590.335328,38461.004000,0,false,
Sat_real_1,1679009.859466,6143960.001740,-4028312.317794,38521.004000,0,false,
Sat_real_1,1252280.852357,6220066.302922,-4067507.985634,38581.004000,0,false,
Sat_real_1,821357.504995,6275340.510167,-4093048.793288,38641.004000,0,false,
Sat_real_1,387683.534733,6309600.978602,-4104851.242544,38701.004000,0,false,
Sat_real_1,-47288.687763,6322735.143986,-4102877.101198,38761.004000,0,false,
Sat_real_1,-482102.727448,6314699.886373,-4087133.529881,38821.004000,0,false,
Sat_real_1,-915302.692357,6285521.627586,-4057673.034198,38881.004000,0,false,
Sat_real_1,-1345437.834748,6235296.263974,-4014593.308821,38941.004000,0,false,
Sat_real_1,-1771067.140081,6164188.897430,-3958036.949626,39001.004000,0,false,
Sat_real_1,-2190763.889026,6072433.337254,-3888191.016550,39061.004000,0,false,
Sat_real_1,-2603120.198751,5960331.464045,-3805286.506441,39121.004000,0,false,
Sat_real_1,-3006751.507417,5828252.330032,-3709597.655158,39181.004000,0,false,
Sat_real_1,-3400301.015036,5676631.096074,-3601441.133910,39241.004000,0,false,
Sat_real_1,-3782444.061006,5505967.768335,-3481175.116257,39301.004000,0,false,
Sat_real_1,-4151892.411191,5316825.709401,-3349198.199994,39361.004000,0,false,
Sat_real_1,-4507398.492861,5109830.006374,-3205948.236713,39421.004000,0,false,
Sat_real_1,-4847759.489984,4885665.584620,-3051900.998637,39481.004000,0,false,
Sat_real_1,-5171821.346657,4645075.158885,-2887568.741283,39541.004000,0,false,
Sat_real_1,-5478482.642038,4388856.992673,-2713498.643930,39601.004000,0,false,
Sat_real_1,-5766698.302228,4117862.451606,-2530271.119512,39661.004000,0,false,
Sat_real_1,-6035483.202086,3832993.412443,-2338498.032876,39721.004000,0,false,
Sat_real_1,-6283915.560717,3535199.465216,-2138820.789238,39781.004000,0,false,
Sat_real_1,-6511140.189268,3225474.965069,-1931908.328339,39841.004000,0,false,
Sat_real_1,-6716371.520044,2904855.906406,-1718455.008310,39901.004000,0,false,
Sat_real_1,-6898896.467689,2574416.653874,-1499178.400588,39961.004000,0,false,
Sat_real_1,-7058077.086694,2235266.527159,-1274816.994767,40021.004000,0,false,
Sat_real_1,-7193352.954682,1888546.219023,-1046127.801637,40081.004000,0,false,
Sat_real_1,-7304243.382806,1535424.103685,-813883.888995,40141.004000,0,false,
Sat_real_1,-7390349.320746,1177092.404205,-578871.832928,40201.004000,0,false,
Sat_real_1,-7451355.039518,814763.252973,-341889.104490,40261.004000,0,false,
Sat_real_1,-7487029.548901,449664.653012,-103741.397754,40321.004000,0,false,
Sat_real_1,-7497227.672592,83036.342745,134760.097205,40381.004000,0,false,
Sat_real_1,-7481890.901544,-283874.403523,372801.458418,40441.004000,0,false,
Sat_real_1,-7441047.886527,-649817.033327,609568.825606,40501.004000,0,false,
Sat_real_1,-7374814.666987,-1013542.017197,844251.215926,40561.004000,0,false,
Sat_real_1,-7283394.599319,-1373805.174265,1076043.348286,40621.004000,0,false,
Sat_real_1,-7167077.912537,-1729372.001941,1304148.460699,40681.004000,0,false,
Sat_real_1,-7026241.023586,-2079022.006699,1527781.121910,40741.004000,0,false,
Sat_real_1,-6861345.478692,-2421552.997576,1746170.008585,40801.004000,0,false,
Sat_real_1,-6672936.622786,-2755785.352021,1958560.656725,40861.004000,0,false,
Sat_real_1,-6461641.967783,-3080566.226939,2164218.168829,40921.004000,0,false,
Sat_real_1,-6228169.195791,-3394773.677443,2362429.850940,40981.004000,0,false,
Sat_real_1,-5973303.929052,-3697320.713062,2552507.802343,41041.004000,0,false,
Sat_real_1,-5697907.147804,-3987159.220545,2733791.409099,41101.004000,0,false,
Sat_real_1,-5402912.352788,-4263283.787465,2905649.766378,41161.004000,0,false,
Sat_real_1,-5089322.452626,-4524735.391740,3067484.006618,41221.004000,0,false,
Sat_real_1,-4758206.326336,-4770604.902869,3218729.497030,41281.004000,0,false,
Sat_real_1,-4410695.180841,-5000036.454845,3358857.948608,41341.004000,0,false,
Sat_real_1,-4047978.614136,-5212230.590337,3487379.368698,41401.004000,0,true,NY
Sat_real_1,-3671300.470064,-5406447.231872,3603843.895445,41461.004000,0,true,NY
Sat_real_1,-3281954.482269,-5582008.441002,3707843.488197,41521.004000,0,true,NY
Sat_real_1,-2881279.683376,-5738300.902723,3799013.431849,41581.004000,0,true,NY
Sat_real_1,-2470655.678873,-5874778.223859,3877033.715245,41641.004000,0,true,NY
Sat_real_1,-2051497.737590,-5990962.939026,3941630.212784,41701.004000,0,true,NY
Sat_real_1,-1625251.764933,-6086448.298277,3992575.718863,41761.004000,0,true,NY
Sat_real_1,-1193389.151429,-6160899.780374,4029690.798852,41821.004000,0,true,NY
Sat_real_1,-757401.524288,-6214056.335324,4052844.459697,41881.004000,0,true,NY
Sat_real_1,-318795.417198,-6245731.358517,4061954.642565,41941.004000,0,true,NY
Sat_real_1,120913.110746,-6255813.447952,4056988.572177,42001.004000,0,false,
Sat_real_1,560203.919103,-6244266.790635,4037962.863005,42061.004000,0,false,
Sat_real_1,997558.242508,-6211131.350872,4004943.496259,42121.004000,0,false,
Sat_real_1,1431464.152550,-6156522.725620,3958045.580382,42181.004000,0,false,
Sat_real_1,1860421.999403,-6080631.717335,3897432.928618,42241.004000,0,false,
Sat_real_1,2282949.817022,-5983723.673444,3823317.486097,42301.004000,0,false,
Sat_real_1,2697588.642479,-5866137.448180,3735958.513215,42361.004000,0,false,
Sat_real_1,3102907.759392,-5728284.167022,3635661.642443,42421.004000,0,false,
Sat_real_1,3497509.811721,-5570645.673196,3522777.730930,42481.004000,0,false,
Sat_real_1,3880035.783447,-5393772.715856,3397701.547621,42541.004000,0,false,
Sat_real_1,4249169.847207,-5198282.936422,3260870.331306,42601.004000,0,false,
Sat_real_1,4603643.997795,-4984858.522571,3112762.136935,42661.004000,0,false,
Sat_real_1,4942242.538405,-4754243.704548,2953894.082028,42721.004000,0,false,
Sat_real_1,5263806.334252,-4507241.985088,2784820.424919,42781.004000,0,false,
Sat_real_1,5567236.848119,-4244713.159591,2606130.511486,42841.004000,0,false,
Sat_real_1,5851499.979569,-3967570.177659,2418446.623258,42901.004000,0,false,
Sat_real_1,6115629.578984,-3676775.741370,2222421.662417,42961.004000,0,false,
Sat_real_1,6358730.760168,-3373338.792599,2018736.769609,43021.004000,0,false,
Sat_real_1,6579982.892436,-3058310.808409,1808098.825055,43081.004000,0,false,
Sat_real_1,6778642.306711,-2732781.958442,1591237.867139,43141.004000,0,false,
Sat_real_1,6954044.754395,-2397877.171130,1368904.457862,43201.004000,0,false,
Sat_real_1,7105607.470496,-2054752.038814,1141866.953553,43261.004000,0,false,
Sat_real_1,7232831.008280,-1704588.679607,910908.753128,43321.004000,0,true,Nairobi
Sat_real_1,7335300.711653,-1348591.503900,676825.493635,43381.004000,0,true,Nairobi
Sat_real_1,7412687.876504,-987982.927386,440422.219124,43441.004000,0,true,Nairobi
Sat_real_1,7464750.654271,-623999.064528,202510.543636,43501.004000,0,true,Nairobi
Sat_real_1,7491334.532954,-257885.368683,-36094.208880,43561.004000,0,true,Nairobi
Sat_real_1,7492372.593074,109107.707033,-274575.844723,43621.004000,0,true,Nairobi
Sat_real_1,7467885.395663,475729.046677,-512120.128679,43681.004000,0,true,Nairobi
Sat_real_1,7417980.566058,840731.177299,-747917.583127,43741.004000,0,true,Nairobi
Sat_real_1,7342852.135969,1202874.523190,-981166.246318,43801.004000,0,true,Nairobi
Sat_real_1,7242779.484884,1560931.604105,-1211074.382824,43861.004000,0,true,Nairobi
Sat_real_1,7118126.089747,1913691.153840,-1436863.136365,43921.004000,0,true,Nairobi
Sat_real_1,6969337.947019,2259962.147512,-1657769.113966,43981.004000,0,true,Nairobi
Sat_real_1,6796941.735905,2598577.727980,-1873046.897158,44041.004000,0,true,Nairobi
Sat_real_1,6601542.787452,2928399.029490,-2081971.480832,44101.004000,0,false,
Sat_real_1,6383822.708665,3248318.861067,-2283840.611198,44161.004000,0,false,
Sat_real_1,6144536.862766,3557265.275865,-2477977.045414,44221.004000,0,false,
Sat_real_1,5884511.579677,3854204.984997,-2663730.702342,44281.004000,0,false,
Sat_real_1,5604641.162119,4138146.621981,-2840480.710128,44341.004000,0,false,
Sat_real_1,5305884.745824,4408143.870656,-3007637.360486,44401.004000,0,false,
Sat_real_1,4989262.889905,4663298.385251,-3164643.919808,44461.004000,0,false,
Sat_real_1,4655854.072236,4902762.574775,-3310978.348854,44521.004000,0,false,
Sat_real_1,4306790.989529,5125742.184331,-3446154.884429,44581.004000,0,false,
Sat_real_1,3943256.719630,5331498.695818,-3569725.499309,44641.004000,0,false,
Sat_real_1,3566480.795298,5519351.575061,-3681281.259436,44701.004000,0,false,
Sat_real_1,3177735.095248,5688680.271658,-3780453.514877,44761.004000,0,false,
Sat_real_1,2778329.688267,5838926.079706,-3866914.998724,44821.004000,0,false,
Sat_real_1,2369608.556914,5969593.772988,-3940380.775648,44881.004000,0,false,
Sat_real_1,1952945.243792,6080253.047912,-4000609.062923,44941.004000,0,false,
Sat_real_1,1529738.453891,6170539.810106,-4047401.948205,45001.004000,0,false,
Sat_real_1,1101407.558674,6240157.192085,-4080605.929023,45061.004000,0,false,
Sat_real_1,669388.087528,6288876.434878,-4100112.362923,45121.004000,0,false,
Sat_real_1,235127.169286,6316537.533481,-4105857.761870,45181.004000,0,false,
Sat_real_1,-199921.049021,6323049.686737,-4097823.958076,45241.004000,0,false,
Sat_real_1,-634299.988590,6308391.592393,-4076038.168239,45301.004000,0,false,
Sat_real_1,-1066555.242411,6272611.467164,-4040572.877717,45361.004000,0,false,
Sat_real_1,-1495239.164845,6215826.935408,-3991545.638964,45421.004000,0,false,
Sat_real_1,-1918915.446950,6138224.680740,-3929118.715540,45481.004000,0,false,
Sat_real_1,-2336163.667173,6040059.902405,-3853498.599194,45541.004000,0,false,
Sat_real_1,-2745583.816031,5921655.616587,-3764935.426239,45601.004000,0,false,
Sat_real_1,-3145800.758523,5783401.682428,-3663722.215840,45661.004000,0,false,
Sat_real_1,-3535468.657374,5625753.694764,-3550194.021945,45721.004000,0,false,
Sat_real_1,-3913275.313953,5449231.641584,-3424726.933546,45781.004000,0,false,
Sat_real_1,-4277946.430393,5254418.367722,-3287736.950031,45841.004000,0,false,
Sat_real_1,-4628249.804079,5041957.882798,-3139678.755967,45901.004000,0,false,
Sat_real_1,-4962999.373892,4812553.407996,-2981044.328980,45961.004000,0,false,
Sat_real_1,-5281059.191509,4566965.290468,-2812361.462460,46021.004000,0,false,
Sat_real_1,-5581347.237269,4306008.698040,-2634192.148751,46081.004000,0,false,
Sat_real_1,-5862839.100992,4030551.134379,-2447130.848521,46141.004000,0,false,
Sat_real_1,-6124571.531976,3741509.792415,-2251802.658046,46201.004000,0,false,
Sat_real_1,-6365645.786754,3439848.701842,-2048861.348031,46261.004000,0,false,
Sat_real_1,-6585230.823491,3126575.725040,-1838987.308126,46321.004000,0,false,
Sat_real_1,-6782566.263404,2802739.368419,-1622885.378165,46381.004000,0,false,
Sat_real_1,-6956965.205667,2469425.464453,-1401282.599812,46441.004000,0,false,
Sat_real_1,-7107816.762939,2127753.680679,-1174925.863938,46501.004000,0,false,
Sat_real_1,-7234588.382657,1778873.898334,-944579.479648,46561.004000,0,false,
Sat_real_1,-7336827.938814,1423962.469428,-711022.671024,46621.004000,0,false,
Sat_real_1,-7414165.524430,1064218.347184,-475047.000173,46681.004000,0,false,
Sat_real_1,-7466315.054096,700859.125924,-237453.736744,46741.004000,0,false,
Sat_real_1,-7493075.530080,335116.977414,948.830387,46801.004000,0,false,
Sat_real_1,-7494332.051270,-31765.490943,239348.125126,46861.004000,0,false,
Sat_real_1,-7470056.551674,-398539.445078,476930.052381,46921.004000,0,false,
Sat_real_1,-7420308.195000,-763954.087973,712881.792208,46981.004000,0,false,
Sat_real_1,-7345233.543219,-1126760.970773,946394.618595,47041.004000,0,false,
Sat_real_1,-7245066.346579,-1485718.323237,1176666.719988,47101.004000,0,false,
Sat_real_1,-7120127.040911,-1839595.396192,1402906.019302,47161.004000,0,false,
Sat_real_1,-6970821.942870,-2187176.797513,1624332.980986,47221.004000,0,false,
Sat_real_1,-6797642.078087,-2527266.787271,1840183.380757,47281.004000,0,false,
Sat_real_1,-6601161.763409,-2858693.550170,2049711.053294,47341.004000,0,false,
Sat_real_1,-6382036.810031,-3180313.379150,2252190.570716,47401.004000,0,false,
Sat_real_1,-6141002.439138,-3491014.783840,2446919.863326,47461.004000,0,false,
Sat_real_1,-5878870.912435,-3789722.504834,2633222.770116,47521.004000,0,false,
Sat_real_1,-5596528.828383,-4075401.387797,2810451.487467,47581.004000,0,false,
Sat_real_1,-5294934.201018,-4347060.166909,2977988.951563,47641.004000,0,false,
Sat_real_1,-4975113.210375,-4603755.064971,3135251.090828,47701.004000,0,false,
Sat_real_1,-4638156.710105,-4844593.247519,3281688.975247,47761.004000,0,false,
Sat_real_1,-4285216.498603,-5068736.114393,3416790.852045,47821.004000,0,false,
Sat_real_1,-3917501.318784,-5275402.371419,3540084.029617,47881.004000,0,false,
Sat_real_1,-3536272.681189,-5463870.958951,3651136.662670,47941.004000,0,false,
Sat_real_1,-3142840.433848,-5633483.716485,3749559.358021,48001.004000,0,false,
Sat_real_1,-2738558.149300,-5783647.839293,3835006.639819,48061.004000,0,false,
Sat_real_1,-2324818.340362,-5913838.106221,3907178.261082,48121.004000,0,false,
Sat_real_1,-1903047.503595,-6023598.839289,3965820.335851,48181.004000,0,true,NY
Sat_real_1,-1474701.033079,-6112545.623681,4010726.311727,48241.004000,0,true,NY
Sat_real_1,-1041258.011182,-6180366.755420,4041737.761307,48301.004000,0,true,NY
Sat_real_1,-604215.899185,-6226824.385997,4058744.972635,48361.004000,0,true,NY
Sat_real_1,-165085.163162,-6251755.433359,4061687.384407,48421.004000,0,true,NY
Sat_real_1,274616.151029,-6255072.197266,4050553.825409,48481.004000,0,true,NY
Sat_real_1,713367.876675,-6236762.658080,4025382.544635,48541.004000,0,true,NY
Sat_real_1,1149653.183683,-6196890.548204,3986261.090999,48601.004000,0,true,NY
Sat_real_1,1581964.019578,-6135595.085744,3933325.971401,48661.004000,0,true,NY
Sat_real_1,2008806.521018,-6053090.480917,3866762.159499,48721.004000,0,true,NY
Sat_real_1,2428706.366934,-5949665.152048,3786802.415669,48781.004000,0,true,NY
Sat_real_1,2840214.052874,-5825680.632412,3693726.407311,48841.004000,0,true,NY
Sat_real_1,3241910.082939,-5681570.261254,3587859.690845,48901.004000,0,false,
Sat_real_1,3632410.027642,-5517837.552660,3469572.488484,48961.004000,0,false,
Sat_real_1,4010369.471123,-5335054.349848,3339278.329645,49021.004000,0,false,
Sat_real_1,4374488.795382,-5133858.710923,3197432.523623,49081.004000,0,false,
Sat_real_1,4723517.772353,-4914952.514633,3044530.456827,49141.004000,0,false,
Sat_real_1,5056259.990279,-4679098.878788,2881105.774063,49201.004000,0,false,
Sat_real_1,5371577.028885,-4427119.305414,2707728.389919,49261.004000,0,false,
Sat_real_1,5668392.441065,-4159890.654797,2525002.394606,49321.004000,0,false,
Sat_real_1,5945695.476696,-3878341.911945,2333563.831943,49381.004000,0,false,
Sat_real_1,6202544.521161,-3583450.743399,2134078.348583,49441.004000,0,false,
Sat_real_1,6438070.306481,-3276239.928757,1927238.767426,49501.004000,0,false,
Sat_real_1,6651478.789898,-2957773.603031,1713762.546877,49561.004000,0,false,
Sat_real_1,6842053.790470,-2629153.394254,1494389.178083,49621.004000,0,false,
Sat_real_1,7009159.311927,-2291514.434225,1269877.508344,49681.004000,0,false,
Sat_real_1,7152241.525379,-1946021.245459,1041002.993910,49741.004000,0,false,
Sat_real_1,7270830.494796,-1593863.571980,808554.923809,49801.004000,0,false,
Sat_real_1,7364541.525628,-1236252.117093,573333.594819,49861.004000,0,false,
Sat_real_1,7433076.249685,-874414.248492,336147.473612,49921.004000,0,false,
Sat_real_1,7476223.374065,-509589.667301,97810.346202,49981.004000,0,false,
Sat_real_1,7493859.073343,-143026.050679,-140861.538363,50041.004000,0,false,
Sat_real_1,7485947.127163,224025.287053,-379052.303908,50101.004000,0,false,
Sat_real_1,7452538.682526,590313.723697,-615949.264765,50161.004000,0,false,
Sat_real_1,7393771.768598,954593.618452,-850745.709346,50221.004000,0,false,
Sat_real_1,7309870.496742,1315628.550700,-1082643.640729,50281.004000,0,false,
Sat_real_1,7201143.929752,1672195.496832,-1310856.466285,50341.004000,0,false,
Sat_real_1,7067984.730279,2023088.927084,-1534611.628002,50401.004000,0,false,
Sat_real_1,6910867.472578,2367124.804999,-1753153.158534,50461.004000,0,true,Nairobi
Sat_real_1,6730346.745305,2703144.491033,-1965744.167927,50521.004000,0,true,Nairobi
Sat_real_1,6527054.986597,3030018.525430,-2171669.243007,50581.004000,0,true,Nairobi
Sat_real_1,6301700.040794,3346650.276276,-2370236.749961,50641.004000,0,true,Nairobi
Sat_real_1,6055062.544806,3651979.462181,-2560781.049740,50701.004000,0,true,Nairobi
Sat_real_1,5787993.043417,3944985.508118,-2742664.596189,50761.004000,0,false,
Sat_real_1,5501408.951230,4224690.766560,-2915279.941644,50821.004000,0,false,
Sat_real_1,5196291.314488,4490163.569623,-3078051.626230,50881.004000,0,false,
Sat_real_1,4873681.365808,4740521.098836,-3230437.941892,50941.004000,0,false,
Sat_real_1,4534676.966227,4974932.107598,-3371932.596911,51001.004000,0,false,
Sat_real_1,4180428.852469,5192619.435348,-3502066.238403,51061.004000,0,false,
Sat_real_1,3812136.783710,5392862.371513,-3620407.873425,51121.004000,0,false,
Sat_real_1,3431045.553624,5574998.825449,-3726566.158821,51181.004000,0,false,
Sat_real_1,3038440.863692,5738427.286659,-3820190.549235,51241.004000,0,false,
Sat_real_1,2635645.130804,5882608.629441,-3900972.340689,51301.004000,0,false,
Sat_real_1,2224013.174162,6007067.683496,-3968645.556888,51361.004000,0,false,
Sat_real_1,1804927.847186,6111394.645915,-4022987.729325,51421.004000,0,false,
Sat_real_1,1379795.598303,6195246.284249,-4063820.538158,51481.004000,0,false,
Sat_real_1,950041.962170,6258346.914082,-4091010.303357,51541.004000,0,false,
Sat_real_1,517107.028886,6300489.218406,-4104468.371610,51601.004000,0,false,
Sat_real_1,82440.867382,6321534.821106,-4104151.341491,51661.004000,0,false,
Sat_real_1,-352501.063841,6321414.700429,-4090061.184099,51721.004000,0,false,
Sat_real_1,-786262.516874,6300129.389901,-4062245.225191,51781.004000,0,false,
Sat_real_1,-1217391.059044,6257748.949827,-4020795.978109,51841.004000,0,false,
Sat_real_1,-1644442.662461,6194412.783037,-3965850.876101,51901.004000,0,false,
Sat_real_1,-2065986.269246,6110329.204416,-3897591.845306,51961.004000,0,false,
Sat_real_1,-2480608.332904,6005774.851971,-3816244.775364,52021.004000,0,false,
Sat_real_1,-2886917.314650,5881093.888490,-3722078.854958,52081.004000,0,false,
Sat_real_1,-3283548.121919,5736696.977630,-3615405.761914,52141.004000,0,false,
Sat_real_1,-3669166.497477,5573060.107433,-3496578.754982,52201.004000,0,false,
Sat_real_1,-4042473.315830,5390723.175477,-3365991.612695,52261.004000,0,false,
Sat_real_1,-4402208.819258,5190288.417218,-3224077.471225,52321.004000,0,false,
Sat_real_1,-4747156.752601,4972418.631807,-3071307.532798,52381.004000,0,false,
Sat_real_1,-5076148.376346,4737835.190745,-2908189.635851,52441.004000,0,false,
Sat_real_1,-5388066.390838,4487315.895255,-2735266.728701,52501.004000,0,false,
Sat_real_1,-5681848.694788,4221692.609999,-2553115.202213,52561.004000,0,false,
Sat_real_1,-5956492.036181,3941848.741833,-2362343.124274,52621.004000,0,false,
Sat_real_1,-6211055.485583,3648716.523075,-2163588.352024,52681.004000,0,false,
Sat_real_1,-6444663.742059,3343274.118636,-1957516.534097,52741.004000,0,false,
Sat_real_1,-6656510.251131,3026542.564631,-1744819.008525,52801.004000,0,false,
Sat_real_1,-6845860.108405,2699582.535293,-1526210.595176,52861.004000,0,false,
Sat_real_1,-7012052.813111,2363490.983338,-1302427.310040,52921.004000,0,false,
Sat_real_1,-7154504.704283,2019397.592825,-1074223.967458,52981.004000,0,false,
Sat_real_1,-7272711.234054,1668461.126223,-842371.718488,53041.004000,0,false,
Sat_real_1,-7366248.955669,1311865.632386,-607655.508092,53101.004000,0,false,
Sat_real_1,-7434777.240367,950816.538026,-370871.465630,53161.004000,0,false,
Sat_real_1,-7478039.796157,586536.649320,-132824.243817,53221.004000,0,false,
Sat_real_1,-7495865.802126,220262.046301,105675.698803,53281.004000,0,false,
Sat_real_1,-7488170.840136,-146762.086899,343814.849748,53341.004000,0,false,
Sat_real_1,-7454957.491986,-513285.697112,580779.425285,53401.004000,0,false,
Sat_real_1,-7396315.624947,-878058.142826,815758.171987,53461.004000,0,false,
Sat_real_1,-7312422.447680,-1239832.511310,1047945.184020,53521.004000,0,false,
Sat_real_1,-7203542.148280,-1597369.942824,1276542.711238,53581.004000,0,false,
Sat_real_1,-7070025.309100,-1949443.963983,1500763.965985,53641.004000,0,false,
Sat_real_1,-6912307.968589,-2294844.798826,1719835.904103,53701.004000,0,false,
Sat_real_1,-6730910.359544,-2632383.643732,1933001.972162,53761.004000,0,false,
Sat_real_1,-6526435.407656,-2960896.917242,2139524.831032,53821.004000,0,false,
Sat_real_1,-6299566.814530,-3279250.408489,2338688.999849,53881.004000,0,false,
Sat_real_1,-6051066.916398,-3586343.373495,2529803.458819,53941.004000,0,false,
Sat_real_1,-5781774.202259,-3881112.514657,2712204.164393,54001.004000,0,false,
Sat_real_1,-5492600.527102,-4162535.835563,2885256.472542,54061.004000,0,false,
Sat_real_1,-5184528.100297,-4429636.401154,3048357.492029,54121.004000,0,false,
Sat_real_1,-4858606.108337,-4681485.884236,3200938.285189,54181.004000,0,false,
Sat_real_1,-4515947.144742,-4917207.993852,3342465.984043,54241.004000,0,false,
Sat_real_1,-4157723.360041,-5135981.694654,3472445.759640,54301.004000,0,false,
Sat_real_1,-3785162.372068,-5337044.220722,3590422.648313,54361.004000,0,false,
Sat_real_1,-3399543.008153,-5519693.934364,3695983.270212,54421.004000,0,false,
Sat_real_1,-3002190.779705,-5683292.884101,3788757.342310,54481.004000,0,false,
Sat_real_1,-2594473.227518,-5827269.198212,3868419.079355,54541.004000,0,false,
Sat_real_1,-2177795.077382,-5951119.201089,3934688.407738,54601.004000,0,false,
Sat_real_1,-1753593.258272,-6054409.303767,3987332.027462,54661.004000,0,false,
Sat_real_1,-1323331.788011,-6136777.629490,4026164.297293,54721.004000,0,false,
Sat_real_1,-888496.549501,-6197935.381072,4051047.948104,54781.004000,0,false,
Sat_real_1,-450589.969386,-6237667.908547,4061894.597887,54841.004000,0,false,
Sat_real_1,-11125.639385,-6255835.575687,4058665.133938,54901.004000,0,false,
Sat_real_1,428377.126693,-6252374.258041,4041369.852873,54961.004000,0,false,
Sat_real_1,866398.756057,-6227295.611610,4010068.450486,55021.004000,0,false,
Sat_real_1,1301424.886062,-6180687.043767,3964869.817247,55081.004000,0,true,NY
Sat_real_1,1731951.811828,-6112711.366142,3905931.627021,55141.004000,0,true,NY
Sat_real_1,2156491.903462,-6023606.238631,3833459.790212,55201.004000,0,true,NY
Sat_real_1,2573578.944867,-5913683.242657,3747707.667398,55261.004000,0,true,NY
Sat_real_1,2981773.397333,-5783326.731424,3648975.139357,55321.004000,0,true,NY
Sat_real_1,3379667.553362,-5632992.396595,3537607.495050,55381.004000,0,true,NY
Sat_real_1,3765890.549555,-5463205.539719,3413994.130935,55441.004000,0,true,NY
Sat_real_1,4139113.267330,-5274559.158254,3278567.131930,55501.004000,0,true,NY
Sat_real_1,4498053.024971,-5067711.700015,3131799.642385,55561.004000,0,true,NY
Sat_real_1,4841478.113553,-4843384.629611,2974204.118637,55621.004000,0,true,NY
Sat_real_1,5168212.125343,-4602359.755709,2806330.431901,55681.004000,0,false,
Sat_real_1,5477138.041914,-4345476.315294,2628763.820438,55741.004000,0,false,
Sat_real_1,5767202.146051,-4073627.913821,2442122.753385,55801.004000,0,false,
Sat_real_1,6037417.618078,-3787759.203466,2247056.634912,55861.004000,0,false,
Sat_real_1,6286867.914308,-3488862.425670,2044243.427665,55921.004000,0,false,
Sat_real_1,6514709.862653,-3177973.781383,1834387.174252,55981.004000,0,false,
Sat_real_1,6720176.444240,-2856169.633827,1618215.421075,56041.004000,0,false,
Sat_real_1,6902579.354707,-2524562.624538,1396476.594021,56101.004000,0,false,
Sat_real_1,7061311.176887,-2184297.622937,1169937.279681,56161.004000,0,false,
Sat_real_1,7195847.299522,-1836547.608471,939379.471923,56221.004000,0,false,
Sat_real_1,7305747.510532,-1482509.465808,705597.773347,56281.004000,0,false,
Sat_real_1,7390657.238896,-1123399.705200,469396.560279,56341.004000,0,false,
Sat_real_1,7450308.561018,-760450.164080,231587.143566,56401.004000,0,false,
Sat_real_1,7484520.789599,-394903.651938,-7015.093135,56461.004000,0,false,
Sat_real_1,7493200.805344,-28009.602208,-245593.541757,56521.004000,0,false,
Sat_real_1,7476343.060098,338980.271750,-483333.204169,56581.004000,0,false,
Sat_real_1,7434029.233246,704816.299950,-719423.500861,56641.004000,0,false,
Sat_real_1,7366427.669494,1068255.132150,-953061.041282,56701.004000,0,false,
Sat_real_1,7273792.418181,1428063.963794,-1183452.347022,56761.004000,0,false,
Sat_real_1,7156462.045779,1783024.688659,-1409816.518939,56821.004000,0,false,
Sat_real_1,7014858.155539,2131937.966874,-1631387.838449,56881.004000,0,false,
Sat_real_1,6849483.603646,2473627.190483,-1847418.291057,56941.004000,0,false,
Sat_real_1,6660920.539793,2806942.352857,-2057180.020709,57001.004000,0,false,
Sat_real_1,6449828.105943,3130763.780227,-2259967.682116,57061.004000,0,false,
Sat_real_1,6216939.959219,3444005.744369,-2455100.709266,57121.004000,0,false,
Sat_real_1,5963061.560059,3745619.932687,-2641925.482632,57181.004000,0,false,
Sat_real_1,5689067.220211,4034598.757530,-2819817.382980,57241.004000,0,false,
Sat_real_1,5395897.024448,4309978.541380,-2988182.759662,57301.004000,0,false,
Sat_real_1,5084553.485310,4570842.500601,-3146460.757791,57361.004000,0,false,
Sat_real_1,4756098.075646,4816323.584449,-3294125.046325,57421.004000,0,false,
Sat_real_1,4411647.591530,5045607.133520,-3430685.421862,57481.004000,0,false,
Sat_real_1,4052370.345759,5257933.339323,-3555689.276208,57541.004000,0,false,
Sat_real_1,3679482.283005,5452599.565879,-3668722.970507,57601.004000,0,false,
Sat_real_1,3294242.913075,5628962.428317,-3769413.044089,57661.004000,0,false,
Sat_real_1,2897951.174649,5786439.715460,-3857427.318710,57721.004000,0,false,
Sat_real_1,2491941.196907,5924512.112143,-3932475.868447,57781.004000,0,false,
Sat_real_1,2077577.963536,6042724.704075,-3994311.844368,57841.004000,0,false,
Sat_real_1,1656252.940172,6140688.344005,-4042732.207614,57901.004000,0,false,
Sat_real_1,1229379.603091,6218080.755409,-4077578.288064,57961.004000,0,false,
Sat_real_1,798388.940516,6274647.480942,-4098736.240961,58021.004000,0,false,
Sat_real_1,364724.909265,6310202.624788,-4106137.367563,58081.004000,0,false,
Sat_real_1,-70160.144354,6324629.371165,-4099758.288342,58141.004000,0,false,
Sat_real_1,-504810.073168,6317880.365743,-4079621.025919,58201.004000,0,false,
Sat_real_1,-937769.539074,6289977.824594,-4045792.908843,58261.004000,0,false,
Sat_real_1,-1367588.617055,6241013.486644,-3998386.372560,58321.004000,0,false,
Sat_real_1,-1792827.388743,6171148.354652,-3937558.621862,58381.004000,0,false,
Sat_real_1,-2212060.508557,6080612.208101,-3863511.144794,58441.004000,0,false,
Sat_real_1,-2623881.747748,5969702.974866,-3776489.134378,58501.004000,0,false,
Sat_real_1,-3026908.475183,5838785.830200,-3676780.734804,58561.004000,0,false,
Sat_real_1,-3419786.090930,5688292.138897,-3564716.187075,58621.004000,0,false,
Sat_real_1,-3801192.387215,5518718.189838,-3440666.842534,58681.004000,0,false,
Sat_real_1,-4169841.814996,5330623.710717,-3305044.037399,58741.004000,0,false,
Sat_real_1,-4524489.692999,5124630.244902,-3158297.880698,58801.004000,0,false,
Sat_real_1,-4863936.273514,4901419.272943,-3000915.881988,58861.004000,0,false,
Sat_real_1,-5187030.722334,4661730.184781,-2833421.485845,58921.004000,0,false,
Sat_real_1,-5492674.969940,4406358.058080,-2656372.485181,58981.004000,0,false,
Sat_real_1,-5779827.408721,4136151.235922,-2470359.309415,59041.004000,0,false,
Sat_real_1,-6047506.488072,3852008.760842,-2276003.222164,59101.004000,0,false,
Sat_real_1,-6294794.104415,3554877.595918,-2073954.386585,59161.004000,0,false,
Sat_real_1,-6520838.851897,3245749.695028,-1864889.835942,59221.004000,0,false,
Sat_real_1,-6724859.056076,2925658.890667,-1649511.331610,59281.004000,0,false,
Sat_real_1,-6906145.630120,2595677.629969,-1428543.126856,59341.004000,0,false,
Sat_real_1,-7064064.736796,2256913.566572,-1202729.642188,59401.004000,0,false,
Sat_real_1,-7198060.159487,1910505.979203,-972833.037607,59461.004000,0,false,
Sat_real_1,-7307655.501782,1557622.081791,-739630.719637,59521.004000,0,false,
Sat_real_1,-7392456.079402,1199453.192847,-503912.768001,59581.004000,0,false,
Sat_real_1,-7452150.578203,837210.797242,-266479.301194,59641.004000,0,false,
Sat_real_1,-7486512.461081,472122.512024,-28137.789636,59701.004000,0,false,
Sat_real_1,-7495401.019602,105427.952958,210299.681773,59761.004000,0,false,
Sat_real_1,-7478762.211945,-261625.462550,448019.183512,59821.004000,0,false,
Sat_real_1,-7436629.142670,-627786.773005,684207.736528,59881.004000,0,false,
Sat_real_1,-7369122.269728,-991805.775257,918056.125687,59941.004000,0,false,
Sat_real_1,-7276449.326800,-1352437.354886,1148761.720400,60001.004000,0,false,
Sat_real_1,-7158904.858080,-1708445.821037,1375531.283647,60061.004000,0,false,
Sat_real_1,-7016869.518920,-2058609.244506,1597583.774448,60121.004000,0,false,
Sat_real_1,-6850809.002369,-2401723.759814,1814153.113169,60181.004000,0,false,
Sat_real_1,-6661272.682648,-2736607.836384,2024490.916463,60241.004000,0,false,
Sat_real_1,-6448891.971186,-3062106.499066,2227869.188808,60301.004000,0,false,
Sat_real_1,-6214378.293824,-3377095.450346,2423582.935914,60361.004000,0,false,
Sat_real_1,-5958520.841541,-3680485.130572,2610952.729398,60421.004000,0,false,
Sat_real_1,-5682183.971804,-3971224.644213,2789327.170960,60481.004000,0,false,
Sat_real_1,-5386304.349010,-4248305.579867,2958085.277312,60541.004000,0,false,
Sat_real_1,-5071887.827068,-4510765.703976,3116638.772774,60601.004000,0,false,
Sat_real_1,-4740006.001262,-4757692.459346,3264434.241873,60661.004000,0,false,
Sat_real_1,-4391792.566756,-4988226.341443,3400955.194507,60721.004000,0,false,
Sat_real_1,-4028439.388611,-5201564.051665,3525723.974428,60781.004000,0,false,
Sat_real_1,-3651192.360983,-5396961.476159,3638303.545534,60841.004000,0,false,
Sat_real_1,-3261347.066307,-5573736.471031,3738299.143830,60901.004000,0,false,
Sat_real_1,-2860244.188560,-5731271.368501,3825359.737689,60961.004000,0,false,
Sat_real_1,-2449264.790304,-5869015.307209,3899179.367657,61021.004000,0,false,
Sat_real_1,-2029825.399844,-5986486.273332,3959498.290023,61081.004000,0,false,
Sat_real_1,-1603372.969704,-6083272.915779,4006103.967524,61141.004000,0,false,
Sat_real_1,-1171379.708102,-6159036.089812,4038831.877721,61201.004000,0,false,
Sat_real_1,-735337.808244,-6213510.116890,4057566.131989,61261.004000,0,false,
Sat_real_1,-296754.098653,-6246503.775591,4062239.915775,61321.004000,0,false,
Sat_real_1,142855.353826,-6257901.061095,4052835.775783,61381.004000,0,false,
Sat_real_1,581970.694145,-6247661.576496,4029385.665008,61441.004000,0,false,
Sat_real_1,1019073.732887,-6215820.723944,3991970.856849,61501.004000,0,false,
Sat_real_1,1452653.396872,-6162489.563483,3940721.642654,61561.004000,0,false,
Sat_real_1,1881211.154982,-6087854.401265,3875816.853676,61621.004000,0,false,
Sat_real_1,2303266.403439,-5992176.144899,3797483.232673,61681.004000,0,false,
Sat_real_1,2717361.770116,-5875789.289979,3705994.568201,61741.004000,0,false,
Sat_real_1,3122068.346297,-5739100.712882,3601670.705303,61801.004000,0,false,
Sat_real_1,3515990.793447,-5582588.142710,3484876.351876,61861.004000,0,false,
Sat_real_1,3897772.323366,-5406798.378102,3356019.723638,61921.004000,0,false,
Sat_real_1,4266099.547775,-5212345.290176,3215551.054693,61981.004000,0,false,
Sat_real_1,4619707.112943,-4999907.492956,3063960.899826,62041.004000,0,false,
Sat_real_1,4957382.185760,-4770225.849882,2901778.335635,62101.004000,0,false,
Sat_real_1,5277968.700644,-4524100.708596,2729568.993839,62161.004000,0,false,
Sat_real_1,5580371.389221,-4262388.929660,2547932.968564,62221.004000,0,false,
Sat_real_1,5863559.604469,-3986000.751588,2357502.624663,62281.004000,0,false,
Sat_real_1,6126570.823221,-3695896.396594,2158940.249229,62341.004000,0,false,
Sat_real_1,6368513.946048,-3393082.565801,1952935.638426,62401.004000,0,false,
Sat_real_1,6588572.275025,-3078608.740162,1740203.569719,62461.004000,0,false,
Sat_real_1,6786006.212281,-2753563.345639,1521481.195937,62521.004000,0,false,
Sat_real_1,6960155.705014,-2419069.820810,1297525.384991,62581.004000,0,false,
Sat_real_1,7110442.297069,-2076282.523203,1069109.969452,62641.004000,0,false,
Sat_real_1,7236370.949646,-1726382.589990,837022.974886,62701.004000,0,false,
Sat_real_1,7337531.493508,-1370573.701077,602063.798690,62761.004000,0,false,
Sat_real_1,7413599.774733,-1010077.791124,365040.367353,62821.004000,0,false,
Sat_real_1,7464338.533044,-646130.741110,126766.290648,62881.004000,0,false,
Sat_real_1,7489597.864191,-279978.018780,-111942.001415,62941.004000,0,false,
Sat_real_1,7489315.457632,87129.659107,-350268.098829,63001.004000,0,false,
Sat_real_1,7463516.465687,453940.663071,-587398.436634,63061.004000,0,false,
Sat_real_1,7412313.077914,819206.756908,-822525.088847,63121.004000,0,false,
Sat_real_1,7335903.847655,1181687.354682,-1054848.520873,63181.004000,0,false,
Sat_real_1,7234572.622316,1540153.724742,-1283580.291753,63241.004000,0,false,
Sat_real_1,7108687.279981,1893393.116327,-1507945.698169,63301.004000,0,false,
Sat_real_1,6958698.132549,2240212.796152,-1727186.346187,63361.004000,0,false,
Sat_real_1,6785136.074117,2579443.985565,-1940562.647458,63421.004000,0,false,
Sat_real_1,6588610.524890,2909945.692600,-2147356.237911,63481.004000,0,false,
Sat_real_1,6369807.035586,3230608.403508,-2346872.290440,63541.004000,0,false,
Sat_real_1,6129484.747318,3540357.658263,-2538441.745142,63601.004000,0,false,
Sat_real_1,5868473.581574,3838157.468373,-2721423.425171,63661.004000,0,false,
Sat_real_1,5587671.234838,4123013.587478,-2895206.048202,63721.004000,0,false,
Sat_real_1,5288040.024715,4393976.642343,-3059210.140489,63781.004000,0,false,
Sat_real_1,4970603.472742,4650145.059983,-3212889.807770,63841.004000,0,false,
Sat_real_1,4636442.794244,4890667.859673,-3355734.414569,63901.004000,0,false,
Sat_real_1,4286693.192103,5114747.241792,-3487270.123883,63961.004000,0,false,
Sat_real_1,3922540.018260,5321641.000954,-3607061.317723,64021.004000,0,false,
Sat_real_1,3545214.842048,5510664.781798,-3714711.912075,64081.004000,0,false,
Sat_real_1,3155991.340460,5681194.091613,-3809866.506567,64141.004000,0,false,
Sat_real_1,2756181.141251,5832666.174080,-3892211.441877,64201.004000,0,false,
Sat_real_1,2347129.545265,5964581.656785,-3961475.704543,64261.004000,0,false,
Sat_real_1,1930211.174559,6076506.012786,-4017431.706937,64321.004000,0,false,
Sat_real_1,1506825.573466,6168070.862226,-4059895.960024,64381.004000,0,false,
Sat_real_1,1078392.712217,6238975.010244,-4088729.569350,64441.004000,0,false,
Sat_real_1,646348.475972,6288985.348965,-4103838.640582,64501.004000,0,false,
Sat_real_1,212140.101908,6317937.520743,-4105174.526470,64561.004000,0,false,
Sat_real_1,-222778.406773,6325736.389493,-4092733.947116,64621.004000,0,false,
Sat_real_1,-656950.873737,6312356.349110,-4066559.003334,64681.004000,0,false,
Sat_real_1,-1088923.557086,6277841.358370,-4026737.011411,64741.004000,0,false,
Sat_real_1,-1517249.741726,6222304.841554,-3973400.251107,64801.004000,0,false,
Sat_real_1,-1940494.314084,6145929.348360,-3906725.558029,64861.004000,0,false,
Sat_real_1,-2357238.310610,6048966.023400,-3826933.793412,64921.004000,0,false,
Sat_real_1,-2766083.436558,5931733.915625,-3734289.211183,64981.004000,0,false,
Sat_real_1,-3165656.523703,5794619.017055,-3629098.651057,65041.004000,0,false,
Sat_real_1,-3554613.948939,5638073.168212,-3511710.646179,65101.004000,0,false,
Sat_real_1,-3931645.970533,5462612.725393,-3382514.378366,65161.004000,0,false,
Sat_real_1,-4295480.989225,5268817.036610,-3241938.510978,65221.004000,0,false,
Sat_real_1,-4644889.738534,5057326.753427,-3090449.916758,65281.004000,0,false,
Sat_real_1,-4978689.324963,4828841.880831,-2928552.240495,65341.004000,0,false,
Sat_real_1,-5295747.188601,4584119.691008,-2756784.375490,65401.004000,0,false,
Sat_real_1,-5594984.898919,4323972.414109,-2575718.801222,65461.004000,0,false,
Sat_real_1,-5875381.811985,4049264.754080,-2385959.812719,65521.004000,0,false,
Sat_real_1,-6135978.586514,3760911.244106,-2188141.651518,65581.004000,0,false,
Sat_real_1,-6375880.494428,3459873.402213,-1982926.515464,65641.004000,0,false,
Sat_real_1,-6594260.582996,3147156.745899,-1771002.483334,65701.004000,0,false,
Sat_real_1,-6790362.606599,2823807.626474,-1553081.331949,65761.004000,0,false,
Sat_real_1,-6963503.816559,2490909.937694,-1329896.277586,65821.004000,0,false,
Sat_real_1,-7113077.496620,2149581.657503,-1102199.618972,65881.004000,0,false,
Sat_real_1,-7238555.277310,1800971.248629,-870760.296917,65941.004000,0,false,
Sat_real_1,-7339489.241744,1446253.935731,-636361.381244,66001.004000,0,false,
Sat_real_1,-7415513.729615,1086627.845730,-399797.479923,66061.004000,0,false,
Sat_real_1,-7466346.943746,723310.045273,-161872.087900,66121.004000,0,false,
Sat_real_1,-7491792.229036,357532.471091,76605.121476,66181.004000,0,false,
Sat_real_1,-7491739.064702,-9462.225490,314821.050127,66241.004000,0,false,
Sat_real_1,-7466163.790214,-376424.900501,551961.961875,66301.004000,0,false,
Sat_real_1,-7415129.973706,-742104.191741,787216.288594,66361.004000,0,false,
Sat_real_1,-7338788.542897,-1105250.834089,1019777.452854,66421.004000,0,false,
Sat_real_1,-7237377.555016,-1464621.990322,1248846.684951,66481.004000,0,false,
Sat_real_1,-7111221.657683,-1818985.587476,1473635.829669,66541.004000,0,false,
Sat_real_1,-6960731.269902,-2167124.646599,1693370.135881,66601.004000,0,false,
Sat_real_1,-6786401.397677,-2507841.572316,1907291.003695,66661.004000,0,false,
Sat_real_1,-6588810.206300,-2839962.422157,2114658.707149,66721.004000,0,true,Tokyo
Sat_real_1,-6368617.232917,-3162341.098912,2314755.051193,66781.004000,0,true,Tokyo
Sat_real_1,-6126561.292943,-3473863.467615,2506885.966487,66841.004000,0,true,Tokyo
Sat_real_1,-5863458.112886,-3773451.389927,2690384.038966,66901.004000,0,true,Tokyo
Sat_real_1,-5580197.619155,-4060066.619140,2864610.934583,66961.004000,0,true,Tokyo
Sat_real_1,-5277740.997002,-4332714.602763,3028959.754827,67021.004000,0,true,Tokyo
Sat_real_1,-4957117.430984,-4590448.108391,3182857.264375,67081.004000,0,true,Tokyo
Sat_real_1,-4619420.582259,-4832370.688271,3325766.003195,67141.004000,0,true,Tokyo
Sat_real_1,-4265804.840298,-5057639.985283,3457186.286270,67201.004000,0,false,
Sat_real_1,-3897481.301315,-5265470.811050,3576658.043533,67261.004000,0,false,
Sat_real_1,-3515713.571239,-5455138.072697,3683762.553635,67321.004000,0,false,
Sat_real_1,-3121813.332518,-5625979.447265,3778124.002970,67381.004000,0,false,
Sat_real_1,-2717135.722635,-5777397.833956,3859410.891365,67441.004000,0,false,
Sat_real_1,-2303074.556745,-5908863.592340,3927337.290938,67501.004000,0,false,
Sat_real_1,-1881057.379556,-6019916.512660,3981663.922443,67561.004000,0,false,
Sat_real_1,-1452540.390336,-6110167.552295,4022199.073061,67621.004000,0,false,
Sat_real_1,-1019003.246222,-6179300.308673,4048799.336764,67681.004000,0,false,
Sat_real_1,-581943.762271,-6227072.191386,4061370.153903,67741.004000,0,false,
Sat_real_1,-142872.543209,-6253315.370432,4059866.201727,67801.004000,0,false,
Sat_real_1,296692.443362,-6257937.418857,4044291.583238,67861.004000,0,false,
Sat_real_1,735231.331318,-6240921.648549,4014699.814511,67921.004000,0,false,
Sat_real_1,1171227.825436,-6202327.207139,3971193.656076,67981.004000,0,false,
Sat_real_1,1603174.656160,-6142288.832788,3913924.721921,68041.004000,0,false,
Sat_real_1,2029579.006492,-6061016.380136,3843092.940247,68101.004000,0,false,
Sat_real_1,2448967.876027,-5958794.038455,3758945.815898,68161.004000,0,false,
Sat_real_1,2859893.362690,-5835979.248033,3661777.499002,68221.004000,0,false,
Sat_real_1,3260937.854348,-5693001.390389,3551927.709255,68281.004000,0,false,
Sat_real_1,3650719.079789,-5530360.157556,3429780.456364,68341.004000,0,false,
Sat_real_1,4027895.045108,-5348623.714577,3295762.629763,68401.004000,0,false,
Sat_real_1,4391168.797895,-5148426.586479,3150342.415630,68461.004000,0,false,
Sat_real_1,4739293.003684,-4930467.279802,2994027.548715,68521.004000,0,false,
Sat_real_1,5071074.352678,-4695505.713733,2827363.447222,68581.004000,0,false,
Sat_real_1,5385377.717700,-4444360.380829,2650931.182404,68641.004000,0,false,
Sat_real_1,5681130.125670,-4177905.341411,2465345.348139,68701.004000,0,false,
Sat_real_1,5957324.465215,-3897066.999907,2271251.800175,68761.004000,0,false,
Sat_real_1,6213022.919245,-3602820.677821,2069325.274997,68821.004000,0,false,
Sat_real_1,6447360.164892,-3296187.052568,1860266.931434,68881.004000,0,false,
Sat_real_1,6659546.241080,-2978228.405188,1644801.781885,68941.004000,0,false,
Sat_real_1,6848869.177777,-2650044.764066,1423676.065575,69001.004000,0,false,
Sat_real_1,7014697.298999,-2312769.913672,1197654.547223,69061.004000,0,false,
Sat_real_1,7156481.195766,-1967567.285550,967517.752391,69121.004000,0,false,
Sat_real_1,7273755.433124,-1615625.788761,734059.174019,69181.004000,0,false,
Sat_real_1,7366139.881083,-1258155.547791,498082.434358,69241.004000,0,false,
Sat_real_1,7433340.787841,-896383.609821,260398.437697,69301.004000,0,false,
Sat_real_1,7475151.505031,-531549.611293,21822.511792,69361.004000,0,false,
Sat_real_1,7491452.869375,-164901.420477,-216828.450856,69421.004000,0,false,
Sat_real_1,7482213.321625,202309.204727,-454738.829557,69481.004000,0,false,
Sat_real_1,7447488.651724,568830.950711,-691097.089308,69541.004000,0,false,
Sat_real_1,7387421.502567,933417.242985,-925098.557487,69601.004000,0,false,
Sat_real_1,7302240.546127,1294830.492889,-1155948.154082,69661.004000,0,false,
Sat_real_1,7192259.341851,1651846.282810,-1382863.067550,69721.004000,0,false,
Sat_real_1,7057874.965261,2003257.472299,-1605075.368980,69781.004000,0,false,
Sat_real_1,6899566.300956,2347878.207120,-1821834.548869,69841.004000,0,false,
Sat_real_1,6717892.131917,2684547.833074,-2032409.983869,69901.004000,0,false,
Sat_real_1,6513488.948535,3012134.686350,-2236093.312042,69961.004000,0,false,
Sat_real_1,6287068.491496,3329539.750424,-2432200.710768,70021.004000,0,false,
Sat_real_1,6039415.116464,3635700.184103,-2620075.084060,70081.004000,0,false,
Sat_real_1,5771382.890251,3929592.681759,-2799088.129508,70141.004000,0,false,
Sat_real_1,5483892.540532,4210236.699400,-2968642.311715,70201.004000,0,false,
Sat_real_1,5177928.197800,4476697.506696,-3128172.712909,70261.004000,0,false,
Sat_real_1,4854533.944367,4728089.062235,-3277148.759089,70321.004000,0,false,
Sat_real_1,4514810.247272,4963576.739044,-3415075.842280,70381.004000,0,false,
Sat_real_1,4159910.200690,5182379.844604,-3541496.799224,70441.004000,0,false,
Sat_real_1,3791035.674096,5383773.996506,-3655993.290233,70501.004000,0,false,
Sat_real_1,3409433.318871,5567093.299711,-3758187.041417,70561.004000,0,false,
Sat_real_1,3016390.444521,5731732.323274,-3847740.949711,70621.004000,0,false,
Sat_real_1,2613230.823836,5877147.917483,-3924360.080243,70681.004000,0,false,
Sat_real_1,2201310.378409,6002860.797872,-3987792.506587,70741.004000,0,false,
Sat_real_1,1782012.811394,6108456.973503,-4037830.047589,70801.004000,0,false,
Sat_real_1,1356745.165523,6193588.957094,-4074308.859338,70861.004000,0,false,
Sat_real_1,926933.318570,6257976.758027,-4097109.883526,70921.004000,0,false,
Sat_real_1,494017.455912,6301408.711565,-4106159.188577,70981.004000,0,false,
Sat_real_1,59447.499886,6323742.064899,-4101428.150659,71041.004000,0,false,
Sat_real_1,-375321.471280,6324903.410295,-4082933.534487,71101.004000,0,false,
Sat_real_1,-808833.817667,6304888.899964,-4050737.430839,71161.004000,0,false,
Sat_real_1,-1239637.937216,6263764.244032,-4004947.051736,71221.004000,0,false,
Sat_real_1,-1666290.854312,6201664.548582,-3945714.420873,71281.004000,0,false,
Sat_real_1,-2087362.787317,6118793.908639,-3873235.904369,71341.004000,0,false,
Sat_real_1,-2501441.697449,6015424.845294,-3787751.639667,71401.004000,0,false,
Sat_real_1,-2907137.792463,5891897.520758,-3689544.821032,71461.004000,0,false,
Sat_real_1,-3303087.974068,5748618.732523,-3578940.843177,71521.004000,0,false,
Sat_real_1,-3687960.232251,5586060.744186,-3456306.340512,71581.004000,0,false,
Sat_real_1,-4060457.942512,5404759.875258,-3322048.073764,71641.004000,0,false,
Sat_real_1,-4419324.099390,5205314.935811,-3176611.718591,71701.004000,0,false,
Sat_real_1,-4763345.438465,4988385.450098,-3020480.522013,71761.004000,0,false,
Sat_real_1,-5091356.438523,4754689.672587,-2854173.829308,71821.004000,0,false,
Sat_real_1,-5402243.228684,4505002.449279,-2678245.514638,71881.004000,0,false,
Sat_real_1,-5694947.329822,4240152.857436,-2493282.274892,71941.004000,0,false,
Sat_real_1,-5968469.294120,3961021.695288,-2299901.830350,72001.004000,0,false,
Sat_real_1,-6221872.159926,3668538.768399,-2098751.001057,72061.004000,0,false,
Sat_real_1,-6454284.745212,3363680.003063,-1890503.677554,72121.004000,0,false,
Sat_real_1,-6664904.752527,3047464.388097,-1675858.688039,72181.004000,0,false,
Sat_real_1,-6853001.650197,2720950.740719,-1455537.560798,72241.004000,0,false,
Sat_real_1,-7017919.402887,2385234.346125,-1230282.210874,72301.004000,0,false,
Sat_real_1,-7159078.881662,2041443.413405,-1000852.521526,72361.004000,0,false,
Sat_real_1,-7275980.101005,1690735.425936,-768023.864599,72421.004000,0,false,
Sat_real_1,-7368204.178711,1334293.361066,-532584.548238,72481.004000,0,false,
Sat_real_1,-7435415.018960,973321.796437,-295333.203147,72541.004000,0,false,
Sat_real_1,-7477360.808574,609042.933270,-57076.123056,72601.004000,0,false,
Sat_real_1,-7493875.140087,242692.512587,181375.447977,72661.004000,0,false,
Sat_real_1,-7484877.933834,-124484.334089,419208.062245,72721.004000,0,false,
Sat_real_1,-7450376.043018,-491237.304493,655608.847120,72781.004000,0,false,
Sat_real_1,-7390463.541939,-856315.197884,889768.304180,72841.004000,0,false,
Sat_real_1,-7305321.790367,-1218470.234554,1120883.129587,72901.004000,0,false,
Sat_real_1,-7195219.076945,-1576462.388439,1348159.024286,72961.004000,0,false,
Sat_real_1,-7060510.024147,-1929063.734912,1570813.503617,73021.004000,0,false,
Sat_real_1,-6901634.640682,-2275062.779680,1788078.678617,73081.004000,0,false,
Sat_real_1,-6719117.034027,-2613268.747592,1999203.995525,73141.004000,0,false,
Sat_real_1,-6513563.881483,-2942515.843694,2203458.945656,73201.004000,0,false,
Sat_real_1,-6285662.489988,-3261667.408292,2400135.686707,73261.004000,0,false,
Sat_real_1,-6036178.626597,-3569620.012259,2588551.613638,73321.004000,0,false,
Sat_real_1,-5765954.025126,-3865307.437345,2768051.838761,73381.004000,0,false,
Sat_real_1,-5475903.588043,-4147704.527988,2938011.573127,73441.004000,0,true,Tokyo
Sat_real_1,-5167012.377639,-4415830.954994,3097838.439696,73501.004000,0,true,Tokyo
Sat_real_1,-4840332.246530,-4668754.773834,3246974.635618,73561.004000,0,true,Tokyo
Sat_real_1,-4496978.271872,-4905595.867423,3384899.009591,73621.004000,0,true,Tokyo
Sat_real_1,-4138124.913687,-5125529.193041,3511128.998800,73681.004000,0,true,Tokyo
Sat_real_1,-3765001.922219,-5327787.821268,3625222.418897,73741.004000,0,true,Tokyo
Sat_real_1,-3378890.070638,-5511665.826258,3726779.149374,73801.004000,0,true,Tokyo
Sat_real_1,-2981116.617632,-5676520.873282,3815442.609782,73861.004000,0,true,Tokyo
Sat_real_1,-2573050.629066,-5821776.632182,3890901.116490,73921.004000,0,true,Tokyo
Sat_real_1,-2156098.114265,-5946924.915249,3952889.051833,73981.004000,0,true,Tokyo
Sat_real_1,-1731697.022511,-6051527.575035,4001187.870690,74041.004000,0,true,Tokyo
Sat_real_1,-1301312.115090,-6135218.138953,4035626.929904,74101.004000,0,true,Tokyo
Sat_real_1,-866429.733688,-6197703.179070,4056084.140220,74161.004000,0,false,
Sat_real_1,-428552.478725,-6238763.385692,4062486.420715,74221.004000,0,false,
Sat_real_1,10806.161148,-6258254.443163,4054810.021387,74281.004000,0,false,
Sat_real_1,450127.242316,-6256107.535273,4033080.600973,74341.004000,0,false,
Sat_real_1,887891.814695,-6232329.636305,3997373.163552,74401.004000,0,false,
Sat_real_1,1322586.377537,-6187003.500444,3947811.797652,74461.004000,0,false,
Sat_real_1,1752708.315718,-6120287.342131,3884569.214440,74521.004000,0,false,
Sat_real_1,2176771.309555,-6032414.309707,3807866.151957,74581.004000,0,false,
Sat_real_1,2593310.668131,-5923691.581818,3717970.537212,74641.004000,0,false,
Sat_real_1,3000888.592853,-5794499.249262,3615196.511632,74701.004000,0,false,
Sat_real_1,3398099.331292,-5645288.901795,3499903.269625,74761.004000,0,false,
Sat_real_1,3783574.193134,-5476581.921538,3372493.712620,74821.004000,0,false,
Sat_real_1,4155986.454341,-5288967.586691,3233412.984892,74881.004000,0,false,
Sat_real_1,4514056.048565,-5083100.834150,3083146.797142,74941.004000,0,false,
Sat_real_1,4856554.105833,-4859699.839405,2922219.638023,75001.004000,0,false,
Sat_real_1,5182307.276458,-4619543.346307,2751192.832392,75061.004000,0,false,
Sat_real_1,5490201.815389,-4363467.755849,2570662.453281,75121.004000,0,false,
Sat_real_1,5779187.487262,-4092364.069284,2381257.146559,75181.004000,0,false,
Sat_real_1,6048281.147735,-3807174.562751,2183635.795251,75241.004000,0,false,
Sat_real_1,6296570.111346,-3508889.333833,1978485.109617,75301.004000,0,false,
Sat_real_1,6523215.226396,-3198542.669698,1766517.114191,75361.004000,0,false,
Sat_real_1,6727453.638503,-2877209.252144,1548466.542809,75421.004000,0,false,
Sat_real_1,6908601.332152,-2546000.277930,1325088.188609,75481.004000,0,false,
Sat_real_1,7066055.277481,-2206059.409251,1097154.162115,75541.004000,0,false,
Sat_real_1,7199295.333225,-1858558.663833,865451.121613,75601.004000,0,false,
Sat_real_1,7307885.816912,-1504694.213566,630777.460003,75661.004000,0,false,
Sat_real_1,7391476.731122,-1145682.109779,393940.460438,75721.004000,0,false,
Sat_real_1,7449804.756213,-782753.988635,155753.450407,75781.004000,0,false,
Sat_real_1,7482693.819297,-417152.714675,-82967.064311,75841.004000,0,false,
Sat_real_1,7490055.417264,-50128.032435,-321404.248714,75901.004000,0,false,
Sat_real_1,7471888.600551,317067.782482,-558743.772097,75961.004000,0,false,
Sat_real_1,7428279.614959,683184.252144,-794176.612413,76021.004000,0,false,
Sat_real_1,7359401.322568,1046976.978465,-1026901.820207,76081.004000,0,false,
Sat_real_1,7265512.216234,1407211.875103,-1256129.230718,76141.004000,0,false,
Sat_real_1,7146955.217741,1762669.324196,-1481082.116949,76201.004000,0,false,
Sat_real_1,7004156.174514,2112148.247138,-1700999.772394,76261.004000,0,false,
Sat_real_1,6837622.061173,2454470.072993,-1915140.012827,76321.004000,0,false,
Sat_real_1,6647939.009113,2788482.609923,-2122781.606277,76381.004000,0,false,
Sat_real_1,6435769.990528,3113063.780636,-2323226.597367,76441.004000,0,false,
Sat_real_1,6201852.340019,3427125.243095,-2515802.548433,76501.004000,0,false,
Sat_real_1,5946995.033610,3729615.870377,-2699864.676603,76561.004000,0,false,
Sat_real_1,5672075.732484,4019525.075090,-2874797.877767,76621.004000,0,false,
Sat_real_1,5378037.697839,4295886.012911,-3040018.665026,76681.004000,0,false,
Sat_real_1,5065886.429617,4557778.582657,-3194976.961264,76741.004000,0,false,
Sat_real_1,4736686.188201,4804332.285406,-3339157.794104,76801.004000,0,false,
Sat_real_1,4391556.336337,5034728.895982,-3472082.860154,76861.004000,0,false,
Sat_real_1,4031667.515498,5248204.934960,-3593311.951598,76921.004000,0,false,
Sat_real_1,3658237.745104,5444053.997470,-3702444.286051,76981.004000,0,false,
Sat_real_1,3272528.339825,5621628.832902,-3799119.665640,77041.004000,0,false,
Sat_real_1,2875839.769281,5780343.272335,-3883019.534219,77101.004000,0,false,
Sat_real_1,2469507.416120,5919673.950692,-3953867.895919,77161.004000,0,false,
Sat_real_1,2054897.244039,6039161.817703,-4011432.091621,77221.004000,0,false,
Sat_real_1,1633401.433623,6138413.514233,-4055523.485687,77281.004000,0,false,
Sat_real_1,1206433.916165,6217102.485542,-4085997.976094,77341.004000,0,false,
Sat_real_1,775425.883969,6274969.950370,-4102756.408933,77401.004000,0,false,
Sat_real_1,341821.250301,6311825.659177,-4105744.852731,77461.004000,0,false,
Sat_real_1,-92927.927028,6327548.433058,-4094954.727855,77521.004000,0,false,
Sat_real_1,-527366.034388,6322086.563688,-4070422.844454,77581.004000,0,false,
Sat_real_1,-960038.511663,6295457.933504,-4032231.257256,77641.004000,0,false,
Sat_real_1,-1389496.453583,6247749.984819,-3980507.022239,77701.004000,0,false,
Sat_real_1,-1814301.197471,6179119.469192,-3915421.810911,77761.004000,0,false,
Sat_real_1,-2233028.881080,6089791.973732,-3837191.380736,77821.004000,0,false,
Sat_real_1,-2644274.974840,5980061.308373,-3746074.956131,77881.004000,0,false,
Sat_real_1,-3046658.751235,5850288.619003,-3642374.433739,77941.004000,0,false,
Sat_real_1,-3438827.710591,5700901.355150,-3526433.494653,78001.004000,0,false,
Sat_real_1,-3819461.937136,5532392.025674,-3398636.581429,78061.004000,0,false,
Sat_real_1,-4187278.368002,5345316.738699,-3259407.738220,78121.004000,0,false,
Sat_real_1,-4541035.011766,5140293.601623,-3109209.361429,78181.004000,0,false,
Sat_real_1,-4879535.022628,4918000.855156,-2948540.783762,78241.004000,0,false,
Sat_real_1,-5201630.694573,4679174.858619,-2777936.764698,78301.004000,0,false,
Sat_real_1,-5506227.317819,4424607.867912,-2597965.852390,78361.004000,0,false,
Sat_real_1,-5792286.877393,4155145.610533,-2409228.620988,78421.004000,0,true,Nairobi
Sat_real_1,-6058831.640420,3871684.713490,-2212355.817578,78481.004000,0,true,Nairobi
Sat_real_1,-6304947.523844,3575169.913908,-2008006.378580,78541.004000,0,true,Nairobi
Sat_real_1,-6529787.320067,3266591.125952,-1796865.359699,78601.004000,0,true,Nairobi
Sat_real_1,-6732573.701659,2946980.328491,-1579641.760182,78661.004000,0,true,Nairobi
Sat_real_1,-6912602.039059,2617408.302417,-1357066.258485,78721.004000,0,true,Nairobi
Sat_real_1,-7069243.039537,2278981.234547,-1129888.869888,78781.004000,0,true,Nairobi
Sat_real_1,-7201945.089107,1932837.143742,-898876.502902,78841.004000,0,true,Nairobi
Sat_real_1,-7310236.432504,1580142.201716,-664810.454960,78901.004000,0,true,Nairobi
Sat_real_1,-7393727.051963,1222086.910646,-428483.829634,78961.004000,0,true,Nairobi
Sat_real_1,-7452110.302896,859882.168013,-190698.892347,79021.004000,0,false,
Sat_real_1,-7485164.312037,494755.234114,47735.625530,79081.004000,0,false,
Sat_real_1,-7492753.004277,127945.598055,286007.270058,79141.004000,0,false,
Sat_real_1,-7474826.917357,-239299.219353,523302.638427,79201.004000,0,false,
Sat_real_1,-7431423.658953,-605727.920972,758810.172497,79261.004000,0,false,
Sat_real_1,-7362668.079982,-970089.728991,991722.964119,79321.004000,0,false,
Sat_real_1,-7268772.181254,-1331138.705425,1221241.563099,79381.004000,0,false,
Sat_real_1,-7150034.627035,-1687638.075034,1446576.767331,79441.004000,0,false,
Sat_real_1,-7006840.036608,-2038364.551256,1666952.404061,79501.004000,0,false,
Sat_real_1,-6839657.911976,-2382112.630963,1881608.073445,79561.004000,0,false,
Sat_real_1,-6649041.277178,-2717698.860616,2089801.860099,79621.004000,0,false,
Sat_real_1,-6435625.047134,-3043966.064181,2290813.007490,79681.004000,0,false,
Sat_real_1,-6200124.002526,-3359787.474605,2483944.511158,79741.004000,0,false,
Sat_real_1,-5943330.538530,-3664070.810387,2668525.666109,79801.004000,0,false,
Sat_real_1,-5666112.060042,-3955762.221738,2843914.512513,79861.004000,0,false,
Sat_real_1,-5369408.100263,-4233850.123536,3009500.194335,79921.004000,0,false,
Sat_real_1,-5054227.188753,-4497368.906849,3164705.226305,79981.004000,0,false,
Sat_real_1,-4721643.380490,-4745402.443360,3308987.608348,80041.004000,0,false,
Sat_real_1,-4372792.597567,-4977087.466200,3441842.848984,80101.004000,0,false,
Sat_real_1,-4008868.691151,-5191616.728100,3562805.828218,80161.004000,0,false,
Sat_real_1,-3631119.293958,-5388241.977760,3671452.529757,80221.004000,0,false,
Sat_real_1,-3240841.490846,-5566276.757569,3767401.645868,80281.004000,0,true,Tokyo
Sat_real_1,-2839377.239677,-5725098.919897,3850315.985234,80341.004000,0,true,Tokyo
Sat_real_1,-2428108.662520,-5864152.978488,3919903.765444,80401.004000,0,true,Tokyo
Sat_real_1,-2008453.145530,-5982952.180016,3975919.713096,80461.004000,0,true,Tokyo
Sat_real_1,-1581858.301880,-6081080.348371,4018166.008729,80521.004000,0,true,Tokyo
Sat_real_1,-1149796.803732,-6158193.466461,4046493.054382,80581.004000,0,true,Tokyo
Sat_real_1,-713761.103341,-6214020.966967,4060800.046521,80641.004000,0,true,Tokyo
Sat_real_1,-275258.070947,-6248366.756784,4061035.371941,80701.004000,0,true,Tokyo
Sat_real_1,164196.419966,-6261109.995674,4047196.841613,80761.004000,0,true,Tokyo
Sat_real_1,603082.956860,-6252205.506496,4019331.682562,80821.004000,0,true,Tokyo
Sat_real_1,1039884.054361,-6221683.977224,3977536.394350,80881.004000,0,true,Tokyo
Sat_real_1,1473089.610473,-6169651.824373,3921956.385628,80941.004000,0,true,Tokyo
Sat_real_1,1901202.332014,-6096290.790727,3852785.438973,81001.004000,0,true,Tokyo
Sat_real_1,2322743.110979,-6001857.303330,3770265.021594,81061.004000,0,false,
Sat_real_1,2736256.317416,-5886681.471201,3674683.365182,81121.004000,0,false,
Sat_real_1,3140315.015860,-5751165.891773,3566374.424268,81181.004000,0,false,
Sat_real_1,3533526.055625,-5595784.137772,3445716.632273,81241.004000,0,false,
Sat_real_1,3914535.038973,-5421078.997939,3313131.502756,81301.004000,0,false,
Sat_real_1,4282031.158013,-5227660.498474,3169082.093859,81361.004000,0,false,
Sat_real_1,4634751.821889,-5016203.596195,3014071.269292,81421.004000,0,false,
Sat_real_1,4971487.137439,-4787445.705080,2848639.857751,81481.004000,0,false,
Sat_real_1,5291084.149593,-4542183.946171,2673364.644250,81541.004000,0,false,
Sat_real_1,5592450.869037,-4281272.193426,2488856.239257,81601.004000,0,false,
Sat_real_1,5874560.087009,-4005617.946507,2295756.845961,81661.004000,0,false,
Sat_real_1,6136452.870881,-3716178.946952,2094737.876913,81721.004000,0,false,
Sat_real_1,6377241.854182,-3413959.680526,1886497.507188,81781.004000,0,false,
Sat_real_1,6596114.200667,-3100007.682585,1671758.116207,81841.004000,0,false,
Sat_real_1,6792334.294724,-2775409.710480,1451263.657216,81901.004000,0,false,
Sat_real_1,6965246.170617,-2441287.812976,1225776.973271,81961.004000,0,false,
Sat_real_1,7114275.554060,-2098795.239143,996077.028598,82021.004000,0,false,
Sat_real_1,7238931.671335,-1749112.299144,762956.120484,82081.004000,0,false,
Sat_real_1,7338808.686256,-1393442.124080,527217.044268,82141.004000,0,false,
Sat_real_1,7413586.835957,-1033006.375157,289670.240380,82201.004000,0,false,
Sat_real_1,7463033.288385,-669040.928504,51130.939264,82261.004000,0,false,
Sat_real_1,7487002.587827,-302791.510620,-187583.705205,82321.004000,0,false,
Sat_real_1,7485436.872290,64490.644213,-425657.456844,82381.004000,0,false,
Sat_real_1,7458365.719009,431553.134262,-662277.818067,82441.004000,0,false,
Sat_real_1,7405905.703342,797146.698512,-896638.815310,82501.004000,0,false,
Sat_real_1,7328259.703197,1160029.475226,-1127943.739058,82561.004000,0,false,
Sat_real_1,7225715.816655,1518971.209076,-1355407.830127,82621.004000,0,false,
Sat_real_1,7098646.086835,1872757.382015,-1578260.905893,82681.004000,0,false,
Sat_real_1,6947504.892254,2220193.256820,-1795749.911805,82741.004000,0,false,
Sat_real_1,6772827.089396,2560107.825321,-2007141.397356,82801.004000,0,false,
Sat_real_1,6575225.940983,2891357.652779,-2211723.912661,82861.004000,0,false,
Sat_real_1,6355390.708158,3212830.583551,-2408810.296974,82921.004000,0,false,
Sat_real_1,6114084.093695,3523449.330107,-2597739.883113,82981.004000,0,false,
Sat_real_1,5852139.411439,3822174.901171,-2777880.582912,83041.004000,0,false,
Sat_real_1,5570457.566499,4108009.882130,-2948630.866744,83101.004000,0,false,
Sat_real_1,5270003.881864,4380001.568822,-3109421.639842,83161.004000,0,false,
Sat_real_1,4951804.672088,4637244.899444,-3259717.974374,83221.004000,0,false,
Sat_real_1,4616943.727482,4878885.250029,-3399020.748305,83281.004000,0,false,
Sat_real_1,4266558.605493,5104121.028165,-3526868.143090,83341.004000,0,false,
Sat_real_1,3901836.797729,5312206.099122,-3642837.025803,83401.004000,0,false,
Sat_real_1,3524011.799588,5502452.055263,-3746544.224019,83461.004000,0,false,
Sat_real_1,3134359.002560,5674230.250249,-3837647.637976,83521.004000,0,false,
Sat_real_1,2734191.534399,5826973.696531,-3915847.260458,83581.004000,0,false,
Sat_real_1,2324855.972332,5960178.734932,-3980886.041056,83641.004000,0,false,
Sat_real_1,1907727.980287,6073406.520555,-4032550.626120,83701.004000,0,false,
Sat_real_1,1484207.892253,6166284.338106,-4070671.984028,83761.004000,0,false,
Sat_real_1,1055716.203380,6238506.652693,-4095125.852844,83821.004000,0,false,
Sat_real_1,623689.047977,6289836.018413,-4105833.093974,83881.004000,0,false,
Sat_real_1,189573.631496,6320103.743385,-4102759.884416,83941.004000,0,false,
Sat_real_1,-245176.352980,6329210.367608,-4085917.785975,84001.004000,0,false,
Sat_real_1,-679105.309375,6317125.973653,-4055363.705310,84061.004000,0,false,
Sat_real_1,-1110760.335619,6283890.232680,-4011199.681031,84121.004000,0,false,
Sat_real_1,-1538695.803705,6229612.319218,-3953572.586158,84181.004000,0,false,
Sat_real_1,-1961477.923761,6154470.586674,-3882673.675797,84241.004000,0,false,
Sat_real_1,-2377689.286075,6058712.059252,-3798738.016557,84301.004000,0,false,
Sat_real_1,-2785933.375995,5942651.757225,-3702043.809033,84361.004000,0,false,
Sat_real_1,-3184839.029133,5806671.753152,-3592911.538443,84421.004000,0,false,
Sat_real_1,-3573064.847836,5651220.090697,-3471703.037852,84481.004000,0,false,
Sat_real_1,-3949303.531156,5476809.460767,-3338820.397985,84541.004000,0,false,
Sat_real_1,-4312286.128822,5284015.689909,-3194704.758661,84601.004000,0,false,
Sat_real_1,-4660786.216329,5073476.059628,-3039834.994028,84661.004000,0,false,
Sat_real_1,-4993623.922251,4845887.371378,-2874726.239717,84721.004000,0,false,
Sat_real_1,-5309669.875644,4602003.877478,-2699928.336400,84781.004000,0,false,
Sat_real_1,-5607848.991298,4342634.990198,-2516024.137043,84841.004000,0,false,
Sat_real_1,-5887144.126763,4068642.819834,-2323627.709058,84901.004000,0,false,
Sat_real_1,-6146599.602604,3780939.547681,-2123382.435702,84961.004000,0,false,
Sat_real_1,-6385324.519184,3480484.590925,-1915958.992504,85021.004000,0,false,
Sat_real_1,-6602495.931693,3168281.621985,-1702053.236134,85081.004000,0,false,
Sat_real_1,-6797361.787646,2845375.397546,-1482383.981950,85141.004000,0,false,
Sat_real_1,-6969243.707123,2512848.449836,-1257690.700250,85201.004000,0,false,
Sat_real_1,-7117539.512070,2171817.615167,-1028731.120119,85261.004000,0,true,Nairobi
Sat_real_1,-7241725.503146,1823430.414037,-796278.750365,85321.004000,0,true,Nairobi
Sat_real_1,-7341358.530402,1468861.317457,-561120.337630,85381.004000,0,true,Nairobi
Sat_real_1,-7416077.752592,1109307.882093,-324053.255954,85441.004000,0,true,Nairobi
Sat_real_1,-7465606.190989,745986.792129,-85882.846759,85501.004000,0,true,Nairobi
Sat_real_1,-7489751.979809,380129.803724,152580.288345,85561.004000,0,true,Nairobi
Sat_real_1,-7488409.318795,12979.604549,390523.034182,85621.004000,0,true,Nairobi
Sat_real_1,-7461559.185003,-354214.390497,627132.537470,85681.004000,0,true,Nairobi
Sat_real_1,-7409269.691411,-720200.300486,861599.000636,85741.004000,0,true,Nairobi
Sat_real_1,-7331696.206378,-1083728.087411,1093118.494146,85801.004000,0,true,Nairobi
Sat_real_1,-7229081.131074,-1443553.889052,1320895.766233,85861.004000,0,true,Nairobi
Sat_real_1,-7101753.342086,-1798444.360948,1544147.040619,85921.004000,0,true,Nairobi
Sat_real_1,-6950127.362642,-2147181.016840,1762102.798601,85981.004000,0,false,
Sat_real_1,-6774702.158267,-2488564.527459,1974010.513654,86041.004000,0,false,
Sat_real_1,-6576059.675625,-2821418.992399,2179137.354325,86101.004000,0,false,
Sat_real_1,-6354863.040628,-3144596.135909,2376772.818946,86161.004000,0,false,
Sat_real_1,-6111854.434500,-3456979.415405,2566231.295889,86221.004000,0,false,
Sat_real_1,-5847852.717432,-3757488.050271,2746854.558077,86281.004000,0,false,
Sat_real_1,-5563750.712618,-4045080.911073,2918014.148375,86341.004000,0,false,
